chrom	snp_pos	bin_start	mean_depth
NC_092310.1	25228103	25226101	0.00
NC_092310.1	25228103	25226126	0.00
NC_092310.1	25228103	25226151	0.00
NC_092310.1	25228103	25226176	0.00
NC_092310.1	25228103	25226201	0.00
NC_092310.1	25228103	25226226	0.00
NC_092310.1	25228103	25226251	0.00
NC_092310.1	25228103	25226276	0.00
NC_092310.1	25228103	25226301	0.00
NC_092310.1	25228103	25226326	0.00
NC_092310.1	25228103	25226351	0.00
NC_092310.1	25228103	25226376	0.00
NC_092310.1	25228103	25226401	0.00
NC_092310.1	25228103	25226426	0.00
NC_092310.1	25228103	25226451	0.00
NC_092310.1	25228103	25226476	0.00
NC_092310.1	25228103	25226501	0.00
NC_092310.1	25228103	25226526	0.00
NC_092310.1	25228103	25226551	0.00
NC_092310.1	25228103	25226576	0.00
NC_092310.1	25228103	25226601	0.00
NC_092310.1	25228103	25226626	0.00
NC_092310.1	25228103	25226651	0.00
NC_092310.1	25228103	25226676	0.00
NC_092310.1	25228103	25226701	0.00
NC_092310.1	25228103	25226726	0.00
NC_092310.1	25228103	25226751	0.00
NC_092310.1	25228103	25226776	0.00
NC_092310.1	25228103	25226801	0.00
NC_092310.1	25228103	25226826	0.00
NC_092310.1	25228103	25226851	0.00
NC_092310.1	25228103	25226876	0.00
NC_092310.1	25228103	25226901	0.00
NC_092310.1	25228103	25226926	0.00
NC_092310.1	25228103	25226951	0.00
NC_092310.1	25228103	25226976	0.00
NC_092310.1	25228103	25227001	0.00
NC_092310.1	25228103	25227026	0.00
NC_092310.1	25228103	25227051	0.00
NC_092310.1	25228103	25227076	0.00
NC_092310.1	25228103	25227101	0.00
NC_092310.1	25228103	25227126	0.00
NC_092310.1	25228103	25227151	0.00
NC_092310.1	25228103	25227176	0.00
NC_092310.1	25228103	25227201	0.00
NC_092310.1	25228103	25227226	0.00
NC_092310.1	25228103	25227251	0.00
NC_092310.1	25228103	25227276	0.00
NC_092310.1	25228103	25227301	0.00
NC_092310.1	25228103	25227326	0.00
NC_092310.1	25228103	25227351	0.00
NC_092310.1	25228103	25227376	0.00
NC_092310.1	25228103	25227401	0.00
NC_092310.1	25228103	25227426	0.00
NC_092310.1	25228103	25227451	0.00
NC_092310.1	25228103	25227476	0.00
NC_092310.1	25228103	25227501	0.00
NC_092310.1	25228103	25227526	0.00
NC_092310.1	25228103	25227551	0.00
NC_092310.1	25228103	25227576	0.00
NC_092310.1	25228103	25227601	0.00
NC_092310.1	25228103	25227626	0.00
NC_092310.1	25228103	25227651	0.00
NC_092310.1	25228103	25227676	0.00
NC_092310.1	25228103	25227701	0.00
NC_092310.1	25228103	25227726	0.00
NC_092310.1	25228103	25227751	0.00
NC_092310.1	25228103	25227776	0.00
NC_092310.1	25228103	25227801	0.00
NC_092310.1	25228103	25227826	0.00
NC_092310.1	25228103	25227851	0.00
NC_092310.1	25228103	25227876	0.00
NC_092310.1	25228103	25227901	0.00
NC_092310.1	25228103	25227926	0.00
NC_092310.1	25228103	25227951	0.00
NC_092310.1	25228103	25227976	0.00
NC_092310.1	25228103	25228001	0.00
NC_092310.1	25228103	25228026	0.12
NC_092310.1	25228103	25228051	1.00
NC_092310.1	25228103	25228076	1.44
NC_092310.1	25228103	25228101	2.00
NC_092310.1	25228103	25228126	2.00
NC_092310.1	25228103	25228151	2.00
NC_092310.1	25228103	25228176	1.88
NC_092310.1	25228103	25228201	1.00
NC_092310.1	25228103	25228226	0.56
NC_092310.1	25228103	25228251	0.00
NC_092310.1	25228103	25228276	0.00
NC_092310.1	25228103	25228301	0.00
NC_092310.1	25228103	25228326	0.00
NC_092310.1	25228103	25228351	0.00
NC_092310.1	25228103	25228376	0.00
NC_092310.1	25228103	25228401	0.00
NC_092310.1	25228103	25228426	0.00
NC_092310.1	25228103	25228451	0.00
NC_092310.1	25228103	25228476	0.00
NC_092310.1	25228103	25228501	0.00
NC_092310.1	25228103	25228526	0.00
NC_092310.1	25228103	25228551	0.00
NC_092310.1	25228103	25228576	0.00
NC_092310.1	25228103	25228601	0.00
NC_092310.1	25228103	25228626	0.00
NC_092310.1	25228103	25228651	0.00
NC_092310.1	25228103	25228676	0.00
NC_092310.1	25228103	25228701	0.00
NC_092310.1	25228103	25228726	0.00
NC_092310.1	25228103	25228751	0.00
NC_092310.1	25228103	25228776	0.00
NC_092310.1	25228103	25228801	0.00
NC_092310.1	25228103	25228826	0.00
NC_092310.1	25228103	25228851	0.00
NC_092310.1	25228103	25228876	0.00
NC_092310.1	25228103	25228901	0.00
NC_092310.1	25228103	25228926	0.00
NC_092310.1	25228103	25228951	0.00
NC_092310.1	25228103	25228976	0.00
NC_092310.1	25228103	25229001	0.00
NC_092310.1	25228103	25229026	0.00
NC_092310.1	25228103	25229051	0.00
NC_092310.1	25228103	25229076	0.00
NC_092310.1	25228103	25229101	0.00
NC_092310.1	25228103	25229126	0.00
NC_092310.1	25228103	25229151	0.00
NC_092310.1	25228103	25229176	0.00
NC_092310.1	25228103	25229201	0.00
NC_092310.1	25228103	25229226	0.00
NC_092310.1	25228103	25229251	0.00
NC_092310.1	25228103	25229276	0.00
NC_092310.1	25228103	25229301	0.00
NC_092310.1	25228103	25229326	0.00
NC_092310.1	25228103	25229351	0.00
NC_092310.1	25228103	25229376	0.00
NC_092310.1	25228103	25229401	0.00
NC_092310.1	25228103	25229426	0.00
NC_092310.1	25228103	25229451	0.00
NC_092310.1	25228103	25229476	0.00
NC_092310.1	25228103	25229501	0.00
NC_092310.1	25228103	25229526	0.00
NC_092310.1	25228103	25229551	0.00
NC_092310.1	25228103	25229576	0.00
NC_092310.1	25228103	25229601	0.00
NC_092310.1	25228103	25229626	0.00
NC_092310.1	25228103	25229651	0.00
NC_092310.1	25228103	25229676	0.00
NC_092310.1	25228103	25229701	0.00
NC_092310.1	25228103	25229726	0.00
NC_092310.1	25228103	25229751	0.00
NC_092310.1	25228103	25229776	0.00
NC_092310.1	25228103	25229801	0.00
NC_092310.1	25228103	25229826	0.00
NC_092310.1	25228103	25229851	0.00
NC_092310.1	25228103	25229876	0.00
NC_092310.1	25228103	25229901	0.00
NC_092310.1	25228103	25229926	0.00
NC_092310.1	25228103	25229951	0.00
NC_092310.1	25228103	25229976	0.00
NC_092310.1	25228103	25230001	0.00
NC_092310.1	25228103	25230026	0.00
NC_092310.1	25228103	25230051	0.00
NC_092310.1	25228103	25230076	0.00
NC_092310.1	25228103	25230101	0.00
NC_092310.1	25228124	25226101	0.00
NC_092310.1	25228124	25226126	0.00
NC_092310.1	25228124	25226151	0.00
NC_092310.1	25228124	25226176	0.00
NC_092310.1	25228124	25226201	0.00
NC_092310.1	25228124	25226226	0.00
NC_092310.1	25228124	25226251	0.00
NC_092310.1	25228124	25226276	0.00
NC_092310.1	25228124	25226301	0.00
NC_092310.1	25228124	25226326	0.00
NC_092310.1	25228124	25226351	0.00
NC_092310.1	25228124	25226376	0.00
NC_092310.1	25228124	25226401	0.00
NC_092310.1	25228124	25226426	0.00
NC_092310.1	25228124	25226451	0.00
NC_092310.1	25228124	25226476	0.00
NC_092310.1	25228124	25226501	0.00
NC_092310.1	25228124	25226526	0.00
NC_092310.1	25228124	25226551	0.00
NC_092310.1	25228124	25226576	0.00
NC_092310.1	25228124	25226601	0.00
NC_092310.1	25228124	25226626	0.00
NC_092310.1	25228124	25226651	0.00
NC_092310.1	25228124	25226676	0.00
NC_092310.1	25228124	25226701	0.00
NC_092310.1	25228124	25226726	0.00
NC_092310.1	25228124	25226751	0.00
NC_092310.1	25228124	25226776	0.00
NC_092310.1	25228124	25226801	0.00
NC_092310.1	25228124	25226826	0.00
NC_092310.1	25228124	25226851	0.00
NC_092310.1	25228124	25226876	0.00
NC_092310.1	25228124	25226901	0.00
NC_092310.1	25228124	25226926	0.00
NC_092310.1	25228124	25226951	0.00
NC_092310.1	25228124	25226976	0.00
NC_092310.1	25228124	25227001	0.00
NC_092310.1	25228124	25227026	0.00
NC_092310.1	25228124	25227051	0.00
NC_092310.1	25228124	25227076	0.00
NC_092310.1	25228124	25227101	0.00
NC_092310.1	25228124	25227126	0.00
NC_092310.1	25228124	25227151	0.00
NC_092310.1	25228124	25227176	0.00
NC_092310.1	25228124	25227201	0.00
NC_092310.1	25228124	25227226	0.00
NC_092310.1	25228124	25227251	0.00
NC_092310.1	25228124	25227276	0.00
NC_092310.1	25228124	25227301	0.00
NC_092310.1	25228124	25227326	0.00
NC_092310.1	25228124	25227351	0.00
NC_092310.1	25228124	25227376	0.00
NC_092310.1	25228124	25227401	0.00
NC_092310.1	25228124	25227426	0.00
NC_092310.1	25228124	25227451	0.00
NC_092310.1	25228124	25227476	0.00
NC_092310.1	25228124	25227501	0.00
NC_092310.1	25228124	25227526	0.00
NC_092310.1	25228124	25227551	0.00
NC_092310.1	25228124	25227576	0.00
NC_092310.1	25228124	25227601	0.00
NC_092310.1	25228124	25227626	0.00
NC_092310.1	25228124	25227651	0.00
NC_092310.1	25228124	25227676	0.00
NC_092310.1	25228124	25227701	0.00
NC_092310.1	25228124	25227726	0.00
NC_092310.1	25228124	25227751	0.00
NC_092310.1	25228124	25227776	0.00
NC_092310.1	25228124	25227801	0.00
NC_092310.1	25228124	25227826	0.00
NC_092310.1	25228124	25227851	0.00
NC_092310.1	25228124	25227876	0.00
NC_092310.1	25228124	25227901	0.00
NC_092310.1	25228124	25227926	0.00
NC_092310.1	25228124	25227951	0.00
NC_092310.1	25228124	25227976	0.00
NC_092310.1	25228124	25228001	0.00
NC_092310.1	25228124	25228026	0.12
NC_092310.1	25228124	25228051	1.00
NC_092310.1	25228124	25228076	1.44
NC_092310.1	25228124	25228101	2.00
NC_092310.1	25228124	25228126	2.00
NC_092310.1	25228124	25228151	2.00
NC_092310.1	25228124	25228176	1.88
NC_092310.1	25228124	25228201	1.00
NC_092310.1	25228124	25228226	0.56
NC_092310.1	25228124	25228251	0.00
NC_092310.1	25228124	25228276	0.00
NC_092310.1	25228124	25228301	0.00
NC_092310.1	25228124	25228326	0.00
NC_092310.1	25228124	25228351	0.00
NC_092310.1	25228124	25228376	0.00
NC_092310.1	25228124	25228401	0.00
NC_092310.1	25228124	25228426	0.00
NC_092310.1	25228124	25228451	0.00
NC_092310.1	25228124	25228476	0.00
NC_092310.1	25228124	25228501	0.00
NC_092310.1	25228124	25228526	0.00
NC_092310.1	25228124	25228551	0.00
NC_092310.1	25228124	25228576	0.00
NC_092310.1	25228124	25228601	0.00
NC_092310.1	25228124	25228626	0.00
NC_092310.1	25228124	25228651	0.00
NC_092310.1	25228124	25228676	0.00
NC_092310.1	25228124	25228701	0.00
NC_092310.1	25228124	25228726	0.00
NC_092310.1	25228124	25228751	0.00
NC_092310.1	25228124	25228776	0.00
NC_092310.1	25228124	25228801	0.00
NC_092310.1	25228124	25228826	0.00
NC_092310.1	25228124	25228851	0.00
NC_092310.1	25228124	25228876	0.00
NC_092310.1	25228124	25228901	0.00
NC_092310.1	25228124	25228926	0.00
NC_092310.1	25228124	25228951	0.00
NC_092310.1	25228124	25228976	0.00
NC_092310.1	25228124	25229001	0.00
NC_092310.1	25228124	25229026	0.00
NC_092310.1	25228124	25229051	0.00
NC_092310.1	25228124	25229076	0.00
NC_092310.1	25228124	25229101	0.00
NC_092310.1	25228124	25229126	0.00
NC_092310.1	25228124	25229151	0.00
NC_092310.1	25228124	25229176	0.00
NC_092310.1	25228124	25229201	0.00
NC_092310.1	25228124	25229226	0.00
NC_092310.1	25228124	25229251	0.00
NC_092310.1	25228124	25229276	0.00
NC_092310.1	25228124	25229301	0.00
NC_092310.1	25228124	25229326	0.00
NC_092310.1	25228124	25229351	0.00
NC_092310.1	25228124	25229376	0.00
NC_092310.1	25228124	25229401	0.00
NC_092310.1	25228124	25229426	0.00
NC_092310.1	25228124	25229451	0.00
NC_092310.1	25228124	25229476	0.00
NC_092310.1	25228124	25229501	0.00
NC_092310.1	25228124	25229526	0.00
NC_092310.1	25228124	25229551	0.00
NC_092310.1	25228124	25229576	0.00
NC_092310.1	25228124	25229601	0.00
NC_092310.1	25228124	25229626	0.00
NC_092310.1	25228124	25229651	0.00
NC_092310.1	25228124	25229676	0.00
NC_092310.1	25228124	25229701	0.00
NC_092310.1	25228124	25229726	0.00
NC_092310.1	25228124	25229751	0.00
NC_092310.1	25228124	25229776	0.00
NC_092310.1	25228124	25229801	0.00
NC_092310.1	25228124	25229826	0.00
NC_092310.1	25228124	25229851	0.00
NC_092310.1	25228124	25229876	0.00
NC_092310.1	25228124	25229901	0.00
NC_092310.1	25228124	25229926	0.00
NC_092310.1	25228124	25229951	0.00
NC_092310.1	25228124	25229976	0.00
NC_092310.1	25228124	25230001	0.00
NC_092310.1	25228124	25230026	0.00
NC_092310.1	25228124	25230051	0.00
NC_092310.1	25228124	25230076	0.00
NC_092310.1	25228124	25230101	0.00
NC_092310.1	25228134	25226126	0.00
NC_092310.1	25228134	25226151	0.00
NC_092310.1	25228134	25226176	0.00
NC_092310.1	25228134	25226201	0.00
NC_092310.1	25228134	25226226	0.00
NC_092310.1	25228134	25226251	0.00
NC_092310.1	25228134	25226276	0.00
NC_092310.1	25228134	25226301	0.00
NC_092310.1	25228134	25226326	0.00
NC_092310.1	25228134	25226351	0.00
NC_092310.1	25228134	25226376	0.00
NC_092310.1	25228134	25226401	0.00
NC_092310.1	25228134	25226426	0.00
NC_092310.1	25228134	25226451	0.00
NC_092310.1	25228134	25226476	0.00
NC_092310.1	25228134	25226501	0.00
NC_092310.1	25228134	25226526	0.00
NC_092310.1	25228134	25226551	0.00
NC_092310.1	25228134	25226576	0.00
NC_092310.1	25228134	25226601	0.00
NC_092310.1	25228134	25226626	0.00
NC_092310.1	25228134	25226651	0.00
NC_092310.1	25228134	25226676	0.00
NC_092310.1	25228134	25226701	0.00
NC_092310.1	25228134	25226726	0.00
NC_092310.1	25228134	25226751	0.00
NC_092310.1	25228134	25226776	0.00
NC_092310.1	25228134	25226801	0.00
NC_092310.1	25228134	25226826	0.00
NC_092310.1	25228134	25226851	0.00
NC_092310.1	25228134	25226876	0.00
NC_092310.1	25228134	25226901	0.00
NC_092310.1	25228134	25226926	0.00
NC_092310.1	25228134	25226951	0.00
NC_092310.1	25228134	25226976	0.00
NC_092310.1	25228134	25227001	0.00
NC_092310.1	25228134	25227026	0.00
NC_092310.1	25228134	25227051	0.00
NC_092310.1	25228134	25227076	0.00
NC_092310.1	25228134	25227101	0.00
NC_092310.1	25228134	25227126	0.00
NC_092310.1	25228134	25227151	0.00
NC_092310.1	25228134	25227176	0.00
NC_092310.1	25228134	25227201	0.00
NC_092310.1	25228134	25227226	0.00
NC_092310.1	25228134	25227251	0.00
NC_092310.1	25228134	25227276	0.00
NC_092310.1	25228134	25227301	0.00
NC_092310.1	25228134	25227326	0.00
NC_092310.1	25228134	25227351	0.00
NC_092310.1	25228134	25227376	0.00
NC_092310.1	25228134	25227401	0.00
NC_092310.1	25228134	25227426	0.00
NC_092310.1	25228134	25227451	0.00
NC_092310.1	25228134	25227476	0.00
NC_092310.1	25228134	25227501	0.00
NC_092310.1	25228134	25227526	0.00
NC_092310.1	25228134	25227551	0.00
NC_092310.1	25228134	25227576	0.00
NC_092310.1	25228134	25227601	0.00
NC_092310.1	25228134	25227626	0.00
NC_092310.1	25228134	25227651	0.00
NC_092310.1	25228134	25227676	0.00
NC_092310.1	25228134	25227701	0.00
NC_092310.1	25228134	25227726	0.00
NC_092310.1	25228134	25227751	0.00
NC_092310.1	25228134	25227776	0.00
NC_092310.1	25228134	25227801	0.00
NC_092310.1	25228134	25227826	0.00
NC_092310.1	25228134	25227851	0.00
NC_092310.1	25228134	25227876	0.00
NC_092310.1	25228134	25227901	0.00
NC_092310.1	25228134	25227926	0.00
NC_092310.1	25228134	25227951	0.00
NC_092310.1	25228134	25227976	0.00
NC_092310.1	25228134	25228001	0.00
NC_092310.1	25228134	25228026	0.12
NC_092310.1	25228134	25228051	1.00
NC_092310.1	25228134	25228076	1.44
NC_092310.1	25228134	25228101	2.00
NC_092310.1	25228134	25228126	2.00
NC_092310.1	25228134	25228151	2.00
NC_092310.1	25228134	25228176	1.88
NC_092310.1	25228134	25228201	1.00
NC_092310.1	25228134	25228226	0.56
NC_092310.1	25228134	25228251	0.00
NC_092310.1	25228134	25228276	0.00
NC_092310.1	25228134	25228301	0.00
NC_092310.1	25228134	25228326	0.00
NC_092310.1	25228134	25228351	0.00
NC_092310.1	25228134	25228376	0.00
NC_092310.1	25228134	25228401	0.00
NC_092310.1	25228134	25228426	0.00
NC_092310.1	25228134	25228451	0.00
NC_092310.1	25228134	25228476	0.00
NC_092310.1	25228134	25228501	0.00
NC_092310.1	25228134	25228526	0.00
NC_092310.1	25228134	25228551	0.00
NC_092310.1	25228134	25228576	0.00
NC_092310.1	25228134	25228601	0.00
NC_092310.1	25228134	25228626	0.00
NC_092310.1	25228134	25228651	0.00
NC_092310.1	25228134	25228676	0.00
NC_092310.1	25228134	25228701	0.00
NC_092310.1	25228134	25228726	0.00
NC_092310.1	25228134	25228751	0.00
NC_092310.1	25228134	25228776	0.00
NC_092310.1	25228134	25228801	0.00
NC_092310.1	25228134	25228826	0.00
NC_092310.1	25228134	25228851	0.00
NC_092310.1	25228134	25228876	0.00
NC_092310.1	25228134	25228901	0.00
NC_092310.1	25228134	25228926	0.00
NC_092310.1	25228134	25228951	0.00
NC_092310.1	25228134	25228976	0.00
NC_092310.1	25228134	25229001	0.00
NC_092310.1	25228134	25229026	0.00
NC_092310.1	25228134	25229051	0.00
NC_092310.1	25228134	25229076	0.00
NC_092310.1	25228134	25229101	0.00
NC_092310.1	25228134	25229126	0.00
NC_092310.1	25228134	25229151	0.00
NC_092310.1	25228134	25229176	0.00
NC_092310.1	25228134	25229201	0.00
NC_092310.1	25228134	25229226	0.00
NC_092310.1	25228134	25229251	0.00
NC_092310.1	25228134	25229276	0.00
NC_092310.1	25228134	25229301	0.00
NC_092310.1	25228134	25229326	0.00
NC_092310.1	25228134	25229351	0.00
NC_092310.1	25228134	25229376	0.00
NC_092310.1	25228134	25229401	0.00
NC_092310.1	25228134	25229426	0.00
NC_092310.1	25228134	25229451	0.00
NC_092310.1	25228134	25229476	0.00
NC_092310.1	25228134	25229501	0.00
NC_092310.1	25228134	25229526	0.00
NC_092310.1	25228134	25229551	0.00
NC_092310.1	25228134	25229576	0.00
NC_092310.1	25228134	25229601	0.00
NC_092310.1	25228134	25229626	0.00
NC_092310.1	25228134	25229651	0.00
NC_092310.1	25228134	25229676	0.00
NC_092310.1	25228134	25229701	0.00
NC_092310.1	25228134	25229726	0.00
NC_092310.1	25228134	25229751	0.00
NC_092310.1	25228134	25229776	0.00
NC_092310.1	25228134	25229801	0.00
NC_092310.1	25228134	25229826	0.00
NC_092310.1	25228134	25229851	0.00
NC_092310.1	25228134	25229876	0.00
NC_092310.1	25228134	25229901	0.00
NC_092310.1	25228134	25229926	0.00
NC_092310.1	25228134	25229951	0.00
NC_092310.1	25228134	25229976	0.00
NC_092310.1	25228134	25230001	0.00
NC_092310.1	25228134	25230026	0.00
NC_092310.1	25228134	25230051	0.00
NC_092310.1	25228134	25230076	0.00
NC_092310.1	25228134	25230101	0.00
NC_092310.1	25228134	25230126	0.00
NC_092310.1	25228167	25226151	0.00
NC_092310.1	25228167	25226176	0.00
NC_092310.1	25228167	25226201	0.00
NC_092310.1	25228167	25226226	0.00
NC_092310.1	25228167	25226251	0.00
NC_092310.1	25228167	25226276	0.00
NC_092310.1	25228167	25226301	0.00
NC_092310.1	25228167	25226326	0.00
NC_092310.1	25228167	25226351	0.00
NC_092310.1	25228167	25226376	0.00
NC_092310.1	25228167	25226401	0.00
NC_092310.1	25228167	25226426	0.00
NC_092310.1	25228167	25226451	0.00
NC_092310.1	25228167	25226476	0.00
NC_092310.1	25228167	25226501	0.00
NC_092310.1	25228167	25226526	0.00
NC_092310.1	25228167	25226551	0.00
NC_092310.1	25228167	25226576	0.00
NC_092310.1	25228167	25226601	0.00
NC_092310.1	25228167	25226626	0.00
NC_092310.1	25228167	25226651	0.00
NC_092310.1	25228167	25226676	0.00
NC_092310.1	25228167	25226701	0.00
NC_092310.1	25228167	25226726	0.00
NC_092310.1	25228167	25226751	0.00
NC_092310.1	25228167	25226776	0.00
NC_092310.1	25228167	25226801	0.00
NC_092310.1	25228167	25226826	0.00
NC_092310.1	25228167	25226851	0.00
NC_092310.1	25228167	25226876	0.00
NC_092310.1	25228167	25226901	0.00
NC_092310.1	25228167	25226926	0.00
NC_092310.1	25228167	25226951	0.00
NC_092310.1	25228167	25226976	0.00
NC_092310.1	25228167	25227001	0.00
NC_092310.1	25228167	25227026	0.00
NC_092310.1	25228167	25227051	0.00
NC_092310.1	25228167	25227076	0.00
NC_092310.1	25228167	25227101	0.00
NC_092310.1	25228167	25227126	0.00
NC_092310.1	25228167	25227151	0.00
NC_092310.1	25228167	25227176	0.00
NC_092310.1	25228167	25227201	0.00
NC_092310.1	25228167	25227226	0.00
NC_092310.1	25228167	25227251	0.00
NC_092310.1	25228167	25227276	0.00
NC_092310.1	25228167	25227301	0.00
NC_092310.1	25228167	25227326	0.00
NC_092310.1	25228167	25227351	0.00
NC_092310.1	25228167	25227376	0.00
NC_092310.1	25228167	25227401	0.00
NC_092310.1	25228167	25227426	0.00
NC_092310.1	25228167	25227451	0.00
NC_092310.1	25228167	25227476	0.00
NC_092310.1	25228167	25227501	0.00
NC_092310.1	25228167	25227526	0.00
NC_092310.1	25228167	25227551	0.00
NC_092310.1	25228167	25227576	0.00
NC_092310.1	25228167	25227601	0.00
NC_092310.1	25228167	25227626	0.00
NC_092310.1	25228167	25227651	0.00
NC_092310.1	25228167	25227676	0.00
NC_092310.1	25228167	25227701	0.00
NC_092310.1	25228167	25227726	0.00
NC_092310.1	25228167	25227751	0.00
NC_092310.1	25228167	25227776	0.00
NC_092310.1	25228167	25227801	0.00
NC_092310.1	25228167	25227826	0.00
NC_092310.1	25228167	25227851	0.00
NC_092310.1	25228167	25227876	0.00
NC_092310.1	25228167	25227901	0.00
NC_092310.1	25228167	25227926	0.00
NC_092310.1	25228167	25227951	0.00
NC_092310.1	25228167	25227976	0.00
NC_092310.1	25228167	25228001	0.00
NC_092310.1	25228167	25228026	0.12
NC_092310.1	25228167	25228051	1.00
NC_092310.1	25228167	25228076	1.44
NC_092310.1	25228167	25228101	2.00
NC_092310.1	25228167	25228126	2.00
NC_092310.1	25228167	25228151	2.00
NC_092310.1	25228167	25228176	1.88
NC_092310.1	25228167	25228201	1.00
NC_092310.1	25228167	25228226	0.56
NC_092310.1	25228167	25228251	0.00
NC_092310.1	25228167	25228276	0.00
NC_092310.1	25228167	25228301	0.00
NC_092310.1	25228167	25228326	0.00
NC_092310.1	25228167	25228351	0.00
NC_092310.1	25228167	25228376	0.00
NC_092310.1	25228167	25228401	0.00
NC_092310.1	25228167	25228426	0.00
NC_092310.1	25228167	25228451	0.00
NC_092310.1	25228167	25228476	0.00
NC_092310.1	25228167	25228501	0.00
NC_092310.1	25228167	25228526	0.00
NC_092310.1	25228167	25228551	0.00
NC_092310.1	25228167	25228576	0.00
NC_092310.1	25228167	25228601	0.00
NC_092310.1	25228167	25228626	0.00
NC_092310.1	25228167	25228651	0.00
NC_092310.1	25228167	25228676	0.00
NC_092310.1	25228167	25228701	0.00
NC_092310.1	25228167	25228726	0.00
NC_092310.1	25228167	25228751	0.00
NC_092310.1	25228167	25228776	0.00
NC_092310.1	25228167	25228801	0.00
NC_092310.1	25228167	25228826	0.00
NC_092310.1	25228167	25228851	0.00
NC_092310.1	25228167	25228876	0.00
NC_092310.1	25228167	25228901	0.00
NC_092310.1	25228167	25228926	0.00
NC_092310.1	25228167	25228951	0.00
NC_092310.1	25228167	25228976	0.00
NC_092310.1	25228167	25229001	0.00
NC_092310.1	25228167	25229026	0.00
NC_092310.1	25228167	25229051	0.00
NC_092310.1	25228167	25229076	0.00
NC_092310.1	25228167	25229101	0.00
NC_092310.1	25228167	25229126	0.00
NC_092310.1	25228167	25229151	0.00
NC_092310.1	25228167	25229176	0.00
NC_092310.1	25228167	25229201	0.00
NC_092310.1	25228167	25229226	0.00
NC_092310.1	25228167	25229251	0.00
NC_092310.1	25228167	25229276	0.00
NC_092310.1	25228167	25229301	0.00
NC_092310.1	25228167	25229326	0.00
NC_092310.1	25228167	25229351	0.00
NC_092310.1	25228167	25229376	0.00
NC_092310.1	25228167	25229401	0.00
NC_092310.1	25228167	25229426	0.00
NC_092310.1	25228167	25229451	0.00
NC_092310.1	25228167	25229476	0.00
NC_092310.1	25228167	25229501	0.00
NC_092310.1	25228167	25229526	0.00
NC_092310.1	25228167	25229551	0.00
NC_092310.1	25228167	25229576	0.00
NC_092310.1	25228167	25229601	0.00
NC_092310.1	25228167	25229626	0.00
NC_092310.1	25228167	25229651	0.00
NC_092310.1	25228167	25229676	0.00
NC_092310.1	25228167	25229701	0.00
NC_092310.1	25228167	25229726	0.00
NC_092310.1	25228167	25229751	0.00
NC_092310.1	25228167	25229776	0.00
NC_092310.1	25228167	25229801	0.00
NC_092310.1	25228167	25229826	0.00
NC_092310.1	25228167	25229851	0.00
NC_092310.1	25228167	25229876	0.00
NC_092310.1	25228167	25229901	0.00
NC_092310.1	25228167	25229926	0.00
NC_092310.1	25228167	25229951	0.00
NC_092310.1	25228167	25229976	0.00
NC_092310.1	25228167	25230001	0.00
NC_092310.1	25228167	25230026	0.00
NC_092310.1	25228167	25230051	0.00
NC_092310.1	25228167	25230076	0.00
NC_092310.1	25228167	25230101	0.00
NC_092310.1	25228167	25230126	0.00
NC_092310.1	25228167	25230151	0.00
NC_092310.1	38906097	38904076	0.00
NC_092310.1	38906097	38904101	0.00
NC_092310.1	38906097	38904126	0.00
NC_092310.1	38906097	38904151	0.00
NC_092310.1	38906097	38904176	0.00
NC_092310.1	38906097	38904201	0.00
NC_092310.1	38906097	38904226	0.00
NC_092310.1	38906097	38904251	0.00
NC_092310.1	38906097	38904276	0.00
NC_092310.1	38906097	38904301	0.00
NC_092310.1	38906097	38904326	0.00
NC_092310.1	38906097	38904351	0.00
NC_092310.1	38906097	38904376	0.00
NC_092310.1	38906097	38904401	0.00
NC_092310.1	38906097	38904426	0.00
NC_092310.1	38906097	38904451	0.00
NC_092310.1	38906097	38904476	0.00
NC_092310.1	38906097	38904501	0.00
NC_092310.1	38906097	38904526	0.00
NC_092310.1	38906097	38904551	0.00
NC_092310.1	38906097	38904576	0.00
NC_092310.1	38906097	38904601	0.00
NC_092310.1	38906097	38904626	0.00
NC_092310.1	38906097	38904651	0.00
NC_092310.1	38906097	38904676	0.00
NC_092310.1	38906097	38904701	0.00
NC_092310.1	38906097	38904726	0.00
NC_092310.1	38906097	38904751	0.00
NC_092310.1	38906097	38904776	0.00
NC_092310.1	38906097	38904801	0.00
NC_092310.1	38906097	38904826	0.00
NC_092310.1	38906097	38904851	0.00
NC_092310.1	38906097	38904876	0.00
NC_092310.1	38906097	38904901	0.00
NC_092310.1	38906097	38904926	0.00
NC_092310.1	38906097	38904951	0.00
NC_092310.1	38906097	38904976	0.00
NC_092310.1	38906097	38905001	0.00
NC_092310.1	38906097	38905026	0.00
NC_092310.1	38906097	38905051	0.00
NC_092310.1	38906097	38905076	0.00
NC_092310.1	38906097	38905101	0.00
NC_092310.1	38906097	38905126	0.00
NC_092310.1	38906097	38905151	0.00
NC_092310.1	38906097	38905176	0.00
NC_092310.1	38906097	38905201	0.00
NC_092310.1	38906097	38905226	0.00
NC_092310.1	38906097	38905251	0.00
NC_092310.1	38906097	38905276	0.00
NC_092310.1	38906097	38905301	0.00
NC_092310.1	38906097	38905326	0.00
NC_092310.1	38906097	38905351	0.00
NC_092310.1	38906097	38905376	0.00
NC_092310.1	38906097	38905401	0.00
NC_092310.1	38906097	38905426	0.00
NC_092310.1	38906097	38905451	0.00
NC_092310.1	38906097	38905476	0.00
NC_092310.1	38906097	38905501	0.00
NC_092310.1	38906097	38905526	0.00
NC_092310.1	38906097	38905551	0.00
NC_092310.1	38906097	38905576	0.00
NC_092310.1	38906097	38905601	0.00
NC_092310.1	38906097	38905626	0.00
NC_092310.1	38906097	38905651	0.00
NC_092310.1	38906097	38905676	0.00
NC_092310.1	38906097	38905701	0.00
NC_092310.1	38906097	38905726	0.00
NC_092310.1	38906097	38905751	0.00
NC_092310.1	38906097	38905776	0.00
NC_092310.1	38906097	38905801	0.00
NC_092310.1	38906097	38905826	0.00
NC_092310.1	38906097	38905851	0.00
NC_092310.1	38906097	38905876	0.00
NC_092310.1	38906097	38905901	0.00
NC_092310.1	38906097	38905926	0.72
NC_092310.1	38906097	38905951	1.00
NC_092310.1	38906097	38905976	1.00
NC_092310.1	38906097	38906001	1.00
NC_092310.1	38906097	38906026	1.00
NC_092310.1	38906097	38906051	1.76
NC_092310.1	38906097	38906076	1.28
NC_092310.1	38906097	38906101	1.00
NC_092310.1	38906097	38906126	1.00
NC_092310.1	38906097	38906151	1.00
NC_092310.1	38906097	38906176	1.00
NC_092310.1	38906097	38906201	0.24
NC_092310.1	38906097	38906226	0.00
NC_092310.1	38906097	38906251	0.00
NC_092310.1	38906097	38906276	0.00
NC_092310.1	38906097	38906301	0.00
NC_092310.1	38906097	38906326	0.00
NC_092310.1	38906097	38906351	0.00
NC_092310.1	38906097	38906376	0.00
NC_092310.1	38906097	38906401	0.00
NC_092310.1	38906097	38906426	0.00
NC_092310.1	38906097	38906451	0.00
NC_092310.1	38906097	38906476	0.00
NC_092310.1	38906097	38906501	0.00
NC_092310.1	38906097	38906526	0.00
NC_092310.1	38906097	38906551	0.00
NC_092310.1	38906097	38906576	0.00
NC_092310.1	38906097	38906601	0.00
NC_092310.1	38906097	38906626	0.00
NC_092310.1	38906097	38906651	0.00
NC_092310.1	38906097	38906676	0.00
NC_092310.1	38906097	38906701	0.00
NC_092310.1	38906097	38906726	0.00
NC_092310.1	38906097	38906751	0.00
NC_092310.1	38906097	38906776	0.00
NC_092310.1	38906097	38906801	0.00
NC_092310.1	38906097	38906826	0.00
NC_092310.1	38906097	38906851	0.00
NC_092310.1	38906097	38906876	0.00
NC_092310.1	38906097	38906901	0.00
NC_092310.1	38906097	38906926	0.00
NC_092310.1	38906097	38906951	0.00
NC_092310.1	38906097	38906976	0.00
NC_092310.1	38906097	38907001	0.00
NC_092310.1	38906097	38907026	0.00
NC_092310.1	38906097	38907051	0.00
NC_092310.1	38906097	38907076	0.00
NC_092310.1	38906097	38907101	0.00
NC_092310.1	38906097	38907126	0.00
NC_092310.1	38906097	38907151	0.00
NC_092310.1	38906097	38907176	0.00
NC_092310.1	38906097	38907201	0.00
NC_092310.1	38906097	38907226	0.00
NC_092310.1	38906097	38907251	0.00
NC_092310.1	38906097	38907276	0.00
NC_092310.1	38906097	38907301	0.00
NC_092310.1	38906097	38907326	0.00
NC_092310.1	38906097	38907351	0.00
NC_092310.1	38906097	38907376	0.00
NC_092310.1	38906097	38907401	0.00
NC_092310.1	38906097	38907426	0.00
NC_092310.1	38906097	38907451	0.00
NC_092310.1	38906097	38907476	0.00
NC_092310.1	38906097	38907501	0.00
NC_092310.1	38906097	38907526	0.00
NC_092310.1	38906097	38907551	0.00
NC_092310.1	38906097	38907576	0.00
NC_092310.1	38906097	38907601	0.00
NC_092310.1	38906097	38907626	0.00
NC_092310.1	38906097	38907651	0.00
NC_092310.1	38906097	38907676	0.00
NC_092310.1	38906097	38907701	0.00
NC_092310.1	38906097	38907726	0.00
NC_092310.1	38906097	38907751	0.00
NC_092310.1	38906097	38907776	0.00
NC_092310.1	38906097	38907801	0.00
NC_092310.1	38906097	38907826	0.00
NC_092310.1	38906097	38907851	0.00
NC_092310.1	38906097	38907876	0.00
NC_092310.1	38906097	38907901	0.00
NC_092310.1	38906097	38907926	0.00
NC_092310.1	38906097	38907951	0.00
NC_092310.1	38906097	38907976	0.00
NC_092310.1	38906097	38908001	0.00
NC_092310.1	38906097	38908026	0.00
NC_092310.1	38906097	38908051	0.00
NC_092310.1	38906097	38908076	0.00
NC_092310.1	45068959	45066951	0.00
NC_092310.1	45068959	45066976	0.00
NC_092310.1	45068959	45067001	0.00
NC_092310.1	45068959	45067026	0.00
NC_092310.1	45068959	45067051	0.00
NC_092310.1	45068959	45067076	0.00
NC_092310.1	45068959	45067101	0.00
NC_092310.1	45068959	45067126	0.00
NC_092310.1	45068959	45067151	0.00
NC_092310.1	45068959	45067176	0.00
NC_092310.1	45068959	45067201	0.00
NC_092310.1	45068959	45067226	0.00
NC_092310.1	45068959	45067251	0.00
NC_092310.1	45068959	45067276	0.00
NC_092310.1	45068959	45067301	0.00
NC_092310.1	45068959	45067326	0.00
NC_092310.1	45068959	45067351	0.00
NC_092310.1	45068959	45067376	0.00
NC_092310.1	45068959	45067401	0.00
NC_092310.1	45068959	45067426	0.00
NC_092310.1	45068959	45067451	0.00
NC_092310.1	45068959	45067476	0.00
NC_092310.1	45068959	45067501	0.00
NC_092310.1	45068959	45067526	0.00
NC_092310.1	45068959	45067551	0.00
NC_092310.1	45068959	45067576	0.00
NC_092310.1	45068959	45067601	0.00
NC_092310.1	45068959	45067626	0.00
NC_092310.1	45068959	45067651	0.00
NC_092310.1	45068959	45067676	0.00
NC_092310.1	45068959	45067701	0.00
NC_092310.1	45068959	45067726	0.00
NC_092310.1	45068959	45067751	0.00
NC_092310.1	45068959	45067776	0.00
NC_092310.1	45068959	45067801	0.00
NC_092310.1	45068959	45067826	0.00
NC_092310.1	45068959	45067851	0.00
NC_092310.1	45068959	45067876	0.00
NC_092310.1	45068959	45067901	0.00
NC_092310.1	45068959	45067926	0.00
NC_092310.1	45068959	45067951	0.00
NC_092310.1	45068959	45067976	0.00
NC_092310.1	45068959	45068001	0.00
NC_092310.1	45068959	45068026	0.00
NC_092310.1	45068959	45068051	0.00
NC_092310.1	45068959	45068076	0.00
NC_092310.1	45068959	45068101	0.00
NC_092310.1	45068959	45068126	0.00
NC_092310.1	45068959	45068151	0.00
NC_092310.1	45068959	45068176	0.00
NC_092310.1	45068959	45068201	0.00
NC_092310.1	45068959	45068226	0.00
NC_092310.1	45068959	45068251	0.00
NC_092310.1	45068959	45068276	0.00
NC_092310.1	45068959	45068301	0.00
NC_092310.1	45068959	45068326	0.00
NC_092310.1	45068959	45068351	0.00
NC_092310.1	45068959	45068376	0.00
NC_092310.1	45068959	45068401	0.00
NC_092310.1	45068959	45068426	0.00
NC_092310.1	45068959	45068451	0.00
NC_092310.1	45068959	45068476	0.00
NC_092310.1	45068959	45068501	0.00
NC_092310.1	45068959	45068526	0.00
NC_092310.1	45068959	45068551	0.00
NC_092310.1	45068959	45068576	0.00
NC_092310.1	45068959	45068601	0.00
NC_092310.1	45068959	45068626	0.00
NC_092310.1	45068959	45068651	0.00
NC_092310.1	45068959	45068676	0.00
NC_092310.1	45068959	45068701	0.00
NC_092310.1	45068959	45068726	0.00
NC_092310.1	45068959	45068751	0.00
NC_092310.1	45068959	45068776	0.00
NC_092310.1	45068959	45068801	0.00
NC_092310.1	45068959	45068826	0.00
NC_092310.1	45068959	45068851	0.00
NC_092310.1	45068959	45068876	0.00
NC_092310.1	45068959	45068901	0.00
NC_092310.1	45068959	45068926	1.00
NC_092310.1	45068959	45068951	2.00
NC_092310.1	45068959	45068976	3.76
NC_092310.1	45068959	45069001	4.00
NC_092310.1	45068959	45069026	4.00
NC_092310.1	45068959	45069051	4.00
NC_092310.1	45068959	45069076	1.64
NC_092310.1	45068959	45069101	0.00
NC_092310.1	45068959	45069126	0.00
NC_092310.1	45068959	45069151	0.00
NC_092310.1	45068959	45069176	0.00
NC_092310.1	45068959	45069201	0.00
NC_092310.1	45068959	45069226	0.00
NC_092310.1	45068959	45069251	0.00
NC_092310.1	45068959	45069276	0.00
NC_092310.1	45068959	45069301	0.00
NC_092310.1	45068959	45069326	0.00
NC_092310.1	45068959	45069351	0.00
NC_092310.1	45068959	45069376	0.00
NC_092310.1	45068959	45069401	0.00
NC_092310.1	45068959	45069426	0.00
NC_092310.1	45068959	45069451	0.00
NC_092310.1	45068959	45069476	0.00
NC_092310.1	45068959	45069501	0.00
NC_092310.1	45068959	45069526	0.00
NC_092310.1	45068959	45069551	0.00
NC_092310.1	45068959	45069576	0.00
NC_092310.1	45068959	45069601	0.00
NC_092310.1	45068959	45069626	0.00
NC_092310.1	45068959	45069651	0.00
NC_092310.1	45068959	45069676	0.00
NC_092310.1	45068959	45069701	0.00
NC_092310.1	45068959	45069726	0.00
NC_092310.1	45068959	45069751	0.00
NC_092310.1	45068959	45069776	0.00
NC_092310.1	45068959	45069801	0.00
NC_092310.1	45068959	45069826	0.00
NC_092310.1	45068959	45069851	0.00
NC_092310.1	45068959	45069876	0.00
NC_092310.1	45068959	45069901	0.00
NC_092310.1	45068959	45069926	0.00
NC_092310.1	45068959	45069951	0.00
NC_092310.1	45068959	45069976	0.00
NC_092310.1	45068959	45070001	0.00
NC_092310.1	45068959	45070026	0.00
NC_092310.1	45068959	45070051	0.00
NC_092310.1	45068959	45070076	0.00
NC_092310.1	45068959	45070101	0.00
NC_092310.1	45068959	45070126	0.00
NC_092310.1	45068959	45070151	0.00
NC_092310.1	45068959	45070176	0.00
NC_092310.1	45068959	45070201	0.00
NC_092310.1	45068959	45070226	0.00
NC_092310.1	45068959	45070251	0.00
NC_092310.1	45068959	45070276	0.00
NC_092310.1	45068959	45070301	0.00
NC_092310.1	45068959	45070326	0.00
NC_092310.1	45068959	45070351	0.00
NC_092310.1	45068959	45070376	0.00
NC_092310.1	45068959	45070401	0.00
NC_092310.1	45068959	45070426	0.00
NC_092310.1	45068959	45070451	0.00
NC_092310.1	45068959	45070476	0.00
NC_092310.1	45068959	45070501	0.00
NC_092310.1	45068959	45070526	0.00
NC_092310.1	45068959	45070551	0.00
NC_092310.1	45068959	45070576	0.00
NC_092310.1	45068959	45070601	0.00
NC_092310.1	45068959	45070626	0.00
NC_092310.1	45068959	45070651	0.00
NC_092310.1	45068959	45070676	0.00
NC_092310.1	45068959	45070701	0.00
NC_092310.1	45068959	45070726	0.00
NC_092310.1	45068959	45070751	0.00
NC_092310.1	45068959	45070776	0.00
NC_092310.1	45068959	45070801	0.00
NC_092310.1	45068959	45070826	0.00
NC_092310.1	45068959	45070851	0.00
NC_092310.1	45068959	45070876	0.00
NC_092310.1	45068959	45070901	0.00
NC_092310.1	45068959	45070926	0.00
NC_092310.1	45068959	45070951	0.00
NC_092310.1	45069016	45067001	0.00
NC_092310.1	45069016	45067026	0.00
NC_092310.1	45069016	45067051	0.00
NC_092310.1	45069016	45067076	0.00
NC_092310.1	45069016	45067101	0.00
NC_092310.1	45069016	45067126	0.00
NC_092310.1	45069016	45067151	0.00
NC_092310.1	45069016	45067176	0.00
NC_092310.1	45069016	45067201	0.00
NC_092310.1	45069016	45067226	0.00
NC_092310.1	45069016	45067251	0.00
NC_092310.1	45069016	45067276	0.00
NC_092310.1	45069016	45067301	0.00
NC_092310.1	45069016	45067326	0.00
NC_092310.1	45069016	45067351	0.00
NC_092310.1	45069016	45067376	0.00
NC_092310.1	45069016	45067401	0.00
NC_092310.1	45069016	45067426	0.00
NC_092310.1	45069016	45067451	0.00
NC_092310.1	45069016	45067476	0.00
NC_092310.1	45069016	45067501	0.00
NC_092310.1	45069016	45067526	0.00
NC_092310.1	45069016	45067551	0.00
NC_092310.1	45069016	45067576	0.00
NC_092310.1	45069016	45067601	0.00
NC_092310.1	45069016	45067626	0.00
NC_092310.1	45069016	45067651	0.00
NC_092310.1	45069016	45067676	0.00
NC_092310.1	45069016	45067701	0.00
NC_092310.1	45069016	45067726	0.00
NC_092310.1	45069016	45067751	0.00
NC_092310.1	45069016	45067776	0.00
NC_092310.1	45069016	45067801	0.00
NC_092310.1	45069016	45067826	0.00
NC_092310.1	45069016	45067851	0.00
NC_092310.1	45069016	45067876	0.00
NC_092310.1	45069016	45067901	0.00
NC_092310.1	45069016	45067926	0.00
NC_092310.1	45069016	45067951	0.00
NC_092310.1	45069016	45067976	0.00
NC_092310.1	45069016	45068001	0.00
NC_092310.1	45069016	45068026	0.00
NC_092310.1	45069016	45068051	0.00
NC_092310.1	45069016	45068076	0.00
NC_092310.1	45069016	45068101	0.00
NC_092310.1	45069016	45068126	0.00
NC_092310.1	45069016	45068151	0.00
NC_092310.1	45069016	45068176	0.00
NC_092310.1	45069016	45068201	0.00
NC_092310.1	45069016	45068226	0.00
NC_092310.1	45069016	45068251	0.00
NC_092310.1	45069016	45068276	0.00
NC_092310.1	45069016	45068301	0.00
NC_092310.1	45069016	45068326	0.00
NC_092310.1	45069016	45068351	0.00
NC_092310.1	45069016	45068376	0.00
NC_092310.1	45069016	45068401	0.00
NC_092310.1	45069016	45068426	0.00
NC_092310.1	45069016	45068451	0.00
NC_092310.1	45069016	45068476	0.00
NC_092310.1	45069016	45068501	0.00
NC_092310.1	45069016	45068526	0.00
NC_092310.1	45069016	45068551	0.00
NC_092310.1	45069016	45068576	0.00
NC_092310.1	45069016	45068601	0.00
NC_092310.1	45069016	45068626	0.00
NC_092310.1	45069016	45068651	0.00
NC_092310.1	45069016	45068676	0.00
NC_092310.1	45069016	45068701	0.00
NC_092310.1	45069016	45068726	0.00
NC_092310.1	45069016	45068751	0.00
NC_092310.1	45069016	45068776	0.00
NC_092310.1	45069016	45068801	0.00
NC_092310.1	45069016	45068826	0.00
NC_092310.1	45069016	45068851	0.00
NC_092310.1	45069016	45068876	0.00
NC_092310.1	45069016	45068901	0.00
NC_092310.1	45069016	45068926	1.00
NC_092310.1	45069016	45068951	2.00
NC_092310.1	45069016	45068976	3.76
NC_092310.1	45069016	45069001	4.00
NC_092310.1	45069016	45069026	4.00
NC_092310.1	45069016	45069051	4.00
NC_092310.1	45069016	45069076	1.64
NC_092310.1	45069016	45069101	0.00
NC_092310.1	45069016	45069126	0.00
NC_092310.1	45069016	45069151	0.00
NC_092310.1	45069016	45069176	0.00
NC_092310.1	45069016	45069201	0.00
NC_092310.1	45069016	45069226	0.00
NC_092310.1	45069016	45069251	0.00
NC_092310.1	45069016	45069276	0.00
NC_092310.1	45069016	45069301	0.00
NC_092310.1	45069016	45069326	0.00
NC_092310.1	45069016	45069351	0.00
NC_092310.1	45069016	45069376	0.00
NC_092310.1	45069016	45069401	0.00
NC_092310.1	45069016	45069426	0.00
NC_092310.1	45069016	45069451	0.00
NC_092310.1	45069016	45069476	0.00
NC_092310.1	45069016	45069501	0.00
NC_092310.1	45069016	45069526	0.00
NC_092310.1	45069016	45069551	0.00
NC_092310.1	45069016	45069576	0.00
NC_092310.1	45069016	45069601	0.00
NC_092310.1	45069016	45069626	0.00
NC_092310.1	45069016	45069651	0.00
NC_092310.1	45069016	45069676	0.00
NC_092310.1	45069016	45069701	0.00
NC_092310.1	45069016	45069726	0.00
NC_092310.1	45069016	45069751	0.00
NC_092310.1	45069016	45069776	0.00
NC_092310.1	45069016	45069801	0.00
NC_092310.1	45069016	45069826	0.00
NC_092310.1	45069016	45069851	0.00
NC_092310.1	45069016	45069876	0.00
NC_092310.1	45069016	45069901	0.00
NC_092310.1	45069016	45069926	0.00
NC_092310.1	45069016	45069951	0.00
NC_092310.1	45069016	45069976	0.00
NC_092310.1	45069016	45070001	0.00
NC_092310.1	45069016	45070026	0.00
NC_092310.1	45069016	45070051	0.00
NC_092310.1	45069016	45070076	0.00
NC_092310.1	45069016	45070101	0.00
NC_092310.1	45069016	45070126	0.00
NC_092310.1	45069016	45070151	0.00
NC_092310.1	45069016	45070176	0.00
NC_092310.1	45069016	45070201	0.00
NC_092310.1	45069016	45070226	0.00
NC_092310.1	45069016	45070251	0.00
NC_092310.1	45069016	45070276	0.00
NC_092310.1	45069016	45070301	0.00
NC_092310.1	45069016	45070326	0.00
NC_092310.1	45069016	45070351	0.00
NC_092310.1	45069016	45070376	0.00
NC_092310.1	45069016	45070401	0.00
NC_092310.1	45069016	45070426	0.00
NC_092310.1	45069016	45070451	0.00
NC_092310.1	45069016	45070476	0.00
NC_092310.1	45069016	45070501	0.00
NC_092310.1	45069016	45070526	0.00
NC_092310.1	45069016	45070551	0.00
NC_092310.1	45069016	45070576	0.00
NC_092310.1	45069016	45070601	0.00
NC_092310.1	45069016	45070626	0.00
NC_092310.1	45069016	45070651	0.00
NC_092310.1	45069016	45070676	0.00
NC_092310.1	45069016	45070701	0.00
NC_092310.1	45069016	45070726	0.00
NC_092310.1	45069016	45070751	0.00
NC_092310.1	45069016	45070776	0.00
NC_092310.1	45069016	45070801	0.00
NC_092310.1	45069016	45070826	0.00
NC_092310.1	45069016	45070851	0.00
NC_092310.1	45069016	45070876	0.00
NC_092310.1	45069016	45070901	0.00
NC_092310.1	45069016	45070926	0.00
NC_092310.1	45069016	45070951	0.00
NC_092310.1	45069016	45070976	0.00
NC_092310.1	45069016	45071001	0.00
NC_092311.1	11509918	11507901	0.00
NC_092311.1	11509918	11507926	0.00
NC_092311.1	11509918	11507951	0.00
NC_092311.1	11509918	11507976	0.00
NC_092311.1	11509918	11508001	0.00
NC_092311.1	11509918	11508026	0.00
NC_092311.1	11509918	11508051	0.00
NC_092311.1	11509918	11508076	0.00
NC_092311.1	11509918	11508101	0.00
NC_092311.1	11509918	11508126	0.00
NC_092311.1	11509918	11508151	0.00
NC_092311.1	11509918	11508176	0.00
NC_092311.1	11509918	11508201	0.00
NC_092311.1	11509918	11508226	0.00
NC_092311.1	11509918	11508251	0.00
NC_092311.1	11509918	11508276	0.00
NC_092311.1	11509918	11508301	0.00
NC_092311.1	11509918	11508326	0.00
NC_092311.1	11509918	11508351	0.00
NC_092311.1	11509918	11508376	0.00
NC_092311.1	11509918	11508401	0.00
NC_092311.1	11509918	11508426	0.00
NC_092311.1	11509918	11508451	0.00
NC_092311.1	11509918	11508476	0.00
NC_092311.1	11509918	11508501	0.00
NC_092311.1	11509918	11508526	0.00
NC_092311.1	11509918	11508551	0.00
NC_092311.1	11509918	11508576	0.00
NC_092311.1	11509918	11508601	0.00
NC_092311.1	11509918	11508626	0.00
NC_092311.1	11509918	11508651	0.00
NC_092311.1	11509918	11508676	0.00
NC_092311.1	11509918	11508701	0.00
NC_092311.1	11509918	11508726	0.00
NC_092311.1	11509918	11508751	0.00
NC_092311.1	11509918	11508776	0.00
NC_092311.1	11509918	11508801	0.00
NC_092311.1	11509918	11508826	0.00
NC_092311.1	11509918	11508851	0.00
NC_092311.1	11509918	11508876	0.00
NC_092311.1	11509918	11508901	0.00
NC_092311.1	11509918	11508926	0.00
NC_092311.1	11509918	11508951	0.00
NC_092311.1	11509918	11508976	0.00
NC_092311.1	11509918	11509001	0.00
NC_092311.1	11509918	11509026	0.00
NC_092311.1	11509918	11509051	0.00
NC_092311.1	11509918	11509076	0.00
NC_092311.1	11509918	11509101	0.00
NC_092311.1	11509918	11509126	0.00
NC_092311.1	11509918	11509151	0.00
NC_092311.1	11509918	11509176	0.00
NC_092311.1	11509918	11509201	0.00
NC_092311.1	11509918	11509226	0.00
NC_092311.1	11509918	11509251	0.00
NC_092311.1	11509918	11509276	0.00
NC_092311.1	11509918	11509301	0.00
NC_092311.1	11509918	11509326	0.00
NC_092311.1	11509918	11509351	0.00
NC_092311.1	11509918	11509376	0.00
NC_092311.1	11509918	11509401	0.00
NC_092311.1	11509918	11509426	0.00
NC_092311.1	11509918	11509451	0.00
NC_092311.1	11509918	11509476	0.00
NC_092311.1	11509918	11509501	0.00
NC_092311.1	11509918	11509526	0.00
NC_092311.1	11509918	11509551	0.00
NC_092311.1	11509918	11509576	0.00
NC_092311.1	11509918	11509601	0.00
NC_092311.1	11509918	11509626	0.00
NC_092311.1	11509918	11509651	0.00
NC_092311.1	11509918	11509676	0.00
NC_092311.1	11509918	11509701	0.00
NC_092311.1	11509918	11509726	0.00
NC_092311.1	11509918	11509751	0.96
NC_092311.1	11509918	11509776	1.00
NC_092311.1	11509918	11509801	1.00
NC_092311.1	11509918	11509826	1.60
NC_092311.1	11509918	11509851	2.00
NC_092311.1	11509918	11509876	2.00
NC_092311.1	11509918	11509901	1.04
NC_092311.1	11509918	11509926	1.00
NC_092311.1	11509918	11509951	1.00
NC_092311.1	11509918	11509976	0.40
NC_092311.1	11509918	11510001	0.00
NC_092311.1	11509918	11510026	0.00
NC_092311.1	11509918	11510051	0.00
NC_092311.1	11509918	11510076	0.00
NC_092311.1	11509918	11510101	0.00
NC_092311.1	11509918	11510126	0.00
NC_092311.1	11509918	11510151	0.00
NC_092311.1	11509918	11510176	0.00
NC_092311.1	11509918	11510201	0.00
NC_092311.1	11509918	11510226	0.00
NC_092311.1	11509918	11510251	0.00
NC_092311.1	11509918	11510276	0.00
NC_092311.1	11509918	11510301	0.00
NC_092311.1	11509918	11510326	0.00
NC_092311.1	11509918	11510351	0.00
NC_092311.1	11509918	11510376	0.00
NC_092311.1	11509918	11510401	0.00
NC_092311.1	11509918	11510426	0.00
NC_092311.1	11509918	11510451	0.00
NC_092311.1	11509918	11510476	0.00
NC_092311.1	11509918	11510501	0.00
NC_092311.1	11509918	11510526	0.00
NC_092311.1	11509918	11510551	0.00
NC_092311.1	11509918	11510576	0.00
NC_092311.1	11509918	11510601	0.00
NC_092311.1	11509918	11510626	0.00
NC_092311.1	11509918	11510651	0.00
NC_092311.1	11509918	11510676	0.00
NC_092311.1	11509918	11510701	0.00
NC_092311.1	11509918	11510726	0.00
NC_092311.1	11509918	11510751	0.00
NC_092311.1	11509918	11510776	0.00
NC_092311.1	11509918	11510801	0.00
NC_092311.1	11509918	11510826	0.00
NC_092311.1	11509918	11510851	0.00
NC_092311.1	11509918	11510876	0.00
NC_092311.1	11509918	11510901	0.00
NC_092311.1	11509918	11510926	0.00
NC_092311.1	11509918	11510951	0.00
NC_092311.1	11509918	11510976	0.00
NC_092311.1	11509918	11511001	0.00
NC_092311.1	11509918	11511026	0.00
NC_092311.1	11509918	11511051	0.00
NC_092311.1	11509918	11511076	0.00
NC_092311.1	11509918	11511101	0.00
NC_092311.1	11509918	11511126	0.00
NC_092311.1	11509918	11511151	0.00
NC_092311.1	11509918	11511176	0.00
NC_092311.1	11509918	11511201	0.00
NC_092311.1	11509918	11511226	0.00
NC_092311.1	11509918	11511251	0.00
NC_092311.1	11509918	11511276	0.00
NC_092311.1	11509918	11511301	0.00
NC_092311.1	11509918	11511326	0.00
NC_092311.1	11509918	11511351	0.00
NC_092311.1	11509918	11511376	0.00
NC_092311.1	11509918	11511401	0.00
NC_092311.1	11509918	11511426	0.00
NC_092311.1	11509918	11511451	0.00
NC_092311.1	11509918	11511476	0.00
NC_092311.1	11509918	11511501	0.00
NC_092311.1	11509918	11511526	0.00
NC_092311.1	11509918	11511551	0.00
NC_092311.1	11509918	11511576	0.00
NC_092311.1	11509918	11511601	0.00
NC_092311.1	11509918	11511626	0.00
NC_092311.1	11509918	11511651	0.00
NC_092311.1	11509918	11511676	0.00
NC_092311.1	11509918	11511701	0.00
NC_092311.1	11509918	11511726	0.00
NC_092311.1	11509918	11511751	0.00
NC_092311.1	11509918	11511776	0.00
NC_092311.1	11509918	11511801	0.00
NC_092311.1	11509918	11511826	0.00
NC_092311.1	11509918	11511851	0.00
NC_092311.1	11509918	11511876	0.00
NC_092311.1	11509918	11511901	0.00
NC_092311.1	32836491	32834476	0.00
NC_092311.1	32836491	32834501	0.00
NC_092311.1	32836491	32834526	0.00
NC_092311.1	32836491	32834551	0.00
NC_092311.1	32836491	32834576	0.00
NC_092311.1	32836491	32834601	0.00
NC_092311.1	32836491	32834626	0.00
NC_092311.1	32836491	32834651	0.00
NC_092311.1	32836491	32834676	0.00
NC_092311.1	32836491	32834701	0.00
NC_092311.1	32836491	32834726	0.00
NC_092311.1	32836491	32834751	0.00
NC_092311.1	32836491	32834776	0.00
NC_092311.1	32836491	32834801	0.00
NC_092311.1	32836491	32834826	0.00
NC_092311.1	32836491	32834851	0.00
NC_092311.1	32836491	32834876	0.00
NC_092311.1	32836491	32834901	0.00
NC_092311.1	32836491	32834926	0.00
NC_092311.1	32836491	32834951	0.00
NC_092311.1	32836491	32834976	0.00
NC_092311.1	32836491	32835001	0.00
NC_092311.1	32836491	32835026	0.00
NC_092311.1	32836491	32835051	0.00
NC_092311.1	32836491	32835076	0.00
NC_092311.1	32836491	32835101	0.00
NC_092311.1	32836491	32835126	0.00
NC_092311.1	32836491	32835151	0.00
NC_092311.1	32836491	32835176	0.00
NC_092311.1	32836491	32835201	0.00
NC_092311.1	32836491	32835226	0.00
NC_092311.1	32836491	32835251	0.00
NC_092311.1	32836491	32835276	0.00
NC_092311.1	32836491	32835301	0.00
NC_092311.1	32836491	32835326	0.00
NC_092311.1	32836491	32835351	0.00
NC_092311.1	32836491	32835376	0.00
NC_092311.1	32836491	32835401	0.00
NC_092311.1	32836491	32835426	0.00
NC_092311.1	32836491	32835451	0.00
NC_092311.1	32836491	32835476	0.00
NC_092311.1	32836491	32835501	0.00
NC_092311.1	32836491	32835526	0.00
NC_092311.1	32836491	32835551	0.00
NC_092311.1	32836491	32835576	0.00
NC_092311.1	32836491	32835601	0.00
NC_092311.1	32836491	32835626	0.00
NC_092311.1	32836491	32835651	0.00
NC_092311.1	32836491	32835676	0.00
NC_092311.1	32836491	32835701	0.00
NC_092311.1	32836491	32835726	0.00
NC_092311.1	32836491	32835751	0.00
NC_092311.1	32836491	32835776	0.00
NC_092311.1	32836491	32835801	0.00
NC_092311.1	32836491	32835826	0.00
NC_092311.1	32836491	32835851	0.00
NC_092311.1	32836491	32835876	0.00
NC_092311.1	32836491	32835901	0.00
NC_092311.1	32836491	32835926	0.00
NC_092311.1	32836491	32835951	0.00
NC_092311.1	32836491	32835976	0.00
NC_092311.1	32836491	32836001	0.00
NC_092311.1	32836491	32836026	0.00
NC_092311.1	32836491	32836051	0.00
NC_092311.1	32836491	32836076	0.00
NC_092311.1	32836491	32836101	0.00
NC_092311.1	32836491	32836126	0.00
NC_092311.1	32836491	32836151	0.00
NC_092311.1	32836491	32836176	0.00
NC_092311.1	32836491	32836201	0.00
NC_092311.1	32836491	32836226	0.00
NC_092311.1	32836491	32836251	0.00
NC_092311.1	32836491	32836276	0.00
NC_092311.1	32836491	32836301	0.00
NC_092311.1	32836491	32836326	0.00
NC_092311.1	32836491	32836351	0.24
NC_092311.1	32836491	32836376	1.00
NC_092311.1	32836491	32836401	1.00
NC_092311.1	32836491	32836426	1.00
NC_092311.1	32836491	32836451	1.00
NC_092311.1	32836491	32836476	1.00
NC_092311.1	32836491	32836501	0.76
NC_092311.1	32836491	32836526	0.00
NC_092311.1	32836491	32836551	0.68
NC_092311.1	32836491	32836576	1.00
NC_092311.1	32836491	32836601	1.00
NC_092311.1	32836491	32836626	1.00
NC_092311.1	32836491	32836651	1.00
NC_092311.1	32836491	32836676	1.00
NC_092311.1	32836491	32836701	0.32
NC_092311.1	32836491	32836726	0.00
NC_092311.1	32836491	32836751	0.00
NC_092311.1	32836491	32836776	0.00
NC_092311.1	32836491	32836801	0.00
NC_092311.1	32836491	32836826	0.00
NC_092311.1	32836491	32836851	0.00
NC_092311.1	32836491	32836876	0.00
NC_092311.1	32836491	32836901	0.00
NC_092311.1	32836491	32836926	0.00
NC_092311.1	32836491	32836951	0.00
NC_092311.1	32836491	32836976	0.00
NC_092311.1	32836491	32837001	0.00
NC_092311.1	32836491	32837026	0.00
NC_092311.1	32836491	32837051	0.00
NC_092311.1	32836491	32837076	0.00
NC_092311.1	32836491	32837101	0.00
NC_092311.1	32836491	32837126	0.00
NC_092311.1	32836491	32837151	0.00
NC_092311.1	32836491	32837176	0.00
NC_092311.1	32836491	32837201	0.00
NC_092311.1	32836491	32837226	0.00
NC_092311.1	32836491	32837251	0.00
NC_092311.1	32836491	32837276	0.00
NC_092311.1	32836491	32837301	0.00
NC_092311.1	32836491	32837326	0.00
NC_092311.1	32836491	32837351	0.00
NC_092311.1	32836491	32837376	0.00
NC_092311.1	32836491	32837401	0.00
NC_092311.1	32836491	32837426	0.00
NC_092311.1	32836491	32837451	0.00
NC_092311.1	32836491	32837476	0.00
NC_092311.1	32836491	32837501	0.00
NC_092311.1	32836491	32837526	0.00
NC_092311.1	32836491	32837551	0.00
NC_092311.1	32836491	32837576	0.00
NC_092311.1	32836491	32837601	0.00
NC_092311.1	32836491	32837626	0.00
NC_092311.1	32836491	32837651	0.00
NC_092311.1	32836491	32837676	0.00
NC_092311.1	32836491	32837701	0.00
NC_092311.1	32836491	32837726	0.00
NC_092311.1	32836491	32837751	0.00
NC_092311.1	32836491	32837776	0.00
NC_092311.1	32836491	32837801	0.00
NC_092311.1	32836491	32837826	0.00
NC_092311.1	32836491	32837851	0.00
NC_092311.1	32836491	32837876	0.00
NC_092311.1	32836491	32837901	0.00
NC_092311.1	32836491	32837926	0.00
NC_092311.1	32836491	32837951	0.00
NC_092311.1	32836491	32837976	0.00
NC_092311.1	32836491	32838001	0.00
NC_092311.1	32836491	32838026	0.00
NC_092311.1	32836491	32838051	0.00
NC_092311.1	32836491	32838076	0.00
NC_092311.1	32836491	32838101	0.00
NC_092311.1	32836491	32838126	0.00
NC_092311.1	32836491	32838151	0.00
NC_092311.1	32836491	32838176	0.00
NC_092311.1	32836491	32838201	0.00
NC_092311.1	32836491	32838226	0.00
NC_092311.1	32836491	32838251	0.00
NC_092311.1	32836491	32838276	0.00
NC_092311.1	32836491	32838301	0.00
NC_092311.1	32836491	32838326	0.00
NC_092311.1	32836491	32838351	0.00
NC_092311.1	32836491	32838376	0.00
NC_092311.1	32836491	32838401	0.00
NC_092311.1	32836491	32838426	0.00
NC_092311.1	32836491	32838451	0.00
NC_092311.1	32836491	32838476	0.00
NC_092311.1	44847186	44845176	0.00
NC_092311.1	44847186	44845201	0.00
NC_092311.1	44847186	44845226	0.00
NC_092311.1	44847186	44845251	0.00
NC_092311.1	44847186	44845276	0.00
NC_092311.1	44847186	44845301	0.00
NC_092311.1	44847186	44845326	0.00
NC_092311.1	44847186	44845351	0.00
NC_092311.1	44847186	44845376	0.00
NC_092311.1	44847186	44845401	0.00
NC_092311.1	44847186	44845426	0.00
NC_092311.1	44847186	44845451	0.00
NC_092311.1	44847186	44845476	0.00
NC_092311.1	44847186	44845501	0.00
NC_092311.1	44847186	44845526	0.00
NC_092311.1	44847186	44845551	0.00
NC_092311.1	44847186	44845576	0.00
NC_092311.1	44847186	44845601	0.00
NC_092311.1	44847186	44845626	0.00
NC_092311.1	44847186	44845651	0.00
NC_092311.1	44847186	44845676	0.00
NC_092311.1	44847186	44845701	0.00
NC_092311.1	44847186	44845726	0.00
NC_092311.1	44847186	44845751	0.00
NC_092311.1	44847186	44845776	0.00
NC_092311.1	44847186	44845801	0.00
NC_092311.1	44847186	44845826	0.00
NC_092311.1	44847186	44845851	0.00
NC_092311.1	44847186	44845876	0.00
NC_092311.1	44847186	44845901	0.00
NC_092311.1	44847186	44845926	0.00
NC_092311.1	44847186	44845951	0.00
NC_092311.1	44847186	44845976	0.00
NC_092311.1	44847186	44846001	0.00
NC_092311.1	44847186	44846026	0.00
NC_092311.1	44847186	44846051	0.00
NC_092311.1	44847186	44846076	0.00
NC_092311.1	44847186	44846101	0.00
NC_092311.1	44847186	44846126	0.00
NC_092311.1	44847186	44846151	0.00
NC_092311.1	44847186	44846176	0.00
NC_092311.1	44847186	44846201	0.00
NC_092311.1	44847186	44846226	0.00
NC_092311.1	44847186	44846251	0.00
NC_092311.1	44847186	44846276	0.00
NC_092311.1	44847186	44846301	0.00
NC_092311.1	44847186	44846326	0.00
NC_092311.1	44847186	44846351	0.00
NC_092311.1	44847186	44846376	0.00
NC_092311.1	44847186	44846401	0.00
NC_092311.1	44847186	44846426	0.00
NC_092311.1	44847186	44846451	0.00
NC_092311.1	44847186	44846476	0.00
NC_092311.1	44847186	44846501	0.00
NC_092311.1	44847186	44846526	0.00
NC_092311.1	44847186	44846551	0.00
NC_092311.1	44847186	44846576	0.00
NC_092311.1	44847186	44846601	0.00
NC_092311.1	44847186	44846626	0.00
NC_092311.1	44847186	44846651	0.00
NC_092311.1	44847186	44846676	0.00
NC_092311.1	44847186	44846701	0.00
NC_092311.1	44847186	44846726	0.00
NC_092311.1	44847186	44846751	0.00
NC_092311.1	44847186	44846776	0.00
NC_092311.1	44847186	44846801	0.00
NC_092311.1	44847186	44846826	0.00
NC_092311.1	44847186	44846851	0.00
NC_092311.1	44847186	44846876	0.00
NC_092311.1	44847186	44846901	0.00
NC_092311.1	44847186	44846926	0.00
NC_092311.1	44847186	44846951	0.00
NC_092311.1	44847186	44846976	0.00
NC_092311.1	44847186	44847001	0.00
NC_092311.1	44847186	44847026	0.00
NC_092311.1	44847186	44847051	0.00
NC_092311.1	44847186	44847076	0.00
NC_092311.1	44847186	44847101	0.16
NC_092311.1	44847186	44847126	1.00
NC_092311.1	44847186	44847151	1.00
NC_092311.1	44847186	44847176	1.00
NC_092311.1	44847186	44847201	1.52
NC_092311.1	44847186	44847226	2.00
NC_092311.1	44847186	44847251	1.84
NC_092311.1	44847186	44847276	1.00
NC_092311.1	44847186	44847301	1.00
NC_092311.1	44847186	44847326	1.00
NC_092311.1	44847186	44847351	0.48
NC_092311.1	44847186	44847376	0.00
NC_092311.1	44847186	44847401	0.00
NC_092311.1	44847186	44847426	0.00
NC_092311.1	44847186	44847451	0.00
NC_092311.1	44847186	44847476	0.00
NC_092311.1	44847186	44847501	0.00
NC_092311.1	44847186	44847526	0.00
NC_092311.1	44847186	44847551	0.00
NC_092311.1	44847186	44847576	0.00
NC_092311.1	44847186	44847601	0.00
NC_092311.1	44847186	44847626	0.00
NC_092311.1	44847186	44847651	0.00
NC_092311.1	44847186	44847676	0.00
NC_092311.1	44847186	44847701	0.00
NC_092311.1	44847186	44847726	0.00
NC_092311.1	44847186	44847751	0.00
NC_092311.1	44847186	44847776	0.00
NC_092311.1	44847186	44847801	0.00
NC_092311.1	44847186	44847826	0.00
NC_092311.1	44847186	44847851	0.00
NC_092311.1	44847186	44847876	0.00
NC_092311.1	44847186	44847901	0.00
NC_092311.1	44847186	44847926	0.00
NC_092311.1	44847186	44847951	0.00
NC_092311.1	44847186	44847976	0.00
NC_092311.1	44847186	44848001	0.00
NC_092311.1	44847186	44848026	0.00
NC_092311.1	44847186	44848051	0.00
NC_092311.1	44847186	44848076	0.00
NC_092311.1	44847186	44848101	0.00
NC_092311.1	44847186	44848126	0.00
NC_092311.1	44847186	44848151	0.00
NC_092311.1	44847186	44848176	0.00
NC_092311.1	44847186	44848201	0.00
NC_092311.1	44847186	44848226	0.00
NC_092311.1	44847186	44848251	0.00
NC_092311.1	44847186	44848276	0.00
NC_092311.1	44847186	44848301	0.00
NC_092311.1	44847186	44848326	0.00
NC_092311.1	44847186	44848351	0.00
NC_092311.1	44847186	44848376	0.00
NC_092311.1	44847186	44848401	0.00
NC_092311.1	44847186	44848426	0.00
NC_092311.1	44847186	44848451	0.00
NC_092311.1	44847186	44848476	0.00
NC_092311.1	44847186	44848501	0.00
NC_092311.1	44847186	44848526	0.00
NC_092311.1	44847186	44848551	0.00
NC_092311.1	44847186	44848576	0.00
NC_092311.1	44847186	44848601	0.00
NC_092311.1	44847186	44848626	0.00
NC_092311.1	44847186	44848651	0.00
NC_092311.1	44847186	44848676	0.00
NC_092311.1	44847186	44848701	0.00
NC_092311.1	44847186	44848726	0.00
NC_092311.1	44847186	44848751	0.00
NC_092311.1	44847186	44848776	0.00
NC_092311.1	44847186	44848801	0.00
NC_092311.1	44847186	44848826	0.00
NC_092311.1	44847186	44848851	0.00
NC_092311.1	44847186	44848876	0.00
NC_092311.1	44847186	44848901	0.00
NC_092311.1	44847186	44848926	0.00
NC_092311.1	44847186	44848951	0.00
NC_092311.1	44847186	44848976	0.00
NC_092311.1	44847186	44849001	0.00
NC_092311.1	44847186	44849026	0.00
NC_092311.1	44847186	44849051	0.00
NC_092311.1	44847186	44849076	0.00
NC_092311.1	44847186	44849101	0.00
NC_092311.1	44847186	44849126	0.00
NC_092311.1	44847186	44849151	0.00
NC_092311.1	44847186	44849176	0.00
NC_092311.1	44847218	44845201	0.00
NC_092311.1	44847218	44845226	0.00
NC_092311.1	44847218	44845251	0.00
NC_092311.1	44847218	44845276	0.00
NC_092311.1	44847218	44845301	0.00
NC_092311.1	44847218	44845326	0.00
NC_092311.1	44847218	44845351	0.00
NC_092311.1	44847218	44845376	0.00
NC_092311.1	44847218	44845401	0.00
NC_092311.1	44847218	44845426	0.00
NC_092311.1	44847218	44845451	0.00
NC_092311.1	44847218	44845476	0.00
NC_092311.1	44847218	44845501	0.00
NC_092311.1	44847218	44845526	0.00
NC_092311.1	44847218	44845551	0.00
NC_092311.1	44847218	44845576	0.00
NC_092311.1	44847218	44845601	0.00
NC_092311.1	44847218	44845626	0.00
NC_092311.1	44847218	44845651	0.00
NC_092311.1	44847218	44845676	0.00
NC_092311.1	44847218	44845701	0.00
NC_092311.1	44847218	44845726	0.00
NC_092311.1	44847218	44845751	0.00
NC_092311.1	44847218	44845776	0.00
NC_092311.1	44847218	44845801	0.00
NC_092311.1	44847218	44845826	0.00
NC_092311.1	44847218	44845851	0.00
NC_092311.1	44847218	44845876	0.00
NC_092311.1	44847218	44845901	0.00
NC_092311.1	44847218	44845926	0.00
NC_092311.1	44847218	44845951	0.00
NC_092311.1	44847218	44845976	0.00
NC_092311.1	44847218	44846001	0.00
NC_092311.1	44847218	44846026	0.00
NC_092311.1	44847218	44846051	0.00
NC_092311.1	44847218	44846076	0.00
NC_092311.1	44847218	44846101	0.00
NC_092311.1	44847218	44846126	0.00
NC_092311.1	44847218	44846151	0.00
NC_092311.1	44847218	44846176	0.00
NC_092311.1	44847218	44846201	0.00
NC_092311.1	44847218	44846226	0.00
NC_092311.1	44847218	44846251	0.00
NC_092311.1	44847218	44846276	0.00
NC_092311.1	44847218	44846301	0.00
NC_092311.1	44847218	44846326	0.00
NC_092311.1	44847218	44846351	0.00
NC_092311.1	44847218	44846376	0.00
NC_092311.1	44847218	44846401	0.00
NC_092311.1	44847218	44846426	0.00
NC_092311.1	44847218	44846451	0.00
NC_092311.1	44847218	44846476	0.00
NC_092311.1	44847218	44846501	0.00
NC_092311.1	44847218	44846526	0.00
NC_092311.1	44847218	44846551	0.00
NC_092311.1	44847218	44846576	0.00
NC_092311.1	44847218	44846601	0.00
NC_092311.1	44847218	44846626	0.00
NC_092311.1	44847218	44846651	0.00
NC_092311.1	44847218	44846676	0.00
NC_092311.1	44847218	44846701	0.00
NC_092311.1	44847218	44846726	0.00
NC_092311.1	44847218	44846751	0.00
NC_092311.1	44847218	44846776	0.00
NC_092311.1	44847218	44846801	0.00
NC_092311.1	44847218	44846826	0.00
NC_092311.1	44847218	44846851	0.00
NC_092311.1	44847218	44846876	0.00
NC_092311.1	44847218	44846901	0.00
NC_092311.1	44847218	44846926	0.00
NC_092311.1	44847218	44846951	0.00
NC_092311.1	44847218	44846976	0.00
NC_092311.1	44847218	44847001	0.00
NC_092311.1	44847218	44847026	0.00
NC_092311.1	44847218	44847051	0.00
NC_092311.1	44847218	44847076	0.00
NC_092311.1	44847218	44847101	0.16
NC_092311.1	44847218	44847126	1.00
NC_092311.1	44847218	44847151	1.00
NC_092311.1	44847218	44847176	1.00
NC_092311.1	44847218	44847201	1.52
NC_092311.1	44847218	44847226	2.00
NC_092311.1	44847218	44847251	1.84
NC_092311.1	44847218	44847276	1.00
NC_092311.1	44847218	44847301	1.00
NC_092311.1	44847218	44847326	1.00
NC_092311.1	44847218	44847351	0.48
NC_092311.1	44847218	44847376	0.00
NC_092311.1	44847218	44847401	0.00
NC_092311.1	44847218	44847426	0.00
NC_092311.1	44847218	44847451	0.00
NC_092311.1	44847218	44847476	0.00
NC_092311.1	44847218	44847501	0.00
NC_092311.1	44847218	44847526	0.00
NC_092311.1	44847218	44847551	0.00
NC_092311.1	44847218	44847576	0.00
NC_092311.1	44847218	44847601	0.00
NC_092311.1	44847218	44847626	0.00
NC_092311.1	44847218	44847651	0.00
NC_092311.1	44847218	44847676	0.00
NC_092311.1	44847218	44847701	0.00
NC_092311.1	44847218	44847726	0.00
NC_092311.1	44847218	44847751	0.00
NC_092311.1	44847218	44847776	0.00
NC_092311.1	44847218	44847801	0.00
NC_092311.1	44847218	44847826	0.00
NC_092311.1	44847218	44847851	0.00
NC_092311.1	44847218	44847876	0.00
NC_092311.1	44847218	44847901	0.00
NC_092311.1	44847218	44847926	0.00
NC_092311.1	44847218	44847951	0.00
NC_092311.1	44847218	44847976	0.00
NC_092311.1	44847218	44848001	0.00
NC_092311.1	44847218	44848026	0.00
NC_092311.1	44847218	44848051	0.00
NC_092311.1	44847218	44848076	0.00
NC_092311.1	44847218	44848101	0.00
NC_092311.1	44847218	44848126	0.00
NC_092311.1	44847218	44848151	0.00
NC_092311.1	44847218	44848176	0.00
NC_092311.1	44847218	44848201	0.00
NC_092311.1	44847218	44848226	0.00
NC_092311.1	44847218	44848251	0.00
NC_092311.1	44847218	44848276	0.00
NC_092311.1	44847218	44848301	0.00
NC_092311.1	44847218	44848326	0.00
NC_092311.1	44847218	44848351	0.00
NC_092311.1	44847218	44848376	0.00
NC_092311.1	44847218	44848401	0.00
NC_092311.1	44847218	44848426	0.00
NC_092311.1	44847218	44848451	0.00
NC_092311.1	44847218	44848476	0.00
NC_092311.1	44847218	44848501	0.00
NC_092311.1	44847218	44848526	0.00
NC_092311.1	44847218	44848551	0.00
NC_092311.1	44847218	44848576	0.00
NC_092311.1	44847218	44848601	0.00
NC_092311.1	44847218	44848626	0.00
NC_092311.1	44847218	44848651	0.00
NC_092311.1	44847218	44848676	0.00
NC_092311.1	44847218	44848701	0.00
NC_092311.1	44847218	44848726	0.00
NC_092311.1	44847218	44848751	0.00
NC_092311.1	44847218	44848776	0.00
NC_092311.1	44847218	44848801	0.00
NC_092311.1	44847218	44848826	0.00
NC_092311.1	44847218	44848851	0.00
NC_092311.1	44847218	44848876	0.00
NC_092311.1	44847218	44848901	0.00
NC_092311.1	44847218	44848926	0.00
NC_092311.1	44847218	44848951	0.00
NC_092311.1	44847218	44848976	0.00
NC_092311.1	44847218	44849001	0.00
NC_092311.1	44847218	44849026	0.00
NC_092311.1	44847218	44849051	0.00
NC_092311.1	44847218	44849076	0.00
NC_092311.1	44847218	44849101	0.00
NC_092311.1	44847218	44849126	0.00
NC_092311.1	44847218	44849151	0.00
NC_092311.1	44847218	44849176	0.00
NC_092311.1	44847218	44849201	0.00
NC_092313.1	42169370	42167351	0.00
NC_092313.1	42169370	42167376	0.00
NC_092313.1	42169370	42167401	0.00
NC_092313.1	42169370	42167426	0.00
NC_092313.1	42169370	42167451	0.00
NC_092313.1	42169370	42167476	0.00
NC_092313.1	42169370	42167501	0.00
NC_092313.1	42169370	42167526	0.00
NC_092313.1	42169370	42167551	0.00
NC_092313.1	42169370	42167576	0.00
NC_092313.1	42169370	42167601	0.00
NC_092313.1	42169370	42167626	0.00
NC_092313.1	42169370	42167651	0.00
NC_092313.1	42169370	42167676	0.00
NC_092313.1	42169370	42167701	0.00
NC_092313.1	42169370	42167726	0.00
NC_092313.1	42169370	42167751	0.00
NC_092313.1	42169370	42167776	0.00
NC_092313.1	42169370	42167801	0.00
NC_092313.1	42169370	42167826	0.00
NC_092313.1	42169370	42167851	0.00
NC_092313.1	42169370	42167876	0.00
NC_092313.1	42169370	42167901	0.00
NC_092313.1	42169370	42167926	0.00
NC_092313.1	42169370	42167951	0.00
NC_092313.1	42169370	42167976	0.00
NC_092313.1	42169370	42168001	0.00
NC_092313.1	42169370	42168026	0.00
NC_092313.1	42169370	42168051	0.00
NC_092313.1	42169370	42168076	0.00
NC_092313.1	42169370	42168101	0.00
NC_092313.1	42169370	42168126	0.00
NC_092313.1	42169370	42168151	0.00
NC_092313.1	42169370	42168176	0.00
NC_092313.1	42169370	42168201	0.00
NC_092313.1	42169370	42168226	0.00
NC_092313.1	42169370	42168251	0.00
NC_092313.1	42169370	42168276	0.00
NC_092313.1	42169370	42168301	0.00
NC_092313.1	42169370	42168326	0.00
NC_092313.1	42169370	42168351	0.00
NC_092313.1	42169370	42168376	0.00
NC_092313.1	42169370	42168401	0.00
NC_092313.1	42169370	42168426	0.00
NC_092313.1	42169370	42168451	0.00
NC_092313.1	42169370	42168476	0.00
NC_092313.1	42169370	42168501	0.00
NC_092313.1	42169370	42168526	0.00
NC_092313.1	42169370	42168551	0.00
NC_092313.1	42169370	42168576	0.00
NC_092313.1	42169370	42168601	0.00
NC_092313.1	42169370	42168626	0.00
NC_092313.1	42169370	42168651	0.00
NC_092313.1	42169370	42168676	0.00
NC_092313.1	42169370	42168701	0.00
NC_092313.1	42169370	42168726	0.00
NC_092313.1	42169370	42168751	0.00
NC_092313.1	42169370	42168776	0.00
NC_092313.1	42169370	42168801	0.00
NC_092313.1	42169370	42168826	0.00
NC_092313.1	42169370	42168851	0.00
NC_092313.1	42169370	42168876	0.00
NC_092313.1	42169370	42168901	0.00
NC_092313.1	42169370	42168926	0.00
NC_092313.1	42169370	42168951	0.00
NC_092313.1	42169370	42168976	0.00
NC_092313.1	42169370	42169001	0.00
NC_092313.1	42169370	42169026	0.00
NC_092313.1	42169370	42169051	0.00
NC_092313.1	42169370	42169076	0.00
NC_092313.1	42169370	42169101	0.00
NC_092313.1	42169370	42169126	0.00
NC_092313.1	42169370	42169151	0.00
NC_092313.1	42169370	42169176	0.00
NC_092313.1	42169370	42169201	0.00
NC_092313.1	42169370	42169226	0.00
NC_092313.1	42169370	42169251	0.00
NC_092313.1	42169370	42169276	0.00
NC_092313.1	42169370	42169301	0.24
NC_092313.1	42169370	42169326	1.00
NC_092313.1	42169370	42169351	1.00
NC_092313.1	42169370	42169376	1.00
NC_092313.1	42169370	42169401	1.00
NC_092313.1	42169370	42169426	1.32
NC_092313.1	42169370	42169451	1.76
NC_092313.1	42169370	42169476	1.00
NC_092313.1	42169370	42169501	1.00
NC_092313.1	42169370	42169526	1.00
NC_092313.1	42169370	42169551	1.00
NC_092313.1	42169370	42169576	0.68
NC_092313.1	42169370	42169601	0.00
NC_092313.1	42169370	42169626	0.00
NC_092313.1	42169370	42169651	0.00
NC_092313.1	42169370	42169676	0.00
NC_092313.1	42169370	42169701	0.00
NC_092313.1	42169370	42169726	0.00
NC_092313.1	42169370	42169751	0.00
NC_092313.1	42169370	42169776	0.00
NC_092313.1	42169370	42169801	0.00
NC_092313.1	42169370	42169826	0.00
NC_092313.1	42169370	42169851	0.00
NC_092313.1	42169370	42169876	0.00
NC_092313.1	42169370	42169901	0.00
NC_092313.1	42169370	42169926	0.00
NC_092313.1	42169370	42169951	0.00
NC_092313.1	42169370	42169976	0.00
NC_092313.1	42169370	42170001	0.00
NC_092313.1	42169370	42170026	0.00
NC_092313.1	42169370	42170051	0.00
NC_092313.1	42169370	42170076	0.00
NC_092313.1	42169370	42170101	0.00
NC_092313.1	42169370	42170126	0.00
NC_092313.1	42169370	42170151	0.00
NC_092313.1	42169370	42170176	0.00
NC_092313.1	42169370	42170201	0.00
NC_092313.1	42169370	42170226	0.00
NC_092313.1	42169370	42170251	0.00
NC_092313.1	42169370	42170276	0.00
NC_092313.1	42169370	42170301	0.00
NC_092313.1	42169370	42170326	0.00
NC_092313.1	42169370	42170351	0.00
NC_092313.1	42169370	42170376	0.00
NC_092313.1	42169370	42170401	0.00
NC_092313.1	42169370	42170426	0.00
NC_092313.1	42169370	42170451	0.00
NC_092313.1	42169370	42170476	0.00
NC_092313.1	42169370	42170501	0.00
NC_092313.1	42169370	42170526	0.00
NC_092313.1	42169370	42170551	0.00
NC_092313.1	42169370	42170576	0.00
NC_092313.1	42169370	42170601	0.00
NC_092313.1	42169370	42170626	0.00
NC_092313.1	42169370	42170651	0.00
NC_092313.1	42169370	42170676	0.00
NC_092313.1	42169370	42170701	0.00
NC_092313.1	42169370	42170726	0.00
NC_092313.1	42169370	42170751	0.00
NC_092313.1	42169370	42170776	0.00
NC_092313.1	42169370	42170801	0.00
NC_092313.1	42169370	42170826	0.00
NC_092313.1	42169370	42170851	0.00
NC_092313.1	42169370	42170876	0.00
NC_092313.1	42169370	42170901	0.00
NC_092313.1	42169370	42170926	0.00
NC_092313.1	42169370	42170951	0.00
NC_092313.1	42169370	42170976	0.00
NC_092313.1	42169370	42171001	0.00
NC_092313.1	42169370	42171026	0.00
NC_092313.1	42169370	42171051	0.00
NC_092313.1	42169370	42171076	0.00
NC_092313.1	42169370	42171101	0.00
NC_092313.1	42169370	42171126	0.00
NC_092313.1	42169370	42171151	0.00
NC_092313.1	42169370	42171176	0.00
NC_092313.1	42169370	42171201	0.00
NC_092313.1	42169370	42171226	0.00
NC_092313.1	42169370	42171251	0.00
NC_092313.1	42169370	42171276	0.00
NC_092313.1	42169370	42171301	0.00
NC_092313.1	42169370	42171326	0.00
NC_092313.1	42169370	42171351	0.00
NC_092313.1	45817124	45815101	0.00
NC_092313.1	45817124	45815126	0.00
NC_092313.1	45817124	45815151	0.00
NC_092313.1	45817124	45815176	0.00
NC_092313.1	45817124	45815201	0.00
NC_092313.1	45817124	45815226	0.00
NC_092313.1	45817124	45815251	0.00
NC_092313.1	45817124	45815276	0.00
NC_092313.1	45817124	45815301	0.00
NC_092313.1	45817124	45815326	0.00
NC_092313.1	45817124	45815351	0.00
NC_092313.1	45817124	45815376	0.00
NC_092313.1	45817124	45815401	0.00
NC_092313.1	45817124	45815426	0.00
NC_092313.1	45817124	45815451	0.00
NC_092313.1	45817124	45815476	0.00
NC_092313.1	45817124	45815501	0.00
NC_092313.1	45817124	45815526	0.00
NC_092313.1	45817124	45815551	0.00
NC_092313.1	45817124	45815576	0.00
NC_092313.1	45817124	45815601	0.00
NC_092313.1	45817124	45815626	0.00
NC_092313.1	45817124	45815651	0.00
NC_092313.1	45817124	45815676	0.00
NC_092313.1	45817124	45815701	0.00
NC_092313.1	45817124	45815726	0.00
NC_092313.1	45817124	45815751	0.00
NC_092313.1	45817124	45815776	0.00
NC_092313.1	45817124	45815801	0.00
NC_092313.1	45817124	45815826	0.00
NC_092313.1	45817124	45815851	0.00
NC_092313.1	45817124	45815876	0.00
NC_092313.1	45817124	45815901	0.00
NC_092313.1	45817124	45815926	0.00
NC_092313.1	45817124	45815951	0.00
NC_092313.1	45817124	45815976	0.00
NC_092313.1	45817124	45816001	0.00
NC_092313.1	45817124	45816026	0.00
NC_092313.1	45817124	45816051	0.00
NC_092313.1	45817124	45816076	0.00
NC_092313.1	45817124	45816101	0.00
NC_092313.1	45817124	45816126	0.00
NC_092313.1	45817124	45816151	0.00
NC_092313.1	45817124	45816176	0.00
NC_092313.1	45817124	45816201	0.00
NC_092313.1	45817124	45816226	0.00
NC_092313.1	45817124	45816251	0.00
NC_092313.1	45817124	45816276	0.00
NC_092313.1	45817124	45816301	0.00
NC_092313.1	45817124	45816326	0.00
NC_092313.1	45817124	45816351	0.00
NC_092313.1	45817124	45816376	0.00
NC_092313.1	45817124	45816401	0.00
NC_092313.1	45817124	45816426	0.00
NC_092313.1	45817124	45816451	0.00
NC_092313.1	45817124	45816476	0.00
NC_092313.1	45817124	45816501	0.00
NC_092313.1	45817124	45816526	0.00
NC_092313.1	45817124	45816551	0.00
NC_092313.1	45817124	45816576	0.00
NC_092313.1	45817124	45816601	0.00
NC_092313.1	45817124	45816626	0.00
NC_092313.1	45817124	45816651	0.00
NC_092313.1	45817124	45816676	0.00
NC_092313.1	45817124	45816701	0.00
NC_092313.1	45817124	45816726	0.00
NC_092313.1	45817124	45816751	0.00
NC_092313.1	45817124	45816776	0.00
NC_092313.1	45817124	45816801	0.00
NC_092313.1	45817124	45816826	0.00
NC_092313.1	45817124	45816851	0.00
NC_092313.1	45817124	45816876	0.00
NC_092313.1	45817124	45816901	0.00
NC_092313.1	45817124	45816926	0.00
NC_092313.1	45817124	45816951	0.00
NC_092313.1	45817124	45816976	0.00
NC_092313.1	45817124	45817001	0.00
NC_092313.1	45817124	45817026	0.00
NC_092313.1	45817124	45817051	0.00
NC_092313.1	45817124	45817076	0.56
NC_092313.1	45817124	45817101	2.00
NC_092313.1	45817124	45817126	0.00
NC_092313.1	45817124	45817151	0.00
NC_092313.1	45817124	45817176	0.00
NC_092313.1	45817124	45817201	0.00
NC_092313.1	45817124	45817226	0.00
NC_092313.1	45817124	45817251	0.00
NC_092313.1	45817124	45817276	0.00
NC_092313.1	45817124	45817301	0.00
NC_092313.1	45817124	45817326	0.00
NC_092313.1	45817124	45817351	0.00
NC_092313.1	45817124	45817376	0.00
NC_092313.1	45817124	45817401	0.00
NC_092313.1	45817124	45817426	0.00
NC_092313.1	45817124	45817451	0.00
NC_092313.1	45817124	45817476	0.00
NC_092313.1	45817124	45817501	0.00
NC_092313.1	45817124	45817526	0.00
NC_092313.1	45817124	45817551	0.00
NC_092313.1	45817124	45817576	0.00
NC_092313.1	45817124	45817601	0.00
NC_092313.1	45817124	45817626	0.00
NC_092313.1	45817124	45817651	0.00
NC_092313.1	45817124	45817676	0.00
NC_092313.1	45817124	45817701	0.00
NC_092313.1	45817124	45817726	0.00
NC_092313.1	45817124	45817751	0.00
NC_092313.1	45817124	45817776	0.00
NC_092313.1	45817124	45817801	0.00
NC_092313.1	45817124	45817826	0.00
NC_092313.1	45817124	45817851	0.00
NC_092313.1	45817124	45817876	0.00
NC_092313.1	45817124	45817901	0.00
NC_092313.1	45817124	45817926	0.00
NC_092313.1	45817124	45817951	0.00
NC_092313.1	45817124	45817976	0.00
NC_092313.1	45817124	45818001	0.00
NC_092313.1	45817124	45818026	0.00
NC_092313.1	45817124	45818051	0.00
NC_092313.1	45817124	45818076	0.00
NC_092313.1	45817124	45818101	0.00
NC_092313.1	45817124	45818126	0.00
NC_092313.1	45817124	45818151	0.00
NC_092313.1	45817124	45818176	0.00
NC_092313.1	45817124	45818201	0.00
NC_092313.1	45817124	45818226	0.00
NC_092313.1	45817124	45818251	0.00
NC_092313.1	45817124	45818276	0.00
NC_092313.1	45817124	45818301	0.00
NC_092313.1	45817124	45818326	0.00
NC_092313.1	45817124	45818351	0.00
NC_092313.1	45817124	45818376	0.00
NC_092313.1	45817124	45818401	0.00
NC_092313.1	45817124	45818426	0.00
NC_092313.1	45817124	45818451	0.00
NC_092313.1	45817124	45818476	0.00
NC_092313.1	45817124	45818501	0.00
NC_092313.1	45817124	45818526	0.00
NC_092313.1	45817124	45818551	0.00
NC_092313.1	45817124	45818576	0.00
NC_092313.1	45817124	45818601	0.00
NC_092313.1	45817124	45818626	0.00
NC_092313.1	45817124	45818651	0.00
NC_092313.1	45817124	45818676	0.00
NC_092313.1	45817124	45818701	0.00
NC_092313.1	45817124	45818726	0.00
NC_092313.1	45817124	45818751	0.00
NC_092313.1	45817124	45818776	0.00
NC_092313.1	45817124	45818801	0.00
NC_092313.1	45817124	45818826	0.00
NC_092313.1	45817124	45818851	0.00
NC_092313.1	45817124	45818876	0.00
NC_092313.1	45817124	45818901	0.00
NC_092313.1	45817124	45818926	0.00
NC_092313.1	45817124	45818951	0.00
NC_092313.1	45817124	45818976	0.00
NC_092313.1	45817124	45819001	0.00
NC_092313.1	45817124	45819026	0.00
NC_092313.1	45817124	45819051	0.00
NC_092313.1	45817124	45819076	0.00
NC_092313.1	45817124	45819101	0.00
NC_092317.1	13005315	13003301	0.00
NC_092317.1	13005315	13003326	0.00
NC_092317.1	13005315	13003351	0.00
NC_092317.1	13005315	13003376	0.00
NC_092317.1	13005315	13003401	0.00
NC_092317.1	13005315	13003426	0.00
NC_092317.1	13005315	13003451	0.00
NC_092317.1	13005315	13003476	0.00
NC_092317.1	13005315	13003501	0.00
NC_092317.1	13005315	13003526	0.00
NC_092317.1	13005315	13003551	0.00
NC_092317.1	13005315	13003576	0.00
NC_092317.1	13005315	13003601	0.00
NC_092317.1	13005315	13003626	0.00
NC_092317.1	13005315	13003651	0.00
NC_092317.1	13005315	13003676	0.00
NC_092317.1	13005315	13003701	0.00
NC_092317.1	13005315	13003726	0.00
NC_092317.1	13005315	13003751	0.00
NC_092317.1	13005315	13003776	0.00
NC_092317.1	13005315	13003801	0.00
NC_092317.1	13005315	13003826	0.00
NC_092317.1	13005315	13003851	0.00
NC_092317.1	13005315	13003876	0.00
NC_092317.1	13005315	13003901	0.00
NC_092317.1	13005315	13003926	0.00
NC_092317.1	13005315	13003951	0.00
NC_092317.1	13005315	13003976	0.00
NC_092317.1	13005315	13004001	0.00
NC_092317.1	13005315	13004026	0.00
NC_092317.1	13005315	13004051	0.00
NC_092317.1	13005315	13004076	0.00
NC_092317.1	13005315	13004101	0.00
NC_092317.1	13005315	13004126	0.00
NC_092317.1	13005315	13004151	0.00
NC_092317.1	13005315	13004176	0.00
NC_092317.1	13005315	13004201	0.00
NC_092317.1	13005315	13004226	0.00
NC_092317.1	13005315	13004251	0.00
NC_092317.1	13005315	13004276	0.00
NC_092317.1	13005315	13004301	0.00
NC_092317.1	13005315	13004326	0.00
NC_092317.1	13005315	13004351	0.00
NC_092317.1	13005315	13004376	0.00
NC_092317.1	13005315	13004401	0.00
NC_092317.1	13005315	13004426	10.72
NC_092317.1	13005315	13004451	48.40
NC_092317.1	13005315	13004476	87.28
NC_092317.1	13005315	13004501	125.28
NC_092317.1	13005315	13004526	163.00
NC_092317.1	13005315	13004551	237.64
NC_092317.1	13005315	13004576	398.88
NC_092317.1	13005315	13004601	403.68
NC_092317.1	13005315	13004626	408.24
NC_092317.1	13005315	13004651	395.44
NC_092317.1	13005315	13004676	362.52
NC_092317.1	13005315	13004701	290.84
NC_092317.1	13005315	13004726	143.36
NC_092317.1	13005315	13004751	133.04
NC_092317.1	13005315	13004776	101.40
NC_092317.1	13005315	13004801	102.28
NC_092317.1	13005315	13004826	133.36
NC_092317.1	13005315	13004851	162.60
NC_092317.1	13005315	13004876	173.92
NC_092317.1	13005315	13004901	186.56
NC_092317.1	13005315	13004926	275.16
NC_092317.1	13005315	13004951	417.40
NC_092317.1	13005315	13004976	424.44
NC_092317.1	13005315	13005001	428.88
NC_092317.1	13005315	13005026	432.88
NC_092317.1	13005315	13005051	425.72
NC_092317.1	13005315	13005076	366.16
NC_092317.1	13005315	13005101	280.52
NC_092317.1	13005315	13005126	347.36
NC_092317.1	13005315	13005151	474.44
NC_092317.1	13005315	13005176	589.52
NC_092317.1	13005315	13005201	551.32
NC_092317.1	13005315	13005226	509.76
NC_092317.1	13005315	13005251	428.04
NC_092317.1	13005315	13005276	319.64
NC_092317.1	13005315	13005301	155.20
NC_092317.1	13005315	13005326	0.08
NC_092317.1	13005315	13005351	0.00
NC_092317.1	13005315	13005376	0.00
NC_092317.1	13005315	13005401	0.00
NC_092317.1	13005315	13005426	0.00
NC_092317.1	13005315	13005451	0.00
NC_092317.1	13005315	13005476	0.00
NC_092317.1	13005315	13005501	0.00
NC_092317.1	13005315	13005526	0.00
NC_092317.1	13005315	13005551	0.00
NC_092317.1	13005315	13005576	0.00
NC_092317.1	13005315	13005601	0.00
NC_092317.1	13005315	13005626	0.00
NC_092317.1	13005315	13005651	0.00
NC_092317.1	13005315	13005676	0.00
NC_092317.1	13005315	13005701	0.00
NC_092317.1	13005315	13005726	0.00
NC_092317.1	13005315	13005751	0.00
NC_092317.1	13005315	13005776	0.00
NC_092317.1	13005315	13005801	0.00
NC_092317.1	13005315	13005826	0.00
NC_092317.1	13005315	13005851	0.00
NC_092317.1	13005315	13005876	0.00
NC_092317.1	13005315	13005901	0.00
NC_092317.1	13005315	13005926	0.00
NC_092317.1	13005315	13005951	0.00
NC_092317.1	13005315	13005976	0.00
NC_092317.1	13005315	13006001	0.00
NC_092317.1	13005315	13006026	0.00
NC_092317.1	13005315	13006051	0.00
NC_092317.1	13005315	13006076	0.00
NC_092317.1	13005315	13006101	0.00
NC_092317.1	13005315	13006126	0.00
NC_092317.1	13005315	13006151	0.00
NC_092317.1	13005315	13006176	0.00
NC_092317.1	13005315	13006201	0.00
NC_092317.1	13005315	13006226	0.00
NC_092317.1	13005315	13006251	0.00
NC_092317.1	13005315	13006276	0.00
NC_092317.1	13005315	13006301	0.00
NC_092317.1	13005315	13006326	0.00
NC_092317.1	13005315	13006351	0.00
NC_092317.1	13005315	13006376	0.00
NC_092317.1	13005315	13006401	0.00
NC_092317.1	13005315	13006426	0.00
NC_092317.1	13005315	13006451	0.00
NC_092317.1	13005315	13006476	0.00
NC_092317.1	13005315	13006501	0.00
NC_092317.1	13005315	13006526	0.00
NC_092317.1	13005315	13006551	0.00
NC_092317.1	13005315	13006576	0.00
NC_092317.1	13005315	13006601	0.00
NC_092317.1	13005315	13006626	0.00
NC_092317.1	13005315	13006651	0.00
NC_092317.1	13005315	13006676	0.00
NC_092317.1	13005315	13006701	0.00
NC_092317.1	13005315	13006726	0.00
NC_092317.1	13005315	13006751	0.00
NC_092317.1	13005315	13006776	0.00
NC_092317.1	13005315	13006801	0.00
NC_092317.1	13005315	13006826	0.00
NC_092317.1	13005315	13006851	0.00
NC_092317.1	13005315	13006876	0.00
NC_092317.1	13005315	13006901	0.00
NC_092317.1	13005315	13006926	0.00
NC_092317.1	13005315	13006951	0.00
NC_092317.1	13005315	13006976	0.00
NC_092317.1	13005315	13007001	0.00
NC_092317.1	13005315	13007026	0.00
NC_092317.1	13005315	13007051	0.00
NC_092317.1	13005315	13007076	0.00
NC_092317.1	13005315	13007101	0.00
NC_092317.1	13005315	13007126	0.00
NC_092317.1	13005315	13007151	0.00
NC_092317.1	13005315	13007176	0.00
NC_092317.1	13005315	13007201	0.00
NC_092317.1	13005315	13007226	0.00
NC_092317.1	13005315	13007251	0.00
NC_092317.1	13005315	13007276	0.00
NC_092317.1	13005315	13007301	0.00
NC_092317.1	13005316	13003301	0.00
NC_092317.1	13005316	13003326	0.00
NC_092317.1	13005316	13003351	0.00
NC_092317.1	13005316	13003376	0.00
NC_092317.1	13005316	13003401	0.00
NC_092317.1	13005316	13003426	0.00
NC_092317.1	13005316	13003451	0.00
NC_092317.1	13005316	13003476	0.00
NC_092317.1	13005316	13003501	0.00
NC_092317.1	13005316	13003526	0.00
NC_092317.1	13005316	13003551	0.00
NC_092317.1	13005316	13003576	0.00
NC_092317.1	13005316	13003601	0.00
NC_092317.1	13005316	13003626	0.00
NC_092317.1	13005316	13003651	0.00
NC_092317.1	13005316	13003676	0.00
NC_092317.1	13005316	13003701	0.00
NC_092317.1	13005316	13003726	0.00
NC_092317.1	13005316	13003751	0.00
NC_092317.1	13005316	13003776	0.00
NC_092317.1	13005316	13003801	0.00
NC_092317.1	13005316	13003826	0.00
NC_092317.1	13005316	13003851	0.00
NC_092317.1	13005316	13003876	0.00
NC_092317.1	13005316	13003901	0.00
NC_092317.1	13005316	13003926	0.00
NC_092317.1	13005316	13003951	0.00
NC_092317.1	13005316	13003976	0.00
NC_092317.1	13005316	13004001	0.00
NC_092317.1	13005316	13004026	0.00
NC_092317.1	13005316	13004051	0.00
NC_092317.1	13005316	13004076	0.00
NC_092317.1	13005316	13004101	0.00
NC_092317.1	13005316	13004126	0.00
NC_092317.1	13005316	13004151	0.00
NC_092317.1	13005316	13004176	0.00
NC_092317.1	13005316	13004201	0.00
NC_092317.1	13005316	13004226	0.00
NC_092317.1	13005316	13004251	0.00
NC_092317.1	13005316	13004276	0.00
NC_092317.1	13005316	13004301	0.00
NC_092317.1	13005316	13004326	0.00
NC_092317.1	13005316	13004351	0.00
NC_092317.1	13005316	13004376	0.00
NC_092317.1	13005316	13004401	0.00
NC_092317.1	13005316	13004426	10.72
NC_092317.1	13005316	13004451	48.40
NC_092317.1	13005316	13004476	87.28
NC_092317.1	13005316	13004501	125.28
NC_092317.1	13005316	13004526	163.00
NC_092317.1	13005316	13004551	237.64
NC_092317.1	13005316	13004576	398.88
NC_092317.1	13005316	13004601	403.68
NC_092317.1	13005316	13004626	408.24
NC_092317.1	13005316	13004651	395.44
NC_092317.1	13005316	13004676	362.52
NC_092317.1	13005316	13004701	290.84
NC_092317.1	13005316	13004726	143.36
NC_092317.1	13005316	13004751	133.04
NC_092317.1	13005316	13004776	101.40
NC_092317.1	13005316	13004801	102.28
NC_092317.1	13005316	13004826	133.36
NC_092317.1	13005316	13004851	162.60
NC_092317.1	13005316	13004876	173.92
NC_092317.1	13005316	13004901	186.56
NC_092317.1	13005316	13004926	275.16
NC_092317.1	13005316	13004951	417.40
NC_092317.1	13005316	13004976	424.44
NC_092317.1	13005316	13005001	428.88
NC_092317.1	13005316	13005026	432.88
NC_092317.1	13005316	13005051	425.72
NC_092317.1	13005316	13005076	366.16
NC_092317.1	13005316	13005101	280.52
NC_092317.1	13005316	13005126	347.36
NC_092317.1	13005316	13005151	474.44
NC_092317.1	13005316	13005176	589.52
NC_092317.1	13005316	13005201	551.32
NC_092317.1	13005316	13005226	509.76
NC_092317.1	13005316	13005251	428.04
NC_092317.1	13005316	13005276	319.64
NC_092317.1	13005316	13005301	155.20
NC_092317.1	13005316	13005326	0.08
NC_092317.1	13005316	13005351	0.00
NC_092317.1	13005316	13005376	0.00
NC_092317.1	13005316	13005401	0.00
NC_092317.1	13005316	13005426	0.00
NC_092317.1	13005316	13005451	0.00
NC_092317.1	13005316	13005476	0.00
NC_092317.1	13005316	13005501	0.00
NC_092317.1	13005316	13005526	0.00
NC_092317.1	13005316	13005551	0.00
NC_092317.1	13005316	13005576	0.00
NC_092317.1	13005316	13005601	0.00
NC_092317.1	13005316	13005626	0.00
NC_092317.1	13005316	13005651	0.00
NC_092317.1	13005316	13005676	0.00
NC_092317.1	13005316	13005701	0.00
NC_092317.1	13005316	13005726	0.00
NC_092317.1	13005316	13005751	0.00
NC_092317.1	13005316	13005776	0.00
NC_092317.1	13005316	13005801	0.00
NC_092317.1	13005316	13005826	0.00
NC_092317.1	13005316	13005851	0.00
NC_092317.1	13005316	13005876	0.00
NC_092317.1	13005316	13005901	0.00
NC_092317.1	13005316	13005926	0.00
NC_092317.1	13005316	13005951	0.00
NC_092317.1	13005316	13005976	0.00
NC_092317.1	13005316	13006001	0.00
NC_092317.1	13005316	13006026	0.00
NC_092317.1	13005316	13006051	0.00
NC_092317.1	13005316	13006076	0.00
NC_092317.1	13005316	13006101	0.00
NC_092317.1	13005316	13006126	0.00
NC_092317.1	13005316	13006151	0.00
NC_092317.1	13005316	13006176	0.00
NC_092317.1	13005316	13006201	0.00
NC_092317.1	13005316	13006226	0.00
NC_092317.1	13005316	13006251	0.00
NC_092317.1	13005316	13006276	0.00
NC_092317.1	13005316	13006301	0.00
NC_092317.1	13005316	13006326	0.00
NC_092317.1	13005316	13006351	0.00
NC_092317.1	13005316	13006376	0.00
NC_092317.1	13005316	13006401	0.00
NC_092317.1	13005316	13006426	0.00
NC_092317.1	13005316	13006451	0.00
NC_092317.1	13005316	13006476	0.00
NC_092317.1	13005316	13006501	0.00
NC_092317.1	13005316	13006526	0.00
NC_092317.1	13005316	13006551	0.00
NC_092317.1	13005316	13006576	0.00
NC_092317.1	13005316	13006601	0.00
NC_092317.1	13005316	13006626	0.00
NC_092317.1	13005316	13006651	0.00
NC_092317.1	13005316	13006676	0.00
NC_092317.1	13005316	13006701	0.00
NC_092317.1	13005316	13006726	0.00
NC_092317.1	13005316	13006751	0.00
NC_092317.1	13005316	13006776	0.00
NC_092317.1	13005316	13006801	0.00
NC_092317.1	13005316	13006826	0.00
NC_092317.1	13005316	13006851	0.00
NC_092317.1	13005316	13006876	0.00
NC_092317.1	13005316	13006901	0.00
NC_092317.1	13005316	13006926	0.00
NC_092317.1	13005316	13006951	0.00
NC_092317.1	13005316	13006976	0.00
NC_092317.1	13005316	13007001	0.00
NC_092317.1	13005316	13007026	0.00
NC_092317.1	13005316	13007051	0.00
NC_092317.1	13005316	13007076	0.00
NC_092317.1	13005316	13007101	0.00
NC_092317.1	13005316	13007126	0.00
NC_092317.1	13005316	13007151	0.00
NC_092317.1	13005316	13007176	0.00
NC_092317.1	13005316	13007201	0.00
NC_092317.1	13005316	13007226	0.00
NC_092317.1	13005316	13007251	0.00
NC_092317.1	13005316	13007276	0.00
NC_092317.1	13005316	13007301	0.00
NC_092319.1	509111	507101	0.00
NC_092319.1	509111	507126	0.00
NC_092319.1	509111	507151	0.00
NC_092319.1	509111	507176	0.00
NC_092319.1	509111	507201	0.00
NC_092319.1	509111	507226	0.00
NC_092319.1	509111	507251	0.00
NC_092319.1	509111	507276	0.00
NC_092319.1	509111	507301	0.00
NC_092319.1	509111	507326	0.00
NC_092319.1	509111	507351	0.00
NC_092319.1	509111	507376	0.00
NC_092319.1	509111	507401	0.00
NC_092319.1	509111	507426	0.00
NC_092319.1	509111	507451	0.00
NC_092319.1	509111	507476	0.00
NC_092319.1	509111	507501	0.00
NC_092319.1	509111	507526	0.00
NC_092319.1	509111	507551	0.00
NC_092319.1	509111	507576	0.00
NC_092319.1	509111	507601	0.00
NC_092319.1	509111	507626	0.00
NC_092319.1	509111	507651	0.00
NC_092319.1	509111	507676	0.00
NC_092319.1	509111	507701	0.00
NC_092319.1	509111	507726	0.00
NC_092319.1	509111	507751	0.00
NC_092319.1	509111	507776	0.00
NC_092319.1	509111	507801	0.00
NC_092319.1	509111	507826	0.00
NC_092319.1	509111	507851	0.00
NC_092319.1	509111	507876	0.00
NC_092319.1	509111	507901	0.00
NC_092319.1	509111	507926	0.00
NC_092319.1	509111	507951	0.00
NC_092319.1	509111	507976	0.00
NC_092319.1	509111	508001	0.00
NC_092319.1	509111	508026	0.00
NC_092319.1	509111	508051	0.00
NC_092319.1	509111	508076	0.00
NC_092319.1	509111	508101	0.00
NC_092319.1	509111	508126	0.00
NC_092319.1	509111	508151	0.00
NC_092319.1	509111	508176	0.00
NC_092319.1	509111	508201	0.00
NC_092319.1	509111	508226	0.00
NC_092319.1	509111	508251	0.00
NC_092319.1	509111	508276	0.00
NC_092319.1	509111	508301	0.00
NC_092319.1	509111	508326	0.00
NC_092319.1	509111	508351	0.00
NC_092319.1	509111	508376	0.00
NC_092319.1	509111	508401	0.00
NC_092319.1	509111	508426	0.00
NC_092319.1	509111	508451	0.00
NC_092319.1	509111	508476	0.00
NC_092319.1	509111	508501	0.00
NC_092319.1	509111	508526	0.00
NC_092319.1	509111	508551	0.00
NC_092319.1	509111	508576	0.00
NC_092319.1	509111	508601	0.00
NC_092319.1	509111	508626	0.00
NC_092319.1	509111	508651	0.00
NC_092319.1	509111	508676	0.00
NC_092319.1	509111	508701	0.00
NC_092319.1	509111	508726	0.00
NC_092319.1	509111	508751	0.00
NC_092319.1	509111	508776	0.00
NC_092319.1	509111	508801	0.00
NC_092319.1	509111	508826	0.00
NC_092319.1	509111	508851	0.00
NC_092319.1	509111	508876	0.00
NC_092319.1	509111	508901	0.00
NC_092319.1	509111	508926	0.00
NC_092319.1	509111	508951	0.00
NC_092319.1	509111	508976	0.00
NC_092319.1	509111	509001	0.00
NC_092319.1	509111	509026	0.00
NC_092319.1	509111	509051	0.24
NC_092319.1	509111	509076	1.00
NC_092319.1	509111	509101	1.00
NC_092319.1	509111	509126	1.00
NC_092319.1	509111	509151	1.72
NC_092319.1	509111	509176	2.00
NC_092319.1	509111	509201	1.76
NC_092319.1	509111	509226	1.00
NC_092319.1	509111	509251	1.00
NC_092319.1	509111	509276	1.00
NC_092319.1	509111	509301	0.28
NC_092319.1	509111	509326	0.00
NC_092319.1	509111	509351	0.00
NC_092319.1	509111	509376	0.00
NC_092319.1	509111	509401	0.00
NC_092319.1	509111	509426	0.00
NC_092319.1	509111	509451	0.00
NC_092319.1	509111	509476	0.00
NC_092319.1	509111	509501	0.00
NC_092319.1	509111	509526	0.00
NC_092319.1	509111	509551	0.00
NC_092319.1	509111	509576	0.00
NC_092319.1	509111	509601	0.00
NC_092319.1	509111	509626	0.00
NC_092319.1	509111	509651	0.00
NC_092319.1	509111	509676	0.00
NC_092319.1	509111	509701	0.00
NC_092319.1	509111	509726	0.00
NC_092319.1	509111	509751	0.00
NC_092319.1	509111	509776	0.00
NC_092319.1	509111	509801	0.00
NC_092319.1	509111	509826	0.00
NC_092319.1	509111	509851	0.00
NC_092319.1	509111	509876	0.00
NC_092319.1	509111	509901	0.00
NC_092319.1	509111	509926	0.00
NC_092319.1	509111	509951	0.00
NC_092319.1	509111	509976	0.00
NC_092319.1	509111	510001	0.00
NC_092319.1	509111	510026	0.00
NC_092319.1	509111	510051	0.00
NC_092319.1	509111	510076	0.00
NC_092319.1	509111	510101	0.00
NC_092319.1	509111	510126	0.00
NC_092319.1	509111	510151	0.00
NC_092319.1	509111	510176	0.00
NC_092319.1	509111	510201	0.00
NC_092319.1	509111	510226	0.00
NC_092319.1	509111	510251	0.00
NC_092319.1	509111	510276	0.00
NC_092319.1	509111	510301	0.00
NC_092319.1	509111	510326	0.00
NC_092319.1	509111	510351	0.00
NC_092319.1	509111	510376	0.00
NC_092319.1	509111	510401	0.00
NC_092319.1	509111	510426	0.00
NC_092319.1	509111	510451	0.00
NC_092319.1	509111	510476	0.00
NC_092319.1	509111	510501	0.00
NC_092319.1	509111	510526	0.00
NC_092319.1	509111	510551	0.00
NC_092319.1	509111	510576	0.00
NC_092319.1	509111	510601	0.00
NC_092319.1	509111	510626	0.00
NC_092319.1	509111	510651	0.00
NC_092319.1	509111	510676	0.00
NC_092319.1	509111	510701	0.00
NC_092319.1	509111	510726	0.00
NC_092319.1	509111	510751	0.00
NC_092319.1	509111	510776	0.00
NC_092319.1	509111	510801	0.00
NC_092319.1	509111	510826	0.00
NC_092319.1	509111	510851	0.00
NC_092319.1	509111	510876	0.00
NC_092319.1	509111	510901	0.00
NC_092319.1	509111	510926	0.00
NC_092319.1	509111	510951	0.00
NC_092319.1	509111	510976	0.00
NC_092319.1	509111	511001	0.00
NC_092319.1	509111	511026	0.00
NC_092319.1	509111	511051	0.00
NC_092319.1	509111	511076	0.00
NC_092319.1	509111	511101	0.00
NC_092319.1	509185	507176	0.00
NC_092319.1	509185	507201	0.00
NC_092319.1	509185	507226	0.00
NC_092319.1	509185	507251	0.00
NC_092319.1	509185	507276	0.00
NC_092319.1	509185	507301	0.00
NC_092319.1	509185	507326	0.00
NC_092319.1	509185	507351	0.00
NC_092319.1	509185	507376	0.00
NC_092319.1	509185	507401	0.00
NC_092319.1	509185	507426	0.00
NC_092319.1	509185	507451	0.00
NC_092319.1	509185	507476	0.00
NC_092319.1	509185	507501	0.00
NC_092319.1	509185	507526	0.00
NC_092319.1	509185	507551	0.00
NC_092319.1	509185	507576	0.00
NC_092319.1	509185	507601	0.00
NC_092319.1	509185	507626	0.00
NC_092319.1	509185	507651	0.00
NC_092319.1	509185	507676	0.00
NC_092319.1	509185	507701	0.00
NC_092319.1	509185	507726	0.00
NC_092319.1	509185	507751	0.00
NC_092319.1	509185	507776	0.00
NC_092319.1	509185	507801	0.00
NC_092319.1	509185	507826	0.00
NC_092319.1	509185	507851	0.00
NC_092319.1	509185	507876	0.00
NC_092319.1	509185	507901	0.00
NC_092319.1	509185	507926	0.00
NC_092319.1	509185	507951	0.00
NC_092319.1	509185	507976	0.00
NC_092319.1	509185	508001	0.00
NC_092319.1	509185	508026	0.00
NC_092319.1	509185	508051	0.00
NC_092319.1	509185	508076	0.00
NC_092319.1	509185	508101	0.00
NC_092319.1	509185	508126	0.00
NC_092319.1	509185	508151	0.00
NC_092319.1	509185	508176	0.00
NC_092319.1	509185	508201	0.00
NC_092319.1	509185	508226	0.00
NC_092319.1	509185	508251	0.00
NC_092319.1	509185	508276	0.00
NC_092319.1	509185	508301	0.00
NC_092319.1	509185	508326	0.00
NC_092319.1	509185	508351	0.00
NC_092319.1	509185	508376	0.00
NC_092319.1	509185	508401	0.00
NC_092319.1	509185	508426	0.00
NC_092319.1	509185	508451	0.00
NC_092319.1	509185	508476	0.00
NC_092319.1	509185	508501	0.00
NC_092319.1	509185	508526	0.00
NC_092319.1	509185	508551	0.00
NC_092319.1	509185	508576	0.00
NC_092319.1	509185	508601	0.00
NC_092319.1	509185	508626	0.00
NC_092319.1	509185	508651	0.00
NC_092319.1	509185	508676	0.00
NC_092319.1	509185	508701	0.00
NC_092319.1	509185	508726	0.00
NC_092319.1	509185	508751	0.00
NC_092319.1	509185	508776	0.00
NC_092319.1	509185	508801	0.00
NC_092319.1	509185	508826	0.00
NC_092319.1	509185	508851	0.00
NC_092319.1	509185	508876	0.00
NC_092319.1	509185	508901	0.00
NC_092319.1	509185	508926	0.00
NC_092319.1	509185	508951	0.00
NC_092319.1	509185	508976	0.00
NC_092319.1	509185	509001	0.00
NC_092319.1	509185	509026	0.00
NC_092319.1	509185	509051	0.24
NC_092319.1	509185	509076	1.00
NC_092319.1	509185	509101	1.00
NC_092319.1	509185	509126	1.00
NC_092319.1	509185	509151	1.72
NC_092319.1	509185	509176	2.00
NC_092319.1	509185	509201	1.76
NC_092319.1	509185	509226	1.00
NC_092319.1	509185	509251	1.00
NC_092319.1	509185	509276	1.00
NC_092319.1	509185	509301	0.28
NC_092319.1	509185	509326	0.00
NC_092319.1	509185	509351	0.00
NC_092319.1	509185	509376	0.00
NC_092319.1	509185	509401	0.00
NC_092319.1	509185	509426	0.00
NC_092319.1	509185	509451	0.00
NC_092319.1	509185	509476	0.00
NC_092319.1	509185	509501	0.00
NC_092319.1	509185	509526	0.00
NC_092319.1	509185	509551	0.00
NC_092319.1	509185	509576	0.00
NC_092319.1	509185	509601	0.00
NC_092319.1	509185	509626	0.00
NC_092319.1	509185	509651	0.00
NC_092319.1	509185	509676	0.00
NC_092319.1	509185	509701	0.00
NC_092319.1	509185	509726	0.00
NC_092319.1	509185	509751	0.00
NC_092319.1	509185	509776	0.00
NC_092319.1	509185	509801	0.00
NC_092319.1	509185	509826	0.00
NC_092319.1	509185	509851	0.00
NC_092319.1	509185	509876	0.00
NC_092319.1	509185	509901	0.00
NC_092319.1	509185	509926	0.00
NC_092319.1	509185	509951	0.00
NC_092319.1	509185	509976	0.00
NC_092319.1	509185	510001	0.00
NC_092319.1	509185	510026	0.00
NC_092319.1	509185	510051	0.00
NC_092319.1	509185	510076	0.00
NC_092319.1	509185	510101	0.00
NC_092319.1	509185	510126	0.00
NC_092319.1	509185	510151	0.00
NC_092319.1	509185	510176	0.00
NC_092319.1	509185	510201	0.00
NC_092319.1	509185	510226	0.00
NC_092319.1	509185	510251	0.00
NC_092319.1	509185	510276	0.00
NC_092319.1	509185	510301	0.00
NC_092319.1	509185	510326	0.00
NC_092319.1	509185	510351	0.00
NC_092319.1	509185	510376	0.00
NC_092319.1	509185	510401	0.00
NC_092319.1	509185	510426	0.00
NC_092319.1	509185	510451	0.00
NC_092319.1	509185	510476	0.00
NC_092319.1	509185	510501	0.00
NC_092319.1	509185	510526	0.00
NC_092319.1	509185	510551	0.00
NC_092319.1	509185	510576	0.00
NC_092319.1	509185	510601	0.00
NC_092319.1	509185	510626	0.00
NC_092319.1	509185	510651	0.00
NC_092319.1	509185	510676	0.00
NC_092319.1	509185	510701	0.00
NC_092319.1	509185	510726	0.00
NC_092319.1	509185	510751	0.00
NC_092319.1	509185	510776	0.00
NC_092319.1	509185	510801	0.00
NC_092319.1	509185	510826	0.00
NC_092319.1	509185	510851	0.00
NC_092319.1	509185	510876	0.00
NC_092319.1	509185	510901	0.00
NC_092319.1	509185	510926	0.00
NC_092319.1	509185	510951	0.00
NC_092319.1	509185	510976	0.00
NC_092319.1	509185	511001	0.00
NC_092319.1	509185	511026	0.00
NC_092319.1	509185	511051	0.00
NC_092319.1	509185	511076	0.00
NC_092319.1	509185	511101	0.00
NC_092319.1	509185	511126	0.00
NC_092319.1	509185	511151	0.00
NC_092319.1	509185	511176	0.00
NC_092319.1	6674646	6672626	0.00
NC_092319.1	6674646	6672651	0.00
NC_092319.1	6674646	6672676	0.00
NC_092319.1	6674646	6672701	0.00
NC_092319.1	6674646	6672726	0.00
NC_092319.1	6674646	6672751	0.00
NC_092319.1	6674646	6672776	0.00
NC_092319.1	6674646	6672801	0.00
NC_092319.1	6674646	6672826	0.00
NC_092319.1	6674646	6672851	0.00
NC_092319.1	6674646	6672876	0.00
NC_092319.1	6674646	6672901	0.00
NC_092319.1	6674646	6672926	0.00
NC_092319.1	6674646	6672951	0.00
NC_092319.1	6674646	6672976	0.00
NC_092319.1	6674646	6673001	0.00
NC_092319.1	6674646	6673026	0.00
NC_092319.1	6674646	6673051	0.00
NC_092319.1	6674646	6673076	0.00
NC_092319.1	6674646	6673101	0.00
NC_092319.1	6674646	6673126	0.00
NC_092319.1	6674646	6673151	0.00
NC_092319.1	6674646	6673176	0.00
NC_092319.1	6674646	6673201	0.00
NC_092319.1	6674646	6673226	0.00
NC_092319.1	6674646	6673251	0.00
NC_092319.1	6674646	6673276	0.00
NC_092319.1	6674646	6673301	0.00
NC_092319.1	6674646	6673326	0.00
NC_092319.1	6674646	6673351	0.00
NC_092319.1	6674646	6673376	0.00
NC_092319.1	6674646	6673401	0.00
NC_092319.1	6674646	6673426	0.00
NC_092319.1	6674646	6673451	0.00
NC_092319.1	6674646	6673476	0.00
NC_092319.1	6674646	6673501	0.00
NC_092319.1	6674646	6673526	0.00
NC_092319.1	6674646	6673551	0.00
NC_092319.1	6674646	6673576	0.00
NC_092319.1	6674646	6673601	0.00
NC_092319.1	6674646	6673626	0.00
NC_092319.1	6674646	6673651	0.00
NC_092319.1	6674646	6673676	0.00
NC_092319.1	6674646	6673701	0.00
NC_092319.1	6674646	6673726	0.00
NC_092319.1	6674646	6673751	0.00
NC_092319.1	6674646	6673776	0.00
NC_092319.1	6674646	6673801	0.00
NC_092319.1	6674646	6673826	0.00
NC_092319.1	6674646	6673851	0.00
NC_092319.1	6674646	6673876	0.00
NC_092319.1	6674646	6673901	0.00
NC_092319.1	6674646	6673926	0.00
NC_092319.1	6674646	6673951	0.00
NC_092319.1	6674646	6673976	0.00
NC_092319.1	6674646	6674001	0.00
NC_092319.1	6674646	6674026	0.00
NC_092319.1	6674646	6674051	0.00
NC_092319.1	6674646	6674076	0.00
NC_092319.1	6674646	6674101	0.00
NC_092319.1	6674646	6674126	0.00
NC_092319.1	6674646	6674151	0.00
NC_092319.1	6674646	6674176	0.00
NC_092319.1	6674646	6674201	0.00
NC_092319.1	6674646	6674226	0.00
NC_092319.1	6674646	6674251	0.00
NC_092319.1	6674646	6674276	0.00
NC_092319.1	6674646	6674301	0.00
NC_092319.1	6674646	6674326	0.00
NC_092319.1	6674646	6674351	0.00
NC_092319.1	6674646	6674376	0.00
NC_092319.1	6674646	6674401	0.00
NC_092319.1	6674646	6674426	0.00
NC_092319.1	6674646	6674451	0.00
NC_092319.1	6674646	6674476	0.00
NC_092319.1	6674646	6674501	0.00
NC_092319.1	6674646	6674526	0.00
NC_092319.1	6674646	6674551	0.08
NC_092319.1	6674646	6674576	1.00
NC_092319.1	6674646	6674601	1.00
NC_092319.1	6674646	6674626	1.00
NC_092319.1	6674646	6674651	1.76
NC_092319.1	6674646	6674676	2.00
NC_092319.1	6674646	6674701	1.92
NC_092319.1	6674646	6674726	1.00
NC_092319.1	6674646	6674751	1.00
NC_092319.1	6674646	6674776	1.00
NC_092319.1	6674646	6674801	0.24
NC_092319.1	6674646	6674826	0.00
NC_092319.1	6674646	6674851	0.00
NC_092319.1	6674646	6674876	0.00
NC_092319.1	6674646	6674901	0.00
NC_092319.1	6674646	6674926	0.00
NC_092319.1	6674646	6674951	0.00
NC_092319.1	6674646	6674976	0.00
NC_092319.1	6674646	6675001	0.00
NC_092319.1	6674646	6675026	0.00
NC_092319.1	6674646	6675051	0.00
NC_092319.1	6674646	6675076	0.00
NC_092319.1	6674646	6675101	0.00
NC_092319.1	6674646	6675126	0.00
NC_092319.1	6674646	6675151	0.00
NC_092319.1	6674646	6675176	0.00
NC_092319.1	6674646	6675201	0.00
NC_092319.1	6674646	6675226	0.00
NC_092319.1	6674646	6675251	0.00
NC_092319.1	6674646	6675276	0.00
NC_092319.1	6674646	6675301	0.00
NC_092319.1	6674646	6675326	0.00
NC_092319.1	6674646	6675351	0.00
NC_092319.1	6674646	6675376	0.00
NC_092319.1	6674646	6675401	0.00
NC_092319.1	6674646	6675426	0.00
NC_092319.1	6674646	6675451	0.00
NC_092319.1	6674646	6675476	0.00
NC_092319.1	6674646	6675501	0.00
NC_092319.1	6674646	6675526	0.00
NC_092319.1	6674646	6675551	0.00
NC_092319.1	6674646	6675576	0.00
NC_092319.1	6674646	6675601	0.00
NC_092319.1	6674646	6675626	0.00
NC_092319.1	6674646	6675651	0.00
NC_092319.1	6674646	6675676	0.00
NC_092319.1	6674646	6675701	0.00
NC_092319.1	6674646	6675726	0.00
NC_092319.1	6674646	6675751	0.00
NC_092319.1	6674646	6675776	0.00
NC_092319.1	6674646	6675801	0.00
NC_092319.1	6674646	6675826	0.00
NC_092319.1	6674646	6675851	0.00
NC_092319.1	6674646	6675876	0.00
NC_092319.1	6674646	6675901	0.00
NC_092319.1	6674646	6675926	0.00
NC_092319.1	6674646	6675951	0.00
NC_092319.1	6674646	6675976	0.00
NC_092319.1	6674646	6676001	0.00
NC_092319.1	6674646	6676026	0.00
NC_092319.1	6674646	6676051	0.00
NC_092319.1	6674646	6676076	0.00
NC_092319.1	6674646	6676101	0.00
NC_092319.1	6674646	6676126	0.00
NC_092319.1	6674646	6676151	0.00
NC_092319.1	6674646	6676176	0.00
NC_092319.1	6674646	6676201	0.00
NC_092319.1	6674646	6676226	0.00
NC_092319.1	6674646	6676251	0.00
NC_092319.1	6674646	6676276	0.00
NC_092319.1	6674646	6676301	0.00
NC_092319.1	6674646	6676326	0.00
NC_092319.1	6674646	6676351	0.00
NC_092319.1	6674646	6676376	0.00
NC_092319.1	6674646	6676401	0.00
NC_092319.1	6674646	6676426	0.00
NC_092319.1	6674646	6676451	0.00
NC_092319.1	6674646	6676476	0.00
NC_092319.1	6674646	6676501	0.00
NC_092319.1	6674646	6676526	0.00
NC_092319.1	6674646	6676551	0.00
NC_092319.1	6674646	6676576	0.00
NC_092319.1	6674646	6676601	0.00
NC_092319.1	6674646	6676626	0.00
NC_092319.1	47723872	47721851	0.00
NC_092319.1	47723872	47721876	0.00
NC_092319.1	47723872	47721901	0.00
NC_092319.1	47723872	47721926	0.00
NC_092319.1	47723872	47721951	0.00
NC_092319.1	47723872	47721976	0.00
NC_092319.1	47723872	47722001	0.00
NC_092319.1	47723872	47722026	0.00
NC_092319.1	47723872	47722051	0.00
NC_092319.1	47723872	47722076	0.00
NC_092319.1	47723872	47722101	0.00
NC_092319.1	47723872	47722126	0.00
NC_092319.1	47723872	47722151	0.00
NC_092319.1	47723872	47722176	0.00
NC_092319.1	47723872	47722201	0.00
NC_092319.1	47723872	47722226	0.00
NC_092319.1	47723872	47722251	0.00
NC_092319.1	47723872	47722276	0.00
NC_092319.1	47723872	47722301	0.00
NC_092319.1	47723872	47722326	0.00
NC_092319.1	47723872	47722351	0.00
NC_092319.1	47723872	47722376	0.00
NC_092319.1	47723872	47722401	0.00
NC_092319.1	47723872	47722426	0.00
NC_092319.1	47723872	47722451	0.00
NC_092319.1	47723872	47722476	0.00
NC_092319.1	47723872	47722501	0.00
NC_092319.1	47723872	47722526	0.00
NC_092319.1	47723872	47722551	0.00
NC_092319.1	47723872	47722576	0.00
NC_092319.1	47723872	47722601	0.00
NC_092319.1	47723872	47722626	0.00
NC_092319.1	47723872	47722651	0.00
NC_092319.1	47723872	47722676	0.00
NC_092319.1	47723872	47722701	0.00
NC_092319.1	47723872	47722726	0.00
NC_092319.1	47723872	47722751	0.00
NC_092319.1	47723872	47722776	0.00
NC_092319.1	47723872	47722801	0.00
NC_092319.1	47723872	47722826	0.00
NC_092319.1	47723872	47722851	0.00
NC_092319.1	47723872	47722876	0.00
NC_092319.1	47723872	47722901	0.00
NC_092319.1	47723872	47722926	0.00
NC_092319.1	47723872	47722951	0.00
NC_092319.1	47723872	47722976	0.00
NC_092319.1	47723872	47723001	0.00
NC_092319.1	47723872	47723026	0.00
NC_092319.1	47723872	47723051	0.00
NC_092319.1	47723872	47723076	0.00
NC_092319.1	47723872	47723101	0.00
NC_092319.1	47723872	47723126	0.00
NC_092319.1	47723872	47723151	0.00
NC_092319.1	47723872	47723176	0.00
NC_092319.1	47723872	47723201	0.00
NC_092319.1	47723872	47723226	0.00
NC_092319.1	47723872	47723251	0.00
NC_092319.1	47723872	47723276	0.00
NC_092319.1	47723872	47723301	0.00
NC_092319.1	47723872	47723326	0.00
NC_092319.1	47723872	47723351	0.00
NC_092319.1	47723872	47723376	0.00
NC_092319.1	47723872	47723401	0.00
NC_092319.1	47723872	47723426	0.00
NC_092319.1	47723872	47723451	0.00
NC_092319.1	47723872	47723476	0.00
NC_092319.1	47723872	47723501	0.00
NC_092319.1	47723872	47723526	0.00
NC_092319.1	47723872	47723551	0.00
NC_092319.1	47723872	47723576	0.00
NC_092319.1	47723872	47723601	0.00
NC_092319.1	47723872	47723626	0.00
NC_092319.1	47723872	47723651	0.00
NC_092319.1	47723872	47723676	0.00
NC_092319.1	47723872	47723701	0.00
NC_092319.1	47723872	47723726	0.00
NC_092319.1	47723872	47723751	0.00
NC_092319.1	47723872	47723776	0.00
NC_092319.1	47723872	47723801	0.00
NC_092319.1	47723872	47723826	0.00
NC_092319.1	47723872	47723851	1.20
NC_092319.1	47723872	47723876	1.28
NC_092319.1	47723872	47723901	0.00
NC_092319.1	47723872	47723926	0.00
NC_092319.1	47723872	47723951	0.00
NC_092319.1	47723872	47723976	0.00
NC_092319.1	47723872	47724001	0.00
NC_092319.1	47723872	47724026	0.00
NC_092319.1	47723872	47724051	0.00
NC_092319.1	47723872	47724076	0.00
NC_092319.1	47723872	47724101	0.00
NC_092319.1	47723872	47724126	0.00
NC_092319.1	47723872	47724151	0.00
NC_092319.1	47723872	47724176	0.00
NC_092319.1	47723872	47724201	0.00
NC_092319.1	47723872	47724226	0.00
NC_092319.1	47723872	47724251	0.00
NC_092319.1	47723872	47724276	0.00
NC_092319.1	47723872	47724301	0.00
NC_092319.1	47723872	47724326	0.00
NC_092319.1	47723872	47724351	0.00
NC_092319.1	47723872	47724376	0.00
NC_092319.1	47723872	47724401	0.00
NC_092319.1	47723872	47724426	0.00
NC_092319.1	47723872	47724451	0.00
NC_092319.1	47723872	47724476	0.00
NC_092319.1	47723872	47724501	0.00
NC_092319.1	47723872	47724526	0.00
NC_092319.1	47723872	47724551	0.00
NC_092319.1	47723872	47724576	0.00
NC_092319.1	47723872	47724601	0.00
NC_092319.1	47723872	47724626	0.00
NC_092319.1	47723872	47724651	0.00
NC_092319.1	47723872	47724676	0.00
NC_092319.1	47723872	47724701	0.00
NC_092319.1	47723872	47724726	0.00
NC_092319.1	47723872	47724751	0.00
NC_092319.1	47723872	47724776	0.00
NC_092319.1	47723872	47724801	0.00
NC_092319.1	47723872	47724826	0.00
NC_092319.1	47723872	47724851	0.00
NC_092319.1	47723872	47724876	0.00
NC_092319.1	47723872	47724901	0.00
NC_092319.1	47723872	47724926	0.00
NC_092319.1	47723872	47724951	0.00
NC_092319.1	47723872	47724976	0.00
NC_092319.1	47723872	47725001	0.00
NC_092319.1	47723872	47725026	0.00
NC_092319.1	47723872	47725051	0.00
NC_092319.1	47723872	47725076	0.00
NC_092319.1	47723872	47725101	0.00
NC_092319.1	47723872	47725126	0.00
NC_092319.1	47723872	47725151	0.00
NC_092319.1	47723872	47725176	0.00
NC_092319.1	47723872	47725201	0.00
NC_092319.1	47723872	47725226	0.00
NC_092319.1	47723872	47725251	0.00
NC_092319.1	47723872	47725276	0.00
NC_092319.1	47723872	47725301	0.00
NC_092319.1	47723872	47725326	0.00
NC_092319.1	47723872	47725351	0.00
NC_092319.1	47723872	47725376	0.00
NC_092319.1	47723872	47725401	0.00
NC_092319.1	47723872	47725426	0.00
NC_092319.1	47723872	47725451	0.00
NC_092319.1	47723872	47725476	0.00
NC_092319.1	47723872	47725501	0.00
NC_092319.1	47723872	47725526	0.00
NC_092319.1	47723872	47725551	0.00
NC_092319.1	47723872	47725576	0.00
NC_092319.1	47723872	47725601	0.00
NC_092319.1	47723872	47725626	0.00
NC_092319.1	47723872	47725651	0.00
NC_092319.1	47723872	47725676	0.00
NC_092319.1	47723872	47725701	0.00
NC_092319.1	47723872	47725726	0.00
NC_092319.1	47723872	47725751	0.00
NC_092319.1	47723872	47725776	0.00
NC_092319.1	47723872	47725801	0.00
NC_092319.1	47723872	47725826	0.00
NC_092319.1	47723872	47725851	0.00
NC_092319.1	47723874	47721851	0.00
NC_092319.1	47723874	47721876	0.00
NC_092319.1	47723874	47721901	0.00
NC_092319.1	47723874	47721926	0.00
NC_092319.1	47723874	47721951	0.00
NC_092319.1	47723874	47721976	0.00
NC_092319.1	47723874	47722001	0.00
NC_092319.1	47723874	47722026	0.00
NC_092319.1	47723874	47722051	0.00
NC_092319.1	47723874	47722076	0.00
NC_092319.1	47723874	47722101	0.00
NC_092319.1	47723874	47722126	0.00
NC_092319.1	47723874	47722151	0.00
NC_092319.1	47723874	47722176	0.00
NC_092319.1	47723874	47722201	0.00
NC_092319.1	47723874	47722226	0.00
NC_092319.1	47723874	47722251	0.00
NC_092319.1	47723874	47722276	0.00
NC_092319.1	47723874	47722301	0.00
NC_092319.1	47723874	47722326	0.00
NC_092319.1	47723874	47722351	0.00
NC_092319.1	47723874	47722376	0.00
NC_092319.1	47723874	47722401	0.00
NC_092319.1	47723874	47722426	0.00
NC_092319.1	47723874	47722451	0.00
NC_092319.1	47723874	47722476	0.00
NC_092319.1	47723874	47722501	0.00
NC_092319.1	47723874	47722526	0.00
NC_092319.1	47723874	47722551	0.00
NC_092319.1	47723874	47722576	0.00
NC_092319.1	47723874	47722601	0.00
NC_092319.1	47723874	47722626	0.00
NC_092319.1	47723874	47722651	0.00
NC_092319.1	47723874	47722676	0.00
NC_092319.1	47723874	47722701	0.00
NC_092319.1	47723874	47722726	0.00
NC_092319.1	47723874	47722751	0.00
NC_092319.1	47723874	47722776	0.00
NC_092319.1	47723874	47722801	0.00
NC_092319.1	47723874	47722826	0.00
NC_092319.1	47723874	47722851	0.00
NC_092319.1	47723874	47722876	0.00
NC_092319.1	47723874	47722901	0.00
NC_092319.1	47723874	47722926	0.00
NC_092319.1	47723874	47722951	0.00
NC_092319.1	47723874	47722976	0.00
NC_092319.1	47723874	47723001	0.00
NC_092319.1	47723874	47723026	0.00
NC_092319.1	47723874	47723051	0.00
NC_092319.1	47723874	47723076	0.00
NC_092319.1	47723874	47723101	0.00
NC_092319.1	47723874	47723126	0.00
NC_092319.1	47723874	47723151	0.00
NC_092319.1	47723874	47723176	0.00
NC_092319.1	47723874	47723201	0.00
NC_092319.1	47723874	47723226	0.00
NC_092319.1	47723874	47723251	0.00
NC_092319.1	47723874	47723276	0.00
NC_092319.1	47723874	47723301	0.00
NC_092319.1	47723874	47723326	0.00
NC_092319.1	47723874	47723351	0.00
NC_092319.1	47723874	47723376	0.00
NC_092319.1	47723874	47723401	0.00
NC_092319.1	47723874	47723426	0.00
NC_092319.1	47723874	47723451	0.00
NC_092319.1	47723874	47723476	0.00
NC_092319.1	47723874	47723501	0.00
NC_092319.1	47723874	47723526	0.00
NC_092319.1	47723874	47723551	0.00
NC_092319.1	47723874	47723576	0.00
NC_092319.1	47723874	47723601	0.00
NC_092319.1	47723874	47723626	0.00
NC_092319.1	47723874	47723651	0.00
NC_092319.1	47723874	47723676	0.00
NC_092319.1	47723874	47723701	0.00
NC_092319.1	47723874	47723726	0.00
NC_092319.1	47723874	47723751	0.00
NC_092319.1	47723874	47723776	0.00
NC_092319.1	47723874	47723801	0.00
NC_092319.1	47723874	47723826	0.00
NC_092319.1	47723874	47723851	1.20
NC_092319.1	47723874	47723876	1.28
NC_092319.1	47723874	47723901	0.00
NC_092319.1	47723874	47723926	0.00
NC_092319.1	47723874	47723951	0.00
NC_092319.1	47723874	47723976	0.00
NC_092319.1	47723874	47724001	0.00
NC_092319.1	47723874	47724026	0.00
NC_092319.1	47723874	47724051	0.00
NC_092319.1	47723874	47724076	0.00
NC_092319.1	47723874	47724101	0.00
NC_092319.1	47723874	47724126	0.00
NC_092319.1	47723874	47724151	0.00
NC_092319.1	47723874	47724176	0.00
NC_092319.1	47723874	47724201	0.00
NC_092319.1	47723874	47724226	0.00
NC_092319.1	47723874	47724251	0.00
NC_092319.1	47723874	47724276	0.00
NC_092319.1	47723874	47724301	0.00
NC_092319.1	47723874	47724326	0.00
NC_092319.1	47723874	47724351	0.00
NC_092319.1	47723874	47724376	0.00
NC_092319.1	47723874	47724401	0.00
NC_092319.1	47723874	47724426	0.00
NC_092319.1	47723874	47724451	0.00
NC_092319.1	47723874	47724476	0.00
NC_092319.1	47723874	47724501	0.00
NC_092319.1	47723874	47724526	0.00
NC_092319.1	47723874	47724551	0.00
NC_092319.1	47723874	47724576	0.00
NC_092319.1	47723874	47724601	0.00
NC_092319.1	47723874	47724626	0.00
NC_092319.1	47723874	47724651	0.00
NC_092319.1	47723874	47724676	0.00
NC_092319.1	47723874	47724701	0.00
NC_092319.1	47723874	47724726	0.00
NC_092319.1	47723874	47724751	0.00
NC_092319.1	47723874	47724776	0.00
NC_092319.1	47723874	47724801	0.00
NC_092319.1	47723874	47724826	0.00
NC_092319.1	47723874	47724851	0.00
NC_092319.1	47723874	47724876	0.00
NC_092319.1	47723874	47724901	0.00
NC_092319.1	47723874	47724926	0.00
NC_092319.1	47723874	47724951	0.00
NC_092319.1	47723874	47724976	0.00
NC_092319.1	47723874	47725001	0.00
NC_092319.1	47723874	47725026	0.00
NC_092319.1	47723874	47725051	0.00
NC_092319.1	47723874	47725076	0.00
NC_092319.1	47723874	47725101	0.00
NC_092319.1	47723874	47725126	0.00
NC_092319.1	47723874	47725151	0.00
NC_092319.1	47723874	47725176	0.00
NC_092319.1	47723874	47725201	0.00
NC_092319.1	47723874	47725226	0.00
NC_092319.1	47723874	47725251	0.00
NC_092319.1	47723874	47725276	0.00
NC_092319.1	47723874	47725301	0.00
NC_092319.1	47723874	47725326	0.00
NC_092319.1	47723874	47725351	0.00
NC_092319.1	47723874	47725376	0.00
NC_092319.1	47723874	47725401	0.00
NC_092319.1	47723874	47725426	0.00
NC_092319.1	47723874	47725451	0.00
NC_092319.1	47723874	47725476	0.00
NC_092319.1	47723874	47725501	0.00
NC_092319.1	47723874	47725526	0.00
NC_092319.1	47723874	47725551	0.00
NC_092319.1	47723874	47725576	0.00
NC_092319.1	47723874	47725601	0.00
NC_092319.1	47723874	47725626	0.00
NC_092319.1	47723874	47725651	0.00
NC_092319.1	47723874	47725676	0.00
NC_092319.1	47723874	47725701	0.00
NC_092319.1	47723874	47725726	0.00
NC_092319.1	47723874	47725751	0.00
NC_092319.1	47723874	47725776	0.00
NC_092319.1	47723874	47725801	0.00
NC_092319.1	47723874	47725826	0.00
NC_092319.1	47723874	47725851	0.00
NC_092319.1	47723890	47721876	0.00
NC_092319.1	47723890	47721901	0.00
NC_092319.1	47723890	47721926	0.00
NC_092319.1	47723890	47721951	0.00
NC_092319.1	47723890	47721976	0.00
NC_092319.1	47723890	47722001	0.00
NC_092319.1	47723890	47722026	0.00
NC_092319.1	47723890	47722051	0.00
NC_092319.1	47723890	47722076	0.00
NC_092319.1	47723890	47722101	0.00
NC_092319.1	47723890	47722126	0.00
NC_092319.1	47723890	47722151	0.00
NC_092319.1	47723890	47722176	0.00
NC_092319.1	47723890	47722201	0.00
NC_092319.1	47723890	47722226	0.00
NC_092319.1	47723890	47722251	0.00
NC_092319.1	47723890	47722276	0.00
NC_092319.1	47723890	47722301	0.00
NC_092319.1	47723890	47722326	0.00
NC_092319.1	47723890	47722351	0.00
NC_092319.1	47723890	47722376	0.00
NC_092319.1	47723890	47722401	0.00
NC_092319.1	47723890	47722426	0.00
NC_092319.1	47723890	47722451	0.00
NC_092319.1	47723890	47722476	0.00
NC_092319.1	47723890	47722501	0.00
NC_092319.1	47723890	47722526	0.00
NC_092319.1	47723890	47722551	0.00
NC_092319.1	47723890	47722576	0.00
NC_092319.1	47723890	47722601	0.00
NC_092319.1	47723890	47722626	0.00
NC_092319.1	47723890	47722651	0.00
NC_092319.1	47723890	47722676	0.00
NC_092319.1	47723890	47722701	0.00
NC_092319.1	47723890	47722726	0.00
NC_092319.1	47723890	47722751	0.00
NC_092319.1	47723890	47722776	0.00
NC_092319.1	47723890	47722801	0.00
NC_092319.1	47723890	47722826	0.00
NC_092319.1	47723890	47722851	0.00
NC_092319.1	47723890	47722876	0.00
NC_092319.1	47723890	47722901	0.00
NC_092319.1	47723890	47722926	0.00
NC_092319.1	47723890	47722951	0.00
NC_092319.1	47723890	47722976	0.00
NC_092319.1	47723890	47723001	0.00
NC_092319.1	47723890	47723026	0.00
NC_092319.1	47723890	47723051	0.00
NC_092319.1	47723890	47723076	0.00
NC_092319.1	47723890	47723101	0.00
NC_092319.1	47723890	47723126	0.00
NC_092319.1	47723890	47723151	0.00
NC_092319.1	47723890	47723176	0.00
NC_092319.1	47723890	47723201	0.00
NC_092319.1	47723890	47723226	0.00
NC_092319.1	47723890	47723251	0.00
NC_092319.1	47723890	47723276	0.00
NC_092319.1	47723890	47723301	0.00
NC_092319.1	47723890	47723326	0.00
NC_092319.1	47723890	47723351	0.00
NC_092319.1	47723890	47723376	0.00
NC_092319.1	47723890	47723401	0.00
NC_092319.1	47723890	47723426	0.00
NC_092319.1	47723890	47723451	0.00
NC_092319.1	47723890	47723476	0.00
NC_092319.1	47723890	47723501	0.00
NC_092319.1	47723890	47723526	0.00
NC_092319.1	47723890	47723551	0.00
NC_092319.1	47723890	47723576	0.00
NC_092319.1	47723890	47723601	0.00
NC_092319.1	47723890	47723626	0.00
NC_092319.1	47723890	47723651	0.00
NC_092319.1	47723890	47723676	0.00
NC_092319.1	47723890	47723701	0.00
NC_092319.1	47723890	47723726	0.00
NC_092319.1	47723890	47723751	0.00
NC_092319.1	47723890	47723776	0.00
NC_092319.1	47723890	47723801	0.00
NC_092319.1	47723890	47723826	0.00
NC_092319.1	47723890	47723851	1.20
NC_092319.1	47723890	47723876	1.28
NC_092319.1	47723890	47723901	0.00
NC_092319.1	47723890	47723926	0.00
NC_092319.1	47723890	47723951	0.00
NC_092319.1	47723890	47723976	0.00
NC_092319.1	47723890	47724001	0.00
NC_092319.1	47723890	47724026	0.00
NC_092319.1	47723890	47724051	0.00
NC_092319.1	47723890	47724076	0.00
NC_092319.1	47723890	47724101	0.00
NC_092319.1	47723890	47724126	0.00
NC_092319.1	47723890	47724151	0.00
NC_092319.1	47723890	47724176	0.00
NC_092319.1	47723890	47724201	0.00
NC_092319.1	47723890	47724226	0.00
NC_092319.1	47723890	47724251	0.00
NC_092319.1	47723890	47724276	0.00
NC_092319.1	47723890	47724301	0.00
NC_092319.1	47723890	47724326	0.00
NC_092319.1	47723890	47724351	0.00
NC_092319.1	47723890	47724376	0.00
NC_092319.1	47723890	47724401	0.00
NC_092319.1	47723890	47724426	0.00
NC_092319.1	47723890	47724451	0.00
NC_092319.1	47723890	47724476	0.00
NC_092319.1	47723890	47724501	0.00
NC_092319.1	47723890	47724526	0.00
NC_092319.1	47723890	47724551	0.00
NC_092319.1	47723890	47724576	0.00
NC_092319.1	47723890	47724601	0.00
NC_092319.1	47723890	47724626	0.00
NC_092319.1	47723890	47724651	0.00
NC_092319.1	47723890	47724676	0.00
NC_092319.1	47723890	47724701	0.00
NC_092319.1	47723890	47724726	0.00
NC_092319.1	47723890	47724751	0.00
NC_092319.1	47723890	47724776	0.00
NC_092319.1	47723890	47724801	0.00
NC_092319.1	47723890	47724826	0.00
NC_092319.1	47723890	47724851	0.00
NC_092319.1	47723890	47724876	0.00
NC_092319.1	47723890	47724901	0.00
NC_092319.1	47723890	47724926	0.00
NC_092319.1	47723890	47724951	0.00
NC_092319.1	47723890	47724976	0.00
NC_092319.1	47723890	47725001	0.00
NC_092319.1	47723890	47725026	0.00
NC_092319.1	47723890	47725051	0.00
NC_092319.1	47723890	47725076	0.00
NC_092319.1	47723890	47725101	0.00
NC_092319.1	47723890	47725126	0.00
NC_092319.1	47723890	47725151	0.00
NC_092319.1	47723890	47725176	0.00
NC_092319.1	47723890	47725201	0.00
NC_092319.1	47723890	47725226	0.00
NC_092319.1	47723890	47725251	0.00
NC_092319.1	47723890	47725276	0.00
NC_092319.1	47723890	47725301	0.00
NC_092319.1	47723890	47725326	0.00
NC_092319.1	47723890	47725351	0.00
NC_092319.1	47723890	47725376	0.00
NC_092319.1	47723890	47725401	0.00
NC_092319.1	47723890	47725426	0.00
NC_092319.1	47723890	47725451	0.00
NC_092319.1	47723890	47725476	0.00
NC_092319.1	47723890	47725501	0.00
NC_092319.1	47723890	47725526	0.00
NC_092319.1	47723890	47725551	0.00
NC_092319.1	47723890	47725576	0.00
NC_092319.1	47723890	47725601	0.00
NC_092319.1	47723890	47725626	0.00
NC_092319.1	47723890	47725651	0.00
NC_092319.1	47723890	47725676	0.00
NC_092319.1	47723890	47725701	0.00
NC_092319.1	47723890	47725726	0.00
NC_092319.1	47723890	47725751	0.00
NC_092319.1	47723890	47725776	0.00
NC_092319.1	47723890	47725801	0.00
NC_092319.1	47723890	47725826	0.00
NC_092319.1	47723890	47725851	0.00
NC_092319.1	47723890	47725876	0.00
NC_092320.1	10523222	10521201	0.00
NC_092320.1	10523222	10521226	0.00
NC_092320.1	10523222	10521251	0.00
NC_092320.1	10523222	10521276	0.00
NC_092320.1	10523222	10521301	0.00
NC_092320.1	10523222	10521326	0.00
NC_092320.1	10523222	10521351	0.00
NC_092320.1	10523222	10521376	0.00
NC_092320.1	10523222	10521401	0.00
NC_092320.1	10523222	10521426	0.00
NC_092320.1	10523222	10521451	0.00
NC_092320.1	10523222	10521476	0.00
NC_092320.1	10523222	10521501	0.00
NC_092320.1	10523222	10521526	0.00
NC_092320.1	10523222	10521551	0.00
NC_092320.1	10523222	10521576	0.00
NC_092320.1	10523222	10521601	0.00
NC_092320.1	10523222	10521626	0.00
NC_092320.1	10523222	10521651	0.00
NC_092320.1	10523222	10521676	0.00
NC_092320.1	10523222	10521701	0.00
NC_092320.1	10523222	10521726	0.00
NC_092320.1	10523222	10521751	0.00
NC_092320.1	10523222	10521776	0.00
NC_092320.1	10523222	10521801	0.00
NC_092320.1	10523222	10521826	0.00
NC_092320.1	10523222	10521851	0.00
NC_092320.1	10523222	10521876	0.00
NC_092320.1	10523222	10521901	0.00
NC_092320.1	10523222	10521926	0.00
NC_092320.1	10523222	10521951	0.00
NC_092320.1	10523222	10521976	0.00
NC_092320.1	10523222	10522001	0.00
NC_092320.1	10523222	10522026	0.00
NC_092320.1	10523222	10522051	0.00
NC_092320.1	10523222	10522076	0.00
NC_092320.1	10523222	10522101	0.00
NC_092320.1	10523222	10522126	0.00
NC_092320.1	10523222	10522151	0.00
NC_092320.1	10523222	10522176	0.00
NC_092320.1	10523222	10522201	0.00
NC_092320.1	10523222	10522226	0.00
NC_092320.1	10523222	10522251	0.00
NC_092320.1	10523222	10522276	0.00
NC_092320.1	10523222	10522301	0.00
NC_092320.1	10523222	10522326	0.00
NC_092320.1	10523222	10522351	0.00
NC_092320.1	10523222	10522376	0.00
NC_092320.1	10523222	10522401	0.00
NC_092320.1	10523222	10522426	0.00
NC_092320.1	10523222	10522451	0.00
NC_092320.1	10523222	10522476	0.00
NC_092320.1	10523222	10522501	0.00
NC_092320.1	10523222	10522526	0.00
NC_092320.1	10523222	10522551	0.00
NC_092320.1	10523222	10522576	0.00
NC_092320.1	10523222	10522601	0.00
NC_092320.1	10523222	10522626	0.00
NC_092320.1	10523222	10522651	0.00
NC_092320.1	10523222	10522676	0.00
NC_092320.1	10523222	10522701	0.00
NC_092320.1	10523222	10522726	0.00
NC_092320.1	10523222	10522751	0.00
NC_092320.1	10523222	10522776	0.00
NC_092320.1	10523222	10522801	0.00
NC_092320.1	10523222	10522826	0.00
NC_092320.1	10523222	10522851	0.00
NC_092320.1	10523222	10522876	0.00
NC_092320.1	10523222	10522901	0.44
NC_092320.1	10523222	10522926	1.00
NC_092320.1	10523222	10522951	1.00
NC_092320.1	10523222	10522976	1.00
NC_092320.1	10523222	10523001	1.00
NC_092320.1	10523222	10523026	1.00
NC_092320.1	10523222	10523051	0.56
NC_092320.1	10523222	10523076	0.24
NC_092320.1	10523222	10523101	1.00
NC_092320.1	10523222	10523126	1.00
NC_092320.1	10523222	10523151	1.00
NC_092320.1	10523222	10523176	1.00
NC_092320.1	10523222	10523201	1.00
NC_092320.1	10523222	10523226	0.76
NC_092320.1	10523222	10523251	0.00
NC_092320.1	10523222	10523276	0.00
NC_092320.1	10523222	10523301	0.00
NC_092320.1	10523222	10523326	0.00
NC_092320.1	10523222	10523351	0.00
NC_092320.1	10523222	10523376	0.00
NC_092320.1	10523222	10523401	0.00
NC_092320.1	10523222	10523426	0.00
NC_092320.1	10523222	10523451	0.00
NC_092320.1	10523222	10523476	0.00
NC_092320.1	10523222	10523501	0.00
NC_092320.1	10523222	10523526	0.00
NC_092320.1	10523222	10523551	0.00
NC_092320.1	10523222	10523576	0.00
NC_092320.1	10523222	10523601	0.00
NC_092320.1	10523222	10523626	0.00
NC_092320.1	10523222	10523651	0.00
NC_092320.1	10523222	10523676	0.00
NC_092320.1	10523222	10523701	0.00
NC_092320.1	10523222	10523726	0.00
NC_092320.1	10523222	10523751	0.00
NC_092320.1	10523222	10523776	0.00
NC_092320.1	10523222	10523801	0.00
NC_092320.1	10523222	10523826	0.00
NC_092320.1	10523222	10523851	0.00
NC_092320.1	10523222	10523876	0.00
NC_092320.1	10523222	10523901	0.00
NC_092320.1	10523222	10523926	0.00
NC_092320.1	10523222	10523951	0.00
NC_092320.1	10523222	10523976	0.00
NC_092320.1	10523222	10524001	0.00
NC_092320.1	10523222	10524026	0.00
NC_092320.1	10523222	10524051	0.00
NC_092320.1	10523222	10524076	0.00
NC_092320.1	10523222	10524101	0.00
NC_092320.1	10523222	10524126	0.00
NC_092320.1	10523222	10524151	0.00
NC_092320.1	10523222	10524176	0.00
NC_092320.1	10523222	10524201	0.00
NC_092320.1	10523222	10524226	0.00
NC_092320.1	10523222	10524251	0.00
NC_092320.1	10523222	10524276	0.00
NC_092320.1	10523222	10524301	0.00
NC_092320.1	10523222	10524326	0.00
NC_092320.1	10523222	10524351	0.00
NC_092320.1	10523222	10524376	0.00
NC_092320.1	10523222	10524401	0.00
NC_092320.1	10523222	10524426	0.00
NC_092320.1	10523222	10524451	0.00
NC_092320.1	10523222	10524476	0.00
NC_092320.1	10523222	10524501	0.00
NC_092320.1	10523222	10524526	0.00
NC_092320.1	10523222	10524551	0.00
NC_092320.1	10523222	10524576	0.00
NC_092320.1	10523222	10524601	0.00
NC_092320.1	10523222	10524626	0.00
NC_092320.1	10523222	10524651	0.00
NC_092320.1	10523222	10524676	0.00
NC_092320.1	10523222	10524701	0.00
NC_092320.1	10523222	10524726	0.00
NC_092320.1	10523222	10524751	0.00
NC_092320.1	10523222	10524776	0.00
NC_092320.1	10523222	10524801	0.00
NC_092320.1	10523222	10524826	0.00
NC_092320.1	10523222	10524851	0.00
NC_092320.1	10523222	10524876	0.00
NC_092320.1	10523222	10524901	0.00
NC_092320.1	10523222	10524926	0.00
NC_092320.1	10523222	10524951	0.00
NC_092320.1	10523222	10524976	0.00
NC_092320.1	10523222	10525001	0.00
NC_092320.1	10523222	10525026	0.00
NC_092320.1	10523222	10525051	0.00
NC_092320.1	10523222	10525076	0.00
NC_092320.1	10523222	10525101	0.00
NC_092320.1	10523222	10525126	0.00
NC_092320.1	10523222	10525151	0.00
NC_092320.1	10523222	10525176	0.00
NC_092320.1	10523222	10525201	0.00
NC_092321.1	10097126	10095126	0.00
NC_092321.1	10097126	10095151	0.00
NC_092321.1	10097126	10095176	0.00
NC_092321.1	10097126	10095201	0.00
NC_092321.1	10097126	10095226	0.00
NC_092321.1	10097126	10095251	0.00
NC_092321.1	10097126	10095276	0.00
NC_092321.1	10097126	10095301	0.00
NC_092321.1	10097126	10095326	0.00
NC_092321.1	10097126	10095351	0.00
NC_092321.1	10097126	10095376	0.00
NC_092321.1	10097126	10095401	0.00
NC_092321.1	10097126	10095426	0.00
NC_092321.1	10097126	10095451	0.00
NC_092321.1	10097126	10095476	0.00
NC_092321.1	10097126	10095501	0.00
NC_092321.1	10097126	10095526	0.00
NC_092321.1	10097126	10095551	0.00
NC_092321.1	10097126	10095576	0.00
NC_092321.1	10097126	10095601	0.00
NC_092321.1	10097126	10095626	0.00
NC_092321.1	10097126	10095651	0.00
NC_092321.1	10097126	10095676	0.00
NC_092321.1	10097126	10095701	0.00
NC_092321.1	10097126	10095726	0.00
NC_092321.1	10097126	10095751	0.00
NC_092321.1	10097126	10095776	0.00
NC_092321.1	10097126	10095801	0.00
NC_092321.1	10097126	10095826	0.00
NC_092321.1	10097126	10095851	0.00
NC_092321.1	10097126	10095876	0.00
NC_092321.1	10097126	10095901	0.00
NC_092321.1	10097126	10095926	0.00
NC_092321.1	10097126	10095951	0.00
NC_092321.1	10097126	10095976	0.00
NC_092321.1	10097126	10096001	0.00
NC_092321.1	10097126	10096026	0.00
NC_092321.1	10097126	10096051	0.00
NC_092321.1	10097126	10096076	0.00
NC_092321.1	10097126	10096101	0.00
NC_092321.1	10097126	10096126	0.00
NC_092321.1	10097126	10096151	0.00
NC_092321.1	10097126	10096176	0.00
NC_092321.1	10097126	10096201	0.00
NC_092321.1	10097126	10096226	0.00
NC_092321.1	10097126	10096251	0.00
NC_092321.1	10097126	10096276	0.00
NC_092321.1	10097126	10096301	0.00
NC_092321.1	10097126	10096326	0.00
NC_092321.1	10097126	10096351	0.00
NC_092321.1	10097126	10096376	0.00
NC_092321.1	10097126	10096401	0.00
NC_092321.1	10097126	10096426	0.00
NC_092321.1	10097126	10096451	0.00
NC_092321.1	10097126	10096476	0.00
NC_092321.1	10097126	10096501	0.00
NC_092321.1	10097126	10096526	0.00
NC_092321.1	10097126	10096551	0.00
NC_092321.1	10097126	10096576	0.00
NC_092321.1	10097126	10096601	0.00
NC_092321.1	10097126	10096626	0.00
NC_092321.1	10097126	10096651	0.00
NC_092321.1	10097126	10096676	0.00
NC_092321.1	10097126	10096701	0.00
NC_092321.1	10097126	10096726	0.00
NC_092321.1	10097126	10096751	0.00
NC_092321.1	10097126	10096776	0.00
NC_092321.1	10097126	10096801	0.00
NC_092321.1	10097126	10096826	0.00
NC_092321.1	10097126	10096851	0.00
NC_092321.1	10097126	10096876	0.00
NC_092321.1	10097126	10096901	0.00
NC_092321.1	10097126	10096926	0.00
NC_092321.1	10097126	10096951	0.00
NC_092321.1	10097126	10096976	0.00
NC_092321.1	10097126	10097001	0.92
NC_092321.1	10097126	10097026	1.00
NC_092321.1	10097126	10097051	1.00
NC_092321.1	10097126	10097076	1.56
NC_092321.1	10097126	10097101	2.00
NC_092321.1	10097126	10097126	2.00
NC_092321.1	10097126	10097151	1.08
NC_092321.1	10097126	10097176	1.00
NC_092321.1	10097126	10097201	1.00
NC_092321.1	10097126	10097226	0.44
NC_092321.1	10097126	10097251	0.00
NC_092321.1	10097126	10097276	0.00
NC_092321.1	10097126	10097301	0.00
NC_092321.1	10097126	10097326	0.00
NC_092321.1	10097126	10097351	0.00
NC_092321.1	10097126	10097376	0.00
NC_092321.1	10097126	10097401	0.00
NC_092321.1	10097126	10097426	0.00
NC_092321.1	10097126	10097451	0.00
NC_092321.1	10097126	10097476	0.00
NC_092321.1	10097126	10097501	0.00
NC_092321.1	10097126	10097526	0.00
NC_092321.1	10097126	10097551	0.00
NC_092321.1	10097126	10097576	0.00
NC_092321.1	10097126	10097601	0.00
NC_092321.1	10097126	10097626	0.00
NC_092321.1	10097126	10097651	0.00
NC_092321.1	10097126	10097676	0.00
NC_092321.1	10097126	10097701	0.00
NC_092321.1	10097126	10097726	0.00
NC_092321.1	10097126	10097751	0.00
NC_092321.1	10097126	10097776	0.00
NC_092321.1	10097126	10097801	0.00
NC_092321.1	10097126	10097826	0.00
NC_092321.1	10097126	10097851	0.00
NC_092321.1	10097126	10097876	0.00
NC_092321.1	10097126	10097901	0.00
NC_092321.1	10097126	10097926	0.00
NC_092321.1	10097126	10097951	0.00
NC_092321.1	10097126	10097976	0.00
NC_092321.1	10097126	10098001	0.00
NC_092321.1	10097126	10098026	0.00
NC_092321.1	10097126	10098051	0.00
NC_092321.1	10097126	10098076	0.00
NC_092321.1	10097126	10098101	0.00
NC_092321.1	10097126	10098126	0.00
NC_092321.1	10097126	10098151	0.00
NC_092321.1	10097126	10098176	0.00
NC_092321.1	10097126	10098201	0.00
NC_092321.1	10097126	10098226	0.00
NC_092321.1	10097126	10098251	0.00
NC_092321.1	10097126	10098276	0.00
NC_092321.1	10097126	10098301	0.00
NC_092321.1	10097126	10098326	0.00
NC_092321.1	10097126	10098351	0.00
NC_092321.1	10097126	10098376	0.00
NC_092321.1	10097126	10098401	0.00
NC_092321.1	10097126	10098426	0.00
NC_092321.1	10097126	10098451	0.00
NC_092321.1	10097126	10098476	0.00
NC_092321.1	10097126	10098501	0.00
NC_092321.1	10097126	10098526	0.00
NC_092321.1	10097126	10098551	0.00
NC_092321.1	10097126	10098576	0.00
NC_092321.1	10097126	10098601	0.00
NC_092321.1	10097126	10098626	0.00
NC_092321.1	10097126	10098651	0.00
NC_092321.1	10097126	10098676	0.00
NC_092321.1	10097126	10098701	0.00
NC_092321.1	10097126	10098726	0.00
NC_092321.1	10097126	10098751	0.00
NC_092321.1	10097126	10098776	0.00
NC_092321.1	10097126	10098801	0.00
NC_092321.1	10097126	10098826	0.00
NC_092321.1	10097126	10098851	0.00
NC_092321.1	10097126	10098876	0.00
NC_092321.1	10097126	10098901	0.00
NC_092321.1	10097126	10098926	0.00
NC_092321.1	10097126	10098951	0.00
NC_092321.1	10097126	10098976	0.00
NC_092321.1	10097126	10099001	0.00
NC_092321.1	10097126	10099026	0.00
NC_092321.1	10097126	10099051	0.00
NC_092321.1	10097126	10099076	0.00
NC_092321.1	10097126	10099101	0.00
NC_092321.1	10097126	10099126	0.00
NC_092322.1	37058961	37056951	0.00
NC_092322.1	37058961	37056976	0.00
NC_092322.1	37058961	37057001	0.00
NC_092322.1	37058961	37057026	0.00
NC_092322.1	37058961	37057051	0.00
NC_092322.1	37058961	37057076	0.00
NC_092322.1	37058961	37057101	0.00
NC_092322.1	37058961	37057126	0.00
NC_092322.1	37058961	37057151	0.00
NC_092322.1	37058961	37057176	0.00
NC_092322.1	37058961	37057201	0.00
NC_092322.1	37058961	37057226	0.00
NC_092322.1	37058961	37057251	0.00
NC_092322.1	37058961	37057276	0.00
NC_092322.1	37058961	37057301	0.00
NC_092322.1	37058961	37057326	0.00
NC_092322.1	37058961	37057351	0.00
NC_092322.1	37058961	37057376	0.00
NC_092322.1	37058961	37057401	0.00
NC_092322.1	37058961	37057426	0.00
NC_092322.1	37058961	37057451	0.00
NC_092322.1	37058961	37057476	0.00
NC_092322.1	37058961	37057501	0.00
NC_092322.1	37058961	37057526	0.00
NC_092322.1	37058961	37057551	0.00
NC_092322.1	37058961	37057576	0.00
NC_092322.1	37058961	37057601	0.00
NC_092322.1	37058961	37057626	0.00
NC_092322.1	37058961	37057651	0.00
NC_092322.1	37058961	37057676	0.00
NC_092322.1	37058961	37057701	0.00
NC_092322.1	37058961	37057726	0.00
NC_092322.1	37058961	37057751	0.00
NC_092322.1	37058961	37057776	0.00
NC_092322.1	37058961	37057801	0.00
NC_092322.1	37058961	37057826	0.00
NC_092322.1	37058961	37057851	0.00
NC_092322.1	37058961	37057876	0.00
NC_092322.1	37058961	37057901	0.00
NC_092322.1	37058961	37057926	0.00
NC_092322.1	37058961	37057951	0.00
NC_092322.1	37058961	37057976	0.00
NC_092322.1	37058961	37058001	0.00
NC_092322.1	37058961	37058026	0.00
NC_092322.1	37058961	37058051	0.00
NC_092322.1	37058961	37058076	0.00
NC_092322.1	37058961	37058101	0.00
NC_092322.1	37058961	37058126	0.00
NC_092322.1	37058961	37058151	0.00
NC_092322.1	37058961	37058176	0.00
NC_092322.1	37058961	37058201	0.00
NC_092322.1	37058961	37058226	0.00
NC_092322.1	37058961	37058251	0.00
NC_092322.1	37058961	37058276	0.00
NC_092322.1	37058961	37058301	0.00
NC_092322.1	37058961	37058326	0.00
NC_092322.1	37058961	37058351	0.00
NC_092322.1	37058961	37058376	0.00
NC_092322.1	37058961	37058401	0.00
NC_092322.1	37058961	37058426	0.00
NC_092322.1	37058961	37058451	0.00
NC_092322.1	37058961	37058476	0.00
NC_092322.1	37058961	37058501	0.00
NC_092322.1	37058961	37058526	0.00
NC_092322.1	37058961	37058551	0.00
NC_092322.1	37058961	37058576	0.00
NC_092322.1	37058961	37058601	0.00
NC_092322.1	37058961	37058626	0.00
NC_092322.1	37058961	37058651	0.00
NC_092322.1	37058961	37058676	0.00
NC_092322.1	37058961	37058701	0.00
NC_092322.1	37058961	37058726	0.00
NC_092322.1	37058961	37058751	0.00
NC_092322.1	37058961	37058776	1.00
NC_092322.1	37058961	37058801	1.00
NC_092322.1	37058961	37058826	1.00
NC_092322.1	37058961	37058851	1.84
NC_092322.1	37058961	37058876	2.00
NC_092322.1	37058961	37058901	2.00
NC_092322.1	37058961	37058926	1.00
NC_092322.1	37058961	37058951	1.00
NC_092322.1	37058961	37058976	1.00
NC_092322.1	37058961	37059001	0.16
NC_092322.1	37058961	37059026	0.00
NC_092322.1	37058961	37059051	0.00
NC_092322.1	37058961	37059076	0.00
NC_092322.1	37058961	37059101	0.00
NC_092322.1	37058961	37059126	0.00
NC_092322.1	37058961	37059151	0.00
NC_092322.1	37058961	37059176	0.00
NC_092322.1	37058961	37059201	0.00
NC_092322.1	37058961	37059226	0.00
NC_092322.1	37058961	37059251	0.00
NC_092322.1	37058961	37059276	0.00
NC_092322.1	37058961	37059301	0.00
NC_092322.1	37058961	37059326	0.00
NC_092322.1	37058961	37059351	0.00
NC_092322.1	37058961	37059376	0.00
NC_092322.1	37058961	37059401	0.00
NC_092322.1	37058961	37059426	0.00
NC_092322.1	37058961	37059451	0.00
NC_092322.1	37058961	37059476	0.00
NC_092322.1	37058961	37059501	0.00
NC_092322.1	37058961	37059526	0.00
NC_092322.1	37058961	37059551	0.00
NC_092322.1	37058961	37059576	0.00
NC_092322.1	37058961	37059601	0.00
NC_092322.1	37058961	37059626	0.00
NC_092322.1	37058961	37059651	0.00
NC_092322.1	37058961	37059676	0.00
NC_092322.1	37058961	37059701	0.00
NC_092322.1	37058961	37059726	0.00
NC_092322.1	37058961	37059751	0.00
NC_092322.1	37058961	37059776	0.00
NC_092322.1	37058961	37059801	0.00
NC_092322.1	37058961	37059826	0.00
NC_092322.1	37058961	37059851	0.00
NC_092322.1	37058961	37059876	0.00
NC_092322.1	37058961	37059901	0.00
NC_092322.1	37058961	37059926	0.00
NC_092322.1	37058961	37059951	0.00
NC_092322.1	37058961	37059976	0.00
NC_092322.1	37058961	37060001	0.00
NC_092322.1	37058961	37060026	0.00
NC_092322.1	37058961	37060051	0.00
NC_092322.1	37058961	37060076	0.00
NC_092322.1	37058961	37060101	0.00
NC_092322.1	37058961	37060126	0.00
NC_092322.1	37058961	37060151	0.00
NC_092322.1	37058961	37060176	0.00
NC_092322.1	37058961	37060201	0.00
NC_092322.1	37058961	37060226	0.00
NC_092322.1	37058961	37060251	0.00
NC_092322.1	37058961	37060276	0.00
NC_092322.1	37058961	37060301	0.00
NC_092322.1	37058961	37060326	0.00
NC_092322.1	37058961	37060351	0.00
NC_092322.1	37058961	37060376	0.00
NC_092322.1	37058961	37060401	0.00
NC_092322.1	37058961	37060426	0.00
NC_092322.1	37058961	37060451	0.00
NC_092322.1	37058961	37060476	0.00
NC_092322.1	37058961	37060501	0.00
NC_092322.1	37058961	37060526	0.00
NC_092322.1	37058961	37060551	0.00
NC_092322.1	37058961	37060576	0.00
NC_092322.1	37058961	37060601	0.00
NC_092322.1	37058961	37060626	0.00
NC_092322.1	37058961	37060651	0.00
NC_092322.1	37058961	37060676	0.00
NC_092322.1	37058961	37060701	0.00
NC_092322.1	37058961	37060726	0.00
NC_092322.1	37058961	37060751	0.00
NC_092322.1	37058961	37060776	0.00
NC_092322.1	37058961	37060801	0.00
NC_092322.1	37058961	37060826	0.00
NC_092322.1	37058961	37060851	0.00
NC_092322.1	37058961	37060876	0.00
NC_092322.1	37058961	37060901	0.00
NC_092322.1	37058961	37060926	0.00
NC_092322.1	37058961	37060951	0.00
NC_092323.1	5536834	5534826	0.00
NC_092323.1	5536834	5534851	0.00
NC_092323.1	5536834	5534876	0.00
NC_092323.1	5536834	5534901	0.00
NC_092323.1	5536834	5534926	0.00
NC_092323.1	5536834	5534951	0.00
NC_092323.1	5536834	5534976	0.00
NC_092323.1	5536834	5535001	0.00
NC_092323.1	5536834	5535026	0.00
NC_092323.1	5536834	5535051	0.00
NC_092323.1	5536834	5535076	0.00
NC_092323.1	5536834	5535101	0.00
NC_092323.1	5536834	5535126	0.00
NC_092323.1	5536834	5535151	0.00
NC_092323.1	5536834	5535176	0.00
NC_092323.1	5536834	5535201	0.00
NC_092323.1	5536834	5535226	0.00
NC_092323.1	5536834	5535251	0.00
NC_092323.1	5536834	5535276	0.00
NC_092323.1	5536834	5535301	0.00
NC_092323.1	5536834	5535326	0.00
NC_092323.1	5536834	5535351	0.00
NC_092323.1	5536834	5535376	0.00
NC_092323.1	5536834	5535401	0.00
NC_092323.1	5536834	5535426	0.00
NC_092323.1	5536834	5535451	0.00
NC_092323.1	5536834	5535476	0.00
NC_092323.1	5536834	5535501	0.00
NC_092323.1	5536834	5535526	0.00
NC_092323.1	5536834	5535551	0.00
NC_092323.1	5536834	5535576	0.00
NC_092323.1	5536834	5535601	0.00
NC_092323.1	5536834	5535626	0.00
NC_092323.1	5536834	5535651	0.00
NC_092323.1	5536834	5535676	0.00
NC_092323.1	5536834	5535701	0.00
NC_092323.1	5536834	5535726	0.00
NC_092323.1	5536834	5535751	0.00
NC_092323.1	5536834	5535776	0.00
NC_092323.1	5536834	5535801	0.00
NC_092323.1	5536834	5535826	0.00
NC_092323.1	5536834	5535851	0.00
NC_092323.1	5536834	5535876	0.00
NC_092323.1	5536834	5535901	0.00
NC_092323.1	5536834	5535926	0.00
NC_092323.1	5536834	5535951	0.00
NC_092323.1	5536834	5535976	0.00
NC_092323.1	5536834	5536001	0.00
NC_092323.1	5536834	5536026	0.00
NC_092323.1	5536834	5536051	0.00
NC_092323.1	5536834	5536076	0.00
NC_092323.1	5536834	5536101	0.00
NC_092323.1	5536834	5536126	0.00
NC_092323.1	5536834	5536151	0.00
NC_092323.1	5536834	5536176	0.00
NC_092323.1	5536834	5536201	0.00
NC_092323.1	5536834	5536226	0.00
NC_092323.1	5536834	5536251	0.00
NC_092323.1	5536834	5536276	0.00
NC_092323.1	5536834	5536301	0.00
NC_092323.1	5536834	5536326	0.00
NC_092323.1	5536834	5536351	0.00
NC_092323.1	5536834	5536376	0.00
NC_092323.1	5536834	5536401	0.00
NC_092323.1	5536834	5536426	0.00
NC_092323.1	5536834	5536451	0.00
NC_092323.1	5536834	5536476	0.00
NC_092323.1	5536834	5536501	0.00
NC_092323.1	5536834	5536526	0.00
NC_092323.1	5536834	5536551	0.00
NC_092323.1	5536834	5536576	0.00
NC_092323.1	5536834	5536601	0.00
NC_092323.1	5536834	5536626	0.00
NC_092323.1	5536834	5536651	0.00
NC_092323.1	5536834	5536676	0.00
NC_092323.1	5536834	5536701	0.00
NC_092323.1	5536834	5536726	0.68
NC_092323.1	5536834	5536751	1.00
NC_092323.1	5536834	5536776	1.00
NC_092323.1	5536834	5536801	1.00
NC_092323.1	5536834	5536826	1.00
NC_092323.1	5536834	5536851	1.00
NC_092323.1	5536834	5536876	0.72
NC_092323.1	5536834	5536901	1.00
NC_092323.1	5536834	5536926	1.00
NC_092323.1	5536834	5536951	1.00
NC_092323.1	5536834	5536976	1.00
NC_092323.1	5536834	5537001	1.00
NC_092323.1	5536834	5537026	0.60
NC_092323.1	5536834	5537051	0.00
NC_092323.1	5536834	5537076	0.00
NC_092323.1	5536834	5537101	0.00
NC_092323.1	5536834	5537126	0.00
NC_092323.1	5536834	5537151	0.00
NC_092323.1	5536834	5537176	0.00
NC_092323.1	5536834	5537201	0.00
NC_092323.1	5536834	5537226	0.00
NC_092323.1	5536834	5537251	0.00
NC_092323.1	5536834	5537276	0.00
NC_092323.1	5536834	5537301	0.00
NC_092323.1	5536834	5537326	0.00
NC_092323.1	5536834	5537351	0.00
NC_092323.1	5536834	5537376	0.00
NC_092323.1	5536834	5537401	0.00
NC_092323.1	5536834	5537426	0.00
NC_092323.1	5536834	5537451	0.00
NC_092323.1	5536834	5537476	0.00
NC_092323.1	5536834	5537501	0.00
NC_092323.1	5536834	5537526	0.00
NC_092323.1	5536834	5537551	0.00
NC_092323.1	5536834	5537576	0.00
NC_092323.1	5536834	5537601	0.00
NC_092323.1	5536834	5537626	0.00
NC_092323.1	5536834	5537651	0.00
NC_092323.1	5536834	5537676	0.00
NC_092323.1	5536834	5537701	0.00
NC_092323.1	5536834	5537726	0.00
NC_092323.1	5536834	5537751	0.00
NC_092323.1	5536834	5537776	0.00
NC_092323.1	5536834	5537801	0.00
NC_092323.1	5536834	5537826	0.00
NC_092323.1	5536834	5537851	0.00
NC_092323.1	5536834	5537876	0.00
NC_092323.1	5536834	5537901	0.00
NC_092323.1	5536834	5537926	0.00
NC_092323.1	5536834	5537951	0.00
NC_092323.1	5536834	5537976	0.00
NC_092323.1	5536834	5538001	0.00
NC_092323.1	5536834	5538026	0.00
NC_092323.1	5536834	5538051	0.00
NC_092323.1	5536834	5538076	0.00
NC_092323.1	5536834	5538101	0.00
NC_092323.1	5536834	5538126	0.00
NC_092323.1	5536834	5538151	0.00
NC_092323.1	5536834	5538176	0.00
NC_092323.1	5536834	5538201	0.00
NC_092323.1	5536834	5538226	0.00
NC_092323.1	5536834	5538251	0.00
NC_092323.1	5536834	5538276	0.00
NC_092323.1	5536834	5538301	0.00
NC_092323.1	5536834	5538326	0.00
NC_092323.1	5536834	5538351	0.00
NC_092323.1	5536834	5538376	0.00
NC_092323.1	5536834	5538401	0.00
NC_092323.1	5536834	5538426	0.00
NC_092323.1	5536834	5538451	0.00
NC_092323.1	5536834	5538476	0.00
NC_092323.1	5536834	5538501	0.00
NC_092323.1	5536834	5538526	0.00
NC_092323.1	5536834	5538551	0.00
NC_092323.1	5536834	5538576	0.00
NC_092323.1	5536834	5538601	0.00
NC_092323.1	5536834	5538626	0.00
NC_092323.1	5536834	5538651	0.00
NC_092323.1	5536834	5538676	0.00
NC_092323.1	5536834	5538701	0.00
NC_092323.1	5536834	5538726	0.00
NC_092323.1	5536834	5538751	0.00
NC_092323.1	5536834	5538776	0.00
NC_092323.1	5536834	5538801	0.00
NC_092323.1	5536834	5538826	0.00
NC_092325.1	23063527	23061526	0.00
NC_092325.1	23063527	23061551	0.00
NC_092325.1	23063527	23061576	0.00
NC_092325.1	23063527	23061601	0.00
NC_092325.1	23063527	23061626	0.00
NC_092325.1	23063527	23061651	0.00
NC_092325.1	23063527	23061676	0.00
NC_092325.1	23063527	23061701	0.00
NC_092325.1	23063527	23061726	0.00
NC_092325.1	23063527	23061751	0.00
NC_092325.1	23063527	23061776	0.00
NC_092325.1	23063527	23061801	0.00
NC_092325.1	23063527	23061826	0.00
NC_092325.1	23063527	23061851	0.00
NC_092325.1	23063527	23061876	0.00
NC_092325.1	23063527	23061901	0.00
NC_092325.1	23063527	23061926	0.00
NC_092325.1	23063527	23061951	0.00
NC_092325.1	23063527	23061976	0.00
NC_092325.1	23063527	23062001	0.00
NC_092325.1	23063527	23062026	0.00
NC_092325.1	23063527	23062051	0.00
NC_092325.1	23063527	23062076	0.00
NC_092325.1	23063527	23062101	0.00
NC_092325.1	23063527	23062126	0.00
NC_092325.1	23063527	23062151	0.00
NC_092325.1	23063527	23062176	0.00
NC_092325.1	23063527	23062201	0.00
NC_092325.1	23063527	23062226	0.00
NC_092325.1	23063527	23062251	0.00
NC_092325.1	23063527	23062276	0.00
NC_092325.1	23063527	23062301	0.00
NC_092325.1	23063527	23062326	0.00
NC_092325.1	23063527	23062351	0.00
NC_092325.1	23063527	23062376	0.00
NC_092325.1	23063527	23062401	0.00
NC_092325.1	23063527	23062426	0.00
NC_092325.1	23063527	23062451	0.00
NC_092325.1	23063527	23062476	0.00
NC_092325.1	23063527	23062501	0.00
NC_092325.1	23063527	23062526	0.00
NC_092325.1	23063527	23062551	0.00
NC_092325.1	23063527	23062576	0.00
NC_092325.1	23063527	23062601	0.00
NC_092325.1	23063527	23062626	0.00
NC_092325.1	23063527	23062651	0.00
NC_092325.1	23063527	23062676	0.00
NC_092325.1	23063527	23062701	0.00
NC_092325.1	23063527	23062726	0.00
NC_092325.1	23063527	23062751	0.00
NC_092325.1	23063527	23062776	0.00
NC_092325.1	23063527	23062801	0.00
NC_092325.1	23063527	23062826	0.00
NC_092325.1	23063527	23062851	0.00
NC_092325.1	23063527	23062876	0.00
NC_092325.1	23063527	23062901	0.00
NC_092325.1	23063527	23062926	0.00
NC_092325.1	23063527	23062951	0.00
NC_092325.1	23063527	23062976	0.00
NC_092325.1	23063527	23063001	0.00
NC_092325.1	23063527	23063026	0.00
NC_092325.1	23063527	23063051	0.00
NC_092325.1	23063527	23063076	0.00
NC_092325.1	23063527	23063101	0.00
NC_092325.1	23063527	23063126	0.00
NC_092325.1	23063527	23063151	0.00
NC_092325.1	23063527	23063176	0.00
NC_092325.1	23063527	23063201	0.00
NC_092325.1	23063527	23063226	0.00
NC_092325.1	23063527	23063251	0.00
NC_092325.1	23063527	23063276	0.00
NC_092325.1	23063527	23063301	0.00
NC_092325.1	23063527	23063326	0.00
NC_092325.1	23063527	23063351	0.00
NC_092325.1	23063527	23063376	0.00
NC_092325.1	23063527	23063401	0.00
NC_092325.1	23063527	23063426	0.00
NC_092325.1	23063527	23063451	0.00
NC_092325.1	23063527	23063476	0.24
NC_092325.1	23063527	23063501	1.00
NC_092325.1	23063527	23063526	1.00
NC_092325.1	23063527	23063551	1.00
NC_092325.1	23063527	23063576	1.56
NC_092325.1	23063527	23063601	2.00
NC_092325.1	23063527	23063626	1.76
NC_092325.1	23063527	23063651	1.00
NC_092325.1	23063527	23063676	1.00
NC_092325.1	23063527	23063701	1.00
NC_092325.1	23063527	23063726	0.44
NC_092325.1	23063527	23063751	0.00
NC_092325.1	23063527	23063776	0.00
NC_092325.1	23063527	23063801	0.00
NC_092325.1	23063527	23063826	0.00
NC_092325.1	23063527	23063851	0.00
NC_092325.1	23063527	23063876	0.00
NC_092325.1	23063527	23063901	0.00
NC_092325.1	23063527	23063926	0.00
NC_092325.1	23063527	23063951	0.00
NC_092325.1	23063527	23063976	0.00
NC_092325.1	23063527	23064001	0.00
NC_092325.1	23063527	23064026	0.00
NC_092325.1	23063527	23064051	0.00
NC_092325.1	23063527	23064076	0.00
NC_092325.1	23063527	23064101	0.00
NC_092325.1	23063527	23064126	0.00
NC_092325.1	23063527	23064151	0.00
NC_092325.1	23063527	23064176	0.00
NC_092325.1	23063527	23064201	0.00
NC_092325.1	23063527	23064226	0.00
NC_092325.1	23063527	23064251	0.00
NC_092325.1	23063527	23064276	0.00
NC_092325.1	23063527	23064301	0.00
NC_092325.1	23063527	23064326	0.00
NC_092325.1	23063527	23064351	0.00
NC_092325.1	23063527	23064376	0.00
NC_092325.1	23063527	23064401	0.00
NC_092325.1	23063527	23064426	0.00
NC_092325.1	23063527	23064451	0.00
NC_092325.1	23063527	23064476	0.00
NC_092325.1	23063527	23064501	0.00
NC_092325.1	23063527	23064526	0.00
NC_092325.1	23063527	23064551	0.00
NC_092325.1	23063527	23064576	0.00
NC_092325.1	23063527	23064601	0.00
NC_092325.1	23063527	23064626	0.00
NC_092325.1	23063527	23064651	0.00
NC_092325.1	23063527	23064676	0.00
NC_092325.1	23063527	23064701	0.00
NC_092325.1	23063527	23064726	0.00
NC_092325.1	23063527	23064751	0.00
NC_092325.1	23063527	23064776	0.00
NC_092325.1	23063527	23064801	0.00
NC_092325.1	23063527	23064826	0.00
NC_092325.1	23063527	23064851	0.00
NC_092325.1	23063527	23064876	0.00
NC_092325.1	23063527	23064901	0.00
NC_092325.1	23063527	23064926	0.00
NC_092325.1	23063527	23064951	0.00
NC_092325.1	23063527	23064976	0.00
NC_092325.1	23063527	23065001	0.00
NC_092325.1	23063527	23065026	0.00
NC_092325.1	23063527	23065051	0.00
NC_092325.1	23063527	23065076	0.00
NC_092325.1	23063527	23065101	0.00
NC_092325.1	23063527	23065126	0.00
NC_092325.1	23063527	23065151	0.00
NC_092325.1	23063527	23065176	0.00
NC_092325.1	23063527	23065201	0.00
NC_092325.1	23063527	23065226	0.00
NC_092325.1	23063527	23065251	0.00
NC_092325.1	23063527	23065276	0.00
NC_092325.1	23063527	23065301	0.00
NC_092325.1	23063527	23065326	0.00
NC_092325.1	23063527	23065351	0.00
NC_092325.1	23063527	23065376	0.00
NC_092325.1	23063527	23065401	0.00
NC_092325.1	23063527	23065426	0.00
NC_092325.1	23063527	23065451	0.00
NC_092325.1	23063527	23065476	0.00
NC_092325.1	23063527	23065501	0.00
NC_092325.1	23063527	23065526	0.00
NC_092326.1	13928952	13926951	0.00
NC_092326.1	13928952	13926976	0.00
NC_092326.1	13928952	13927001	0.00
NC_092326.1	13928952	13927026	0.00
NC_092326.1	13928952	13927051	0.00
NC_092326.1	13928952	13927076	0.00
NC_092326.1	13928952	13927101	0.00
NC_092326.1	13928952	13927126	0.00
NC_092326.1	13928952	13927151	0.00
NC_092326.1	13928952	13927176	0.00
NC_092326.1	13928952	13927201	0.00
NC_092326.1	13928952	13927226	0.00
NC_092326.1	13928952	13927251	0.00
NC_092326.1	13928952	13927276	0.00
NC_092326.1	13928952	13927301	0.00
NC_092326.1	13928952	13927326	0.00
NC_092326.1	13928952	13927351	0.00
NC_092326.1	13928952	13927376	0.00
NC_092326.1	13928952	13927401	0.00
NC_092326.1	13928952	13927426	0.00
NC_092326.1	13928952	13927451	0.00
NC_092326.1	13928952	13927476	0.00
NC_092326.1	13928952	13927501	0.00
NC_092326.1	13928952	13927526	0.00
NC_092326.1	13928952	13927551	0.00
NC_092326.1	13928952	13927576	0.00
NC_092326.1	13928952	13927601	0.00
NC_092326.1	13928952	13927626	0.00
NC_092326.1	13928952	13927651	0.00
NC_092326.1	13928952	13927676	0.00
NC_092326.1	13928952	13927701	0.00
NC_092326.1	13928952	13927726	0.00
NC_092326.1	13928952	13927751	0.00
NC_092326.1	13928952	13927776	0.00
NC_092326.1	13928952	13927801	0.00
NC_092326.1	13928952	13927826	0.00
NC_092326.1	13928952	13927851	0.00
NC_092326.1	13928952	13927876	0.00
NC_092326.1	13928952	13927901	0.00
NC_092326.1	13928952	13927926	0.00
NC_092326.1	13928952	13927951	0.00
NC_092326.1	13928952	13927976	0.00
NC_092326.1	13928952	13928001	0.00
NC_092326.1	13928952	13928026	0.00
NC_092326.1	13928952	13928051	0.00
NC_092326.1	13928952	13928076	0.00
NC_092326.1	13928952	13928101	0.00
NC_092326.1	13928952	13928126	0.00
NC_092326.1	13928952	13928151	0.00
NC_092326.1	13928952	13928176	0.00
NC_092326.1	13928952	13928201	0.00
NC_092326.1	13928952	13928226	0.00
NC_092326.1	13928952	13928251	0.00
NC_092326.1	13928952	13928276	0.00
NC_092326.1	13928952	13928301	0.00
NC_092326.1	13928952	13928326	0.00
NC_092326.1	13928952	13928351	0.00
NC_092326.1	13928952	13928376	0.00
NC_092326.1	13928952	13928401	0.00
NC_092326.1	13928952	13928426	0.00
NC_092326.1	13928952	13928451	0.00
NC_092326.1	13928952	13928476	0.00
NC_092326.1	13928952	13928501	0.00
NC_092326.1	13928952	13928526	0.00
NC_092326.1	13928952	13928551	0.00
NC_092326.1	13928952	13928576	0.00
NC_092326.1	13928952	13928601	0.00
NC_092326.1	13928952	13928626	0.00
NC_092326.1	13928952	13928651	0.00
NC_092326.1	13928952	13928676	0.00
NC_092326.1	13928952	13928701	0.00
NC_092326.1	13928952	13928726	0.00
NC_092326.1	13928952	13928751	0.00
NC_092326.1	13928952	13928776	0.00
NC_092326.1	13928952	13928801	0.00
NC_092326.1	13928952	13928826	0.00
NC_092326.1	13928952	13928851	0.00
NC_092326.1	13928952	13928876	0.36
NC_092326.1	13928952	13928901	1.00
NC_092326.1	13928952	13928926	1.44
NC_092326.1	13928952	13928951	2.00
NC_092326.1	13928952	13928976	2.00
NC_092326.1	13928952	13929001	2.00
NC_092326.1	13928952	13929026	1.64
NC_092326.1	13928952	13929051	1.00
NC_092326.1	13928952	13929076	0.56
NC_092326.1	13928952	13929101	0.00
NC_092326.1	13928952	13929126	0.00
NC_092326.1	13928952	13929151	0.00
NC_092326.1	13928952	13929176	0.00
NC_092326.1	13928952	13929201	0.00
NC_092326.1	13928952	13929226	0.00
NC_092326.1	13928952	13929251	0.00
NC_092326.1	13928952	13929276	0.00
NC_092326.1	13928952	13929301	0.00
NC_092326.1	13928952	13929326	0.00
NC_092326.1	13928952	13929351	0.00
NC_092326.1	13928952	13929376	0.00
NC_092326.1	13928952	13929401	0.00
NC_092326.1	13928952	13929426	0.00
NC_092326.1	13928952	13929451	0.00
NC_092326.1	13928952	13929476	0.00
NC_092326.1	13928952	13929501	0.00
NC_092326.1	13928952	13929526	0.00
NC_092326.1	13928952	13929551	0.00
NC_092326.1	13928952	13929576	0.00
NC_092326.1	13928952	13929601	0.00
NC_092326.1	13928952	13929626	0.00
NC_092326.1	13928952	13929651	0.00
NC_092326.1	13928952	13929676	0.00
NC_092326.1	13928952	13929701	0.00
NC_092326.1	13928952	13929726	0.00
NC_092326.1	13928952	13929751	0.00
NC_092326.1	13928952	13929776	0.00
NC_092326.1	13928952	13929801	0.00
NC_092326.1	13928952	13929826	0.00
NC_092326.1	13928952	13929851	0.00
NC_092326.1	13928952	13929876	0.00
NC_092326.1	13928952	13929901	0.00
NC_092326.1	13928952	13929926	0.00
NC_092326.1	13928952	13929951	0.00
NC_092326.1	13928952	13929976	0.00
NC_092326.1	13928952	13930001	0.00
NC_092326.1	13928952	13930026	0.00
NC_092326.1	13928952	13930051	0.00
NC_092326.1	13928952	13930076	0.00
NC_092326.1	13928952	13930101	0.00
NC_092326.1	13928952	13930126	0.00
NC_092326.1	13928952	13930151	0.00
NC_092326.1	13928952	13930176	0.00
NC_092326.1	13928952	13930201	0.00
NC_092326.1	13928952	13930226	0.00
NC_092326.1	13928952	13930251	0.00
NC_092326.1	13928952	13930276	0.00
NC_092326.1	13928952	13930301	0.00
NC_092326.1	13928952	13930326	0.00
NC_092326.1	13928952	13930351	0.00
NC_092326.1	13928952	13930376	0.00
NC_092326.1	13928952	13930401	0.00
NC_092326.1	13928952	13930426	0.00
NC_092326.1	13928952	13930451	0.00
NC_092326.1	13928952	13930476	0.00
NC_092326.1	13928952	13930501	0.00
NC_092326.1	13928952	13930526	0.00
NC_092326.1	13928952	13930551	0.00
NC_092326.1	13928952	13930576	0.00
NC_092326.1	13928952	13930601	0.00
NC_092326.1	13928952	13930626	0.00
NC_092326.1	13928952	13930651	0.00
NC_092326.1	13928952	13930676	0.00
NC_092326.1	13928952	13930701	0.00
NC_092326.1	13928952	13930726	0.00
NC_092326.1	13928952	13930751	0.00
NC_092326.1	13928952	13930776	0.00
NC_092326.1	13928952	13930801	0.00
NC_092326.1	13928952	13930826	0.00
NC_092326.1	13928952	13930851	0.00
NC_092326.1	13928952	13930876	0.00
NC_092326.1	13928952	13930901	0.00
NC_092326.1	13928952	13930926	0.00
NC_092326.1	13928952	13930951	0.00
NC_092326.1	13929051	13927051	0.00
NC_092326.1	13929051	13927076	0.00
NC_092326.1	13929051	13927101	0.00
NC_092326.1	13929051	13927126	0.00
NC_092326.1	13929051	13927151	0.00
NC_092326.1	13929051	13927176	0.00
NC_092326.1	13929051	13927201	0.00
NC_092326.1	13929051	13927226	0.00
NC_092326.1	13929051	13927251	0.00
NC_092326.1	13929051	13927276	0.00
NC_092326.1	13929051	13927301	0.00
NC_092326.1	13929051	13927326	0.00
NC_092326.1	13929051	13927351	0.00
NC_092326.1	13929051	13927376	0.00
NC_092326.1	13929051	13927401	0.00
NC_092326.1	13929051	13927426	0.00
NC_092326.1	13929051	13927451	0.00
NC_092326.1	13929051	13927476	0.00
NC_092326.1	13929051	13927501	0.00
NC_092326.1	13929051	13927526	0.00
NC_092326.1	13929051	13927551	0.00
NC_092326.1	13929051	13927576	0.00
NC_092326.1	13929051	13927601	0.00
NC_092326.1	13929051	13927626	0.00
NC_092326.1	13929051	13927651	0.00
NC_092326.1	13929051	13927676	0.00
NC_092326.1	13929051	13927701	0.00
NC_092326.1	13929051	13927726	0.00
NC_092326.1	13929051	13927751	0.00
NC_092326.1	13929051	13927776	0.00
NC_092326.1	13929051	13927801	0.00
NC_092326.1	13929051	13927826	0.00
NC_092326.1	13929051	13927851	0.00
NC_092326.1	13929051	13927876	0.00
NC_092326.1	13929051	13927901	0.00
NC_092326.1	13929051	13927926	0.00
NC_092326.1	13929051	13927951	0.00
NC_092326.1	13929051	13927976	0.00
NC_092326.1	13929051	13928001	0.00
NC_092326.1	13929051	13928026	0.00
NC_092326.1	13929051	13928051	0.00
NC_092326.1	13929051	13928076	0.00
NC_092326.1	13929051	13928101	0.00
NC_092326.1	13929051	13928126	0.00
NC_092326.1	13929051	13928151	0.00
NC_092326.1	13929051	13928176	0.00
NC_092326.1	13929051	13928201	0.00
NC_092326.1	13929051	13928226	0.00
NC_092326.1	13929051	13928251	0.00
NC_092326.1	13929051	13928276	0.00
NC_092326.1	13929051	13928301	0.00
NC_092326.1	13929051	13928326	0.00
NC_092326.1	13929051	13928351	0.00
NC_092326.1	13929051	13928376	0.00
NC_092326.1	13929051	13928401	0.00
NC_092326.1	13929051	13928426	0.00
NC_092326.1	13929051	13928451	0.00
NC_092326.1	13929051	13928476	0.00
NC_092326.1	13929051	13928501	0.00
NC_092326.1	13929051	13928526	0.00
NC_092326.1	13929051	13928551	0.00
NC_092326.1	13929051	13928576	0.00
NC_092326.1	13929051	13928601	0.00
NC_092326.1	13929051	13928626	0.00
NC_092326.1	13929051	13928651	0.00
NC_092326.1	13929051	13928676	0.00
NC_092326.1	13929051	13928701	0.00
NC_092326.1	13929051	13928726	0.00
NC_092326.1	13929051	13928751	0.00
NC_092326.1	13929051	13928776	0.00
NC_092326.1	13929051	13928801	0.00
NC_092326.1	13929051	13928826	0.00
NC_092326.1	13929051	13928851	0.00
NC_092326.1	13929051	13928876	0.36
NC_092326.1	13929051	13928901	1.00
NC_092326.1	13929051	13928926	1.44
NC_092326.1	13929051	13928951	2.00
NC_092326.1	13929051	13928976	2.00
NC_092326.1	13929051	13929001	2.00
NC_092326.1	13929051	13929026	1.64
NC_092326.1	13929051	13929051	1.00
NC_092326.1	13929051	13929076	0.56
NC_092326.1	13929051	13929101	0.00
NC_092326.1	13929051	13929126	0.00
NC_092326.1	13929051	13929151	0.00
NC_092326.1	13929051	13929176	0.00
NC_092326.1	13929051	13929201	0.00
NC_092326.1	13929051	13929226	0.00
NC_092326.1	13929051	13929251	0.00
NC_092326.1	13929051	13929276	0.00
NC_092326.1	13929051	13929301	0.00
NC_092326.1	13929051	13929326	0.00
NC_092326.1	13929051	13929351	0.00
NC_092326.1	13929051	13929376	0.00
NC_092326.1	13929051	13929401	0.00
NC_092326.1	13929051	13929426	0.00
NC_092326.1	13929051	13929451	0.00
NC_092326.1	13929051	13929476	0.00
NC_092326.1	13929051	13929501	0.00
NC_092326.1	13929051	13929526	0.00
NC_092326.1	13929051	13929551	0.00
NC_092326.1	13929051	13929576	0.00
NC_092326.1	13929051	13929601	0.00
NC_092326.1	13929051	13929626	0.00
NC_092326.1	13929051	13929651	0.00
NC_092326.1	13929051	13929676	0.00
NC_092326.1	13929051	13929701	0.00
NC_092326.1	13929051	13929726	0.00
NC_092326.1	13929051	13929751	0.00
NC_092326.1	13929051	13929776	0.00
NC_092326.1	13929051	13929801	0.00
NC_092326.1	13929051	13929826	0.00
NC_092326.1	13929051	13929851	0.00
NC_092326.1	13929051	13929876	0.00
NC_092326.1	13929051	13929901	0.00
NC_092326.1	13929051	13929926	0.00
NC_092326.1	13929051	13929951	0.00
NC_092326.1	13929051	13929976	0.00
NC_092326.1	13929051	13930001	0.00
NC_092326.1	13929051	13930026	0.00
NC_092326.1	13929051	13930051	0.00
NC_092326.1	13929051	13930076	0.00
NC_092326.1	13929051	13930101	0.00
NC_092326.1	13929051	13930126	0.00
NC_092326.1	13929051	13930151	0.00
NC_092326.1	13929051	13930176	0.00
NC_092326.1	13929051	13930201	0.00
NC_092326.1	13929051	13930226	0.00
NC_092326.1	13929051	13930251	0.00
NC_092326.1	13929051	13930276	0.00
NC_092326.1	13929051	13930301	0.00
NC_092326.1	13929051	13930326	0.00
NC_092326.1	13929051	13930351	0.00
NC_092326.1	13929051	13930376	0.00
NC_092326.1	13929051	13930401	0.00
NC_092326.1	13929051	13930426	0.00
NC_092326.1	13929051	13930451	0.00
NC_092326.1	13929051	13930476	0.00
NC_092326.1	13929051	13930501	0.00
NC_092326.1	13929051	13930526	0.00
NC_092326.1	13929051	13930551	0.00
NC_092326.1	13929051	13930576	0.00
NC_092326.1	13929051	13930601	0.00
NC_092326.1	13929051	13930626	0.00
NC_092326.1	13929051	13930651	0.00
NC_092326.1	13929051	13930676	0.00
NC_092326.1	13929051	13930701	0.00
NC_092326.1	13929051	13930726	0.00
NC_092326.1	13929051	13930751	0.00
NC_092326.1	13929051	13930776	0.00
NC_092326.1	13929051	13930801	0.00
NC_092326.1	13929051	13930826	0.00
NC_092326.1	13929051	13930851	0.00
NC_092326.1	13929051	13930876	0.00
NC_092326.1	13929051	13930901	0.00
NC_092326.1	13929051	13930926	0.00
NC_092326.1	13929051	13930951	0.00
NC_092326.1	13929051	13930976	0.00
NC_092326.1	13929051	13931001	0.00
NC_092326.1	13929051	13931026	0.00
NC_092326.1	13929051	13931051	0.00
NC_092328.1	30200123	30198101	0.00
NC_092328.1	30200123	30198126	0.00
NC_092328.1	30200123	30198151	0.00
NC_092328.1	30200123	30198176	0.00
NC_092328.1	30200123	30198201	0.00
NC_092328.1	30200123	30198226	0.00
NC_092328.1	30200123	30198251	0.00
NC_092328.1	30200123	30198276	0.00
NC_092328.1	30200123	30198301	0.00
NC_092328.1	30200123	30198326	0.00
NC_092328.1	30200123	30198351	0.00
NC_092328.1	30200123	30198376	0.00
NC_092328.1	30200123	30198401	0.00
NC_092328.1	30200123	30198426	0.00
NC_092328.1	30200123	30198451	0.00
NC_092328.1	30200123	30198476	0.00
NC_092328.1	30200123	30198501	0.00
NC_092328.1	30200123	30198526	0.00
NC_092328.1	30200123	30198551	0.00
NC_092328.1	30200123	30198576	0.00
NC_092328.1	30200123	30198601	0.00
NC_092328.1	30200123	30198626	0.00
NC_092328.1	30200123	30198651	0.00
NC_092328.1	30200123	30198676	0.00
NC_092328.1	30200123	30198701	0.00
NC_092328.1	30200123	30198726	0.00
NC_092328.1	30200123	30198751	0.00
NC_092328.1	30200123	30198776	0.00
NC_092328.1	30200123	30198801	0.00
NC_092328.1	30200123	30198826	0.00
NC_092328.1	30200123	30198851	0.00
NC_092328.1	30200123	30198876	0.00
NC_092328.1	30200123	30198901	0.00
NC_092328.1	30200123	30198926	0.00
NC_092328.1	30200123	30198951	0.00
NC_092328.1	30200123	30198976	0.00
NC_092328.1	30200123	30199001	0.00
NC_092328.1	30200123	30199026	0.00
NC_092328.1	30200123	30199051	0.00
NC_092328.1	30200123	30199076	0.00
NC_092328.1	30200123	30199101	0.00
NC_092328.1	30200123	30199126	0.00
NC_092328.1	30200123	30199151	0.00
NC_092328.1	30200123	30199176	0.00
NC_092328.1	30200123	30199201	0.00
NC_092328.1	30200123	30199226	0.00
NC_092328.1	30200123	30199251	0.00
NC_092328.1	30200123	30199276	0.00
NC_092328.1	30200123	30199301	0.00
NC_092328.1	30200123	30199326	0.00
NC_092328.1	30200123	30199351	0.00
NC_092328.1	30200123	30199376	0.00
NC_092328.1	30200123	30199401	0.00
NC_092328.1	30200123	30199426	0.00
NC_092328.1	30200123	30199451	0.00
NC_092328.1	30200123	30199476	0.00
NC_092328.1	30200123	30199501	0.00
NC_092328.1	30200123	30199526	0.00
NC_092328.1	30200123	30199551	0.00
NC_092328.1	30200123	30199576	0.00
NC_092328.1	30200123	30199601	0.00
NC_092328.1	30200123	30199626	0.00
NC_092328.1	30200123	30199651	0.00
NC_092328.1	30200123	30199676	0.00
NC_092328.1	30200123	30199701	0.00
NC_092328.1	30200123	30199726	0.00
NC_092328.1	30200123	30199751	0.00
NC_092328.1	30200123	30199776	0.00
NC_092328.1	30200123	30199801	0.00
NC_092328.1	30200123	30199826	0.00
NC_092328.1	30200123	30199851	0.00
NC_092328.1	30200123	30199876	0.00
NC_092328.1	30200123	30199901	0.00
NC_092328.1	30200123	30199926	0.00
NC_092328.1	30200123	30199951	0.00
NC_092328.1	30200123	30199976	0.00
NC_092328.1	30200123	30200001	0.00
NC_092328.1	30200123	30200026	0.00
NC_092328.1	30200123	30200051	0.00
NC_092328.1	30200123	30200076	0.00
NC_092328.1	30200123	30200101	0.28
NC_092328.1	30200123	30200126	1.00
NC_092328.1	30200123	30200151	1.00
NC_092328.1	30200123	30200176	1.00
NC_092328.1	30200123	30200201	1.00
NC_092328.1	30200123	30200226	1.00
NC_092328.1	30200123	30200251	0.72
NC_092328.1	30200123	30200276	0.00
NC_092328.1	30200123	30200301	0.00
NC_092328.1	30200123	30200326	0.00
NC_092328.1	30200123	30200351	0.00
NC_092328.1	30200123	30200376	0.00
NC_092328.1	30200123	30200401	0.00
NC_092328.1	30200123	30200426	0.00
NC_092328.1	30200123	30200451	0.00
NC_092328.1	30200123	30200476	0.00
NC_092328.1	30200123	30200501	0.00
NC_092328.1	30200123	30200526	0.00
NC_092328.1	30200123	30200551	0.00
NC_092328.1	30200123	30200576	0.00
NC_092328.1	30200123	30200601	0.00
NC_092328.1	30200123	30200626	0.00
NC_092328.1	30200123	30200651	0.00
NC_092328.1	30200123	30200676	0.00
NC_092328.1	30200123	30200701	0.00
NC_092328.1	30200123	30200726	0.00
NC_092328.1	30200123	30200751	0.00
NC_092328.1	30200123	30200776	0.00
NC_092328.1	30200123	30200801	0.00
NC_092328.1	30200123	30200826	0.00
NC_092328.1	30200123	30200851	0.00
NC_092328.1	30200123	30200876	0.00
NC_092328.1	30200123	30200901	0.00
NC_092328.1	30200123	30200926	0.00
NC_092328.1	30200123	30200951	0.00
NC_092328.1	30200123	30200976	0.00
NC_092328.1	30200123	30201001	0.00
NC_092328.1	30200123	30201026	0.00
NC_092328.1	30200123	30201051	0.00
NC_092328.1	30200123	30201076	0.00
NC_092328.1	30200123	30201101	0.00
NC_092328.1	30200123	30201126	0.00
NC_092328.1	30200123	30201151	0.00
NC_092328.1	30200123	30201176	0.00
NC_092328.1	30200123	30201201	0.00
NC_092328.1	30200123	30201226	0.00
NC_092328.1	30200123	30201251	0.00
NC_092328.1	30200123	30201276	0.00
NC_092328.1	30200123	30201301	0.00
NC_092328.1	30200123	30201326	0.00
NC_092328.1	30200123	30201351	0.00
NC_092328.1	30200123	30201376	0.00
NC_092328.1	30200123	30201401	0.00
NC_092328.1	30200123	30201426	0.00
NC_092328.1	30200123	30201451	0.00
NC_092328.1	30200123	30201476	0.00
NC_092328.1	30200123	30201501	0.00
NC_092328.1	30200123	30201526	0.00
NC_092328.1	30200123	30201551	0.00
NC_092328.1	30200123	30201576	0.00
NC_092328.1	30200123	30201601	0.00
NC_092328.1	30200123	30201626	0.00
NC_092328.1	30200123	30201651	0.00
NC_092328.1	30200123	30201676	0.00
NC_092328.1	30200123	30201701	0.00
NC_092328.1	30200123	30201726	0.00
NC_092328.1	30200123	30201751	0.00
NC_092328.1	30200123	30201776	0.00
NC_092328.1	30200123	30201801	0.00
NC_092328.1	30200123	30201826	0.00
NC_092328.1	30200123	30201851	0.00
NC_092328.1	30200123	30201876	0.00
NC_092328.1	30200123	30201901	0.00
NC_092328.1	30200123	30201926	0.00
NC_092328.1	30200123	30201951	0.00
NC_092328.1	30200123	30201976	0.00
NC_092328.1	30200123	30202001	0.00
NC_092328.1	30200123	30202026	0.00
NC_092328.1	30200123	30202051	0.00
NC_092328.1	30200123	30202076	0.00
NC_092328.1	30200123	30202101	0.00
NC_092328.1	30200128	30198126	0.00
NC_092328.1	30200128	30198151	0.00
NC_092328.1	30200128	30198176	0.00
NC_092328.1	30200128	30198201	0.00
NC_092328.1	30200128	30198226	0.00
NC_092328.1	30200128	30198251	0.00
NC_092328.1	30200128	30198276	0.00
NC_092328.1	30200128	30198301	0.00
NC_092328.1	30200128	30198326	0.00
NC_092328.1	30200128	30198351	0.00
NC_092328.1	30200128	30198376	0.00
NC_092328.1	30200128	30198401	0.00
NC_092328.1	30200128	30198426	0.00
NC_092328.1	30200128	30198451	0.00
NC_092328.1	30200128	30198476	0.00
NC_092328.1	30200128	30198501	0.00
NC_092328.1	30200128	30198526	0.00
NC_092328.1	30200128	30198551	0.00
NC_092328.1	30200128	30198576	0.00
NC_092328.1	30200128	30198601	0.00
NC_092328.1	30200128	30198626	0.00
NC_092328.1	30200128	30198651	0.00
NC_092328.1	30200128	30198676	0.00
NC_092328.1	30200128	30198701	0.00
NC_092328.1	30200128	30198726	0.00
NC_092328.1	30200128	30198751	0.00
NC_092328.1	30200128	30198776	0.00
NC_092328.1	30200128	30198801	0.00
NC_092328.1	30200128	30198826	0.00
NC_092328.1	30200128	30198851	0.00
NC_092328.1	30200128	30198876	0.00
NC_092328.1	30200128	30198901	0.00
NC_092328.1	30200128	30198926	0.00
NC_092328.1	30200128	30198951	0.00
NC_092328.1	30200128	30198976	0.00
NC_092328.1	30200128	30199001	0.00
NC_092328.1	30200128	30199026	0.00
NC_092328.1	30200128	30199051	0.00
NC_092328.1	30200128	30199076	0.00
NC_092328.1	30200128	30199101	0.00
NC_092328.1	30200128	30199126	0.00
NC_092328.1	30200128	30199151	0.00
NC_092328.1	30200128	30199176	0.00
NC_092328.1	30200128	30199201	0.00
NC_092328.1	30200128	30199226	0.00
NC_092328.1	30200128	30199251	0.00
NC_092328.1	30200128	30199276	0.00
NC_092328.1	30200128	30199301	0.00
NC_092328.1	30200128	30199326	0.00
NC_092328.1	30200128	30199351	0.00
NC_092328.1	30200128	30199376	0.00
NC_092328.1	30200128	30199401	0.00
NC_092328.1	30200128	30199426	0.00
NC_092328.1	30200128	30199451	0.00
NC_092328.1	30200128	30199476	0.00
NC_092328.1	30200128	30199501	0.00
NC_092328.1	30200128	30199526	0.00
NC_092328.1	30200128	30199551	0.00
NC_092328.1	30200128	30199576	0.00
NC_092328.1	30200128	30199601	0.00
NC_092328.1	30200128	30199626	0.00
NC_092328.1	30200128	30199651	0.00
NC_092328.1	30200128	30199676	0.00
NC_092328.1	30200128	30199701	0.00
NC_092328.1	30200128	30199726	0.00
NC_092328.1	30200128	30199751	0.00
NC_092328.1	30200128	30199776	0.00
NC_092328.1	30200128	30199801	0.00
NC_092328.1	30200128	30199826	0.00
NC_092328.1	30200128	30199851	0.00
NC_092328.1	30200128	30199876	0.00
NC_092328.1	30200128	30199901	0.00
NC_092328.1	30200128	30199926	0.00
NC_092328.1	30200128	30199951	0.00
NC_092328.1	30200128	30199976	0.00
NC_092328.1	30200128	30200001	0.00
NC_092328.1	30200128	30200026	0.00
NC_092328.1	30200128	30200051	0.00
NC_092328.1	30200128	30200076	0.00
NC_092328.1	30200128	30200101	0.28
NC_092328.1	30200128	30200126	1.00
NC_092328.1	30200128	30200151	1.00
NC_092328.1	30200128	30200176	1.00
NC_092328.1	30200128	30200201	1.00
NC_092328.1	30200128	30200226	1.00
NC_092328.1	30200128	30200251	0.72
NC_092328.1	30200128	30200276	0.00
NC_092328.1	30200128	30200301	0.00
NC_092328.1	30200128	30200326	0.00
NC_092328.1	30200128	30200351	0.00
NC_092328.1	30200128	30200376	0.00
NC_092328.1	30200128	30200401	0.00
NC_092328.1	30200128	30200426	0.00
NC_092328.1	30200128	30200451	0.00
NC_092328.1	30200128	30200476	0.00
NC_092328.1	30200128	30200501	0.00
NC_092328.1	30200128	30200526	0.00
NC_092328.1	30200128	30200551	0.00
NC_092328.1	30200128	30200576	0.00
NC_092328.1	30200128	30200601	0.00
NC_092328.1	30200128	30200626	0.00
NC_092328.1	30200128	30200651	0.00
NC_092328.1	30200128	30200676	0.00
NC_092328.1	30200128	30200701	0.00
NC_092328.1	30200128	30200726	0.00
NC_092328.1	30200128	30200751	0.00
NC_092328.1	30200128	30200776	0.00
NC_092328.1	30200128	30200801	0.00
NC_092328.1	30200128	30200826	0.00
NC_092328.1	30200128	30200851	0.00
NC_092328.1	30200128	30200876	0.00
NC_092328.1	30200128	30200901	0.00
NC_092328.1	30200128	30200926	0.00
NC_092328.1	30200128	30200951	0.00
NC_092328.1	30200128	30200976	0.00
NC_092328.1	30200128	30201001	0.00
NC_092328.1	30200128	30201026	0.00
NC_092328.1	30200128	30201051	0.00
NC_092328.1	30200128	30201076	0.00
NC_092328.1	30200128	30201101	0.00
NC_092328.1	30200128	30201126	0.00
NC_092328.1	30200128	30201151	0.00
NC_092328.1	30200128	30201176	0.00
NC_092328.1	30200128	30201201	0.00
NC_092328.1	30200128	30201226	0.00
NC_092328.1	30200128	30201251	0.00
NC_092328.1	30200128	30201276	0.00
NC_092328.1	30200128	30201301	0.00
NC_092328.1	30200128	30201326	0.00
NC_092328.1	30200128	30201351	0.00
NC_092328.1	30200128	30201376	0.00
NC_092328.1	30200128	30201401	0.00
NC_092328.1	30200128	30201426	0.00
NC_092328.1	30200128	30201451	0.00
NC_092328.1	30200128	30201476	0.00
NC_092328.1	30200128	30201501	0.00
NC_092328.1	30200128	30201526	0.00
NC_092328.1	30200128	30201551	0.00
NC_092328.1	30200128	30201576	0.00
NC_092328.1	30200128	30201601	0.00
NC_092328.1	30200128	30201626	0.00
NC_092328.1	30200128	30201651	0.00
NC_092328.1	30200128	30201676	0.00
NC_092328.1	30200128	30201701	0.00
NC_092328.1	30200128	30201726	0.00
NC_092328.1	30200128	30201751	0.00
NC_092328.1	30200128	30201776	0.00
NC_092328.1	30200128	30201801	0.00
NC_092328.1	30200128	30201826	0.00
NC_092328.1	30200128	30201851	0.00
NC_092328.1	30200128	30201876	0.00
NC_092328.1	30200128	30201901	0.00
NC_092328.1	30200128	30201926	0.00
NC_092328.1	30200128	30201951	0.00
NC_092328.1	30200128	30201976	0.00
NC_092328.1	30200128	30202001	0.00
NC_092328.1	30200128	30202026	0.00
NC_092328.1	30200128	30202051	0.00
NC_092328.1	30200128	30202076	0.00
NC_092328.1	30200128	30202101	0.00
NC_092328.1	30200128	30202126	0.00
NC_092328.1	30200139	30198126	0.00
NC_092328.1	30200139	30198151	0.00
NC_092328.1	30200139	30198176	0.00
NC_092328.1	30200139	30198201	0.00
NC_092328.1	30200139	30198226	0.00
NC_092328.1	30200139	30198251	0.00
NC_092328.1	30200139	30198276	0.00
NC_092328.1	30200139	30198301	0.00
NC_092328.1	30200139	30198326	0.00
NC_092328.1	30200139	30198351	0.00
NC_092328.1	30200139	30198376	0.00
NC_092328.1	30200139	30198401	0.00
NC_092328.1	30200139	30198426	0.00
NC_092328.1	30200139	30198451	0.00
NC_092328.1	30200139	30198476	0.00
NC_092328.1	30200139	30198501	0.00
NC_092328.1	30200139	30198526	0.00
NC_092328.1	30200139	30198551	0.00
NC_092328.1	30200139	30198576	0.00
NC_092328.1	30200139	30198601	0.00
NC_092328.1	30200139	30198626	0.00
NC_092328.1	30200139	30198651	0.00
NC_092328.1	30200139	30198676	0.00
NC_092328.1	30200139	30198701	0.00
NC_092328.1	30200139	30198726	0.00
NC_092328.1	30200139	30198751	0.00
NC_092328.1	30200139	30198776	0.00
NC_092328.1	30200139	30198801	0.00
NC_092328.1	30200139	30198826	0.00
NC_092328.1	30200139	30198851	0.00
NC_092328.1	30200139	30198876	0.00
NC_092328.1	30200139	30198901	0.00
NC_092328.1	30200139	30198926	0.00
NC_092328.1	30200139	30198951	0.00
NC_092328.1	30200139	30198976	0.00
NC_092328.1	30200139	30199001	0.00
NC_092328.1	30200139	30199026	0.00
NC_092328.1	30200139	30199051	0.00
NC_092328.1	30200139	30199076	0.00
NC_092328.1	30200139	30199101	0.00
NC_092328.1	30200139	30199126	0.00
NC_092328.1	30200139	30199151	0.00
NC_092328.1	30200139	30199176	0.00
NC_092328.1	30200139	30199201	0.00
NC_092328.1	30200139	30199226	0.00
NC_092328.1	30200139	30199251	0.00
NC_092328.1	30200139	30199276	0.00
NC_092328.1	30200139	30199301	0.00
NC_092328.1	30200139	30199326	0.00
NC_092328.1	30200139	30199351	0.00
NC_092328.1	30200139	30199376	0.00
NC_092328.1	30200139	30199401	0.00
NC_092328.1	30200139	30199426	0.00
NC_092328.1	30200139	30199451	0.00
NC_092328.1	30200139	30199476	0.00
NC_092328.1	30200139	30199501	0.00
NC_092328.1	30200139	30199526	0.00
NC_092328.1	30200139	30199551	0.00
NC_092328.1	30200139	30199576	0.00
NC_092328.1	30200139	30199601	0.00
NC_092328.1	30200139	30199626	0.00
NC_092328.1	30200139	30199651	0.00
NC_092328.1	30200139	30199676	0.00
NC_092328.1	30200139	30199701	0.00
NC_092328.1	30200139	30199726	0.00
NC_092328.1	30200139	30199751	0.00
NC_092328.1	30200139	30199776	0.00
NC_092328.1	30200139	30199801	0.00
NC_092328.1	30200139	30199826	0.00
NC_092328.1	30200139	30199851	0.00
NC_092328.1	30200139	30199876	0.00
NC_092328.1	30200139	30199901	0.00
NC_092328.1	30200139	30199926	0.00
NC_092328.1	30200139	30199951	0.00
NC_092328.1	30200139	30199976	0.00
NC_092328.1	30200139	30200001	0.00
NC_092328.1	30200139	30200026	0.00
NC_092328.1	30200139	30200051	0.00
NC_092328.1	30200139	30200076	0.00
NC_092328.1	30200139	30200101	0.28
NC_092328.1	30200139	30200126	1.00
NC_092328.1	30200139	30200151	1.00
NC_092328.1	30200139	30200176	1.00
NC_092328.1	30200139	30200201	1.00
NC_092328.1	30200139	30200226	1.00
NC_092328.1	30200139	30200251	0.72
NC_092328.1	30200139	30200276	0.00
NC_092328.1	30200139	30200301	0.00
NC_092328.1	30200139	30200326	0.00
NC_092328.1	30200139	30200351	0.00
NC_092328.1	30200139	30200376	0.00
NC_092328.1	30200139	30200401	0.00
NC_092328.1	30200139	30200426	0.00
NC_092328.1	30200139	30200451	0.00
NC_092328.1	30200139	30200476	0.00
NC_092328.1	30200139	30200501	0.00
NC_092328.1	30200139	30200526	0.00
NC_092328.1	30200139	30200551	0.00
NC_092328.1	30200139	30200576	0.00
NC_092328.1	30200139	30200601	0.00
NC_092328.1	30200139	30200626	0.00
NC_092328.1	30200139	30200651	0.00
NC_092328.1	30200139	30200676	0.00
NC_092328.1	30200139	30200701	0.00
NC_092328.1	30200139	30200726	0.00
NC_092328.1	30200139	30200751	0.00
NC_092328.1	30200139	30200776	0.00
NC_092328.1	30200139	30200801	0.00
NC_092328.1	30200139	30200826	0.00
NC_092328.1	30200139	30200851	0.00
NC_092328.1	30200139	30200876	0.00
NC_092328.1	30200139	30200901	0.00
NC_092328.1	30200139	30200926	0.00
NC_092328.1	30200139	30200951	0.00
NC_092328.1	30200139	30200976	0.00
NC_092328.1	30200139	30201001	0.00
NC_092328.1	30200139	30201026	0.00
NC_092328.1	30200139	30201051	0.00
NC_092328.1	30200139	30201076	0.00
NC_092328.1	30200139	30201101	0.00
NC_092328.1	30200139	30201126	0.00
NC_092328.1	30200139	30201151	0.00
NC_092328.1	30200139	30201176	0.00
NC_092328.1	30200139	30201201	0.00
NC_092328.1	30200139	30201226	0.00
NC_092328.1	30200139	30201251	0.00
NC_092328.1	30200139	30201276	0.00
NC_092328.1	30200139	30201301	0.00
NC_092328.1	30200139	30201326	0.00
NC_092328.1	30200139	30201351	0.00
NC_092328.1	30200139	30201376	0.00
NC_092328.1	30200139	30201401	0.00
NC_092328.1	30200139	30201426	0.00
NC_092328.1	30200139	30201451	0.00
NC_092328.1	30200139	30201476	0.00
NC_092328.1	30200139	30201501	0.00
NC_092328.1	30200139	30201526	0.00
NC_092328.1	30200139	30201551	0.00
NC_092328.1	30200139	30201576	0.00
NC_092328.1	30200139	30201601	0.00
NC_092328.1	30200139	30201626	0.00
NC_092328.1	30200139	30201651	0.00
NC_092328.1	30200139	30201676	0.00
NC_092328.1	30200139	30201701	0.00
NC_092328.1	30200139	30201726	0.00
NC_092328.1	30200139	30201751	0.00
NC_092328.1	30200139	30201776	0.00
NC_092328.1	30200139	30201801	0.00
NC_092328.1	30200139	30201826	0.00
NC_092328.1	30200139	30201851	0.00
NC_092328.1	30200139	30201876	0.00
NC_092328.1	30200139	30201901	0.00
NC_092328.1	30200139	30201926	0.00
NC_092328.1	30200139	30201951	0.00
NC_092328.1	30200139	30201976	0.00
NC_092328.1	30200139	30202001	0.00
NC_092328.1	30200139	30202026	0.00
NC_092328.1	30200139	30202051	0.00
NC_092328.1	30200139	30202076	0.00
NC_092328.1	30200139	30202101	0.00
NC_092328.1	30200139	30202126	0.00
NC_092328.1	30200141	30198126	0.00
NC_092328.1	30200141	30198151	0.00
NC_092328.1	30200141	30198176	0.00
NC_092328.1	30200141	30198201	0.00
NC_092328.1	30200141	30198226	0.00
NC_092328.1	30200141	30198251	0.00
NC_092328.1	30200141	30198276	0.00
NC_092328.1	30200141	30198301	0.00
NC_092328.1	30200141	30198326	0.00
NC_092328.1	30200141	30198351	0.00
NC_092328.1	30200141	30198376	0.00
NC_092328.1	30200141	30198401	0.00
NC_092328.1	30200141	30198426	0.00
NC_092328.1	30200141	30198451	0.00
NC_092328.1	30200141	30198476	0.00
NC_092328.1	30200141	30198501	0.00
NC_092328.1	30200141	30198526	0.00
NC_092328.1	30200141	30198551	0.00
NC_092328.1	30200141	30198576	0.00
NC_092328.1	30200141	30198601	0.00
NC_092328.1	30200141	30198626	0.00
NC_092328.1	30200141	30198651	0.00
NC_092328.1	30200141	30198676	0.00
NC_092328.1	30200141	30198701	0.00
NC_092328.1	30200141	30198726	0.00
NC_092328.1	30200141	30198751	0.00
NC_092328.1	30200141	30198776	0.00
NC_092328.1	30200141	30198801	0.00
NC_092328.1	30200141	30198826	0.00
NC_092328.1	30200141	30198851	0.00
NC_092328.1	30200141	30198876	0.00
NC_092328.1	30200141	30198901	0.00
NC_092328.1	30200141	30198926	0.00
NC_092328.1	30200141	30198951	0.00
NC_092328.1	30200141	30198976	0.00
NC_092328.1	30200141	30199001	0.00
NC_092328.1	30200141	30199026	0.00
NC_092328.1	30200141	30199051	0.00
NC_092328.1	30200141	30199076	0.00
NC_092328.1	30200141	30199101	0.00
NC_092328.1	30200141	30199126	0.00
NC_092328.1	30200141	30199151	0.00
NC_092328.1	30200141	30199176	0.00
NC_092328.1	30200141	30199201	0.00
NC_092328.1	30200141	30199226	0.00
NC_092328.1	30200141	30199251	0.00
NC_092328.1	30200141	30199276	0.00
NC_092328.1	30200141	30199301	0.00
NC_092328.1	30200141	30199326	0.00
NC_092328.1	30200141	30199351	0.00
NC_092328.1	30200141	30199376	0.00
NC_092328.1	30200141	30199401	0.00
NC_092328.1	30200141	30199426	0.00
NC_092328.1	30200141	30199451	0.00
NC_092328.1	30200141	30199476	0.00
NC_092328.1	30200141	30199501	0.00
NC_092328.1	30200141	30199526	0.00
NC_092328.1	30200141	30199551	0.00
NC_092328.1	30200141	30199576	0.00
NC_092328.1	30200141	30199601	0.00
NC_092328.1	30200141	30199626	0.00
NC_092328.1	30200141	30199651	0.00
NC_092328.1	30200141	30199676	0.00
NC_092328.1	30200141	30199701	0.00
NC_092328.1	30200141	30199726	0.00
NC_092328.1	30200141	30199751	0.00
NC_092328.1	30200141	30199776	0.00
NC_092328.1	30200141	30199801	0.00
NC_092328.1	30200141	30199826	0.00
NC_092328.1	30200141	30199851	0.00
NC_092328.1	30200141	30199876	0.00
NC_092328.1	30200141	30199901	0.00
NC_092328.1	30200141	30199926	0.00
NC_092328.1	30200141	30199951	0.00
NC_092328.1	30200141	30199976	0.00
NC_092328.1	30200141	30200001	0.00
NC_092328.1	30200141	30200026	0.00
NC_092328.1	30200141	30200051	0.00
NC_092328.1	30200141	30200076	0.00
NC_092328.1	30200141	30200101	0.28
NC_092328.1	30200141	30200126	1.00
NC_092328.1	30200141	30200151	1.00
NC_092328.1	30200141	30200176	1.00
NC_092328.1	30200141	30200201	1.00
NC_092328.1	30200141	30200226	1.00
NC_092328.1	30200141	30200251	0.72
NC_092328.1	30200141	30200276	0.00
NC_092328.1	30200141	30200301	0.00
NC_092328.1	30200141	30200326	0.00
NC_092328.1	30200141	30200351	0.00
NC_092328.1	30200141	30200376	0.00
NC_092328.1	30200141	30200401	0.00
NC_092328.1	30200141	30200426	0.00
NC_092328.1	30200141	30200451	0.00
NC_092328.1	30200141	30200476	0.00
NC_092328.1	30200141	30200501	0.00
NC_092328.1	30200141	30200526	0.00
NC_092328.1	30200141	30200551	0.00
NC_092328.1	30200141	30200576	0.00
NC_092328.1	30200141	30200601	0.00
NC_092328.1	30200141	30200626	0.00
NC_092328.1	30200141	30200651	0.00
NC_092328.1	30200141	30200676	0.00
NC_092328.1	30200141	30200701	0.00
NC_092328.1	30200141	30200726	0.00
NC_092328.1	30200141	30200751	0.00
NC_092328.1	30200141	30200776	0.00
NC_092328.1	30200141	30200801	0.00
NC_092328.1	30200141	30200826	0.00
NC_092328.1	30200141	30200851	0.00
NC_092328.1	30200141	30200876	0.00
NC_092328.1	30200141	30200901	0.00
NC_092328.1	30200141	30200926	0.00
NC_092328.1	30200141	30200951	0.00
NC_092328.1	30200141	30200976	0.00
NC_092328.1	30200141	30201001	0.00
NC_092328.1	30200141	30201026	0.00
NC_092328.1	30200141	30201051	0.00
NC_092328.1	30200141	30201076	0.00
NC_092328.1	30200141	30201101	0.00
NC_092328.1	30200141	30201126	0.00
NC_092328.1	30200141	30201151	0.00
NC_092328.1	30200141	30201176	0.00
NC_092328.1	30200141	30201201	0.00
NC_092328.1	30200141	30201226	0.00
NC_092328.1	30200141	30201251	0.00
NC_092328.1	30200141	30201276	0.00
NC_092328.1	30200141	30201301	0.00
NC_092328.1	30200141	30201326	0.00
NC_092328.1	30200141	30201351	0.00
NC_092328.1	30200141	30201376	0.00
NC_092328.1	30200141	30201401	0.00
NC_092328.1	30200141	30201426	0.00
NC_092328.1	30200141	30201451	0.00
NC_092328.1	30200141	30201476	0.00
NC_092328.1	30200141	30201501	0.00
NC_092328.1	30200141	30201526	0.00
NC_092328.1	30200141	30201551	0.00
NC_092328.1	30200141	30201576	0.00
NC_092328.1	30200141	30201601	0.00
NC_092328.1	30200141	30201626	0.00
NC_092328.1	30200141	30201651	0.00
NC_092328.1	30200141	30201676	0.00
NC_092328.1	30200141	30201701	0.00
NC_092328.1	30200141	30201726	0.00
NC_092328.1	30200141	30201751	0.00
NC_092328.1	30200141	30201776	0.00
NC_092328.1	30200141	30201801	0.00
NC_092328.1	30200141	30201826	0.00
NC_092328.1	30200141	30201851	0.00
NC_092328.1	30200141	30201876	0.00
NC_092328.1	30200141	30201901	0.00
NC_092328.1	30200141	30201926	0.00
NC_092328.1	30200141	30201951	0.00
NC_092328.1	30200141	30201976	0.00
NC_092328.1	30200141	30202001	0.00
NC_092328.1	30200141	30202026	0.00
NC_092328.1	30200141	30202051	0.00
NC_092328.1	30200141	30202076	0.00
NC_092328.1	30200141	30202101	0.00
NC_092328.1	30200141	30202126	0.00
NC_092329.1	12019464	12017451	0.00
NC_092329.1	12019464	12017476	0.00
NC_092329.1	12019464	12017501	0.00
NC_092329.1	12019464	12017526	0.00
NC_092329.1	12019464	12017551	0.00
NC_092329.1	12019464	12017576	0.00
NC_092329.1	12019464	12017601	0.00
NC_092329.1	12019464	12017626	0.00
NC_092329.1	12019464	12017651	0.00
NC_092329.1	12019464	12017676	0.00
NC_092329.1	12019464	12017701	0.00
NC_092329.1	12019464	12017726	0.00
NC_092329.1	12019464	12017751	0.00
NC_092329.1	12019464	12017776	0.00
NC_092329.1	12019464	12017801	0.00
NC_092329.1	12019464	12017826	0.00
NC_092329.1	12019464	12017851	0.00
NC_092329.1	12019464	12017876	0.00
NC_092329.1	12019464	12017901	0.00
NC_092329.1	12019464	12017926	0.00
NC_092329.1	12019464	12017951	0.00
NC_092329.1	12019464	12017976	0.00
NC_092329.1	12019464	12018001	0.00
NC_092329.1	12019464	12018026	0.00
NC_092329.1	12019464	12018051	0.00
NC_092329.1	12019464	12018076	0.00
NC_092329.1	12019464	12018101	0.00
NC_092329.1	12019464	12018126	0.00
NC_092329.1	12019464	12018151	0.00
NC_092329.1	12019464	12018176	0.00
NC_092329.1	12019464	12018201	0.00
NC_092329.1	12019464	12018226	0.00
NC_092329.1	12019464	12018251	0.00
NC_092329.1	12019464	12018276	0.00
NC_092329.1	12019464	12018301	0.00
NC_092329.1	12019464	12018326	0.00
NC_092329.1	12019464	12018351	0.00
NC_092329.1	12019464	12018376	0.00
NC_092329.1	12019464	12018401	0.00
NC_092329.1	12019464	12018426	0.00
NC_092329.1	12019464	12018451	0.00
NC_092329.1	12019464	12018476	0.00
NC_092329.1	12019464	12018501	0.00
NC_092329.1	12019464	12018526	0.00
NC_092329.1	12019464	12018551	0.00
NC_092329.1	12019464	12018576	0.00
NC_092329.1	12019464	12018601	0.00
NC_092329.1	12019464	12018626	0.00
NC_092329.1	12019464	12018651	0.00
NC_092329.1	12019464	12018676	0.00
NC_092329.1	12019464	12018701	0.00
NC_092329.1	12019464	12018726	0.00
NC_092329.1	12019464	12018751	0.00
NC_092329.1	12019464	12018776	0.00
NC_092329.1	12019464	12018801	0.00
NC_092329.1	12019464	12018826	0.00
NC_092329.1	12019464	12018851	0.00
NC_092329.1	12019464	12018876	0.00
NC_092329.1	12019464	12018901	0.00
NC_092329.1	12019464	12018926	0.00
NC_092329.1	12019464	12018951	0.00
NC_092329.1	12019464	12018976	0.00
NC_092329.1	12019464	12019001	0.00
NC_092329.1	12019464	12019026	0.00
NC_092329.1	12019464	12019051	0.00
NC_092329.1	12019464	12019076	0.00
NC_092329.1	12019464	12019101	0.00
NC_092329.1	12019464	12019126	0.00
NC_092329.1	12019464	12019151	0.00
NC_092329.1	12019464	12019176	0.00
NC_092329.1	12019464	12019201	0.00
NC_092329.1	12019464	12019226	0.00
NC_092329.1	12019464	12019251	0.00
NC_092329.1	12019464	12019276	0.00
NC_092329.1	12019464	12019301	0.00
NC_092329.1	12019464	12019326	0.00
NC_092329.1	12019464	12019351	0.00
NC_092329.1	12019464	12019376	1.08
NC_092329.1	12019464	12019401	2.00
NC_092329.1	12019464	12019426	2.00
NC_092329.1	12019464	12019451	2.00
NC_092329.1	12019464	12019476	2.00
NC_092329.1	12019464	12019501	2.00
NC_092329.1	12019464	12019526	0.92
NC_092329.1	12019464	12019551	0.00
NC_092329.1	12019464	12019576	0.00
NC_092329.1	12019464	12019601	0.00
NC_092329.1	12019464	12019626	0.00
NC_092329.1	12019464	12019651	0.00
NC_092329.1	12019464	12019676	0.00
NC_092329.1	12019464	12019701	0.00
NC_092329.1	12019464	12019726	0.00
NC_092329.1	12019464	12019751	0.00
NC_092329.1	12019464	12019776	0.00
NC_092329.1	12019464	12019801	0.00
NC_092329.1	12019464	12019826	0.00
NC_092329.1	12019464	12019851	0.00
NC_092329.1	12019464	12019876	0.00
NC_092329.1	12019464	12019901	0.00
NC_092329.1	12019464	12019926	0.00
NC_092329.1	12019464	12019951	0.00
NC_092329.1	12019464	12019976	0.00
NC_092329.1	12019464	12020001	0.00
NC_092329.1	12019464	12020026	0.00
NC_092329.1	12019464	12020051	0.00
NC_092329.1	12019464	12020076	0.00
NC_092329.1	12019464	12020101	0.00
NC_092329.1	12019464	12020126	0.00
NC_092329.1	12019464	12020151	0.00
NC_092329.1	12019464	12020176	0.00
NC_092329.1	12019464	12020201	0.00
NC_092329.1	12019464	12020226	0.00
NC_092329.1	12019464	12020251	0.00
NC_092329.1	12019464	12020276	0.00
NC_092329.1	12019464	12020301	0.00
NC_092329.1	12019464	12020326	0.00
NC_092329.1	12019464	12020351	0.00
NC_092329.1	12019464	12020376	0.00
NC_092329.1	12019464	12020401	0.00
NC_092329.1	12019464	12020426	0.00
NC_092329.1	12019464	12020451	0.00
NC_092329.1	12019464	12020476	0.00
NC_092329.1	12019464	12020501	0.00
NC_092329.1	12019464	12020526	0.00
NC_092329.1	12019464	12020551	0.00
NC_092329.1	12019464	12020576	0.00
NC_092329.1	12019464	12020601	0.00
NC_092329.1	12019464	12020626	0.00
NC_092329.1	12019464	12020651	0.00
NC_092329.1	12019464	12020676	0.00
NC_092329.1	12019464	12020701	0.00
NC_092329.1	12019464	12020726	0.00
NC_092329.1	12019464	12020751	0.00
NC_092329.1	12019464	12020776	0.00
NC_092329.1	12019464	12020801	0.00
NC_092329.1	12019464	12020826	0.00
NC_092329.1	12019464	12020851	0.00
NC_092329.1	12019464	12020876	0.00
NC_092329.1	12019464	12020901	0.00
NC_092329.1	12019464	12020926	0.00
NC_092329.1	12019464	12020951	0.00
NC_092329.1	12019464	12020976	0.00
NC_092329.1	12019464	12021001	0.00
NC_092329.1	12019464	12021026	0.00
NC_092329.1	12019464	12021051	0.00
NC_092329.1	12019464	12021076	0.00
NC_092329.1	12019464	12021101	0.00
NC_092329.1	12019464	12021126	0.00
NC_092329.1	12019464	12021151	0.00
NC_092329.1	12019464	12021176	0.00
NC_092329.1	12019464	12021201	0.00
NC_092329.1	12019464	12021226	0.00
NC_092329.1	12019464	12021251	0.00
NC_092329.1	12019464	12021276	0.00
NC_092329.1	12019464	12021301	0.00
NC_092329.1	12019464	12021326	0.00
NC_092329.1	12019464	12021351	0.00
NC_092329.1	12019464	12021376	0.00
NC_092329.1	12019464	12021401	0.00
NC_092329.1	12019464	12021426	0.00
NC_092329.1	12019464	12021451	0.00
NC_092329.1	12019466	12017451	0.00
NC_092329.1	12019466	12017476	0.00
NC_092329.1	12019466	12017501	0.00
NC_092329.1	12019466	12017526	0.00
NC_092329.1	12019466	12017551	0.00
NC_092329.1	12019466	12017576	0.00
NC_092329.1	12019466	12017601	0.00
NC_092329.1	12019466	12017626	0.00
NC_092329.1	12019466	12017651	0.00
NC_092329.1	12019466	12017676	0.00
NC_092329.1	12019466	12017701	0.00
NC_092329.1	12019466	12017726	0.00
NC_092329.1	12019466	12017751	0.00
NC_092329.1	12019466	12017776	0.00
NC_092329.1	12019466	12017801	0.00
NC_092329.1	12019466	12017826	0.00
NC_092329.1	12019466	12017851	0.00
NC_092329.1	12019466	12017876	0.00
NC_092329.1	12019466	12017901	0.00
NC_092329.1	12019466	12017926	0.00
NC_092329.1	12019466	12017951	0.00
NC_092329.1	12019466	12017976	0.00
NC_092329.1	12019466	12018001	0.00
NC_092329.1	12019466	12018026	0.00
NC_092329.1	12019466	12018051	0.00
NC_092329.1	12019466	12018076	0.00
NC_092329.1	12019466	12018101	0.00
NC_092329.1	12019466	12018126	0.00
NC_092329.1	12019466	12018151	0.00
NC_092329.1	12019466	12018176	0.00
NC_092329.1	12019466	12018201	0.00
NC_092329.1	12019466	12018226	0.00
NC_092329.1	12019466	12018251	0.00
NC_092329.1	12019466	12018276	0.00
NC_092329.1	12019466	12018301	0.00
NC_092329.1	12019466	12018326	0.00
NC_092329.1	12019466	12018351	0.00
NC_092329.1	12019466	12018376	0.00
NC_092329.1	12019466	12018401	0.00
NC_092329.1	12019466	12018426	0.00
NC_092329.1	12019466	12018451	0.00
NC_092329.1	12019466	12018476	0.00
NC_092329.1	12019466	12018501	0.00
NC_092329.1	12019466	12018526	0.00
NC_092329.1	12019466	12018551	0.00
NC_092329.1	12019466	12018576	0.00
NC_092329.1	12019466	12018601	0.00
NC_092329.1	12019466	12018626	0.00
NC_092329.1	12019466	12018651	0.00
NC_092329.1	12019466	12018676	0.00
NC_092329.1	12019466	12018701	0.00
NC_092329.1	12019466	12018726	0.00
NC_092329.1	12019466	12018751	0.00
NC_092329.1	12019466	12018776	0.00
NC_092329.1	12019466	12018801	0.00
NC_092329.1	12019466	12018826	0.00
NC_092329.1	12019466	12018851	0.00
NC_092329.1	12019466	12018876	0.00
NC_092329.1	12019466	12018901	0.00
NC_092329.1	12019466	12018926	0.00
NC_092329.1	12019466	12018951	0.00
NC_092329.1	12019466	12018976	0.00
NC_092329.1	12019466	12019001	0.00
NC_092329.1	12019466	12019026	0.00
NC_092329.1	12019466	12019051	0.00
NC_092329.1	12019466	12019076	0.00
NC_092329.1	12019466	12019101	0.00
NC_092329.1	12019466	12019126	0.00
NC_092329.1	12019466	12019151	0.00
NC_092329.1	12019466	12019176	0.00
NC_092329.1	12019466	12019201	0.00
NC_092329.1	12019466	12019226	0.00
NC_092329.1	12019466	12019251	0.00
NC_092329.1	12019466	12019276	0.00
NC_092329.1	12019466	12019301	0.00
NC_092329.1	12019466	12019326	0.00
NC_092329.1	12019466	12019351	0.00
NC_092329.1	12019466	12019376	1.08
NC_092329.1	12019466	12019401	2.00
NC_092329.1	12019466	12019426	2.00
NC_092329.1	12019466	12019451	2.00
NC_092329.1	12019466	12019476	2.00
NC_092329.1	12019466	12019501	2.00
NC_092329.1	12019466	12019526	0.92
NC_092329.1	12019466	12019551	0.00
NC_092329.1	12019466	12019576	0.00
NC_092329.1	12019466	12019601	0.00
NC_092329.1	12019466	12019626	0.00
NC_092329.1	12019466	12019651	0.00
NC_092329.1	12019466	12019676	0.00
NC_092329.1	12019466	12019701	0.00
NC_092329.1	12019466	12019726	0.00
NC_092329.1	12019466	12019751	0.00
NC_092329.1	12019466	12019776	0.00
NC_092329.1	12019466	12019801	0.00
NC_092329.1	12019466	12019826	0.00
NC_092329.1	12019466	12019851	0.00
NC_092329.1	12019466	12019876	0.00
NC_092329.1	12019466	12019901	0.00
NC_092329.1	12019466	12019926	0.00
NC_092329.1	12019466	12019951	0.00
NC_092329.1	12019466	12019976	0.00
NC_092329.1	12019466	12020001	0.00
NC_092329.1	12019466	12020026	0.00
NC_092329.1	12019466	12020051	0.00
NC_092329.1	12019466	12020076	0.00
NC_092329.1	12019466	12020101	0.00
NC_092329.1	12019466	12020126	0.00
NC_092329.1	12019466	12020151	0.00
NC_092329.1	12019466	12020176	0.00
NC_092329.1	12019466	12020201	0.00
NC_092329.1	12019466	12020226	0.00
NC_092329.1	12019466	12020251	0.00
NC_092329.1	12019466	12020276	0.00
NC_092329.1	12019466	12020301	0.00
NC_092329.1	12019466	12020326	0.00
NC_092329.1	12019466	12020351	0.00
NC_092329.1	12019466	12020376	0.00
NC_092329.1	12019466	12020401	0.00
NC_092329.1	12019466	12020426	0.00
NC_092329.1	12019466	12020451	0.00
NC_092329.1	12019466	12020476	0.00
NC_092329.1	12019466	12020501	0.00
NC_092329.1	12019466	12020526	0.00
NC_092329.1	12019466	12020551	0.00
NC_092329.1	12019466	12020576	0.00
NC_092329.1	12019466	12020601	0.00
NC_092329.1	12019466	12020626	0.00
NC_092329.1	12019466	12020651	0.00
NC_092329.1	12019466	12020676	0.00
NC_092329.1	12019466	12020701	0.00
NC_092329.1	12019466	12020726	0.00
NC_092329.1	12019466	12020751	0.00
NC_092329.1	12019466	12020776	0.00
NC_092329.1	12019466	12020801	0.00
NC_092329.1	12019466	12020826	0.00
NC_092329.1	12019466	12020851	0.00
NC_092329.1	12019466	12020876	0.00
NC_092329.1	12019466	12020901	0.00
NC_092329.1	12019466	12020926	0.00
NC_092329.1	12019466	12020951	0.00
NC_092329.1	12019466	12020976	0.00
NC_092329.1	12019466	12021001	0.00
NC_092329.1	12019466	12021026	0.00
NC_092329.1	12019466	12021051	0.00
NC_092329.1	12019466	12021076	0.00
NC_092329.1	12019466	12021101	0.00
NC_092329.1	12019466	12021126	0.00
NC_092329.1	12019466	12021151	0.00
NC_092329.1	12019466	12021176	0.00
NC_092329.1	12019466	12021201	0.00
NC_092329.1	12019466	12021226	0.00
NC_092329.1	12019466	12021251	0.00
NC_092329.1	12019466	12021276	0.00
NC_092329.1	12019466	12021301	0.00
NC_092329.1	12019466	12021326	0.00
NC_092329.1	12019466	12021351	0.00
NC_092329.1	12019466	12021376	0.00
NC_092329.1	12019466	12021401	0.00
NC_092329.1	12019466	12021426	0.00
NC_092329.1	12019466	12021451	0.00
NC_092329.1	12019541	12017526	0.00
NC_092329.1	12019541	12017551	0.00
NC_092329.1	12019541	12017576	0.00
NC_092329.1	12019541	12017601	0.00
NC_092329.1	12019541	12017626	0.00
NC_092329.1	12019541	12017651	0.00
NC_092329.1	12019541	12017676	0.00
NC_092329.1	12019541	12017701	0.00
NC_092329.1	12019541	12017726	0.00
NC_092329.1	12019541	12017751	0.00
NC_092329.1	12019541	12017776	0.00
NC_092329.1	12019541	12017801	0.00
NC_092329.1	12019541	12017826	0.00
NC_092329.1	12019541	12017851	0.00
NC_092329.1	12019541	12017876	0.00
NC_092329.1	12019541	12017901	0.00
NC_092329.1	12019541	12017926	0.00
NC_092329.1	12019541	12017951	0.00
NC_092329.1	12019541	12017976	0.00
NC_092329.1	12019541	12018001	0.00
NC_092329.1	12019541	12018026	0.00
NC_092329.1	12019541	12018051	0.00
NC_092329.1	12019541	12018076	0.00
NC_092329.1	12019541	12018101	0.00
NC_092329.1	12019541	12018126	0.00
NC_092329.1	12019541	12018151	0.00
NC_092329.1	12019541	12018176	0.00
NC_092329.1	12019541	12018201	0.00
NC_092329.1	12019541	12018226	0.00
NC_092329.1	12019541	12018251	0.00
NC_092329.1	12019541	12018276	0.00
NC_092329.1	12019541	12018301	0.00
NC_092329.1	12019541	12018326	0.00
NC_092329.1	12019541	12018351	0.00
NC_092329.1	12019541	12018376	0.00
NC_092329.1	12019541	12018401	0.00
NC_092329.1	12019541	12018426	0.00
NC_092329.1	12019541	12018451	0.00
NC_092329.1	12019541	12018476	0.00
NC_092329.1	12019541	12018501	0.00
NC_092329.1	12019541	12018526	0.00
NC_092329.1	12019541	12018551	0.00
NC_092329.1	12019541	12018576	0.00
NC_092329.1	12019541	12018601	0.00
NC_092329.1	12019541	12018626	0.00
NC_092329.1	12019541	12018651	0.00
NC_092329.1	12019541	12018676	0.00
NC_092329.1	12019541	12018701	0.00
NC_092329.1	12019541	12018726	0.00
NC_092329.1	12019541	12018751	0.00
NC_092329.1	12019541	12018776	0.00
NC_092329.1	12019541	12018801	0.00
NC_092329.1	12019541	12018826	0.00
NC_092329.1	12019541	12018851	0.00
NC_092329.1	12019541	12018876	0.00
NC_092329.1	12019541	12018901	0.00
NC_092329.1	12019541	12018926	0.00
NC_092329.1	12019541	12018951	0.00
NC_092329.1	12019541	12018976	0.00
NC_092329.1	12019541	12019001	0.00
NC_092329.1	12019541	12019026	0.00
NC_092329.1	12019541	12019051	0.00
NC_092329.1	12019541	12019076	0.00
NC_092329.1	12019541	12019101	0.00
NC_092329.1	12019541	12019126	0.00
NC_092329.1	12019541	12019151	0.00
NC_092329.1	12019541	12019176	0.00
NC_092329.1	12019541	12019201	0.00
NC_092329.1	12019541	12019226	0.00
NC_092329.1	12019541	12019251	0.00
NC_092329.1	12019541	12019276	0.00
NC_092329.1	12019541	12019301	0.00
NC_092329.1	12019541	12019326	0.00
NC_092329.1	12019541	12019351	0.00
NC_092329.1	12019541	12019376	1.08
NC_092329.1	12019541	12019401	2.00
NC_092329.1	12019541	12019426	2.00
NC_092329.1	12019541	12019451	2.00
NC_092329.1	12019541	12019476	2.00
NC_092329.1	12019541	12019501	2.00
NC_092329.1	12019541	12019526	0.92
NC_092329.1	12019541	12019551	0.00
NC_092329.1	12019541	12019576	0.00
NC_092329.1	12019541	12019601	0.00
NC_092329.1	12019541	12019626	0.00
NC_092329.1	12019541	12019651	0.00
NC_092329.1	12019541	12019676	0.00
NC_092329.1	12019541	12019701	0.00
NC_092329.1	12019541	12019726	0.00
NC_092329.1	12019541	12019751	0.00
NC_092329.1	12019541	12019776	0.00
NC_092329.1	12019541	12019801	0.00
NC_092329.1	12019541	12019826	0.00
NC_092329.1	12019541	12019851	0.00
NC_092329.1	12019541	12019876	0.00
NC_092329.1	12019541	12019901	0.00
NC_092329.1	12019541	12019926	0.00
NC_092329.1	12019541	12019951	0.00
NC_092329.1	12019541	12019976	0.00
NC_092329.1	12019541	12020001	0.00
NC_092329.1	12019541	12020026	0.00
NC_092329.1	12019541	12020051	0.00
NC_092329.1	12019541	12020076	0.00
NC_092329.1	12019541	12020101	0.00
NC_092329.1	12019541	12020126	0.00
NC_092329.1	12019541	12020151	0.00
NC_092329.1	12019541	12020176	0.00
NC_092329.1	12019541	12020201	0.00
NC_092329.1	12019541	12020226	0.00
NC_092329.1	12019541	12020251	0.00
NC_092329.1	12019541	12020276	0.00
NC_092329.1	12019541	12020301	0.00
NC_092329.1	12019541	12020326	0.00
NC_092329.1	12019541	12020351	0.00
NC_092329.1	12019541	12020376	0.00
NC_092329.1	12019541	12020401	0.00
NC_092329.1	12019541	12020426	0.00
NC_092329.1	12019541	12020451	0.00
NC_092329.1	12019541	12020476	0.00
NC_092329.1	12019541	12020501	0.00
NC_092329.1	12019541	12020526	0.00
NC_092329.1	12019541	12020551	0.00
NC_092329.1	12019541	12020576	0.00
NC_092329.1	12019541	12020601	0.00
NC_092329.1	12019541	12020626	0.00
NC_092329.1	12019541	12020651	0.00
NC_092329.1	12019541	12020676	0.00
NC_092329.1	12019541	12020701	0.00
NC_092329.1	12019541	12020726	0.00
NC_092329.1	12019541	12020751	0.00
NC_092329.1	12019541	12020776	0.00
NC_092329.1	12019541	12020801	0.00
NC_092329.1	12019541	12020826	0.00
NC_092329.1	12019541	12020851	0.00
NC_092329.1	12019541	12020876	0.00
NC_092329.1	12019541	12020901	0.00
NC_092329.1	12019541	12020926	0.00
NC_092329.1	12019541	12020951	0.00
NC_092329.1	12019541	12020976	0.00
NC_092329.1	12019541	12021001	0.00
NC_092329.1	12019541	12021026	0.00
NC_092329.1	12019541	12021051	0.00
NC_092329.1	12019541	12021076	0.00
NC_092329.1	12019541	12021101	0.00
NC_092329.1	12019541	12021126	0.00
NC_092329.1	12019541	12021151	0.00
NC_092329.1	12019541	12021176	0.00
NC_092329.1	12019541	12021201	0.00
NC_092329.1	12019541	12021226	0.00
NC_092329.1	12019541	12021251	0.00
NC_092329.1	12019541	12021276	0.00
NC_092329.1	12019541	12021301	0.00
NC_092329.1	12019541	12021326	0.00
NC_092329.1	12019541	12021351	0.00
NC_092329.1	12019541	12021376	0.00
NC_092329.1	12019541	12021401	0.00
NC_092329.1	12019541	12021426	0.00
NC_092329.1	12019541	12021451	0.00
NC_092329.1	12019541	12021476	0.00
NC_092329.1	12019541	12021501	0.00
NC_092329.1	12019541	12021526	0.00
NC_092329.1	42641441	42639426	0.00
NC_092329.1	42641441	42639451	0.00
NC_092329.1	42641441	42639476	0.00
NC_092329.1	42641441	42639501	0.00
NC_092329.1	42641441	42639526	0.00
NC_092329.1	42641441	42639551	0.00
NC_092329.1	42641441	42639576	0.00
NC_092329.1	42641441	42639601	0.00
NC_092329.1	42641441	42639626	0.00
NC_092329.1	42641441	42639651	0.00
NC_092329.1	42641441	42639676	0.00
NC_092329.1	42641441	42639701	0.00
NC_092329.1	42641441	42639726	0.00
NC_092329.1	42641441	42639751	0.00
NC_092329.1	42641441	42639776	0.00
NC_092329.1	42641441	42639801	0.00
NC_092329.1	42641441	42639826	0.00
NC_092329.1	42641441	42639851	0.00
NC_092329.1	42641441	42639876	0.00
NC_092329.1	42641441	42639901	0.00
NC_092329.1	42641441	42639926	0.00
NC_092329.1	42641441	42639951	0.00
NC_092329.1	42641441	42639976	0.00
NC_092329.1	42641441	42640001	0.00
NC_092329.1	42641441	42640026	0.00
NC_092329.1	42641441	42640051	0.00
NC_092329.1	42641441	42640076	0.00
NC_092329.1	42641441	42640101	0.00
NC_092329.1	42641441	42640126	0.00
NC_092329.1	42641441	42640151	0.00
NC_092329.1	42641441	42640176	0.00
NC_092329.1	42641441	42640201	0.00
NC_092329.1	42641441	42640226	0.00
NC_092329.1	42641441	42640251	0.00
NC_092329.1	42641441	42640276	0.00
NC_092329.1	42641441	42640301	0.00
NC_092329.1	42641441	42640326	0.00
NC_092329.1	42641441	42640351	0.00
NC_092329.1	42641441	42640376	0.00
NC_092329.1	42641441	42640401	0.00
NC_092329.1	42641441	42640426	0.00
NC_092329.1	42641441	42640451	0.00
NC_092329.1	42641441	42640476	0.00
NC_092329.1	42641441	42640501	0.00
NC_092329.1	42641441	42640526	0.00
NC_092329.1	42641441	42640551	0.00
NC_092329.1	42641441	42640576	0.00
NC_092329.1	42641441	42640601	0.00
NC_092329.1	42641441	42640626	0.00
NC_092329.1	42641441	42640651	0.00
NC_092329.1	42641441	42640676	0.00
NC_092329.1	42641441	42640701	0.00
NC_092329.1	42641441	42640726	0.00
NC_092329.1	42641441	42640751	0.00
NC_092329.1	42641441	42640776	0.00
NC_092329.1	42641441	42640801	0.00
NC_092329.1	42641441	42640826	0.00
NC_092329.1	42641441	42640851	0.00
NC_092329.1	42641441	42640876	0.00
NC_092329.1	42641441	42640901	0.00
NC_092329.1	42641441	42640926	0.00
NC_092329.1	42641441	42640951	0.00
NC_092329.1	42641441	42640976	0.00
NC_092329.1	42641441	42641001	0.00
NC_092329.1	42641441	42641026	0.00
NC_092329.1	42641441	42641051	0.00
NC_092329.1	42641441	42641076	0.00
NC_092329.1	42641441	42641101	0.00
NC_092329.1	42641441	42641126	0.00
NC_092329.1	42641441	42641151	0.00
NC_092329.1	42641441	42641176	0.00
NC_092329.1	42641441	42641201	0.00
NC_092329.1	42641441	42641226	0.00
NC_092329.1	42641441	42641251	0.00
NC_092329.1	42641441	42641276	0.00
NC_092329.1	42641441	42641301	0.00
NC_092329.1	42641441	42641326	0.00
NC_092329.1	42641441	42641351	0.32
NC_092329.1	42641441	42641376	1.72
NC_092329.1	42641441	42641401	2.00
NC_092329.1	42641441	42641426	2.00
NC_092329.1	42641441	42641451	2.00
NC_092329.1	42641441	42641476	2.00
NC_092329.1	42641441	42641501	1.68
NC_092329.1	42641441	42641526	0.28
NC_092329.1	42641441	42641551	0.00
NC_092329.1	42641441	42641576	0.00
NC_092329.1	42641441	42641601	0.00
NC_092329.1	42641441	42641626	0.00
NC_092329.1	42641441	42641651	0.00
NC_092329.1	42641441	42641676	0.00
NC_092329.1	42641441	42641701	0.00
NC_092329.1	42641441	42641726	0.00
NC_092329.1	42641441	42641751	0.00
NC_092329.1	42641441	42641776	0.00
NC_092329.1	42641441	42641801	0.00
NC_092329.1	42641441	42641826	0.00
NC_092329.1	42641441	42641851	0.00
NC_092329.1	42641441	42641876	0.00
NC_092329.1	42641441	42641901	0.00
NC_092329.1	42641441	42641926	0.00
NC_092329.1	42641441	42641951	0.00
NC_092329.1	42641441	42641976	0.00
NC_092329.1	42641441	42642001	0.00
NC_092329.1	42641441	42642026	0.00
NC_092329.1	42641441	42642051	0.00
NC_092329.1	42641441	42642076	0.00
NC_092329.1	42641441	42642101	0.00
NC_092329.1	42641441	42642126	0.00
NC_092329.1	42641441	42642151	0.00
NC_092329.1	42641441	42642176	0.00
NC_092329.1	42641441	42642201	0.00
NC_092329.1	42641441	42642226	0.00
NC_092329.1	42641441	42642251	0.00
NC_092329.1	42641441	42642276	0.00
NC_092329.1	42641441	42642301	0.00
NC_092329.1	42641441	42642326	0.00
NC_092329.1	42641441	42642351	0.00
NC_092329.1	42641441	42642376	0.00
NC_092329.1	42641441	42642401	0.00
NC_092329.1	42641441	42642426	0.00
NC_092329.1	42641441	42642451	0.00
NC_092329.1	42641441	42642476	0.00
NC_092329.1	42641441	42642501	0.00
NC_092329.1	42641441	42642526	0.00
NC_092329.1	42641441	42642551	0.00
NC_092329.1	42641441	42642576	0.00
NC_092329.1	42641441	42642601	0.00
NC_092329.1	42641441	42642626	0.00
NC_092329.1	42641441	42642651	0.00
NC_092329.1	42641441	42642676	0.00
NC_092329.1	42641441	42642701	0.00
NC_092329.1	42641441	42642726	0.00
NC_092329.1	42641441	42642751	0.00
NC_092329.1	42641441	42642776	0.00
NC_092329.1	42641441	42642801	0.00
NC_092329.1	42641441	42642826	0.00
NC_092329.1	42641441	42642851	0.00
NC_092329.1	42641441	42642876	0.00
NC_092329.1	42641441	42642901	0.00
NC_092329.1	42641441	42642926	0.00
NC_092329.1	42641441	42642951	0.00
NC_092329.1	42641441	42642976	0.00
NC_092329.1	42641441	42643001	0.00
NC_092329.1	42641441	42643026	0.00
NC_092329.1	42641441	42643051	0.00
NC_092329.1	42641441	42643076	0.00
NC_092329.1	42641441	42643101	0.00
NC_092329.1	42641441	42643126	0.00
NC_092329.1	42641441	42643151	0.00
NC_092329.1	42641441	42643176	0.00
NC_092329.1	42641441	42643201	0.00
NC_092329.1	42641441	42643226	0.00
NC_092329.1	42641441	42643251	0.00
NC_092329.1	42641441	42643276	0.00
NC_092329.1	42641441	42643301	0.00
NC_092329.1	42641441	42643326	0.00
NC_092329.1	42641441	42643351	0.00
NC_092329.1	42641441	42643376	0.00
NC_092329.1	42641441	42643401	0.00
NC_092329.1	42641441	42643426	0.00
NC_092331.1	529180	527176	0.00
NC_092331.1	529180	527201	0.00
NC_092331.1	529180	527226	0.00
NC_092331.1	529180	527251	0.00
NC_092331.1	529180	527276	0.00
NC_092331.1	529180	527301	0.00
NC_092331.1	529180	527326	0.00
NC_092331.1	529180	527351	0.00
NC_092331.1	529180	527376	0.00
NC_092331.1	529180	527401	0.00
NC_092331.1	529180	527426	0.00
NC_092331.1	529180	527451	0.00
NC_092331.1	529180	527476	0.00
NC_092331.1	529180	527501	0.00
NC_092331.1	529180	527526	0.00
NC_092331.1	529180	527551	0.00
NC_092331.1	529180	527576	0.00
NC_092331.1	529180	527601	0.00
NC_092331.1	529180	527626	0.00
NC_092331.1	529180	527651	0.00
NC_092331.1	529180	527676	0.00
NC_092331.1	529180	527701	0.00
NC_092331.1	529180	527726	0.00
NC_092331.1	529180	527751	0.00
NC_092331.1	529180	527776	0.00
NC_092331.1	529180	527801	0.00
NC_092331.1	529180	527826	0.00
NC_092331.1	529180	527851	0.00
NC_092331.1	529180	527876	0.00
NC_092331.1	529180	527901	0.00
NC_092331.1	529180	527926	0.00
NC_092331.1	529180	527951	0.00
NC_092331.1	529180	527976	0.00
NC_092331.1	529180	528001	0.00
NC_092331.1	529180	528026	0.00
NC_092331.1	529180	528051	0.00
NC_092331.1	529180	528076	0.00
NC_092331.1	529180	528101	0.00
NC_092331.1	529180	528126	0.00
NC_092331.1	529180	528151	0.00
NC_092331.1	529180	528176	0.00
NC_092331.1	529180	528201	0.00
NC_092331.1	529180	528226	0.00
NC_092331.1	529180	528251	0.00
NC_092331.1	529180	528276	0.00
NC_092331.1	529180	528301	0.00
NC_092331.1	529180	528326	0.00
NC_092331.1	529180	528351	0.00
NC_092331.1	529180	528376	0.00
NC_092331.1	529180	528401	0.00
NC_092331.1	529180	528426	0.00
NC_092331.1	529180	528451	0.00
NC_092331.1	529180	528476	0.00
NC_092331.1	529180	528501	0.00
NC_092331.1	529180	528526	0.00
NC_092331.1	529180	528551	0.00
NC_092331.1	529180	528576	0.00
NC_092331.1	529180	528601	0.00
NC_092331.1	529180	528626	0.00
NC_092331.1	529180	528651	0.00
NC_092331.1	529180	528676	0.00
NC_092331.1	529180	528701	0.00
NC_092331.1	529180	528726	0.00
NC_092331.1	529180	528751	0.00
NC_092331.1	529180	528776	0.00
NC_092331.1	529180	528801	0.00
NC_092331.1	529180	528826	0.00
NC_092331.1	529180	528851	0.00
NC_092331.1	529180	528876	0.00
NC_092331.1	529180	528901	0.00
NC_092331.1	529180	528926	0.00
NC_092331.1	529180	528951	0.00
NC_092331.1	529180	528976	0.00
NC_092331.1	529180	529001	0.00
NC_092331.1	529180	529026	0.00
NC_092331.1	529180	529051	0.00
NC_092331.1	529180	529076	0.64
NC_092331.1	529180	529101	1.00
NC_092331.1	529180	529126	1.52
NC_092331.1	529180	529151	2.56
NC_092331.1	529180	529176	3.16
NC_092331.1	529180	529201	4.00
NC_092331.1	529180	529226	4.28
NC_092331.1	529180	529251	4.00
NC_092331.1	529180	529276	3.48
NC_092331.1	529180	529301	2.44
NC_092331.1	529180	529326	2.16
NC_092331.1	529180	529351	2.00
NC_092331.1	529180	529376	1.04
NC_092331.1	529180	529401	1.00
NC_092331.1	529180	529426	1.48
NC_092331.1	529180	529451	2.00
NC_092331.1	529180	529476	1.72
NC_092331.1	529180	529501	1.00
NC_092331.1	529180	529526	1.00
NC_092331.1	529180	529551	1.00
NC_092331.1	529180	529576	0.92
NC_092331.1	529180	529601	1.00
NC_092331.1	529180	529626	1.68
NC_092331.1	529180	529651	2.00
NC_092331.1	529180	529676	2.76
NC_092331.1	529180	529701	3.00
NC_092331.1	529180	529726	2.60
NC_092331.1	529180	529751	2.00
NC_092331.1	529180	529776	1.32
NC_092331.1	529180	529801	1.00
NC_092331.1	529180	529826	0.24
NC_092331.1	529180	529851	0.00
NC_092331.1	529180	529876	0.00
NC_092331.1	529180	529901	0.00
NC_092331.1	529180	529926	0.00
NC_092331.1	529180	529951	0.00
NC_092331.1	529180	529976	0.00
NC_092331.1	529180	530001	0.00
NC_092331.1	529180	530026	0.00
NC_092331.1	529180	530051	0.00
NC_092331.1	529180	530076	0.00
NC_092331.1	529180	530101	0.00
NC_092331.1	529180	530126	0.00
NC_092331.1	529180	530151	0.00
NC_092331.1	529180	530176	0.00
NC_092331.1	529180	530201	0.00
NC_092331.1	529180	530226	0.00
NC_092331.1	529180	530251	0.00
NC_092331.1	529180	530276	0.00
NC_092331.1	529180	530301	0.00
NC_092331.1	529180	530326	0.00
NC_092331.1	529180	530351	0.00
NC_092331.1	529180	530376	0.00
NC_092331.1	529180	530401	0.00
NC_092331.1	529180	530426	0.00
NC_092331.1	529180	530451	0.00
NC_092331.1	529180	530476	0.00
NC_092331.1	529180	530501	0.00
NC_092331.1	529180	530526	0.00
NC_092331.1	529180	530551	0.00
NC_092331.1	529180	530576	0.00
NC_092331.1	529180	530601	0.00
NC_092331.1	529180	530626	0.00
NC_092331.1	529180	530651	0.00
NC_092331.1	529180	530676	0.00
NC_092331.1	529180	530701	0.00
NC_092331.1	529180	530726	0.00
NC_092331.1	529180	530751	0.00
NC_092331.1	529180	530776	0.00
NC_092331.1	529180	530801	0.00
NC_092331.1	529180	530826	0.00
NC_092331.1	529180	530851	0.00
NC_092331.1	529180	530876	0.00
NC_092331.1	529180	530901	0.00
NC_092331.1	529180	530926	0.00
NC_092331.1	529180	530951	0.00
NC_092331.1	529180	530976	0.00
NC_092331.1	529180	531001	0.00
NC_092331.1	529180	531026	0.00
NC_092331.1	529180	531051	0.00
NC_092331.1	529180	531076	0.00
NC_092331.1	529180	531101	0.00
NC_092331.1	529180	531126	0.00
NC_092331.1	529180	531151	0.00
NC_092331.1	529180	531176	0.00
NC_092331.1	529182	527176	0.00
NC_092331.1	529182	527201	0.00
NC_092331.1	529182	527226	0.00
NC_092331.1	529182	527251	0.00
NC_092331.1	529182	527276	0.00
NC_092331.1	529182	527301	0.00
NC_092331.1	529182	527326	0.00
NC_092331.1	529182	527351	0.00
NC_092331.1	529182	527376	0.00
NC_092331.1	529182	527401	0.00
NC_092331.1	529182	527426	0.00
NC_092331.1	529182	527451	0.00
NC_092331.1	529182	527476	0.00
NC_092331.1	529182	527501	0.00
NC_092331.1	529182	527526	0.00
NC_092331.1	529182	527551	0.00
NC_092331.1	529182	527576	0.00
NC_092331.1	529182	527601	0.00
NC_092331.1	529182	527626	0.00
NC_092331.1	529182	527651	0.00
NC_092331.1	529182	527676	0.00
NC_092331.1	529182	527701	0.00
NC_092331.1	529182	527726	0.00
NC_092331.1	529182	527751	0.00
NC_092331.1	529182	527776	0.00
NC_092331.1	529182	527801	0.00
NC_092331.1	529182	527826	0.00
NC_092331.1	529182	527851	0.00
NC_092331.1	529182	527876	0.00
NC_092331.1	529182	527901	0.00
NC_092331.1	529182	527926	0.00
NC_092331.1	529182	527951	0.00
NC_092331.1	529182	527976	0.00
NC_092331.1	529182	528001	0.00
NC_092331.1	529182	528026	0.00
NC_092331.1	529182	528051	0.00
NC_092331.1	529182	528076	0.00
NC_092331.1	529182	528101	0.00
NC_092331.1	529182	528126	0.00
NC_092331.1	529182	528151	0.00
NC_092331.1	529182	528176	0.00
NC_092331.1	529182	528201	0.00
NC_092331.1	529182	528226	0.00
NC_092331.1	529182	528251	0.00
NC_092331.1	529182	528276	0.00
NC_092331.1	529182	528301	0.00
NC_092331.1	529182	528326	0.00
NC_092331.1	529182	528351	0.00
NC_092331.1	529182	528376	0.00
NC_092331.1	529182	528401	0.00
NC_092331.1	529182	528426	0.00
NC_092331.1	529182	528451	0.00
NC_092331.1	529182	528476	0.00
NC_092331.1	529182	528501	0.00
NC_092331.1	529182	528526	0.00
NC_092331.1	529182	528551	0.00
NC_092331.1	529182	528576	0.00
NC_092331.1	529182	528601	0.00
NC_092331.1	529182	528626	0.00
NC_092331.1	529182	528651	0.00
NC_092331.1	529182	528676	0.00
NC_092331.1	529182	528701	0.00
NC_092331.1	529182	528726	0.00
NC_092331.1	529182	528751	0.00
NC_092331.1	529182	528776	0.00
NC_092331.1	529182	528801	0.00
NC_092331.1	529182	528826	0.00
NC_092331.1	529182	528851	0.00
NC_092331.1	529182	528876	0.00
NC_092331.1	529182	528901	0.00
NC_092331.1	529182	528926	0.00
NC_092331.1	529182	528951	0.00
NC_092331.1	529182	528976	0.00
NC_092331.1	529182	529001	0.00
NC_092331.1	529182	529026	0.00
NC_092331.1	529182	529051	0.00
NC_092331.1	529182	529076	0.64
NC_092331.1	529182	529101	1.00
NC_092331.1	529182	529126	1.52
NC_092331.1	529182	529151	2.56
NC_092331.1	529182	529176	3.16
NC_092331.1	529182	529201	4.00
NC_092331.1	529182	529226	4.28
NC_092331.1	529182	529251	4.00
NC_092331.1	529182	529276	3.48
NC_092331.1	529182	529301	2.44
NC_092331.1	529182	529326	2.16
NC_092331.1	529182	529351	2.00
NC_092331.1	529182	529376	1.04
NC_092331.1	529182	529401	1.00
NC_092331.1	529182	529426	1.48
NC_092331.1	529182	529451	2.00
NC_092331.1	529182	529476	1.72
NC_092331.1	529182	529501	1.00
NC_092331.1	529182	529526	1.00
NC_092331.1	529182	529551	1.00
NC_092331.1	529182	529576	0.92
NC_092331.1	529182	529601	1.00
NC_092331.1	529182	529626	1.68
NC_092331.1	529182	529651	2.00
NC_092331.1	529182	529676	2.76
NC_092331.1	529182	529701	3.00
NC_092331.1	529182	529726	2.60
NC_092331.1	529182	529751	2.00
NC_092331.1	529182	529776	1.32
NC_092331.1	529182	529801	1.00
NC_092331.1	529182	529826	0.24
NC_092331.1	529182	529851	0.00
NC_092331.1	529182	529876	0.00
NC_092331.1	529182	529901	0.00
NC_092331.1	529182	529926	0.00
NC_092331.1	529182	529951	0.00
NC_092331.1	529182	529976	0.00
NC_092331.1	529182	530001	0.00
NC_092331.1	529182	530026	0.00
NC_092331.1	529182	530051	0.00
NC_092331.1	529182	530076	0.00
NC_092331.1	529182	530101	0.00
NC_092331.1	529182	530126	0.00
NC_092331.1	529182	530151	0.00
NC_092331.1	529182	530176	0.00
NC_092331.1	529182	530201	0.00
NC_092331.1	529182	530226	0.00
NC_092331.1	529182	530251	0.00
NC_092331.1	529182	530276	0.00
NC_092331.1	529182	530301	0.00
NC_092331.1	529182	530326	0.00
NC_092331.1	529182	530351	0.00
NC_092331.1	529182	530376	0.00
NC_092331.1	529182	530401	0.00
NC_092331.1	529182	530426	0.00
NC_092331.1	529182	530451	0.00
NC_092331.1	529182	530476	0.00
NC_092331.1	529182	530501	0.00
NC_092331.1	529182	530526	0.00
NC_092331.1	529182	530551	0.00
NC_092331.1	529182	530576	0.00
NC_092331.1	529182	530601	0.00
NC_092331.1	529182	530626	0.00
NC_092331.1	529182	530651	0.00
NC_092331.1	529182	530676	0.00
NC_092331.1	529182	530701	0.00
NC_092331.1	529182	530726	0.00
NC_092331.1	529182	530751	0.00
NC_092331.1	529182	530776	0.00
NC_092331.1	529182	530801	0.00
NC_092331.1	529182	530826	0.00
NC_092331.1	529182	530851	0.00
NC_092331.1	529182	530876	0.00
NC_092331.1	529182	530901	0.00
NC_092331.1	529182	530926	0.00
NC_092331.1	529182	530951	0.00
NC_092331.1	529182	530976	0.00
NC_092331.1	529182	531001	0.00
NC_092331.1	529182	531026	0.00
NC_092331.1	529182	531051	0.00
NC_092331.1	529182	531076	0.00
NC_092331.1	529182	531101	0.00
NC_092331.1	529182	531126	0.00
NC_092331.1	529182	531151	0.00
NC_092331.1	529182	531176	0.00
NC_092331.1	529210	527201	0.00
NC_092331.1	529210	527226	0.00
NC_092331.1	529210	527251	0.00
NC_092331.1	529210	527276	0.00
NC_092331.1	529210	527301	0.00
NC_092331.1	529210	527326	0.00
NC_092331.1	529210	527351	0.00
NC_092331.1	529210	527376	0.00
NC_092331.1	529210	527401	0.00
NC_092331.1	529210	527426	0.00
NC_092331.1	529210	527451	0.00
NC_092331.1	529210	527476	0.00
NC_092331.1	529210	527501	0.00
NC_092331.1	529210	527526	0.00
NC_092331.1	529210	527551	0.00
NC_092331.1	529210	527576	0.00
NC_092331.1	529210	527601	0.00
NC_092331.1	529210	527626	0.00
NC_092331.1	529210	527651	0.00
NC_092331.1	529210	527676	0.00
NC_092331.1	529210	527701	0.00
NC_092331.1	529210	527726	0.00
NC_092331.1	529210	527751	0.00
NC_092331.1	529210	527776	0.00
NC_092331.1	529210	527801	0.00
NC_092331.1	529210	527826	0.00
NC_092331.1	529210	527851	0.00
NC_092331.1	529210	527876	0.00
NC_092331.1	529210	527901	0.00
NC_092331.1	529210	527926	0.00
NC_092331.1	529210	527951	0.00
NC_092331.1	529210	527976	0.00
NC_092331.1	529210	528001	0.00
NC_092331.1	529210	528026	0.00
NC_092331.1	529210	528051	0.00
NC_092331.1	529210	528076	0.00
NC_092331.1	529210	528101	0.00
NC_092331.1	529210	528126	0.00
NC_092331.1	529210	528151	0.00
NC_092331.1	529210	528176	0.00
NC_092331.1	529210	528201	0.00
NC_092331.1	529210	528226	0.00
NC_092331.1	529210	528251	0.00
NC_092331.1	529210	528276	0.00
NC_092331.1	529210	528301	0.00
NC_092331.1	529210	528326	0.00
NC_092331.1	529210	528351	0.00
NC_092331.1	529210	528376	0.00
NC_092331.1	529210	528401	0.00
NC_092331.1	529210	528426	0.00
NC_092331.1	529210	528451	0.00
NC_092331.1	529210	528476	0.00
NC_092331.1	529210	528501	0.00
NC_092331.1	529210	528526	0.00
NC_092331.1	529210	528551	0.00
NC_092331.1	529210	528576	0.00
NC_092331.1	529210	528601	0.00
NC_092331.1	529210	528626	0.00
NC_092331.1	529210	528651	0.00
NC_092331.1	529210	528676	0.00
NC_092331.1	529210	528701	0.00
NC_092331.1	529210	528726	0.00
NC_092331.1	529210	528751	0.00
NC_092331.1	529210	528776	0.00
NC_092331.1	529210	528801	0.00
NC_092331.1	529210	528826	0.00
NC_092331.1	529210	528851	0.00
NC_092331.1	529210	528876	0.00
NC_092331.1	529210	528901	0.00
NC_092331.1	529210	528926	0.00
NC_092331.1	529210	528951	0.00
NC_092331.1	529210	528976	0.00
NC_092331.1	529210	529001	0.00
NC_092331.1	529210	529026	0.00
NC_092331.1	529210	529051	0.00
NC_092331.1	529210	529076	0.64
NC_092331.1	529210	529101	1.00
NC_092331.1	529210	529126	1.52
NC_092331.1	529210	529151	2.56
NC_092331.1	529210	529176	3.16
NC_092331.1	529210	529201	4.00
NC_092331.1	529210	529226	4.28
NC_092331.1	529210	529251	4.00
NC_092331.1	529210	529276	3.48
NC_092331.1	529210	529301	2.44
NC_092331.1	529210	529326	2.16
NC_092331.1	529210	529351	2.00
NC_092331.1	529210	529376	1.04
NC_092331.1	529210	529401	1.00
NC_092331.1	529210	529426	1.48
NC_092331.1	529210	529451	2.00
NC_092331.1	529210	529476	1.72
NC_092331.1	529210	529501	1.00
NC_092331.1	529210	529526	1.00
NC_092331.1	529210	529551	1.00
NC_092331.1	529210	529576	0.92
NC_092331.1	529210	529601	1.00
NC_092331.1	529210	529626	1.68
NC_092331.1	529210	529651	2.00
NC_092331.1	529210	529676	2.76
NC_092331.1	529210	529701	3.00
NC_092331.1	529210	529726	2.60
NC_092331.1	529210	529751	2.00
NC_092331.1	529210	529776	1.32
NC_092331.1	529210	529801	1.00
NC_092331.1	529210	529826	0.24
NC_092331.1	529210	529851	0.00
NC_092331.1	529210	529876	0.00
NC_092331.1	529210	529901	0.00
NC_092331.1	529210	529926	0.00
NC_092331.1	529210	529951	0.00
NC_092331.1	529210	529976	0.00
NC_092331.1	529210	530001	0.00
NC_092331.1	529210	530026	0.00
NC_092331.1	529210	530051	0.00
NC_092331.1	529210	530076	0.00
NC_092331.1	529210	530101	0.00
NC_092331.1	529210	530126	0.00
NC_092331.1	529210	530151	0.00
NC_092331.1	529210	530176	0.00
NC_092331.1	529210	530201	0.00
NC_092331.1	529210	530226	0.00
NC_092331.1	529210	530251	0.00
NC_092331.1	529210	530276	0.00
NC_092331.1	529210	530301	0.00
NC_092331.1	529210	530326	0.00
NC_092331.1	529210	530351	0.00
NC_092331.1	529210	530376	0.00
NC_092331.1	529210	530401	0.00
NC_092331.1	529210	530426	0.00
NC_092331.1	529210	530451	0.00
NC_092331.1	529210	530476	0.00
NC_092331.1	529210	530501	0.00
NC_092331.1	529210	530526	0.00
NC_092331.1	529210	530551	0.00
NC_092331.1	529210	530576	0.00
NC_092331.1	529210	530601	0.00
NC_092331.1	529210	530626	0.00
NC_092331.1	529210	530651	0.00
NC_092331.1	529210	530676	0.00
NC_092331.1	529210	530701	0.00
NC_092331.1	529210	530726	0.00
NC_092331.1	529210	530751	0.00
NC_092331.1	529210	530776	0.00
NC_092331.1	529210	530801	0.00
NC_092331.1	529210	530826	0.00
NC_092331.1	529210	530851	0.00
NC_092331.1	529210	530876	0.00
NC_092331.1	529210	530901	0.00
NC_092331.1	529210	530926	0.00
NC_092331.1	529210	530951	0.00
NC_092331.1	529210	530976	0.00
NC_092331.1	529210	531001	0.00
NC_092331.1	529210	531026	0.00
NC_092331.1	529210	531051	0.00
NC_092331.1	529210	531076	0.00
NC_092331.1	529210	531101	0.00
NC_092331.1	529210	531126	0.00
NC_092331.1	529210	531151	0.00
NC_092331.1	529210	531176	0.00
NC_092331.1	529210	531201	0.00
NC_092331.1	529248	527226	0.00
NC_092331.1	529248	527251	0.00
NC_092331.1	529248	527276	0.00
NC_092331.1	529248	527301	0.00
NC_092331.1	529248	527326	0.00
NC_092331.1	529248	527351	0.00
NC_092331.1	529248	527376	0.00
NC_092331.1	529248	527401	0.00
NC_092331.1	529248	527426	0.00
NC_092331.1	529248	527451	0.00
NC_092331.1	529248	527476	0.00
NC_092331.1	529248	527501	0.00
NC_092331.1	529248	527526	0.00
NC_092331.1	529248	527551	0.00
NC_092331.1	529248	527576	0.00
NC_092331.1	529248	527601	0.00
NC_092331.1	529248	527626	0.00
NC_092331.1	529248	527651	0.00
NC_092331.1	529248	527676	0.00
NC_092331.1	529248	527701	0.00
NC_092331.1	529248	527726	0.00
NC_092331.1	529248	527751	0.00
NC_092331.1	529248	527776	0.00
NC_092331.1	529248	527801	0.00
NC_092331.1	529248	527826	0.00
NC_092331.1	529248	527851	0.00
NC_092331.1	529248	527876	0.00
NC_092331.1	529248	527901	0.00
NC_092331.1	529248	527926	0.00
NC_092331.1	529248	527951	0.00
NC_092331.1	529248	527976	0.00
NC_092331.1	529248	528001	0.00
NC_092331.1	529248	528026	0.00
NC_092331.1	529248	528051	0.00
NC_092331.1	529248	528076	0.00
NC_092331.1	529248	528101	0.00
NC_092331.1	529248	528126	0.00
NC_092331.1	529248	528151	0.00
NC_092331.1	529248	528176	0.00
NC_092331.1	529248	528201	0.00
NC_092331.1	529248	528226	0.00
NC_092331.1	529248	528251	0.00
NC_092331.1	529248	528276	0.00
NC_092331.1	529248	528301	0.00
NC_092331.1	529248	528326	0.00
NC_092331.1	529248	528351	0.00
NC_092331.1	529248	528376	0.00
NC_092331.1	529248	528401	0.00
NC_092331.1	529248	528426	0.00
NC_092331.1	529248	528451	0.00
NC_092331.1	529248	528476	0.00
NC_092331.1	529248	528501	0.00
NC_092331.1	529248	528526	0.00
NC_092331.1	529248	528551	0.00
NC_092331.1	529248	528576	0.00
NC_092331.1	529248	528601	0.00
NC_092331.1	529248	528626	0.00
NC_092331.1	529248	528651	0.00
NC_092331.1	529248	528676	0.00
NC_092331.1	529248	528701	0.00
NC_092331.1	529248	528726	0.00
NC_092331.1	529248	528751	0.00
NC_092331.1	529248	528776	0.00
NC_092331.1	529248	528801	0.00
NC_092331.1	529248	528826	0.00
NC_092331.1	529248	528851	0.00
NC_092331.1	529248	528876	0.00
NC_092331.1	529248	528901	0.00
NC_092331.1	529248	528926	0.00
NC_092331.1	529248	528951	0.00
NC_092331.1	529248	528976	0.00
NC_092331.1	529248	529001	0.00
NC_092331.1	529248	529026	0.00
NC_092331.1	529248	529051	0.00
NC_092331.1	529248	529076	0.64
NC_092331.1	529248	529101	1.00
NC_092331.1	529248	529126	1.52
NC_092331.1	529248	529151	2.56
NC_092331.1	529248	529176	3.16
NC_092331.1	529248	529201	4.00
NC_092331.1	529248	529226	4.28
NC_092331.1	529248	529251	4.00
NC_092331.1	529248	529276	3.48
NC_092331.1	529248	529301	2.44
NC_092331.1	529248	529326	2.16
NC_092331.1	529248	529351	2.00
NC_092331.1	529248	529376	1.04
NC_092331.1	529248	529401	1.00
NC_092331.1	529248	529426	1.48
NC_092331.1	529248	529451	2.00
NC_092331.1	529248	529476	1.72
NC_092331.1	529248	529501	1.00
NC_092331.1	529248	529526	1.00
NC_092331.1	529248	529551	1.00
NC_092331.1	529248	529576	0.92
NC_092331.1	529248	529601	1.00
NC_092331.1	529248	529626	1.68
NC_092331.1	529248	529651	2.00
NC_092331.1	529248	529676	2.76
NC_092331.1	529248	529701	3.00
NC_092331.1	529248	529726	2.60
NC_092331.1	529248	529751	2.00
NC_092331.1	529248	529776	1.32
NC_092331.1	529248	529801	1.00
NC_092331.1	529248	529826	0.24
NC_092331.1	529248	529851	0.00
NC_092331.1	529248	529876	0.00
NC_092331.1	529248	529901	0.00
NC_092331.1	529248	529926	0.00
NC_092331.1	529248	529951	0.00
NC_092331.1	529248	529976	0.00
NC_092331.1	529248	530001	0.00
NC_092331.1	529248	530026	0.00
NC_092331.1	529248	530051	0.00
NC_092331.1	529248	530076	0.00
NC_092331.1	529248	530101	0.00
NC_092331.1	529248	530126	0.00
NC_092331.1	529248	530151	0.00
NC_092331.1	529248	530176	0.00
NC_092331.1	529248	530201	0.00
NC_092331.1	529248	530226	0.00
NC_092331.1	529248	530251	0.00
NC_092331.1	529248	530276	0.00
NC_092331.1	529248	530301	0.00
NC_092331.1	529248	530326	0.00
NC_092331.1	529248	530351	0.00
NC_092331.1	529248	530376	0.00
NC_092331.1	529248	530401	0.00
NC_092331.1	529248	530426	0.00
NC_092331.1	529248	530451	0.00
NC_092331.1	529248	530476	0.00
NC_092331.1	529248	530501	0.00
NC_092331.1	529248	530526	0.00
NC_092331.1	529248	530551	0.00
NC_092331.1	529248	530576	0.00
NC_092331.1	529248	530601	0.00
NC_092331.1	529248	530626	0.00
NC_092331.1	529248	530651	0.00
NC_092331.1	529248	530676	0.00
NC_092331.1	529248	530701	0.00
NC_092331.1	529248	530726	0.00
NC_092331.1	529248	530751	0.00
NC_092331.1	529248	530776	0.00
NC_092331.1	529248	530801	0.00
NC_092331.1	529248	530826	0.00
NC_092331.1	529248	530851	0.00
NC_092331.1	529248	530876	0.00
NC_092331.1	529248	530901	0.00
NC_092331.1	529248	530926	0.00
NC_092331.1	529248	530951	0.00
NC_092331.1	529248	530976	0.00
NC_092331.1	529248	531001	0.00
NC_092331.1	529248	531026	0.00
NC_092331.1	529248	531051	0.00
NC_092331.1	529248	531076	0.00
NC_092331.1	529248	531101	0.00
NC_092331.1	529248	531126	0.00
NC_092331.1	529248	531151	0.00
NC_092331.1	529248	531176	0.00
NC_092331.1	529248	531201	0.00
NC_092331.1	529248	531226	0.00
NC_092331.1	529414	527401	0.00
NC_092331.1	529414	527426	0.00
NC_092331.1	529414	527451	0.00
NC_092331.1	529414	527476	0.00
NC_092331.1	529414	527501	0.00
NC_092331.1	529414	527526	0.00
NC_092331.1	529414	527551	0.00
NC_092331.1	529414	527576	0.00
NC_092331.1	529414	527601	0.00
NC_092331.1	529414	527626	0.00
NC_092331.1	529414	527651	0.00
NC_092331.1	529414	527676	0.00
NC_092331.1	529414	527701	0.00
NC_092331.1	529414	527726	0.00
NC_092331.1	529414	527751	0.00
NC_092331.1	529414	527776	0.00
NC_092331.1	529414	527801	0.00
NC_092331.1	529414	527826	0.00
NC_092331.1	529414	527851	0.00
NC_092331.1	529414	527876	0.00
NC_092331.1	529414	527901	0.00
NC_092331.1	529414	527926	0.00
NC_092331.1	529414	527951	0.00
NC_092331.1	529414	527976	0.00
NC_092331.1	529414	528001	0.00
NC_092331.1	529414	528026	0.00
NC_092331.1	529414	528051	0.00
NC_092331.1	529414	528076	0.00
NC_092331.1	529414	528101	0.00
NC_092331.1	529414	528126	0.00
NC_092331.1	529414	528151	0.00
NC_092331.1	529414	528176	0.00
NC_092331.1	529414	528201	0.00
NC_092331.1	529414	528226	0.00
NC_092331.1	529414	528251	0.00
NC_092331.1	529414	528276	0.00
NC_092331.1	529414	528301	0.00
NC_092331.1	529414	528326	0.00
NC_092331.1	529414	528351	0.00
NC_092331.1	529414	528376	0.00
NC_092331.1	529414	528401	0.00
NC_092331.1	529414	528426	0.00
NC_092331.1	529414	528451	0.00
NC_092331.1	529414	528476	0.00
NC_092331.1	529414	528501	0.00
NC_092331.1	529414	528526	0.00
NC_092331.1	529414	528551	0.00
NC_092331.1	529414	528576	0.00
NC_092331.1	529414	528601	0.00
NC_092331.1	529414	528626	0.00
NC_092331.1	529414	528651	0.00
NC_092331.1	529414	528676	0.00
NC_092331.1	529414	528701	0.00
NC_092331.1	529414	528726	0.00
NC_092331.1	529414	528751	0.00
NC_092331.1	529414	528776	0.00
NC_092331.1	529414	528801	0.00
NC_092331.1	529414	528826	0.00
NC_092331.1	529414	528851	0.00
NC_092331.1	529414	528876	0.00
NC_092331.1	529414	528901	0.00
NC_092331.1	529414	528926	0.00
NC_092331.1	529414	528951	0.00
NC_092331.1	529414	528976	0.00
NC_092331.1	529414	529001	0.00
NC_092331.1	529414	529026	0.00
NC_092331.1	529414	529051	0.00
NC_092331.1	529414	529076	0.64
NC_092331.1	529414	529101	1.00
NC_092331.1	529414	529126	1.52
NC_092331.1	529414	529151	2.56
NC_092331.1	529414	529176	3.16
NC_092331.1	529414	529201	4.00
NC_092331.1	529414	529226	4.28
NC_092331.1	529414	529251	4.00
NC_092331.1	529414	529276	3.48
NC_092331.1	529414	529301	2.44
NC_092331.1	529414	529326	2.16
NC_092331.1	529414	529351	2.00
NC_092331.1	529414	529376	1.04
NC_092331.1	529414	529401	1.00
NC_092331.1	529414	529426	1.48
NC_092331.1	529414	529451	2.00
NC_092331.1	529414	529476	1.72
NC_092331.1	529414	529501	1.00
NC_092331.1	529414	529526	1.00
NC_092331.1	529414	529551	1.00
NC_092331.1	529414	529576	0.92
NC_092331.1	529414	529601	1.00
NC_092331.1	529414	529626	1.68
NC_092331.1	529414	529651	2.00
NC_092331.1	529414	529676	2.76
NC_092331.1	529414	529701	3.00
NC_092331.1	529414	529726	2.60
NC_092331.1	529414	529751	2.00
NC_092331.1	529414	529776	1.32
NC_092331.1	529414	529801	1.00
NC_092331.1	529414	529826	0.24
NC_092331.1	529414	529851	0.00
NC_092331.1	529414	529876	0.00
NC_092331.1	529414	529901	0.00
NC_092331.1	529414	529926	0.00
NC_092331.1	529414	529951	0.00
NC_092331.1	529414	529976	0.00
NC_092331.1	529414	530001	0.00
NC_092331.1	529414	530026	0.00
NC_092331.1	529414	530051	0.00
NC_092331.1	529414	530076	0.00
NC_092331.1	529414	530101	0.00
NC_092331.1	529414	530126	0.00
NC_092331.1	529414	530151	0.00
NC_092331.1	529414	530176	0.00
NC_092331.1	529414	530201	0.00
NC_092331.1	529414	530226	0.00
NC_092331.1	529414	530251	0.00
NC_092331.1	529414	530276	0.00
NC_092331.1	529414	530301	0.00
NC_092331.1	529414	530326	0.00
NC_092331.1	529414	530351	0.00
NC_092331.1	529414	530376	0.00
NC_092331.1	529414	530401	0.00
NC_092331.1	529414	530426	0.00
NC_092331.1	529414	530451	0.00
NC_092331.1	529414	530476	0.00
NC_092331.1	529414	530501	0.00
NC_092331.1	529414	530526	0.00
NC_092331.1	529414	530551	0.00
NC_092331.1	529414	530576	0.00
NC_092331.1	529414	530601	0.00
NC_092331.1	529414	530626	0.00
NC_092331.1	529414	530651	0.00
NC_092331.1	529414	530676	0.00
NC_092331.1	529414	530701	0.00
NC_092331.1	529414	530726	0.00
NC_092331.1	529414	530751	0.00
NC_092331.1	529414	530776	0.00
NC_092331.1	529414	530801	0.00
NC_092331.1	529414	530826	0.00
NC_092331.1	529414	530851	0.00
NC_092331.1	529414	530876	0.00
NC_092331.1	529414	530901	0.00
NC_092331.1	529414	530926	0.00
NC_092331.1	529414	530951	0.00
NC_092331.1	529414	530976	0.00
NC_092331.1	529414	531001	0.00
NC_092331.1	529414	531026	0.00
NC_092331.1	529414	531051	0.00
NC_092331.1	529414	531076	0.00
NC_092331.1	529414	531101	0.00
NC_092331.1	529414	531126	0.00
NC_092331.1	529414	531151	0.00
NC_092331.1	529414	531176	0.00
NC_092331.1	529414	531201	0.00
NC_092331.1	529414	531226	0.00
NC_092331.1	529414	531251	0.00
NC_092331.1	529414	531276	0.00
NC_092331.1	529414	531301	0.00
NC_092331.1	529414	531326	0.00
NC_092331.1	529414	531351	0.00
NC_092331.1	529414	531376	0.00
NC_092331.1	529414	531401	0.00
NC_092331.1	529415	527401	0.00
NC_092331.1	529415	527426	0.00
NC_092331.1	529415	527451	0.00
NC_092331.1	529415	527476	0.00
NC_092331.1	529415	527501	0.00
NC_092331.1	529415	527526	0.00
NC_092331.1	529415	527551	0.00
NC_092331.1	529415	527576	0.00
NC_092331.1	529415	527601	0.00
NC_092331.1	529415	527626	0.00
NC_092331.1	529415	527651	0.00
NC_092331.1	529415	527676	0.00
NC_092331.1	529415	527701	0.00
NC_092331.1	529415	527726	0.00
NC_092331.1	529415	527751	0.00
NC_092331.1	529415	527776	0.00
NC_092331.1	529415	527801	0.00
NC_092331.1	529415	527826	0.00
NC_092331.1	529415	527851	0.00
NC_092331.1	529415	527876	0.00
NC_092331.1	529415	527901	0.00
NC_092331.1	529415	527926	0.00
NC_092331.1	529415	527951	0.00
NC_092331.1	529415	527976	0.00
NC_092331.1	529415	528001	0.00
NC_092331.1	529415	528026	0.00
NC_092331.1	529415	528051	0.00
NC_092331.1	529415	528076	0.00
NC_092331.1	529415	528101	0.00
NC_092331.1	529415	528126	0.00
NC_092331.1	529415	528151	0.00
NC_092331.1	529415	528176	0.00
NC_092331.1	529415	528201	0.00
NC_092331.1	529415	528226	0.00
NC_092331.1	529415	528251	0.00
NC_092331.1	529415	528276	0.00
NC_092331.1	529415	528301	0.00
NC_092331.1	529415	528326	0.00
NC_092331.1	529415	528351	0.00
NC_092331.1	529415	528376	0.00
NC_092331.1	529415	528401	0.00
NC_092331.1	529415	528426	0.00
NC_092331.1	529415	528451	0.00
NC_092331.1	529415	528476	0.00
NC_092331.1	529415	528501	0.00
NC_092331.1	529415	528526	0.00
NC_092331.1	529415	528551	0.00
NC_092331.1	529415	528576	0.00
NC_092331.1	529415	528601	0.00
NC_092331.1	529415	528626	0.00
NC_092331.1	529415	528651	0.00
NC_092331.1	529415	528676	0.00
NC_092331.1	529415	528701	0.00
NC_092331.1	529415	528726	0.00
NC_092331.1	529415	528751	0.00
NC_092331.1	529415	528776	0.00
NC_092331.1	529415	528801	0.00
NC_092331.1	529415	528826	0.00
NC_092331.1	529415	528851	0.00
NC_092331.1	529415	528876	0.00
NC_092331.1	529415	528901	0.00
NC_092331.1	529415	528926	0.00
NC_092331.1	529415	528951	0.00
NC_092331.1	529415	528976	0.00
NC_092331.1	529415	529001	0.00
NC_092331.1	529415	529026	0.00
NC_092331.1	529415	529051	0.00
NC_092331.1	529415	529076	0.64
NC_092331.1	529415	529101	1.00
NC_092331.1	529415	529126	1.52
NC_092331.1	529415	529151	2.56
NC_092331.1	529415	529176	3.16
NC_092331.1	529415	529201	4.00
NC_092331.1	529415	529226	4.28
NC_092331.1	529415	529251	4.00
NC_092331.1	529415	529276	3.48
NC_092331.1	529415	529301	2.44
NC_092331.1	529415	529326	2.16
NC_092331.1	529415	529351	2.00
NC_092331.1	529415	529376	1.04
NC_092331.1	529415	529401	1.00
NC_092331.1	529415	529426	1.48
NC_092331.1	529415	529451	2.00
NC_092331.1	529415	529476	1.72
NC_092331.1	529415	529501	1.00
NC_092331.1	529415	529526	1.00
NC_092331.1	529415	529551	1.00
NC_092331.1	529415	529576	0.92
NC_092331.1	529415	529601	1.00
NC_092331.1	529415	529626	1.68
NC_092331.1	529415	529651	2.00
NC_092331.1	529415	529676	2.76
NC_092331.1	529415	529701	3.00
NC_092331.1	529415	529726	2.60
NC_092331.1	529415	529751	2.00
NC_092331.1	529415	529776	1.32
NC_092331.1	529415	529801	1.00
NC_092331.1	529415	529826	0.24
NC_092331.1	529415	529851	0.00
NC_092331.1	529415	529876	0.00
NC_092331.1	529415	529901	0.00
NC_092331.1	529415	529926	0.00
NC_092331.1	529415	529951	0.00
NC_092331.1	529415	529976	0.00
NC_092331.1	529415	530001	0.00
NC_092331.1	529415	530026	0.00
NC_092331.1	529415	530051	0.00
NC_092331.1	529415	530076	0.00
NC_092331.1	529415	530101	0.00
NC_092331.1	529415	530126	0.00
NC_092331.1	529415	530151	0.00
NC_092331.1	529415	530176	0.00
NC_092331.1	529415	530201	0.00
NC_092331.1	529415	530226	0.00
NC_092331.1	529415	530251	0.00
NC_092331.1	529415	530276	0.00
NC_092331.1	529415	530301	0.00
NC_092331.1	529415	530326	0.00
NC_092331.1	529415	530351	0.00
NC_092331.1	529415	530376	0.00
NC_092331.1	529415	530401	0.00
NC_092331.1	529415	530426	0.00
NC_092331.1	529415	530451	0.00
NC_092331.1	529415	530476	0.00
NC_092331.1	529415	530501	0.00
NC_092331.1	529415	530526	0.00
NC_092331.1	529415	530551	0.00
NC_092331.1	529415	530576	0.00
NC_092331.1	529415	530601	0.00
NC_092331.1	529415	530626	0.00
NC_092331.1	529415	530651	0.00
NC_092331.1	529415	530676	0.00
NC_092331.1	529415	530701	0.00
NC_092331.1	529415	530726	0.00
NC_092331.1	529415	530751	0.00
NC_092331.1	529415	530776	0.00
NC_092331.1	529415	530801	0.00
NC_092331.1	529415	530826	0.00
NC_092331.1	529415	530851	0.00
NC_092331.1	529415	530876	0.00
NC_092331.1	529415	530901	0.00
NC_092331.1	529415	530926	0.00
NC_092331.1	529415	530951	0.00
NC_092331.1	529415	530976	0.00
NC_092331.1	529415	531001	0.00
NC_092331.1	529415	531026	0.00
NC_092331.1	529415	531051	0.00
NC_092331.1	529415	531076	0.00
NC_092331.1	529415	531101	0.00
NC_092331.1	529415	531126	0.00
NC_092331.1	529415	531151	0.00
NC_092331.1	529415	531176	0.00
NC_092331.1	529415	531201	0.00
NC_092331.1	529415	531226	0.00
NC_092331.1	529415	531251	0.00
NC_092331.1	529415	531276	0.00
NC_092331.1	529415	531301	0.00
NC_092331.1	529415	531326	0.00
NC_092331.1	529415	531351	0.00
NC_092331.1	529415	531376	0.00
NC_092331.1	529415	531401	0.00
NC_092331.1	529429	527426	0.00
NC_092331.1	529429	527451	0.00
NC_092331.1	529429	527476	0.00
NC_092331.1	529429	527501	0.00
NC_092331.1	529429	527526	0.00
NC_092331.1	529429	527551	0.00
NC_092331.1	529429	527576	0.00
NC_092331.1	529429	527601	0.00
NC_092331.1	529429	527626	0.00
NC_092331.1	529429	527651	0.00
NC_092331.1	529429	527676	0.00
NC_092331.1	529429	527701	0.00
NC_092331.1	529429	527726	0.00
NC_092331.1	529429	527751	0.00
NC_092331.1	529429	527776	0.00
NC_092331.1	529429	527801	0.00
NC_092331.1	529429	527826	0.00
NC_092331.1	529429	527851	0.00
NC_092331.1	529429	527876	0.00
NC_092331.1	529429	527901	0.00
NC_092331.1	529429	527926	0.00
NC_092331.1	529429	527951	0.00
NC_092331.1	529429	527976	0.00
NC_092331.1	529429	528001	0.00
NC_092331.1	529429	528026	0.00
NC_092331.1	529429	528051	0.00
NC_092331.1	529429	528076	0.00
NC_092331.1	529429	528101	0.00
NC_092331.1	529429	528126	0.00
NC_092331.1	529429	528151	0.00
NC_092331.1	529429	528176	0.00
NC_092331.1	529429	528201	0.00
NC_092331.1	529429	528226	0.00
NC_092331.1	529429	528251	0.00
NC_092331.1	529429	528276	0.00
NC_092331.1	529429	528301	0.00
NC_092331.1	529429	528326	0.00
NC_092331.1	529429	528351	0.00
NC_092331.1	529429	528376	0.00
NC_092331.1	529429	528401	0.00
NC_092331.1	529429	528426	0.00
NC_092331.1	529429	528451	0.00
NC_092331.1	529429	528476	0.00
NC_092331.1	529429	528501	0.00
NC_092331.1	529429	528526	0.00
NC_092331.1	529429	528551	0.00
NC_092331.1	529429	528576	0.00
NC_092331.1	529429	528601	0.00
NC_092331.1	529429	528626	0.00
NC_092331.1	529429	528651	0.00
NC_092331.1	529429	528676	0.00
NC_092331.1	529429	528701	0.00
NC_092331.1	529429	528726	0.00
NC_092331.1	529429	528751	0.00
NC_092331.1	529429	528776	0.00
NC_092331.1	529429	528801	0.00
NC_092331.1	529429	528826	0.00
NC_092331.1	529429	528851	0.00
NC_092331.1	529429	528876	0.00
NC_092331.1	529429	528901	0.00
NC_092331.1	529429	528926	0.00
NC_092331.1	529429	528951	0.00
NC_092331.1	529429	528976	0.00
NC_092331.1	529429	529001	0.00
NC_092331.1	529429	529026	0.00
NC_092331.1	529429	529051	0.00
NC_092331.1	529429	529076	0.64
NC_092331.1	529429	529101	1.00
NC_092331.1	529429	529126	1.52
NC_092331.1	529429	529151	2.56
NC_092331.1	529429	529176	3.16
NC_092331.1	529429	529201	4.00
NC_092331.1	529429	529226	4.28
NC_092331.1	529429	529251	4.00
NC_092331.1	529429	529276	3.48
NC_092331.1	529429	529301	2.44
NC_092331.1	529429	529326	2.16
NC_092331.1	529429	529351	2.00
NC_092331.1	529429	529376	1.04
NC_092331.1	529429	529401	1.00
NC_092331.1	529429	529426	1.48
NC_092331.1	529429	529451	2.00
NC_092331.1	529429	529476	1.72
NC_092331.1	529429	529501	1.00
NC_092331.1	529429	529526	1.00
NC_092331.1	529429	529551	1.00
NC_092331.1	529429	529576	0.92
NC_092331.1	529429	529601	1.00
NC_092331.1	529429	529626	1.68
NC_092331.1	529429	529651	2.00
NC_092331.1	529429	529676	2.76
NC_092331.1	529429	529701	3.00
NC_092331.1	529429	529726	2.60
NC_092331.1	529429	529751	2.00
NC_092331.1	529429	529776	1.32
NC_092331.1	529429	529801	1.00
NC_092331.1	529429	529826	0.24
NC_092331.1	529429	529851	0.00
NC_092331.1	529429	529876	0.00
NC_092331.1	529429	529901	0.00
NC_092331.1	529429	529926	0.00
NC_092331.1	529429	529951	0.00
NC_092331.1	529429	529976	0.00
NC_092331.1	529429	530001	0.00
NC_092331.1	529429	530026	0.00
NC_092331.1	529429	530051	0.00
NC_092331.1	529429	530076	0.00
NC_092331.1	529429	530101	0.00
NC_092331.1	529429	530126	0.00
NC_092331.1	529429	530151	0.00
NC_092331.1	529429	530176	0.00
NC_092331.1	529429	530201	0.00
NC_092331.1	529429	530226	0.00
NC_092331.1	529429	530251	0.00
NC_092331.1	529429	530276	0.00
NC_092331.1	529429	530301	0.00
NC_092331.1	529429	530326	0.00
NC_092331.1	529429	530351	0.00
NC_092331.1	529429	530376	0.00
NC_092331.1	529429	530401	0.00
NC_092331.1	529429	530426	0.00
NC_092331.1	529429	530451	0.00
NC_092331.1	529429	530476	0.00
NC_092331.1	529429	530501	0.00
NC_092331.1	529429	530526	0.00
NC_092331.1	529429	530551	0.00
NC_092331.1	529429	530576	0.00
NC_092331.1	529429	530601	0.00
NC_092331.1	529429	530626	0.00
NC_092331.1	529429	530651	0.00
NC_092331.1	529429	530676	0.00
NC_092331.1	529429	530701	0.00
NC_092331.1	529429	530726	0.00
NC_092331.1	529429	530751	0.00
NC_092331.1	529429	530776	0.00
NC_092331.1	529429	530801	0.00
NC_092331.1	529429	530826	0.00
NC_092331.1	529429	530851	0.00
NC_092331.1	529429	530876	0.00
NC_092331.1	529429	530901	0.00
NC_092331.1	529429	530926	0.00
NC_092331.1	529429	530951	0.00
NC_092331.1	529429	530976	0.00
NC_092331.1	529429	531001	0.00
NC_092331.1	529429	531026	0.00
NC_092331.1	529429	531051	0.00
NC_092331.1	529429	531076	0.00
NC_092331.1	529429	531101	0.00
NC_092331.1	529429	531126	0.00
NC_092331.1	529429	531151	0.00
NC_092331.1	529429	531176	0.00
NC_092331.1	529429	531201	0.00
NC_092331.1	529429	531226	0.00
NC_092331.1	529429	531251	0.00
NC_092331.1	529429	531276	0.00
NC_092331.1	529429	531301	0.00
NC_092331.1	529429	531326	0.00
NC_092331.1	529429	531351	0.00
NC_092331.1	529429	531376	0.00
NC_092331.1	529429	531401	0.00
NC_092331.1	529429	531426	0.00
NC_092331.1	529430	527426	0.00
NC_092331.1	529430	527451	0.00
NC_092331.1	529430	527476	0.00
NC_092331.1	529430	527501	0.00
NC_092331.1	529430	527526	0.00
NC_092331.1	529430	527551	0.00
NC_092331.1	529430	527576	0.00
NC_092331.1	529430	527601	0.00
NC_092331.1	529430	527626	0.00
NC_092331.1	529430	527651	0.00
NC_092331.1	529430	527676	0.00
NC_092331.1	529430	527701	0.00
NC_092331.1	529430	527726	0.00
NC_092331.1	529430	527751	0.00
NC_092331.1	529430	527776	0.00
NC_092331.1	529430	527801	0.00
NC_092331.1	529430	527826	0.00
NC_092331.1	529430	527851	0.00
NC_092331.1	529430	527876	0.00
NC_092331.1	529430	527901	0.00
NC_092331.1	529430	527926	0.00
NC_092331.1	529430	527951	0.00
NC_092331.1	529430	527976	0.00
NC_092331.1	529430	528001	0.00
NC_092331.1	529430	528026	0.00
NC_092331.1	529430	528051	0.00
NC_092331.1	529430	528076	0.00
NC_092331.1	529430	528101	0.00
NC_092331.1	529430	528126	0.00
NC_092331.1	529430	528151	0.00
NC_092331.1	529430	528176	0.00
NC_092331.1	529430	528201	0.00
NC_092331.1	529430	528226	0.00
NC_092331.1	529430	528251	0.00
NC_092331.1	529430	528276	0.00
NC_092331.1	529430	528301	0.00
NC_092331.1	529430	528326	0.00
NC_092331.1	529430	528351	0.00
NC_092331.1	529430	528376	0.00
NC_092331.1	529430	528401	0.00
NC_092331.1	529430	528426	0.00
NC_092331.1	529430	528451	0.00
NC_092331.1	529430	528476	0.00
NC_092331.1	529430	528501	0.00
NC_092331.1	529430	528526	0.00
NC_092331.1	529430	528551	0.00
NC_092331.1	529430	528576	0.00
NC_092331.1	529430	528601	0.00
NC_092331.1	529430	528626	0.00
NC_092331.1	529430	528651	0.00
NC_092331.1	529430	528676	0.00
NC_092331.1	529430	528701	0.00
NC_092331.1	529430	528726	0.00
NC_092331.1	529430	528751	0.00
NC_092331.1	529430	528776	0.00
NC_092331.1	529430	528801	0.00
NC_092331.1	529430	528826	0.00
NC_092331.1	529430	528851	0.00
NC_092331.1	529430	528876	0.00
NC_092331.1	529430	528901	0.00
NC_092331.1	529430	528926	0.00
NC_092331.1	529430	528951	0.00
NC_092331.1	529430	528976	0.00
NC_092331.1	529430	529001	0.00
NC_092331.1	529430	529026	0.00
NC_092331.1	529430	529051	0.00
NC_092331.1	529430	529076	0.64
NC_092331.1	529430	529101	1.00
NC_092331.1	529430	529126	1.52
NC_092331.1	529430	529151	2.56
NC_092331.1	529430	529176	3.16
NC_092331.1	529430	529201	4.00
NC_092331.1	529430	529226	4.28
NC_092331.1	529430	529251	4.00
NC_092331.1	529430	529276	3.48
NC_092331.1	529430	529301	2.44
NC_092331.1	529430	529326	2.16
NC_092331.1	529430	529351	2.00
NC_092331.1	529430	529376	1.04
NC_092331.1	529430	529401	1.00
NC_092331.1	529430	529426	1.48
NC_092331.1	529430	529451	2.00
NC_092331.1	529430	529476	1.72
NC_092331.1	529430	529501	1.00
NC_092331.1	529430	529526	1.00
NC_092331.1	529430	529551	1.00
NC_092331.1	529430	529576	0.92
NC_092331.1	529430	529601	1.00
NC_092331.1	529430	529626	1.68
NC_092331.1	529430	529651	2.00
NC_092331.1	529430	529676	2.76
NC_092331.1	529430	529701	3.00
NC_092331.1	529430	529726	2.60
NC_092331.1	529430	529751	2.00
NC_092331.1	529430	529776	1.32
NC_092331.1	529430	529801	1.00
NC_092331.1	529430	529826	0.24
NC_092331.1	529430	529851	0.00
NC_092331.1	529430	529876	0.00
NC_092331.1	529430	529901	0.00
NC_092331.1	529430	529926	0.00
NC_092331.1	529430	529951	0.00
NC_092331.1	529430	529976	0.00
NC_092331.1	529430	530001	0.00
NC_092331.1	529430	530026	0.00
NC_092331.1	529430	530051	0.00
NC_092331.1	529430	530076	0.00
NC_092331.1	529430	530101	0.00
NC_092331.1	529430	530126	0.00
NC_092331.1	529430	530151	0.00
NC_092331.1	529430	530176	0.00
NC_092331.1	529430	530201	0.00
NC_092331.1	529430	530226	0.00
NC_092331.1	529430	530251	0.00
NC_092331.1	529430	530276	0.00
NC_092331.1	529430	530301	0.00
NC_092331.1	529430	530326	0.00
NC_092331.1	529430	530351	0.00
NC_092331.1	529430	530376	0.00
NC_092331.1	529430	530401	0.00
NC_092331.1	529430	530426	0.00
NC_092331.1	529430	530451	0.00
NC_092331.1	529430	530476	0.00
NC_092331.1	529430	530501	0.00
NC_092331.1	529430	530526	0.00
NC_092331.1	529430	530551	0.00
NC_092331.1	529430	530576	0.00
NC_092331.1	529430	530601	0.00
NC_092331.1	529430	530626	0.00
NC_092331.1	529430	530651	0.00
NC_092331.1	529430	530676	0.00
NC_092331.1	529430	530701	0.00
NC_092331.1	529430	530726	0.00
NC_092331.1	529430	530751	0.00
NC_092331.1	529430	530776	0.00
NC_092331.1	529430	530801	0.00
NC_092331.1	529430	530826	0.00
NC_092331.1	529430	530851	0.00
NC_092331.1	529430	530876	0.00
NC_092331.1	529430	530901	0.00
NC_092331.1	529430	530926	0.00
NC_092331.1	529430	530951	0.00
NC_092331.1	529430	530976	0.00
NC_092331.1	529430	531001	0.00
NC_092331.1	529430	531026	0.00
NC_092331.1	529430	531051	0.00
NC_092331.1	529430	531076	0.00
NC_092331.1	529430	531101	0.00
NC_092331.1	529430	531126	0.00
NC_092331.1	529430	531151	0.00
NC_092331.1	529430	531176	0.00
NC_092331.1	529430	531201	0.00
NC_092331.1	529430	531226	0.00
NC_092331.1	529430	531251	0.00
NC_092331.1	529430	531276	0.00
NC_092331.1	529430	531301	0.00
NC_092331.1	529430	531326	0.00
NC_092331.1	529430	531351	0.00
NC_092331.1	529430	531376	0.00
NC_092331.1	529430	531401	0.00
NC_092331.1	529430	531426	0.00
NC_092331.1	529527	527526	0.00
NC_092331.1	529527	527551	0.00
NC_092331.1	529527	527576	0.00
NC_092331.1	529527	527601	0.00
NC_092331.1	529527	527626	0.00
NC_092331.1	529527	527651	0.00
NC_092331.1	529527	527676	0.00
NC_092331.1	529527	527701	0.00
NC_092331.1	529527	527726	0.00
NC_092331.1	529527	527751	0.00
NC_092331.1	529527	527776	0.00
NC_092331.1	529527	527801	0.00
NC_092331.1	529527	527826	0.00
NC_092331.1	529527	527851	0.00
NC_092331.1	529527	527876	0.00
NC_092331.1	529527	527901	0.00
NC_092331.1	529527	527926	0.00
NC_092331.1	529527	527951	0.00
NC_092331.1	529527	527976	0.00
NC_092331.1	529527	528001	0.00
NC_092331.1	529527	528026	0.00
NC_092331.1	529527	528051	0.00
NC_092331.1	529527	528076	0.00
NC_092331.1	529527	528101	0.00
NC_092331.1	529527	528126	0.00
NC_092331.1	529527	528151	0.00
NC_092331.1	529527	528176	0.00
NC_092331.1	529527	528201	0.00
NC_092331.1	529527	528226	0.00
NC_092331.1	529527	528251	0.00
NC_092331.1	529527	528276	0.00
NC_092331.1	529527	528301	0.00
NC_092331.1	529527	528326	0.00
NC_092331.1	529527	528351	0.00
NC_092331.1	529527	528376	0.00
NC_092331.1	529527	528401	0.00
NC_092331.1	529527	528426	0.00
NC_092331.1	529527	528451	0.00
NC_092331.1	529527	528476	0.00
NC_092331.1	529527	528501	0.00
NC_092331.1	529527	528526	0.00
NC_092331.1	529527	528551	0.00
NC_092331.1	529527	528576	0.00
NC_092331.1	529527	528601	0.00
NC_092331.1	529527	528626	0.00
NC_092331.1	529527	528651	0.00
NC_092331.1	529527	528676	0.00
NC_092331.1	529527	528701	0.00
NC_092331.1	529527	528726	0.00
NC_092331.1	529527	528751	0.00
NC_092331.1	529527	528776	0.00
NC_092331.1	529527	528801	0.00
NC_092331.1	529527	528826	0.00
NC_092331.1	529527	528851	0.00
NC_092331.1	529527	528876	0.00
NC_092331.1	529527	528901	0.00
NC_092331.1	529527	528926	0.00
NC_092331.1	529527	528951	0.00
NC_092331.1	529527	528976	0.00
NC_092331.1	529527	529001	0.00
NC_092331.1	529527	529026	0.00
NC_092331.1	529527	529051	0.00
NC_092331.1	529527	529076	0.64
NC_092331.1	529527	529101	1.00
NC_092331.1	529527	529126	1.52
NC_092331.1	529527	529151	2.56
NC_092331.1	529527	529176	3.16
NC_092331.1	529527	529201	4.00
NC_092331.1	529527	529226	4.28
NC_092331.1	529527	529251	4.00
NC_092331.1	529527	529276	3.48
NC_092331.1	529527	529301	2.44
NC_092331.1	529527	529326	2.16
NC_092331.1	529527	529351	2.00
NC_092331.1	529527	529376	1.04
NC_092331.1	529527	529401	1.00
NC_092331.1	529527	529426	1.48
NC_092331.1	529527	529451	2.00
NC_092331.1	529527	529476	1.72
NC_092331.1	529527	529501	1.00
NC_092331.1	529527	529526	1.00
NC_092331.1	529527	529551	1.00
NC_092331.1	529527	529576	0.92
NC_092331.1	529527	529601	1.00
NC_092331.1	529527	529626	1.68
NC_092331.1	529527	529651	2.00
NC_092331.1	529527	529676	2.76
NC_092331.1	529527	529701	3.00
NC_092331.1	529527	529726	2.60
NC_092331.1	529527	529751	2.00
NC_092331.1	529527	529776	1.32
NC_092331.1	529527	529801	1.00
NC_092331.1	529527	529826	0.24
NC_092331.1	529527	529851	0.00
NC_092331.1	529527	529876	0.00
NC_092331.1	529527	529901	0.00
NC_092331.1	529527	529926	0.00
NC_092331.1	529527	529951	0.00
NC_092331.1	529527	529976	0.00
NC_092331.1	529527	530001	0.00
NC_092331.1	529527	530026	0.00
NC_092331.1	529527	530051	0.00
NC_092331.1	529527	530076	0.00
NC_092331.1	529527	530101	0.00
NC_092331.1	529527	530126	0.00
NC_092331.1	529527	530151	0.00
NC_092331.1	529527	530176	0.00
NC_092331.1	529527	530201	0.00
NC_092331.1	529527	530226	0.00
NC_092331.1	529527	530251	0.00
NC_092331.1	529527	530276	0.00
NC_092331.1	529527	530301	0.00
NC_092331.1	529527	530326	0.00
NC_092331.1	529527	530351	0.00
NC_092331.1	529527	530376	0.00
NC_092331.1	529527	530401	0.00
NC_092331.1	529527	530426	0.00
NC_092331.1	529527	530451	0.00
NC_092331.1	529527	530476	0.00
NC_092331.1	529527	530501	0.00
NC_092331.1	529527	530526	0.00
NC_092331.1	529527	530551	0.00
NC_092331.1	529527	530576	0.00
NC_092331.1	529527	530601	0.00
NC_092331.1	529527	530626	0.00
NC_092331.1	529527	530651	0.00
NC_092331.1	529527	530676	0.00
NC_092331.1	529527	530701	0.00
NC_092331.1	529527	530726	0.00
NC_092331.1	529527	530751	0.00
NC_092331.1	529527	530776	0.00
NC_092331.1	529527	530801	0.00
NC_092331.1	529527	530826	0.00
NC_092331.1	529527	530851	0.00
NC_092331.1	529527	530876	0.00
NC_092331.1	529527	530901	0.00
NC_092331.1	529527	530926	0.00
NC_092331.1	529527	530951	0.00
NC_092331.1	529527	530976	0.00
NC_092331.1	529527	531001	0.00
NC_092331.1	529527	531026	0.00
NC_092331.1	529527	531051	0.00
NC_092331.1	529527	531076	0.00
NC_092331.1	529527	531101	0.00
NC_092331.1	529527	531126	0.00
NC_092331.1	529527	531151	0.00
NC_092331.1	529527	531176	0.00
NC_092331.1	529527	531201	0.00
NC_092331.1	529527	531226	0.00
NC_092331.1	529527	531251	0.00
NC_092331.1	529527	531276	0.00
NC_092331.1	529527	531301	0.00
NC_092331.1	529527	531326	0.00
NC_092331.1	529527	531351	0.00
NC_092331.1	529527	531376	0.00
NC_092331.1	529527	531401	0.00
NC_092331.1	529527	531426	0.00
NC_092331.1	529527	531451	0.00
NC_092331.1	529527	531476	0.00
NC_092331.1	529527	531501	0.00
NC_092331.1	529527	531526	0.00
NC_092331.1	529529	527526	0.00
NC_092331.1	529529	527551	0.00
NC_092331.1	529529	527576	0.00
NC_092331.1	529529	527601	0.00
NC_092331.1	529529	527626	0.00
NC_092331.1	529529	527651	0.00
NC_092331.1	529529	527676	0.00
NC_092331.1	529529	527701	0.00
NC_092331.1	529529	527726	0.00
NC_092331.1	529529	527751	0.00
NC_092331.1	529529	527776	0.00
NC_092331.1	529529	527801	0.00
NC_092331.1	529529	527826	0.00
NC_092331.1	529529	527851	0.00
NC_092331.1	529529	527876	0.00
NC_092331.1	529529	527901	0.00
NC_092331.1	529529	527926	0.00
NC_092331.1	529529	527951	0.00
NC_092331.1	529529	527976	0.00
NC_092331.1	529529	528001	0.00
NC_092331.1	529529	528026	0.00
NC_092331.1	529529	528051	0.00
NC_092331.1	529529	528076	0.00
NC_092331.1	529529	528101	0.00
NC_092331.1	529529	528126	0.00
NC_092331.1	529529	528151	0.00
NC_092331.1	529529	528176	0.00
NC_092331.1	529529	528201	0.00
NC_092331.1	529529	528226	0.00
NC_092331.1	529529	528251	0.00
NC_092331.1	529529	528276	0.00
NC_092331.1	529529	528301	0.00
NC_092331.1	529529	528326	0.00
NC_092331.1	529529	528351	0.00
NC_092331.1	529529	528376	0.00
NC_092331.1	529529	528401	0.00
NC_092331.1	529529	528426	0.00
NC_092331.1	529529	528451	0.00
NC_092331.1	529529	528476	0.00
NC_092331.1	529529	528501	0.00
NC_092331.1	529529	528526	0.00
NC_092331.1	529529	528551	0.00
NC_092331.1	529529	528576	0.00
NC_092331.1	529529	528601	0.00
NC_092331.1	529529	528626	0.00
NC_092331.1	529529	528651	0.00
NC_092331.1	529529	528676	0.00
NC_092331.1	529529	528701	0.00
NC_092331.1	529529	528726	0.00
NC_092331.1	529529	528751	0.00
NC_092331.1	529529	528776	0.00
NC_092331.1	529529	528801	0.00
NC_092331.1	529529	528826	0.00
NC_092331.1	529529	528851	0.00
NC_092331.1	529529	528876	0.00
NC_092331.1	529529	528901	0.00
NC_092331.1	529529	528926	0.00
NC_092331.1	529529	528951	0.00
NC_092331.1	529529	528976	0.00
NC_092331.1	529529	529001	0.00
NC_092331.1	529529	529026	0.00
NC_092331.1	529529	529051	0.00
NC_092331.1	529529	529076	0.64
NC_092331.1	529529	529101	1.00
NC_092331.1	529529	529126	1.52
NC_092331.1	529529	529151	2.56
NC_092331.1	529529	529176	3.16
NC_092331.1	529529	529201	4.00
NC_092331.1	529529	529226	4.28
NC_092331.1	529529	529251	4.00
NC_092331.1	529529	529276	3.48
NC_092331.1	529529	529301	2.44
NC_092331.1	529529	529326	2.16
NC_092331.1	529529	529351	2.00
NC_092331.1	529529	529376	1.04
NC_092331.1	529529	529401	1.00
NC_092331.1	529529	529426	1.48
NC_092331.1	529529	529451	2.00
NC_092331.1	529529	529476	1.72
NC_092331.1	529529	529501	1.00
NC_092331.1	529529	529526	1.00
NC_092331.1	529529	529551	1.00
NC_092331.1	529529	529576	0.92
NC_092331.1	529529	529601	1.00
NC_092331.1	529529	529626	1.68
NC_092331.1	529529	529651	2.00
NC_092331.1	529529	529676	2.76
NC_092331.1	529529	529701	3.00
NC_092331.1	529529	529726	2.60
NC_092331.1	529529	529751	2.00
NC_092331.1	529529	529776	1.32
NC_092331.1	529529	529801	1.00
NC_092331.1	529529	529826	0.24
NC_092331.1	529529	529851	0.00
NC_092331.1	529529	529876	0.00
NC_092331.1	529529	529901	0.00
NC_092331.1	529529	529926	0.00
NC_092331.1	529529	529951	0.00
NC_092331.1	529529	529976	0.00
NC_092331.1	529529	530001	0.00
NC_092331.1	529529	530026	0.00
NC_092331.1	529529	530051	0.00
NC_092331.1	529529	530076	0.00
NC_092331.1	529529	530101	0.00
NC_092331.1	529529	530126	0.00
NC_092331.1	529529	530151	0.00
NC_092331.1	529529	530176	0.00
NC_092331.1	529529	530201	0.00
NC_092331.1	529529	530226	0.00
NC_092331.1	529529	530251	0.00
NC_092331.1	529529	530276	0.00
NC_092331.1	529529	530301	0.00
NC_092331.1	529529	530326	0.00
NC_092331.1	529529	530351	0.00
NC_092331.1	529529	530376	0.00
NC_092331.1	529529	530401	0.00
NC_092331.1	529529	530426	0.00
NC_092331.1	529529	530451	0.00
NC_092331.1	529529	530476	0.00
NC_092331.1	529529	530501	0.00
NC_092331.1	529529	530526	0.00
NC_092331.1	529529	530551	0.00
NC_092331.1	529529	530576	0.00
NC_092331.1	529529	530601	0.00
NC_092331.1	529529	530626	0.00
NC_092331.1	529529	530651	0.00
NC_092331.1	529529	530676	0.00
NC_092331.1	529529	530701	0.00
NC_092331.1	529529	530726	0.00
NC_092331.1	529529	530751	0.00
NC_092331.1	529529	530776	0.00
NC_092331.1	529529	530801	0.00
NC_092331.1	529529	530826	0.00
NC_092331.1	529529	530851	0.00
NC_092331.1	529529	530876	0.00
NC_092331.1	529529	530901	0.00
NC_092331.1	529529	530926	0.00
NC_092331.1	529529	530951	0.00
NC_092331.1	529529	530976	0.00
NC_092331.1	529529	531001	0.00
NC_092331.1	529529	531026	0.00
NC_092331.1	529529	531051	0.00
NC_092331.1	529529	531076	0.00
NC_092331.1	529529	531101	0.00
NC_092331.1	529529	531126	0.00
NC_092331.1	529529	531151	0.00
NC_092331.1	529529	531176	0.00
NC_092331.1	529529	531201	0.00
NC_092331.1	529529	531226	0.00
NC_092331.1	529529	531251	0.00
NC_092331.1	529529	531276	0.00
NC_092331.1	529529	531301	0.00
NC_092331.1	529529	531326	0.00
NC_092331.1	529529	531351	0.00
NC_092331.1	529529	531376	0.00
NC_092331.1	529529	531401	0.00
NC_092331.1	529529	531426	0.00
NC_092331.1	529529	531451	0.00
NC_092331.1	529529	531476	0.00
NC_092331.1	529529	531501	0.00
NC_092331.1	529529	531526	0.00
NC_092331.1	529680	527676	0.00
NC_092331.1	529680	527701	0.00
NC_092331.1	529680	527726	0.00
NC_092331.1	529680	527751	0.00
NC_092331.1	529680	527776	0.00
NC_092331.1	529680	527801	0.00
NC_092331.1	529680	527826	0.00
NC_092331.1	529680	527851	0.00
NC_092331.1	529680	527876	0.00
NC_092331.1	529680	527901	0.00
NC_092331.1	529680	527926	0.00
NC_092331.1	529680	527951	0.00
NC_092331.1	529680	527976	0.00
NC_092331.1	529680	528001	0.00
NC_092331.1	529680	528026	0.00
NC_092331.1	529680	528051	0.00
NC_092331.1	529680	528076	0.00
NC_092331.1	529680	528101	0.00
NC_092331.1	529680	528126	0.00
NC_092331.1	529680	528151	0.00
NC_092331.1	529680	528176	0.00
NC_092331.1	529680	528201	0.00
NC_092331.1	529680	528226	0.00
NC_092331.1	529680	528251	0.00
NC_092331.1	529680	528276	0.00
NC_092331.1	529680	528301	0.00
NC_092331.1	529680	528326	0.00
NC_092331.1	529680	528351	0.00
NC_092331.1	529680	528376	0.00
NC_092331.1	529680	528401	0.00
NC_092331.1	529680	528426	0.00
NC_092331.1	529680	528451	0.00
NC_092331.1	529680	528476	0.00
NC_092331.1	529680	528501	0.00
NC_092331.1	529680	528526	0.00
NC_092331.1	529680	528551	0.00
NC_092331.1	529680	528576	0.00
NC_092331.1	529680	528601	0.00
NC_092331.1	529680	528626	0.00
NC_092331.1	529680	528651	0.00
NC_092331.1	529680	528676	0.00
NC_092331.1	529680	528701	0.00
NC_092331.1	529680	528726	0.00
NC_092331.1	529680	528751	0.00
NC_092331.1	529680	528776	0.00
NC_092331.1	529680	528801	0.00
NC_092331.1	529680	528826	0.00
NC_092331.1	529680	528851	0.00
NC_092331.1	529680	528876	0.00
NC_092331.1	529680	528901	0.00
NC_092331.1	529680	528926	0.00
NC_092331.1	529680	528951	0.00
NC_092331.1	529680	528976	0.00
NC_092331.1	529680	529001	0.00
NC_092331.1	529680	529026	0.00
NC_092331.1	529680	529051	0.00
NC_092331.1	529680	529076	0.64
NC_092331.1	529680	529101	1.00
NC_092331.1	529680	529126	1.52
NC_092331.1	529680	529151	2.56
NC_092331.1	529680	529176	3.16
NC_092331.1	529680	529201	4.00
NC_092331.1	529680	529226	4.28
NC_092331.1	529680	529251	4.00
NC_092331.1	529680	529276	3.48
NC_092331.1	529680	529301	2.44
NC_092331.1	529680	529326	2.16
NC_092331.1	529680	529351	2.00
NC_092331.1	529680	529376	1.04
NC_092331.1	529680	529401	1.00
NC_092331.1	529680	529426	1.48
NC_092331.1	529680	529451	2.00
NC_092331.1	529680	529476	1.72
NC_092331.1	529680	529501	1.00
NC_092331.1	529680	529526	1.00
NC_092331.1	529680	529551	1.00
NC_092331.1	529680	529576	0.92
NC_092331.1	529680	529601	1.00
NC_092331.1	529680	529626	1.68
NC_092331.1	529680	529651	2.00
NC_092331.1	529680	529676	2.76
NC_092331.1	529680	529701	3.00
NC_092331.1	529680	529726	2.60
NC_092331.1	529680	529751	2.00
NC_092331.1	529680	529776	1.32
NC_092331.1	529680	529801	1.00
NC_092331.1	529680	529826	0.24
NC_092331.1	529680	529851	0.00
NC_092331.1	529680	529876	0.00
NC_092331.1	529680	529901	0.00
NC_092331.1	529680	529926	0.00
NC_092331.1	529680	529951	0.00
NC_092331.1	529680	529976	0.00
NC_092331.1	529680	530001	0.00
NC_092331.1	529680	530026	0.00
NC_092331.1	529680	530051	0.00
NC_092331.1	529680	530076	0.00
NC_092331.1	529680	530101	0.00
NC_092331.1	529680	530126	0.00
NC_092331.1	529680	530151	0.00
NC_092331.1	529680	530176	0.00
NC_092331.1	529680	530201	0.00
NC_092331.1	529680	530226	0.00
NC_092331.1	529680	530251	0.00
NC_092331.1	529680	530276	0.00
NC_092331.1	529680	530301	0.00
NC_092331.1	529680	530326	0.00
NC_092331.1	529680	530351	0.00
NC_092331.1	529680	530376	0.00
NC_092331.1	529680	530401	0.00
NC_092331.1	529680	530426	0.00
NC_092331.1	529680	530451	0.00
NC_092331.1	529680	530476	0.00
NC_092331.1	529680	530501	0.00
NC_092331.1	529680	530526	0.00
NC_092331.1	529680	530551	0.00
NC_092331.1	529680	530576	0.00
NC_092331.1	529680	530601	0.00
NC_092331.1	529680	530626	0.00
NC_092331.1	529680	530651	0.00
NC_092331.1	529680	530676	0.00
NC_092331.1	529680	530701	0.00
NC_092331.1	529680	530726	0.00
NC_092331.1	529680	530751	0.00
NC_092331.1	529680	530776	0.00
NC_092331.1	529680	530801	0.00
NC_092331.1	529680	530826	0.00
NC_092331.1	529680	530851	0.00
NC_092331.1	529680	530876	0.00
NC_092331.1	529680	530901	0.00
NC_092331.1	529680	530926	0.00
NC_092331.1	529680	530951	0.00
NC_092331.1	529680	530976	0.00
NC_092331.1	529680	531001	0.00
NC_092331.1	529680	531026	0.00
NC_092331.1	529680	531051	0.00
NC_092331.1	529680	531076	0.00
NC_092331.1	529680	531101	0.00
NC_092331.1	529680	531126	0.00
NC_092331.1	529680	531151	0.00
NC_092331.1	529680	531176	0.00
NC_092331.1	529680	531201	0.00
NC_092331.1	529680	531226	0.00
NC_092331.1	529680	531251	0.00
NC_092331.1	529680	531276	0.00
NC_092331.1	529680	531301	0.00
NC_092331.1	529680	531326	0.00
NC_092331.1	529680	531351	0.00
NC_092331.1	529680	531376	0.00
NC_092331.1	529680	531401	0.00
NC_092331.1	529680	531426	0.00
NC_092331.1	529680	531451	0.00
NC_092331.1	529680	531476	0.00
NC_092331.1	529680	531501	0.00
NC_092331.1	529680	531526	0.00
NC_092331.1	529680	531551	0.00
NC_092331.1	529680	531576	0.00
NC_092331.1	529680	531601	0.00
NC_092331.1	529680	531626	0.00
NC_092331.1	529680	531651	0.00
NC_092331.1	529680	531676	0.00
NC_092331.1	529726	527726	0.00
NC_092331.1	529726	527751	0.00
NC_092331.1	529726	527776	0.00
NC_092331.1	529726	527801	0.00
NC_092331.1	529726	527826	0.00
NC_092331.1	529726	527851	0.00
NC_092331.1	529726	527876	0.00
NC_092331.1	529726	527901	0.00
NC_092331.1	529726	527926	0.00
NC_092331.1	529726	527951	0.00
NC_092331.1	529726	527976	0.00
NC_092331.1	529726	528001	0.00
NC_092331.1	529726	528026	0.00
NC_092331.1	529726	528051	0.00
NC_092331.1	529726	528076	0.00
NC_092331.1	529726	528101	0.00
NC_092331.1	529726	528126	0.00
NC_092331.1	529726	528151	0.00
NC_092331.1	529726	528176	0.00
NC_092331.1	529726	528201	0.00
NC_092331.1	529726	528226	0.00
NC_092331.1	529726	528251	0.00
NC_092331.1	529726	528276	0.00
NC_092331.1	529726	528301	0.00
NC_092331.1	529726	528326	0.00
NC_092331.1	529726	528351	0.00
NC_092331.1	529726	528376	0.00
NC_092331.1	529726	528401	0.00
NC_092331.1	529726	528426	0.00
NC_092331.1	529726	528451	0.00
NC_092331.1	529726	528476	0.00
NC_092331.1	529726	528501	0.00
NC_092331.1	529726	528526	0.00
NC_092331.1	529726	528551	0.00
NC_092331.1	529726	528576	0.00
NC_092331.1	529726	528601	0.00
NC_092331.1	529726	528626	0.00
NC_092331.1	529726	528651	0.00
NC_092331.1	529726	528676	0.00
NC_092331.1	529726	528701	0.00
NC_092331.1	529726	528726	0.00
NC_092331.1	529726	528751	0.00
NC_092331.1	529726	528776	0.00
NC_092331.1	529726	528801	0.00
NC_092331.1	529726	528826	0.00
NC_092331.1	529726	528851	0.00
NC_092331.1	529726	528876	0.00
NC_092331.1	529726	528901	0.00
NC_092331.1	529726	528926	0.00
NC_092331.1	529726	528951	0.00
NC_092331.1	529726	528976	0.00
NC_092331.1	529726	529001	0.00
NC_092331.1	529726	529026	0.00
NC_092331.1	529726	529051	0.00
NC_092331.1	529726	529076	0.64
NC_092331.1	529726	529101	1.00
NC_092331.1	529726	529126	1.52
NC_092331.1	529726	529151	2.56
NC_092331.1	529726	529176	3.16
NC_092331.1	529726	529201	4.00
NC_092331.1	529726	529226	4.28
NC_092331.1	529726	529251	4.00
NC_092331.1	529726	529276	3.48
NC_092331.1	529726	529301	2.44
NC_092331.1	529726	529326	2.16
NC_092331.1	529726	529351	2.00
NC_092331.1	529726	529376	1.04
NC_092331.1	529726	529401	1.00
NC_092331.1	529726	529426	1.48
NC_092331.1	529726	529451	2.00
NC_092331.1	529726	529476	1.72
NC_092331.1	529726	529501	1.00
NC_092331.1	529726	529526	1.00
NC_092331.1	529726	529551	1.00
NC_092331.1	529726	529576	0.92
NC_092331.1	529726	529601	1.00
NC_092331.1	529726	529626	1.68
NC_092331.1	529726	529651	2.00
NC_092331.1	529726	529676	2.76
NC_092331.1	529726	529701	3.00
NC_092331.1	529726	529726	2.60
NC_092331.1	529726	529751	2.00
NC_092331.1	529726	529776	1.32
NC_092331.1	529726	529801	1.00
NC_092331.1	529726	529826	0.24
NC_092331.1	529726	529851	0.00
NC_092331.1	529726	529876	0.00
NC_092331.1	529726	529901	0.00
NC_092331.1	529726	529926	0.00
NC_092331.1	529726	529951	0.00
NC_092331.1	529726	529976	0.00
NC_092331.1	529726	530001	0.00
NC_092331.1	529726	530026	0.00
NC_092331.1	529726	530051	0.00
NC_092331.1	529726	530076	0.00
NC_092331.1	529726	530101	0.00
NC_092331.1	529726	530126	0.00
NC_092331.1	529726	530151	0.00
NC_092331.1	529726	530176	0.00
NC_092331.1	529726	530201	0.00
NC_092331.1	529726	530226	0.00
NC_092331.1	529726	530251	0.00
NC_092331.1	529726	530276	0.00
NC_092331.1	529726	530301	0.00
NC_092331.1	529726	530326	0.00
NC_092331.1	529726	530351	0.00
NC_092331.1	529726	530376	0.00
NC_092331.1	529726	530401	0.00
NC_092331.1	529726	530426	0.00
NC_092331.1	529726	530451	0.00
NC_092331.1	529726	530476	0.00
NC_092331.1	529726	530501	0.00
NC_092331.1	529726	530526	0.00
NC_092331.1	529726	530551	0.00
NC_092331.1	529726	530576	0.00
NC_092331.1	529726	530601	0.00
NC_092331.1	529726	530626	0.00
NC_092331.1	529726	530651	0.00
NC_092331.1	529726	530676	0.00
NC_092331.1	529726	530701	0.00
NC_092331.1	529726	530726	0.00
NC_092331.1	529726	530751	0.00
NC_092331.1	529726	530776	0.00
NC_092331.1	529726	530801	0.00
NC_092331.1	529726	530826	0.00
NC_092331.1	529726	530851	0.00
NC_092331.1	529726	530876	0.00
NC_092331.1	529726	530901	0.00
NC_092331.1	529726	530926	0.00
NC_092331.1	529726	530951	0.00
NC_092331.1	529726	530976	0.00
NC_092331.1	529726	531001	0.00
NC_092331.1	529726	531026	0.00
NC_092331.1	529726	531051	0.00
NC_092331.1	529726	531076	0.00
NC_092331.1	529726	531101	0.00
NC_092331.1	529726	531126	0.00
NC_092331.1	529726	531151	0.00
NC_092331.1	529726	531176	0.00
NC_092331.1	529726	531201	0.00
NC_092331.1	529726	531226	0.00
NC_092331.1	529726	531251	0.00
NC_092331.1	529726	531276	0.00
NC_092331.1	529726	531301	0.00
NC_092331.1	529726	531326	0.00
NC_092331.1	529726	531351	0.00
NC_092331.1	529726	531376	0.00
NC_092331.1	529726	531401	0.00
NC_092331.1	529726	531426	0.00
NC_092331.1	529726	531451	0.00
NC_092331.1	529726	531476	0.00
NC_092331.1	529726	531501	0.00
NC_092331.1	529726	531526	0.00
NC_092331.1	529726	531551	0.00
NC_092331.1	529726	531576	0.00
NC_092331.1	529726	531601	0.00
NC_092331.1	529726	531626	0.00
NC_092331.1	529726	531651	0.00
NC_092331.1	529726	531676	0.00
NC_092331.1	529726	531701	0.00
NC_092331.1	529726	531726	0.00
NC_092331.1	529766	527751	0.00
NC_092331.1	529766	527776	0.00
NC_092331.1	529766	527801	0.00
NC_092331.1	529766	527826	0.00
NC_092331.1	529766	527851	0.00
NC_092331.1	529766	527876	0.00
NC_092331.1	529766	527901	0.00
NC_092331.1	529766	527926	0.00
NC_092331.1	529766	527951	0.00
NC_092331.1	529766	527976	0.00
NC_092331.1	529766	528001	0.00
NC_092331.1	529766	528026	0.00
NC_092331.1	529766	528051	0.00
NC_092331.1	529766	528076	0.00
NC_092331.1	529766	528101	0.00
NC_092331.1	529766	528126	0.00
NC_092331.1	529766	528151	0.00
NC_092331.1	529766	528176	0.00
NC_092331.1	529766	528201	0.00
NC_092331.1	529766	528226	0.00
NC_092331.1	529766	528251	0.00
NC_092331.1	529766	528276	0.00
NC_092331.1	529766	528301	0.00
NC_092331.1	529766	528326	0.00
NC_092331.1	529766	528351	0.00
NC_092331.1	529766	528376	0.00
NC_092331.1	529766	528401	0.00
NC_092331.1	529766	528426	0.00
NC_092331.1	529766	528451	0.00
NC_092331.1	529766	528476	0.00
NC_092331.1	529766	528501	0.00
NC_092331.1	529766	528526	0.00
NC_092331.1	529766	528551	0.00
NC_092331.1	529766	528576	0.00
NC_092331.1	529766	528601	0.00
NC_092331.1	529766	528626	0.00
NC_092331.1	529766	528651	0.00
NC_092331.1	529766	528676	0.00
NC_092331.1	529766	528701	0.00
NC_092331.1	529766	528726	0.00
NC_092331.1	529766	528751	0.00
NC_092331.1	529766	528776	0.00
NC_092331.1	529766	528801	0.00
NC_092331.1	529766	528826	0.00
NC_092331.1	529766	528851	0.00
NC_092331.1	529766	528876	0.00
NC_092331.1	529766	528901	0.00
NC_092331.1	529766	528926	0.00
NC_092331.1	529766	528951	0.00
NC_092331.1	529766	528976	0.00
NC_092331.1	529766	529001	0.00
NC_092331.1	529766	529026	0.00
NC_092331.1	529766	529051	0.00
NC_092331.1	529766	529076	0.64
NC_092331.1	529766	529101	1.00
NC_092331.1	529766	529126	1.52
NC_092331.1	529766	529151	2.56
NC_092331.1	529766	529176	3.16
NC_092331.1	529766	529201	4.00
NC_092331.1	529766	529226	4.28
NC_092331.1	529766	529251	4.00
NC_092331.1	529766	529276	3.48
NC_092331.1	529766	529301	2.44
NC_092331.1	529766	529326	2.16
NC_092331.1	529766	529351	2.00
NC_092331.1	529766	529376	1.04
NC_092331.1	529766	529401	1.00
NC_092331.1	529766	529426	1.48
NC_092331.1	529766	529451	2.00
NC_092331.1	529766	529476	1.72
NC_092331.1	529766	529501	1.00
NC_092331.1	529766	529526	1.00
NC_092331.1	529766	529551	1.00
NC_092331.1	529766	529576	0.92
NC_092331.1	529766	529601	1.00
NC_092331.1	529766	529626	1.68
NC_092331.1	529766	529651	2.00
NC_092331.1	529766	529676	2.76
NC_092331.1	529766	529701	3.00
NC_092331.1	529766	529726	2.60
NC_092331.1	529766	529751	2.00
NC_092331.1	529766	529776	1.32
NC_092331.1	529766	529801	1.00
NC_092331.1	529766	529826	0.24
NC_092331.1	529766	529851	0.00
NC_092331.1	529766	529876	0.00
NC_092331.1	529766	529901	0.00
NC_092331.1	529766	529926	0.00
NC_092331.1	529766	529951	0.00
NC_092331.1	529766	529976	0.00
NC_092331.1	529766	530001	0.00
NC_092331.1	529766	530026	0.00
NC_092331.1	529766	530051	0.00
NC_092331.1	529766	530076	0.00
NC_092331.1	529766	530101	0.00
NC_092331.1	529766	530126	0.00
NC_092331.1	529766	530151	0.00
NC_092331.1	529766	530176	0.00
NC_092331.1	529766	530201	0.00
NC_092331.1	529766	530226	0.00
NC_092331.1	529766	530251	0.00
NC_092331.1	529766	530276	0.00
NC_092331.1	529766	530301	0.00
NC_092331.1	529766	530326	0.00
NC_092331.1	529766	530351	0.00
NC_092331.1	529766	530376	0.00
NC_092331.1	529766	530401	0.00
NC_092331.1	529766	530426	0.00
NC_092331.1	529766	530451	0.00
NC_092331.1	529766	530476	0.00
NC_092331.1	529766	530501	0.00
NC_092331.1	529766	530526	0.00
NC_092331.1	529766	530551	0.00
NC_092331.1	529766	530576	0.00
NC_092331.1	529766	530601	0.00
NC_092331.1	529766	530626	0.00
NC_092331.1	529766	530651	0.00
NC_092331.1	529766	530676	0.00
NC_092331.1	529766	530701	0.00
NC_092331.1	529766	530726	0.00
NC_092331.1	529766	530751	0.00
NC_092331.1	529766	530776	0.00
NC_092331.1	529766	530801	0.00
NC_092331.1	529766	530826	0.00
NC_092331.1	529766	530851	0.00
NC_092331.1	529766	530876	0.00
NC_092331.1	529766	530901	0.00
NC_092331.1	529766	530926	0.00
NC_092331.1	529766	530951	0.00
NC_092331.1	529766	530976	0.00
NC_092331.1	529766	531001	0.00
NC_092331.1	529766	531026	0.00
NC_092331.1	529766	531051	0.00
NC_092331.1	529766	531076	0.00
NC_092331.1	529766	531101	0.00
NC_092331.1	529766	531126	0.00
NC_092331.1	529766	531151	0.00
NC_092331.1	529766	531176	0.00
NC_092331.1	529766	531201	0.00
NC_092331.1	529766	531226	0.00
NC_092331.1	529766	531251	0.00
NC_092331.1	529766	531276	0.00
NC_092331.1	529766	531301	0.00
NC_092331.1	529766	531326	0.00
NC_092331.1	529766	531351	0.00
NC_092331.1	529766	531376	0.00
NC_092331.1	529766	531401	0.00
NC_092331.1	529766	531426	0.00
NC_092331.1	529766	531451	0.00
NC_092331.1	529766	531476	0.00
NC_092331.1	529766	531501	0.00
NC_092331.1	529766	531526	0.00
NC_092331.1	529766	531551	0.00
NC_092331.1	529766	531576	0.00
NC_092331.1	529766	531601	0.00
NC_092331.1	529766	531626	0.00
NC_092331.1	529766	531651	0.00
NC_092331.1	529766	531676	0.00
NC_092331.1	529766	531701	0.00
NC_092331.1	529766	531726	0.00
NC_092331.1	529766	531751	0.00
NC_092331.1	2434604	2432601	0.00
NC_092331.1	2434604	2432626	0.00
NC_092331.1	2434604	2432651	0.00
NC_092331.1	2434604	2432676	0.00
NC_092331.1	2434604	2432701	0.00
NC_092331.1	2434604	2432726	0.00
NC_092331.1	2434604	2432751	0.00
NC_092331.1	2434604	2432776	0.00
NC_092331.1	2434604	2432801	0.00
NC_092331.1	2434604	2432826	0.00
NC_092331.1	2434604	2432851	0.00
NC_092331.1	2434604	2432876	0.00
NC_092331.1	2434604	2432901	0.00
NC_092331.1	2434604	2432926	0.00
NC_092331.1	2434604	2432951	0.00
NC_092331.1	2434604	2432976	0.00
NC_092331.1	2434604	2433001	0.00
NC_092331.1	2434604	2433026	0.00
NC_092331.1	2434604	2433051	0.00
NC_092331.1	2434604	2433076	0.00
NC_092331.1	2434604	2433101	0.00
NC_092331.1	2434604	2433126	0.00
NC_092331.1	2434604	2433151	0.00
NC_092331.1	2434604	2433176	0.00
NC_092331.1	2434604	2433201	0.00
NC_092331.1	2434604	2433226	0.00
NC_092331.1	2434604	2433251	0.00
NC_092331.1	2434604	2433276	0.00
NC_092331.1	2434604	2433301	0.00
NC_092331.1	2434604	2433326	0.00
NC_092331.1	2434604	2433351	0.00
NC_092331.1	2434604	2433376	0.00
NC_092331.1	2434604	2433401	0.00
NC_092331.1	2434604	2433426	0.00
NC_092331.1	2434604	2433451	0.00
NC_092331.1	2434604	2433476	0.00
NC_092331.1	2434604	2433501	0.00
NC_092331.1	2434604	2433526	0.00
NC_092331.1	2434604	2433551	0.00
NC_092331.1	2434604	2433576	0.00
NC_092331.1	2434604	2433601	0.00
NC_092331.1	2434604	2433626	0.00
NC_092331.1	2434604	2433651	0.00
NC_092331.1	2434604	2433676	0.00
NC_092331.1	2434604	2433701	0.00
NC_092331.1	2434604	2433726	0.00
NC_092331.1	2434604	2433751	0.00
NC_092331.1	2434604	2433776	0.00
NC_092331.1	2434604	2433801	0.00
NC_092331.1	2434604	2433826	0.00
NC_092331.1	2434604	2433851	0.00
NC_092331.1	2434604	2433876	0.00
NC_092331.1	2434604	2433901	0.00
NC_092331.1	2434604	2433926	0.00
NC_092331.1	2434604	2433951	0.00
NC_092331.1	2434604	2433976	0.00
NC_092331.1	2434604	2434001	0.00
NC_092331.1	2434604	2434026	0.00
NC_092331.1	2434604	2434051	0.00
NC_092331.1	2434604	2434076	0.00
NC_092331.1	2434604	2434101	0.00
NC_092331.1	2434604	2434126	0.00
NC_092331.1	2434604	2434151	0.00
NC_092331.1	2434604	2434176	0.00
NC_092331.1	2434604	2434201	0.00
NC_092331.1	2434604	2434226	0.00
NC_092331.1	2434604	2434251	0.00
NC_092331.1	2434604	2434276	0.00
NC_092331.1	2434604	2434301	0.00
NC_092331.1	2434604	2434326	0.00
NC_092331.1	2434604	2434351	0.00
NC_092331.1	2434604	2434376	0.00
NC_092331.1	2434604	2434401	0.00
NC_092331.1	2434604	2434426	0.00
NC_092331.1	2434604	2434451	0.00
NC_092331.1	2434604	2434476	0.00
NC_092331.1	2434604	2434501	0.80
NC_092331.1	2434604	2434526	1.00
NC_092331.1	2434604	2434551	1.00
NC_092331.1	2434604	2434576	1.00
NC_092331.1	2434604	2434601	1.00
NC_092331.1	2434604	2434626	1.00
NC_092331.1	2434604	2434651	0.20
NC_092331.1	2434604	2434676	0.00
NC_092331.1	2434604	2434701	0.00
NC_092331.1	2434604	2434726	0.00
NC_092331.1	2434604	2434751	0.00
NC_092331.1	2434604	2434776	0.00
NC_092331.1	2434604	2434801	0.00
NC_092331.1	2434604	2434826	0.00
NC_092331.1	2434604	2434851	0.00
NC_092331.1	2434604	2434876	0.00
NC_092331.1	2434604	2434901	0.00
NC_092331.1	2434604	2434926	0.00
NC_092331.1	2434604	2434951	0.00
NC_092331.1	2434604	2434976	0.00
NC_092331.1	2434604	2435001	0.00
NC_092331.1	2434604	2435026	0.00
NC_092331.1	2434604	2435051	0.00
NC_092331.1	2434604	2435076	0.00
NC_092331.1	2434604	2435101	0.00
NC_092331.1	2434604	2435126	0.00
NC_092331.1	2434604	2435151	0.00
NC_092331.1	2434604	2435176	0.00
NC_092331.1	2434604	2435201	0.00
NC_092331.1	2434604	2435226	0.00
NC_092331.1	2434604	2435251	0.00
NC_092331.1	2434604	2435276	0.00
NC_092331.1	2434604	2435301	0.00
NC_092331.1	2434604	2435326	0.00
NC_092331.1	2434604	2435351	0.00
NC_092331.1	2434604	2435376	0.00
NC_092331.1	2434604	2435401	0.00
NC_092331.1	2434604	2435426	0.00
NC_092331.1	2434604	2435451	0.00
NC_092331.1	2434604	2435476	0.00
NC_092331.1	2434604	2435501	0.00
NC_092331.1	2434604	2435526	0.00
NC_092331.1	2434604	2435551	0.00
NC_092331.1	2434604	2435576	0.00
NC_092331.1	2434604	2435601	0.00
NC_092331.1	2434604	2435626	0.00
NC_092331.1	2434604	2435651	0.00
NC_092331.1	2434604	2435676	0.00
NC_092331.1	2434604	2435701	0.00
NC_092331.1	2434604	2435726	0.00
NC_092331.1	2434604	2435751	0.00
NC_092331.1	2434604	2435776	0.00
NC_092331.1	2434604	2435801	0.00
NC_092331.1	2434604	2435826	0.00
NC_092331.1	2434604	2435851	0.00
NC_092331.1	2434604	2435876	0.00
NC_092331.1	2434604	2435901	0.00
NC_092331.1	2434604	2435926	0.00
NC_092331.1	2434604	2435951	0.00
NC_092331.1	2434604	2435976	0.00
NC_092331.1	2434604	2436001	0.00
NC_092331.1	2434604	2436026	0.00
NC_092331.1	2434604	2436051	0.00
NC_092331.1	2434604	2436076	0.00
NC_092331.1	2434604	2436101	0.00
NC_092331.1	2434604	2436126	0.00
NC_092331.1	2434604	2436151	0.00
NC_092331.1	2434604	2436176	0.00
NC_092331.1	2434604	2436201	0.00
NC_092331.1	2434604	2436226	0.00
NC_092331.1	2434604	2436251	0.00
NC_092331.1	2434604	2436276	0.00
NC_092331.1	2434604	2436301	0.00
NC_092331.1	2434604	2436326	0.00
NC_092331.1	2434604	2436351	0.00
NC_092331.1	2434604	2436376	0.00
NC_092331.1	2434604	2436401	0.00
NC_092331.1	2434604	2436426	0.00
NC_092331.1	2434604	2436451	0.00
NC_092331.1	2434604	2436476	0.00
NC_092331.1	2434604	2436501	0.00
NC_092331.1	2434604	2436526	0.00
NC_092331.1	2434604	2436551	0.00
NC_092331.1	2434604	2436576	0.00
NC_092331.1	2434604	2436601	0.00
NC_092331.1	2434614	2432601	0.00
NC_092331.1	2434614	2432626	0.00
NC_092331.1	2434614	2432651	0.00
NC_092331.1	2434614	2432676	0.00
NC_092331.1	2434614	2432701	0.00
NC_092331.1	2434614	2432726	0.00
NC_092331.1	2434614	2432751	0.00
NC_092331.1	2434614	2432776	0.00
NC_092331.1	2434614	2432801	0.00
NC_092331.1	2434614	2432826	0.00
NC_092331.1	2434614	2432851	0.00
NC_092331.1	2434614	2432876	0.00
NC_092331.1	2434614	2432901	0.00
NC_092331.1	2434614	2432926	0.00
NC_092331.1	2434614	2432951	0.00
NC_092331.1	2434614	2432976	0.00
NC_092331.1	2434614	2433001	0.00
NC_092331.1	2434614	2433026	0.00
NC_092331.1	2434614	2433051	0.00
NC_092331.1	2434614	2433076	0.00
NC_092331.1	2434614	2433101	0.00
NC_092331.1	2434614	2433126	0.00
NC_092331.1	2434614	2433151	0.00
NC_092331.1	2434614	2433176	0.00
NC_092331.1	2434614	2433201	0.00
NC_092331.1	2434614	2433226	0.00
NC_092331.1	2434614	2433251	0.00
NC_092331.1	2434614	2433276	0.00
NC_092331.1	2434614	2433301	0.00
NC_092331.1	2434614	2433326	0.00
NC_092331.1	2434614	2433351	0.00
NC_092331.1	2434614	2433376	0.00
NC_092331.1	2434614	2433401	0.00
NC_092331.1	2434614	2433426	0.00
NC_092331.1	2434614	2433451	0.00
NC_092331.1	2434614	2433476	0.00
NC_092331.1	2434614	2433501	0.00
NC_092331.1	2434614	2433526	0.00
NC_092331.1	2434614	2433551	0.00
NC_092331.1	2434614	2433576	0.00
NC_092331.1	2434614	2433601	0.00
NC_092331.1	2434614	2433626	0.00
NC_092331.1	2434614	2433651	0.00
NC_092331.1	2434614	2433676	0.00
NC_092331.1	2434614	2433701	0.00
NC_092331.1	2434614	2433726	0.00
NC_092331.1	2434614	2433751	0.00
NC_092331.1	2434614	2433776	0.00
NC_092331.1	2434614	2433801	0.00
NC_092331.1	2434614	2433826	0.00
NC_092331.1	2434614	2433851	0.00
NC_092331.1	2434614	2433876	0.00
NC_092331.1	2434614	2433901	0.00
NC_092331.1	2434614	2433926	0.00
NC_092331.1	2434614	2433951	0.00
NC_092331.1	2434614	2433976	0.00
NC_092331.1	2434614	2434001	0.00
NC_092331.1	2434614	2434026	0.00
NC_092331.1	2434614	2434051	0.00
NC_092331.1	2434614	2434076	0.00
NC_092331.1	2434614	2434101	0.00
NC_092331.1	2434614	2434126	0.00
NC_092331.1	2434614	2434151	0.00
NC_092331.1	2434614	2434176	0.00
NC_092331.1	2434614	2434201	0.00
NC_092331.1	2434614	2434226	0.00
NC_092331.1	2434614	2434251	0.00
NC_092331.1	2434614	2434276	0.00
NC_092331.1	2434614	2434301	0.00
NC_092331.1	2434614	2434326	0.00
NC_092331.1	2434614	2434351	0.00
NC_092331.1	2434614	2434376	0.00
NC_092331.1	2434614	2434401	0.00
NC_092331.1	2434614	2434426	0.00
NC_092331.1	2434614	2434451	0.00
NC_092331.1	2434614	2434476	0.00
NC_092331.1	2434614	2434501	0.80
NC_092331.1	2434614	2434526	1.00
NC_092331.1	2434614	2434551	1.00
NC_092331.1	2434614	2434576	1.00
NC_092331.1	2434614	2434601	1.00
NC_092331.1	2434614	2434626	1.00
NC_092331.1	2434614	2434651	0.20
NC_092331.1	2434614	2434676	0.00
NC_092331.1	2434614	2434701	0.00
NC_092331.1	2434614	2434726	0.00
NC_092331.1	2434614	2434751	0.00
NC_092331.1	2434614	2434776	0.00
NC_092331.1	2434614	2434801	0.00
NC_092331.1	2434614	2434826	0.00
NC_092331.1	2434614	2434851	0.00
NC_092331.1	2434614	2434876	0.00
NC_092331.1	2434614	2434901	0.00
NC_092331.1	2434614	2434926	0.00
NC_092331.1	2434614	2434951	0.00
NC_092331.1	2434614	2434976	0.00
NC_092331.1	2434614	2435001	0.00
NC_092331.1	2434614	2435026	0.00
NC_092331.1	2434614	2435051	0.00
NC_092331.1	2434614	2435076	0.00
NC_092331.1	2434614	2435101	0.00
NC_092331.1	2434614	2435126	0.00
NC_092331.1	2434614	2435151	0.00
NC_092331.1	2434614	2435176	0.00
NC_092331.1	2434614	2435201	0.00
NC_092331.1	2434614	2435226	0.00
NC_092331.1	2434614	2435251	0.00
NC_092331.1	2434614	2435276	0.00
NC_092331.1	2434614	2435301	0.00
NC_092331.1	2434614	2435326	0.00
NC_092331.1	2434614	2435351	0.00
NC_092331.1	2434614	2435376	0.00
NC_092331.1	2434614	2435401	0.00
NC_092331.1	2434614	2435426	0.00
NC_092331.1	2434614	2435451	0.00
NC_092331.1	2434614	2435476	0.00
NC_092331.1	2434614	2435501	0.00
NC_092331.1	2434614	2435526	0.00
NC_092331.1	2434614	2435551	0.00
NC_092331.1	2434614	2435576	0.00
NC_092331.1	2434614	2435601	0.00
NC_092331.1	2434614	2435626	0.00
NC_092331.1	2434614	2435651	0.00
NC_092331.1	2434614	2435676	0.00
NC_092331.1	2434614	2435701	0.00
NC_092331.1	2434614	2435726	0.00
NC_092331.1	2434614	2435751	0.00
NC_092331.1	2434614	2435776	0.00
NC_092331.1	2434614	2435801	0.00
NC_092331.1	2434614	2435826	0.00
NC_092331.1	2434614	2435851	0.00
NC_092331.1	2434614	2435876	0.00
NC_092331.1	2434614	2435901	0.00
NC_092331.1	2434614	2435926	0.00
NC_092331.1	2434614	2435951	0.00
NC_092331.1	2434614	2435976	0.00
NC_092331.1	2434614	2436001	0.00
NC_092331.1	2434614	2436026	0.00
NC_092331.1	2434614	2436051	0.00
NC_092331.1	2434614	2436076	0.00
NC_092331.1	2434614	2436101	0.00
NC_092331.1	2434614	2436126	0.00
NC_092331.1	2434614	2436151	0.00
NC_092331.1	2434614	2436176	0.00
NC_092331.1	2434614	2436201	0.00
NC_092331.1	2434614	2436226	0.00
NC_092331.1	2434614	2436251	0.00
NC_092331.1	2434614	2436276	0.00
NC_092331.1	2434614	2436301	0.00
NC_092331.1	2434614	2436326	0.00
NC_092331.1	2434614	2436351	0.00
NC_092331.1	2434614	2436376	0.00
NC_092331.1	2434614	2436401	0.00
NC_092331.1	2434614	2436426	0.00
NC_092331.1	2434614	2436451	0.00
NC_092331.1	2434614	2436476	0.00
NC_092331.1	2434614	2436501	0.00
NC_092331.1	2434614	2436526	0.00
NC_092331.1	2434614	2436551	0.00
NC_092331.1	2434614	2436576	0.00
NC_092331.1	2434614	2436601	0.00
NC_092331.1	8486956	8484951	0.00
NC_092331.1	8486956	8484976	0.00
NC_092331.1	8486956	8485001	0.00
NC_092331.1	8486956	8485026	0.00
NC_092331.1	8486956	8485051	0.00
NC_092331.1	8486956	8485076	0.00
NC_092331.1	8486956	8485101	0.00
NC_092331.1	8486956	8485126	0.00
NC_092331.1	8486956	8485151	0.00
NC_092331.1	8486956	8485176	0.00
NC_092331.1	8486956	8485201	0.00
NC_092331.1	8486956	8485226	0.00
NC_092331.1	8486956	8485251	0.00
NC_092331.1	8486956	8485276	0.00
NC_092331.1	8486956	8485301	0.00
NC_092331.1	8486956	8485326	0.00
NC_092331.1	8486956	8485351	0.00
NC_092331.1	8486956	8485376	0.00
NC_092331.1	8486956	8485401	0.00
NC_092331.1	8486956	8485426	0.00
NC_092331.1	8486956	8485451	0.00
NC_092331.1	8486956	8485476	0.00
NC_092331.1	8486956	8485501	0.00
NC_092331.1	8486956	8485526	0.00
NC_092331.1	8486956	8485551	0.00
NC_092331.1	8486956	8485576	0.00
NC_092331.1	8486956	8485601	0.00
NC_092331.1	8486956	8485626	0.00
NC_092331.1	8486956	8485651	0.00
NC_092331.1	8486956	8485676	0.00
NC_092331.1	8486956	8485701	0.00
NC_092331.1	8486956	8485726	0.00
NC_092331.1	8486956	8485751	0.00
NC_092331.1	8486956	8485776	0.00
NC_092331.1	8486956	8485801	0.00
NC_092331.1	8486956	8485826	0.00
NC_092331.1	8486956	8485851	0.00
NC_092331.1	8486956	8485876	0.00
NC_092331.1	8486956	8485901	0.00
NC_092331.1	8486956	8485926	0.00
NC_092331.1	8486956	8485951	0.00
NC_092331.1	8486956	8485976	0.00
NC_092331.1	8486956	8486001	0.00
NC_092331.1	8486956	8486026	0.00
NC_092331.1	8486956	8486051	0.00
NC_092331.1	8486956	8486076	0.00
NC_092331.1	8486956	8486101	0.00
NC_092331.1	8486956	8486126	0.00
NC_092331.1	8486956	8486151	0.00
NC_092331.1	8486956	8486176	0.00
NC_092331.1	8486956	8486201	0.00
NC_092331.1	8486956	8486226	0.00
NC_092331.1	8486956	8486251	0.00
NC_092331.1	8486956	8486276	0.00
NC_092331.1	8486956	8486301	0.00
NC_092331.1	8486956	8486326	0.00
NC_092331.1	8486956	8486351	0.00
NC_092331.1	8486956	8486376	0.00
NC_092331.1	8486956	8486401	0.00
NC_092331.1	8486956	8486426	0.00
NC_092331.1	8486956	8486451	0.00
NC_092331.1	8486956	8486476	0.00
NC_092331.1	8486956	8486501	0.00
NC_092331.1	8486956	8486526	0.00
NC_092331.1	8486956	8486551	0.00
NC_092331.1	8486956	8486576	0.00
NC_092331.1	8486956	8486601	0.00
NC_092331.1	8486956	8486626	0.00
NC_092331.1	8486956	8486651	0.00
NC_092331.1	8486956	8486676	0.00
NC_092331.1	8486956	8486701	0.00
NC_092331.1	8486956	8486726	0.00
NC_092331.1	8486956	8486751	0.00
NC_092331.1	8486956	8486776	0.00
NC_092331.1	8486956	8486801	0.00
NC_092331.1	8486956	8486826	0.00
NC_092331.1	8486956	8486851	0.00
NC_092331.1	8486956	8486876	0.00
NC_092331.1	8486956	8486901	0.00
NC_092331.1	8486956	8486926	0.00
NC_092331.1	8486956	8486951	3.92
NC_092331.1	8486956	8486976	1.60
NC_092331.1	8486956	8487001	0.00
NC_092331.1	8486956	8487026	0.00
NC_092331.1	8486956	8487051	0.00
NC_092331.1	8486956	8487076	0.00
NC_092331.1	8486956	8487101	0.00
NC_092331.1	8486956	8487126	0.00
NC_092331.1	8486956	8487151	0.00
NC_092331.1	8486956	8487176	0.00
NC_092331.1	8486956	8487201	0.00
NC_092331.1	8486956	8487226	0.00
NC_092331.1	8486956	8487251	0.00
NC_092331.1	8486956	8487276	0.00
NC_092331.1	8486956	8487301	0.00
NC_092331.1	8486956	8487326	0.00
NC_092331.1	8486956	8487351	0.00
NC_092331.1	8486956	8487376	0.00
NC_092331.1	8486956	8487401	0.00
NC_092331.1	8486956	8487426	0.00
NC_092331.1	8486956	8487451	0.00
NC_092331.1	8486956	8487476	0.00
NC_092331.1	8486956	8487501	0.00
NC_092331.1	8486956	8487526	0.00
NC_092331.1	8486956	8487551	0.00
NC_092331.1	8486956	8487576	0.00
NC_092331.1	8486956	8487601	0.00
NC_092331.1	8486956	8487626	0.00
NC_092331.1	8486956	8487651	0.00
NC_092331.1	8486956	8487676	0.00
NC_092331.1	8486956	8487701	0.00
NC_092331.1	8486956	8487726	0.00
NC_092331.1	8486956	8487751	0.00
NC_092331.1	8486956	8487776	0.00
NC_092331.1	8486956	8487801	0.00
NC_092331.1	8486956	8487826	0.00
NC_092331.1	8486956	8487851	0.00
NC_092331.1	8486956	8487876	0.00
NC_092331.1	8486956	8487901	0.00
NC_092331.1	8486956	8487926	0.00
NC_092331.1	8486956	8487951	0.00
NC_092331.1	8486956	8487976	0.00
NC_092331.1	8486956	8488001	0.00
NC_092331.1	8486956	8488026	0.00
NC_092331.1	8486956	8488051	0.00
NC_092331.1	8486956	8488076	0.00
NC_092331.1	8486956	8488101	0.00
NC_092331.1	8486956	8488126	0.00
NC_092331.1	8486956	8488151	0.00
NC_092331.1	8486956	8488176	0.00
NC_092331.1	8486956	8488201	0.00
NC_092331.1	8486956	8488226	0.00
NC_092331.1	8486956	8488251	0.00
NC_092331.1	8486956	8488276	0.00
NC_092331.1	8486956	8488301	0.00
NC_092331.1	8486956	8488326	0.00
NC_092331.1	8486956	8488351	0.00
NC_092331.1	8486956	8488376	0.00
NC_092331.1	8486956	8488401	0.00
NC_092331.1	8486956	8488426	0.00
NC_092331.1	8486956	8488451	0.00
NC_092331.1	8486956	8488476	0.00
NC_092331.1	8486956	8488501	0.00
NC_092331.1	8486956	8488526	0.00
NC_092331.1	8486956	8488551	0.00
NC_092331.1	8486956	8488576	0.00
NC_092331.1	8486956	8488601	0.00
NC_092331.1	8486956	8488626	0.00
NC_092331.1	8486956	8488651	0.00
NC_092331.1	8486956	8488676	0.00
NC_092331.1	8486956	8488701	0.00
NC_092331.1	8486956	8488726	0.00
NC_092331.1	8486956	8488751	0.00
NC_092331.1	8486956	8488776	0.00
NC_092331.1	8486956	8488801	0.00
NC_092331.1	8486956	8488826	0.00
NC_092331.1	8486956	8488851	0.00
NC_092331.1	8486956	8488876	0.00
NC_092331.1	8486956	8488901	0.00
NC_092331.1	8486956	8488926	0.00
NC_092331.1	8486956	8488951	0.00
NC_092331.1	8486970	8484951	0.00
NC_092331.1	8486970	8484976	0.00
NC_092331.1	8486970	8485001	0.00
NC_092331.1	8486970	8485026	0.00
NC_092331.1	8486970	8485051	0.00
NC_092331.1	8486970	8485076	0.00
NC_092331.1	8486970	8485101	0.00
NC_092331.1	8486970	8485126	0.00
NC_092331.1	8486970	8485151	0.00
NC_092331.1	8486970	8485176	0.00
NC_092331.1	8486970	8485201	0.00
NC_092331.1	8486970	8485226	0.00
NC_092331.1	8486970	8485251	0.00
NC_092331.1	8486970	8485276	0.00
NC_092331.1	8486970	8485301	0.00
NC_092331.1	8486970	8485326	0.00
NC_092331.1	8486970	8485351	0.00
NC_092331.1	8486970	8485376	0.00
NC_092331.1	8486970	8485401	0.00
NC_092331.1	8486970	8485426	0.00
NC_092331.1	8486970	8485451	0.00
NC_092331.1	8486970	8485476	0.00
NC_092331.1	8486970	8485501	0.00
NC_092331.1	8486970	8485526	0.00
NC_092331.1	8486970	8485551	0.00
NC_092331.1	8486970	8485576	0.00
NC_092331.1	8486970	8485601	0.00
NC_092331.1	8486970	8485626	0.00
NC_092331.1	8486970	8485651	0.00
NC_092331.1	8486970	8485676	0.00
NC_092331.1	8486970	8485701	0.00
NC_092331.1	8486970	8485726	0.00
NC_092331.1	8486970	8485751	0.00
NC_092331.1	8486970	8485776	0.00
NC_092331.1	8486970	8485801	0.00
NC_092331.1	8486970	8485826	0.00
NC_092331.1	8486970	8485851	0.00
NC_092331.1	8486970	8485876	0.00
NC_092331.1	8486970	8485901	0.00
NC_092331.1	8486970	8485926	0.00
NC_092331.1	8486970	8485951	0.00
NC_092331.1	8486970	8485976	0.00
NC_092331.1	8486970	8486001	0.00
NC_092331.1	8486970	8486026	0.00
NC_092331.1	8486970	8486051	0.00
NC_092331.1	8486970	8486076	0.00
NC_092331.1	8486970	8486101	0.00
NC_092331.1	8486970	8486126	0.00
NC_092331.1	8486970	8486151	0.00
NC_092331.1	8486970	8486176	0.00
NC_092331.1	8486970	8486201	0.00
NC_092331.1	8486970	8486226	0.00
NC_092331.1	8486970	8486251	0.00
NC_092331.1	8486970	8486276	0.00
NC_092331.1	8486970	8486301	0.00
NC_092331.1	8486970	8486326	0.00
NC_092331.1	8486970	8486351	0.00
NC_092331.1	8486970	8486376	0.00
NC_092331.1	8486970	8486401	0.00
NC_092331.1	8486970	8486426	0.00
NC_092331.1	8486970	8486451	0.00
NC_092331.1	8486970	8486476	0.00
NC_092331.1	8486970	8486501	0.00
NC_092331.1	8486970	8486526	0.00
NC_092331.1	8486970	8486551	0.00
NC_092331.1	8486970	8486576	0.00
NC_092331.1	8486970	8486601	0.00
NC_092331.1	8486970	8486626	0.00
NC_092331.1	8486970	8486651	0.00
NC_092331.1	8486970	8486676	0.00
NC_092331.1	8486970	8486701	0.00
NC_092331.1	8486970	8486726	0.00
NC_092331.1	8486970	8486751	0.00
NC_092331.1	8486970	8486776	0.00
NC_092331.1	8486970	8486801	0.00
NC_092331.1	8486970	8486826	0.00
NC_092331.1	8486970	8486851	0.00
NC_092331.1	8486970	8486876	0.00
NC_092331.1	8486970	8486901	0.00
NC_092331.1	8486970	8486926	0.00
NC_092331.1	8486970	8486951	3.92
NC_092331.1	8486970	8486976	1.60
NC_092331.1	8486970	8487001	0.00
NC_092331.1	8486970	8487026	0.00
NC_092331.1	8486970	8487051	0.00
NC_092331.1	8486970	8487076	0.00
NC_092331.1	8486970	8487101	0.00
NC_092331.1	8486970	8487126	0.00
NC_092331.1	8486970	8487151	0.00
NC_092331.1	8486970	8487176	0.00
NC_092331.1	8486970	8487201	0.00
NC_092331.1	8486970	8487226	0.00
NC_092331.1	8486970	8487251	0.00
NC_092331.1	8486970	8487276	0.00
NC_092331.1	8486970	8487301	0.00
NC_092331.1	8486970	8487326	0.00
NC_092331.1	8486970	8487351	0.00
NC_092331.1	8486970	8487376	0.00
NC_092331.1	8486970	8487401	0.00
NC_092331.1	8486970	8487426	0.00
NC_092331.1	8486970	8487451	0.00
NC_092331.1	8486970	8487476	0.00
NC_092331.1	8486970	8487501	0.00
NC_092331.1	8486970	8487526	0.00
NC_092331.1	8486970	8487551	0.00
NC_092331.1	8486970	8487576	0.00
NC_092331.1	8486970	8487601	0.00
NC_092331.1	8486970	8487626	0.00
NC_092331.1	8486970	8487651	0.00
NC_092331.1	8486970	8487676	0.00
NC_092331.1	8486970	8487701	0.00
NC_092331.1	8486970	8487726	0.00
NC_092331.1	8486970	8487751	0.00
NC_092331.1	8486970	8487776	0.00
NC_092331.1	8486970	8487801	0.00
NC_092331.1	8486970	8487826	0.00
NC_092331.1	8486970	8487851	0.00
NC_092331.1	8486970	8487876	0.00
NC_092331.1	8486970	8487901	0.00
NC_092331.1	8486970	8487926	0.00
NC_092331.1	8486970	8487951	0.00
NC_092331.1	8486970	8487976	0.00
NC_092331.1	8486970	8488001	0.00
NC_092331.1	8486970	8488026	0.00
NC_092331.1	8486970	8488051	0.00
NC_092331.1	8486970	8488076	0.00
NC_092331.1	8486970	8488101	0.00
NC_092331.1	8486970	8488126	0.00
NC_092331.1	8486970	8488151	0.00
NC_092331.1	8486970	8488176	0.00
NC_092331.1	8486970	8488201	0.00
NC_092331.1	8486970	8488226	0.00
NC_092331.1	8486970	8488251	0.00
NC_092331.1	8486970	8488276	0.00
NC_092331.1	8486970	8488301	0.00
NC_092331.1	8486970	8488326	0.00
NC_092331.1	8486970	8488351	0.00
NC_092331.1	8486970	8488376	0.00
NC_092331.1	8486970	8488401	0.00
NC_092331.1	8486970	8488426	0.00
NC_092331.1	8486970	8488451	0.00
NC_092331.1	8486970	8488476	0.00
NC_092331.1	8486970	8488501	0.00
NC_092331.1	8486970	8488526	0.00
NC_092331.1	8486970	8488551	0.00
NC_092331.1	8486970	8488576	0.00
NC_092331.1	8486970	8488601	0.00
NC_092331.1	8486970	8488626	0.00
NC_092331.1	8486970	8488651	0.00
NC_092331.1	8486970	8488676	0.00
NC_092331.1	8486970	8488701	0.00
NC_092331.1	8486970	8488726	0.00
NC_092331.1	8486970	8488751	0.00
NC_092331.1	8486970	8488776	0.00
NC_092331.1	8486970	8488801	0.00
NC_092331.1	8486970	8488826	0.00
NC_092331.1	8486970	8488851	0.00
NC_092331.1	8486970	8488876	0.00
NC_092331.1	8486970	8488901	0.00
NC_092331.1	8486970	8488926	0.00
NC_092331.1	8486970	8488951	0.00
NC_092331.1	8486975	8484951	0.00
NC_092331.1	8486975	8484976	0.00
NC_092331.1	8486975	8485001	0.00
NC_092331.1	8486975	8485026	0.00
NC_092331.1	8486975	8485051	0.00
NC_092331.1	8486975	8485076	0.00
NC_092331.1	8486975	8485101	0.00
NC_092331.1	8486975	8485126	0.00
NC_092331.1	8486975	8485151	0.00
NC_092331.1	8486975	8485176	0.00
NC_092331.1	8486975	8485201	0.00
NC_092331.1	8486975	8485226	0.00
NC_092331.1	8486975	8485251	0.00
NC_092331.1	8486975	8485276	0.00
NC_092331.1	8486975	8485301	0.00
NC_092331.1	8486975	8485326	0.00
NC_092331.1	8486975	8485351	0.00
NC_092331.1	8486975	8485376	0.00
NC_092331.1	8486975	8485401	0.00
NC_092331.1	8486975	8485426	0.00
NC_092331.1	8486975	8485451	0.00
NC_092331.1	8486975	8485476	0.00
NC_092331.1	8486975	8485501	0.00
NC_092331.1	8486975	8485526	0.00
NC_092331.1	8486975	8485551	0.00
NC_092331.1	8486975	8485576	0.00
NC_092331.1	8486975	8485601	0.00
NC_092331.1	8486975	8485626	0.00
NC_092331.1	8486975	8485651	0.00
NC_092331.1	8486975	8485676	0.00
NC_092331.1	8486975	8485701	0.00
NC_092331.1	8486975	8485726	0.00
NC_092331.1	8486975	8485751	0.00
NC_092331.1	8486975	8485776	0.00
NC_092331.1	8486975	8485801	0.00
NC_092331.1	8486975	8485826	0.00
NC_092331.1	8486975	8485851	0.00
NC_092331.1	8486975	8485876	0.00
NC_092331.1	8486975	8485901	0.00
NC_092331.1	8486975	8485926	0.00
NC_092331.1	8486975	8485951	0.00
NC_092331.1	8486975	8485976	0.00
NC_092331.1	8486975	8486001	0.00
NC_092331.1	8486975	8486026	0.00
NC_092331.1	8486975	8486051	0.00
NC_092331.1	8486975	8486076	0.00
NC_092331.1	8486975	8486101	0.00
NC_092331.1	8486975	8486126	0.00
NC_092331.1	8486975	8486151	0.00
NC_092331.1	8486975	8486176	0.00
NC_092331.1	8486975	8486201	0.00
NC_092331.1	8486975	8486226	0.00
NC_092331.1	8486975	8486251	0.00
NC_092331.1	8486975	8486276	0.00
NC_092331.1	8486975	8486301	0.00
NC_092331.1	8486975	8486326	0.00
NC_092331.1	8486975	8486351	0.00
NC_092331.1	8486975	8486376	0.00
NC_092331.1	8486975	8486401	0.00
NC_092331.1	8486975	8486426	0.00
NC_092331.1	8486975	8486451	0.00
NC_092331.1	8486975	8486476	0.00
NC_092331.1	8486975	8486501	0.00
NC_092331.1	8486975	8486526	0.00
NC_092331.1	8486975	8486551	0.00
NC_092331.1	8486975	8486576	0.00
NC_092331.1	8486975	8486601	0.00
NC_092331.1	8486975	8486626	0.00
NC_092331.1	8486975	8486651	0.00
NC_092331.1	8486975	8486676	0.00
NC_092331.1	8486975	8486701	0.00
NC_092331.1	8486975	8486726	0.00
NC_092331.1	8486975	8486751	0.00
NC_092331.1	8486975	8486776	0.00
NC_092331.1	8486975	8486801	0.00
NC_092331.1	8486975	8486826	0.00
NC_092331.1	8486975	8486851	0.00
NC_092331.1	8486975	8486876	0.00
NC_092331.1	8486975	8486901	0.00
NC_092331.1	8486975	8486926	0.00
NC_092331.1	8486975	8486951	3.92
NC_092331.1	8486975	8486976	1.60
NC_092331.1	8486975	8487001	0.00
NC_092331.1	8486975	8487026	0.00
NC_092331.1	8486975	8487051	0.00
NC_092331.1	8486975	8487076	0.00
NC_092331.1	8486975	8487101	0.00
NC_092331.1	8486975	8487126	0.00
NC_092331.1	8486975	8487151	0.00
NC_092331.1	8486975	8487176	0.00
NC_092331.1	8486975	8487201	0.00
NC_092331.1	8486975	8487226	0.00
NC_092331.1	8486975	8487251	0.00
NC_092331.1	8486975	8487276	0.00
NC_092331.1	8486975	8487301	0.00
NC_092331.1	8486975	8487326	0.00
NC_092331.1	8486975	8487351	0.00
NC_092331.1	8486975	8487376	0.00
NC_092331.1	8486975	8487401	0.00
NC_092331.1	8486975	8487426	0.00
NC_092331.1	8486975	8487451	0.00
NC_092331.1	8486975	8487476	0.00
NC_092331.1	8486975	8487501	0.00
NC_092331.1	8486975	8487526	0.00
NC_092331.1	8486975	8487551	0.00
NC_092331.1	8486975	8487576	0.00
NC_092331.1	8486975	8487601	0.00
NC_092331.1	8486975	8487626	0.00
NC_092331.1	8486975	8487651	0.00
NC_092331.1	8486975	8487676	0.00
NC_092331.1	8486975	8487701	0.00
NC_092331.1	8486975	8487726	0.00
NC_092331.1	8486975	8487751	0.00
NC_092331.1	8486975	8487776	0.00
NC_092331.1	8486975	8487801	0.00
NC_092331.1	8486975	8487826	0.00
NC_092331.1	8486975	8487851	0.00
NC_092331.1	8486975	8487876	0.00
NC_092331.1	8486975	8487901	0.00
NC_092331.1	8486975	8487926	0.00
NC_092331.1	8486975	8487951	0.00
NC_092331.1	8486975	8487976	0.00
NC_092331.1	8486975	8488001	0.00
NC_092331.1	8486975	8488026	0.00
NC_092331.1	8486975	8488051	0.00
NC_092331.1	8486975	8488076	0.00
NC_092331.1	8486975	8488101	0.00
NC_092331.1	8486975	8488126	0.00
NC_092331.1	8486975	8488151	0.00
NC_092331.1	8486975	8488176	0.00
NC_092331.1	8486975	8488201	0.00
NC_092331.1	8486975	8488226	0.00
NC_092331.1	8486975	8488251	0.00
NC_092331.1	8486975	8488276	0.00
NC_092331.1	8486975	8488301	0.00
NC_092331.1	8486975	8488326	0.00
NC_092331.1	8486975	8488351	0.00
NC_092331.1	8486975	8488376	0.00
NC_092331.1	8486975	8488401	0.00
NC_092331.1	8486975	8488426	0.00
NC_092331.1	8486975	8488451	0.00
NC_092331.1	8486975	8488476	0.00
NC_092331.1	8486975	8488501	0.00
NC_092331.1	8486975	8488526	0.00
NC_092331.1	8486975	8488551	0.00
NC_092331.1	8486975	8488576	0.00
NC_092331.1	8486975	8488601	0.00
NC_092331.1	8486975	8488626	0.00
NC_092331.1	8486975	8488651	0.00
NC_092331.1	8486975	8488676	0.00
NC_092331.1	8486975	8488701	0.00
NC_092331.1	8486975	8488726	0.00
NC_092331.1	8486975	8488751	0.00
NC_092331.1	8486975	8488776	0.00
NC_092331.1	8486975	8488801	0.00
NC_092331.1	8486975	8488826	0.00
NC_092331.1	8486975	8488851	0.00
NC_092331.1	8486975	8488876	0.00
NC_092331.1	8486975	8488901	0.00
NC_092331.1	8486975	8488926	0.00
NC_092331.1	8486975	8488951	0.00
NC_008535.1	15242	13226	0.00
NC_008535.1	15242	13251	0.00
NC_008535.1	15242	13276	0.00
NC_008535.1	15242	13301	0.00
NC_008535.1	15242	13326	0.00
NC_008535.1	15242	13351	0.00
NC_008535.1	15242	13376	0.00
NC_008535.1	15242	13401	0.00
NC_008535.1	15242	13426	0.00
NC_008535.1	15242	13451	0.00
NC_008535.1	15242	13476	0.00
NC_008535.1	15242	13501	0.00
NC_008535.1	15242	13526	0.00
NC_008535.1	15242	13551	0.00
NC_008535.1	15242	13576	0.00
NC_008535.1	15242	13601	0.00
NC_008535.1	15242	13626	0.00
NC_008535.1	15242	13651	0.00
NC_008535.1	15242	13676	0.00
NC_008535.1	15242	13701	0.00
NC_008535.1	15242	13726	0.00
NC_008535.1	15242	13751	0.00
NC_008535.1	15242	13776	0.00
NC_008535.1	15242	13801	0.00
NC_008535.1	15242	13826	0.00
NC_008535.1	15242	13851	0.00
NC_008535.1	15242	13876	0.00
NC_008535.1	15242	13901	0.00
NC_008535.1	15242	13926	0.00
NC_008535.1	15242	13951	0.00
NC_008535.1	15242	13976	0.00
NC_008535.1	15242	14001	0.00
NC_008535.1	15242	14026	0.00
NC_008535.1	15242	14051	0.00
NC_008535.1	15242	14076	0.00
NC_008535.1	15242	14101	0.00
NC_008535.1	15242	14126	0.00
NC_008535.1	15242	14151	0.00
NC_008535.1	15242	14176	0.00
NC_008535.1	15242	14201	0.00
NC_008535.1	15242	14226	0.00
NC_008535.1	15242	14251	0.00
NC_008535.1	15242	14276	0.00
NC_008535.1	15242	14301	0.00
NC_008535.1	15242	14326	0.00
NC_008535.1	15242	14351	0.00
NC_008535.1	15242	14376	0.00
NC_008535.1	15242	14401	0.00
NC_008535.1	15242	14426	0.00
NC_008535.1	15242	14451	0.00
NC_008535.1	15242	14476	0.00
NC_008535.1	15242	14501	0.00
NC_008535.1	15242	14526	0.00
NC_008535.1	15242	14551	0.00
NC_008535.1	15242	14576	0.00
NC_008535.1	15242	14601	0.00
NC_008535.1	15242	14626	0.00
NC_008535.1	15242	14651	0.00
NC_008535.1	15242	14676	0.00
NC_008535.1	15242	14701	0.00
NC_008535.1	15242	14726	0.00
NC_008535.1	15242	14751	0.00
NC_008535.1	15242	14776	0.00
NC_008535.1	15242	14801	0.00
NC_008535.1	15242	14826	0.00
NC_008535.1	15242	14851	0.00
NC_008535.1	15242	14876	0.00
NC_008535.1	15242	14901	0.00
NC_008535.1	15242	14926	0.00
NC_008535.1	15242	14951	0.00
NC_008535.1	15242	14976	0.00
NC_008535.1	15242	15001	0.00
NC_008535.1	15242	15026	0.00
NC_008535.1	15242	15051	0.00
NC_008535.1	15242	15076	0.00
NC_008535.1	15242	15101	0.00
NC_008535.1	15242	15126	0.00
NC_008535.1	15242	15151	0.48
NC_008535.1	15242	15176	1.00
NC_008535.1	15242	15201	1.00
NC_008535.1	15242	15226	1.00
NC_008535.1	15242	15251	1.00
NC_008535.1	15242	15276	1.00
NC_008535.1	15242	15301	0.52
NC_008535.1	15242	15326	0.00
NC_008535.1	15242	15351	0.72
NC_008535.1	15242	15376	1.00
NC_008535.1	15242	15401	1.00
NC_008535.1	15242	15426	1.00
NC_008535.1	15242	15451	1.00
NC_008535.1	15242	15476	1.00
NC_008535.1	15242	15501	0.28
NC_008535.1	15242	15526	0.00
NC_008535.1	15242	15551	0.00
NC_008535.1	15242	15576	0.00
NC_008535.1	15242	15601	0.00
NC_008535.1	15242	15626	0.00
NC_008535.1	15242	15651	0.00
NC_008535.1	15242	15676	0.00
NC_008535.1	15242	15701	0.00
NC_008535.1	15242	15726	0.00
NC_008535.1	15242	15751	0.00
NC_008535.1	15242	15776	0.00
NC_008535.1	15242	15801	0.00
NC_008535.1	15242	15826	0.00
NC_008535.1	15242	15851	0.00
NC_008535.1	15242	15876	0.00
NC_008535.1	15242	15901	0.00
NC_008535.1	15242	15926	0.00
NC_008535.1	15242	15951	0.00
NC_008535.1	15242	15976	0.00
NC_008535.1	15242	16001	0.00
NC_008535.1	15242	16026	0.00
NC_008535.1	15242	16051	0.00
NC_008535.1	15242	16076	0.00
NC_008535.1	15242	16101	0.00
NC_008535.1	15242	16126	0.00
NC_008535.1	15242	16151	0.00
NC_008535.1	15242	16176	0.00
NC_008535.1	15242	16201	0.00
NC_008535.1	15242	16226	0.00
NC_008535.1	15242	16251	0.00
NC_008535.1	15242	16276	0.00
NC_008535.1	15242	16301	0.00
NC_008535.1	15242	16326	0.00
NC_008535.1	15242	16351	0.00
NC_008535.1	15242	16376	0.00
NC_008535.1	15242	16401	0.00
NC_008535.1	15242	16426	0.00
NC_008535.1	15242	16451	0.00
NC_008535.1	15242	16476	0.00
NC_008535.1	15242	16501	0.00
NC_008535.1	15242	16526	0.00
NC_008535.1	15242	16551	0.00
NC_008535.1	15242	16576	0.00
NC_008535.1	15242	16601	0.00
NC_008535.1	15242	16626	0.00
NC_008535.1	15242	16651	0.00
NC_008535.1	15242	16676	0.00
NC_008535.1	15242	16701	0.00
NC_008535.1	15242	16726	0.00
NC_008535.1	15242	16751	0.00
NC_008535.1	15242	16776	0.00
NC_008535.1	15242	16801	0.00
NC_008535.1	15242	16826	0.00
NC_008535.1	15242	16851	0.00
NC_008535.1	15242	16876	0.00
NC_008535.1	15242	16901	0.00
NC_008535.1	15242	16926	0.00
NC_008535.1	15242	16951	0.00
NC_008535.1	15242	16976	0.00
NC_008535.1	15242	17001	0.00
NC_008535.1	15242	17026	0.00
NC_008535.1	15242	17051	0.00
NC_008535.1	15242	17076	0.00
NC_008535.1	15242	17101	0.00
NC_008535.1	15242	17126	0.00
NC_008535.1	15242	17151	0.00
NC_008535.1	15242	17176	0.00
NC_008535.1	15242	17201	0.00
NC_008535.1	15242	17226	0.00
NC_008535.1	34033	32026	0.00
NC_008535.1	34033	32051	0.00
NC_008535.1	34033	32076	0.00
NC_008535.1	34033	32101	0.00
NC_008535.1	34033	32126	0.00
NC_008535.1	34033	32151	0.00
NC_008535.1	34033	32176	0.00
NC_008535.1	34033	32201	0.00
NC_008535.1	34033	32226	0.00
NC_008535.1	34033	32251	0.00
NC_008535.1	34033	32276	0.00
NC_008535.1	34033	32301	0.00
NC_008535.1	34033	32326	0.00
NC_008535.1	34033	32351	0.00
NC_008535.1	34033	32376	0.00
NC_008535.1	34033	32401	0.00
NC_008535.1	34033	32426	0.00
NC_008535.1	34033	32451	0.00
NC_008535.1	34033	32476	0.00
NC_008535.1	34033	32501	0.00
NC_008535.1	34033	32526	0.00
NC_008535.1	34033	32551	0.00
NC_008535.1	34033	32576	0.00
NC_008535.1	34033	32601	0.00
NC_008535.1	34033	32626	0.00
NC_008535.1	34033	32651	0.00
NC_008535.1	34033	32676	0.00
NC_008535.1	34033	32701	0.00
NC_008535.1	34033	32726	0.00
NC_008535.1	34033	32751	0.00
NC_008535.1	34033	32776	0.00
NC_008535.1	34033	32801	0.00
NC_008535.1	34033	32826	0.00
NC_008535.1	34033	32851	0.00
NC_008535.1	34033	32876	0.00
NC_008535.1	34033	32901	0.00
NC_008535.1	34033	32926	0.00
NC_008535.1	34033	32951	0.00
NC_008535.1	34033	32976	0.00
NC_008535.1	34033	33001	0.00
NC_008535.1	34033	33026	0.00
NC_008535.1	34033	33051	0.00
NC_008535.1	34033	33076	0.00
NC_008535.1	34033	33101	0.00
NC_008535.1	34033	33126	0.00
NC_008535.1	34033	33151	0.00
NC_008535.1	34033	33176	0.00
NC_008535.1	34033	33201	0.00
NC_008535.1	34033	33226	0.00
NC_008535.1	34033	33251	0.00
NC_008535.1	34033	33276	0.00
NC_008535.1	34033	33301	0.00
NC_008535.1	34033	33326	0.00
NC_008535.1	34033	33351	0.00
NC_008535.1	34033	33376	0.00
NC_008535.1	34033	33401	0.00
NC_008535.1	34033	33426	0.00
NC_008535.1	34033	33451	0.00
NC_008535.1	34033	33476	0.00
NC_008535.1	34033	33501	0.00
NC_008535.1	34033	33526	0.00
NC_008535.1	34033	33551	0.00
NC_008535.1	34033	33576	0.00
NC_008535.1	34033	33601	0.00
NC_008535.1	34033	33626	0.00
NC_008535.1	34033	33651	0.00
NC_008535.1	34033	33676	0.00
NC_008535.1	34033	33701	0.00
NC_008535.1	34033	33726	0.00
NC_008535.1	34033	33751	0.00
NC_008535.1	34033	33776	0.00
NC_008535.1	34033	33801	0.00
NC_008535.1	34033	33826	0.00
NC_008535.1	34033	33851	0.00
NC_008535.1	34033	33876	0.00
NC_008535.1	34033	33901	0.00
NC_008535.1	34033	33926	0.00
NC_008535.1	34033	33951	0.00
NC_008535.1	34033	33976	0.04
NC_008535.1	34033	34001	1.00
NC_008535.1	34033	34026	1.00
NC_008535.1	34033	34051	1.00
NC_008535.1	34033	34076	1.00
NC_008535.1	34033	34101	1.00
NC_008535.1	34033	34126	0.96
NC_008535.1	34033	34151	0.92
NC_008535.1	34033	34176	1.00
NC_008535.1	34033	34201	1.00
NC_008535.1	34033	34226	1.00
NC_008535.1	34033	34251	1.00
NC_008535.1	34033	34276	1.00
NC_008535.1	34033	34301	0.08
NC_008535.1	34033	34326	0.00
NC_008535.1	34033	34351	0.00
NC_008535.1	34033	34376	0.00
NC_008535.1	34033	34401	0.00
NC_008535.1	34033	34426	0.00
NC_008535.1	34033	34451	0.00
NC_008535.1	34033	34476	0.00
NC_008535.1	34033	34501	0.00
NC_008535.1	34033	34526	0.00
NC_008535.1	34033	34551	0.00
NC_008535.1	34033	34576	0.00
NC_008535.1	34033	34601	0.00
NC_008535.1	34033	34626	0.00
NC_008535.1	34033	34651	0.00
NC_008535.1	34033	34676	0.00
NC_008535.1	34033	34701	0.00
NC_008535.1	34033	34726	0.00
NC_008535.1	34033	34751	0.00
NC_008535.1	34033	34776	0.00
NC_008535.1	34033	34801	0.00
NC_008535.1	34033	34826	0.00
NC_008535.1	34033	34851	0.00
NC_008535.1	34033	34876	0.00
NC_008535.1	34033	34901	0.00
NC_008535.1	34033	34926	0.00
NC_008535.1	34033	34951	0.00
NC_008535.1	34033	34976	0.00
NC_008535.1	34033	35001	0.00
NC_008535.1	34033	35026	0.00
NC_008535.1	34033	35051	0.00
NC_008535.1	34033	35076	0.00
NC_008535.1	34033	35101	0.00
NC_008535.1	34033	35126	0.00
NC_008535.1	34033	35151	0.00
NC_008535.1	34033	35176	0.00
NC_008535.1	34033	35201	0.00
NC_008535.1	34033	35226	0.00
NC_008535.1	34033	35251	0.00
NC_008535.1	34033	35276	0.00
NC_008535.1	34033	35301	0.00
NC_008535.1	34033	35326	0.00
NC_008535.1	34033	35351	0.00
NC_008535.1	34033	35376	0.00
NC_008535.1	34033	35401	0.00
NC_008535.1	34033	35426	0.00
NC_008535.1	34033	35451	0.00
NC_008535.1	34033	35476	0.00
NC_008535.1	34033	35501	0.00
NC_008535.1	34033	35526	0.00
NC_008535.1	34033	35551	0.00
NC_008535.1	34033	35576	0.00
NC_008535.1	34033	35601	0.00
NC_008535.1	34033	35626	0.00
NC_008535.1	34033	35651	0.00
NC_008535.1	34033	35676	0.00
NC_008535.1	34033	35701	0.00
NC_008535.1	34033	35726	0.00
NC_008535.1	34033	35751	0.00
NC_008535.1	34033	35776	0.00
NC_008535.1	34033	35801	0.00
NC_008535.1	34033	35826	0.00
NC_008535.1	34033	35851	0.00
NC_008535.1	34033	35876	0.00
NC_008535.1	34033	35901	0.00
NC_008535.1	34033	35926	0.00
NC_008535.1	34033	35951	0.00
NC_008535.1	34033	35976	0.00
NC_008535.1	34033	36001	0.00
NC_008535.1	34033	36026	0.00
NC_008535.1	34084	32076	0.00
NC_008535.1	34084	32101	0.00
NC_008535.1	34084	32126	0.00
NC_008535.1	34084	32151	0.00
NC_008535.1	34084	32176	0.00
NC_008535.1	34084	32201	0.00
NC_008535.1	34084	32226	0.00
NC_008535.1	34084	32251	0.00
NC_008535.1	34084	32276	0.00
NC_008535.1	34084	32301	0.00
NC_008535.1	34084	32326	0.00
NC_008535.1	34084	32351	0.00
NC_008535.1	34084	32376	0.00
NC_008535.1	34084	32401	0.00
NC_008535.1	34084	32426	0.00
NC_008535.1	34084	32451	0.00
NC_008535.1	34084	32476	0.00
NC_008535.1	34084	32501	0.00
NC_008535.1	34084	32526	0.00
NC_008535.1	34084	32551	0.00
NC_008535.1	34084	32576	0.00
NC_008535.1	34084	32601	0.00
NC_008535.1	34084	32626	0.00
NC_008535.1	34084	32651	0.00
NC_008535.1	34084	32676	0.00
NC_008535.1	34084	32701	0.00
NC_008535.1	34084	32726	0.00
NC_008535.1	34084	32751	0.00
NC_008535.1	34084	32776	0.00
NC_008535.1	34084	32801	0.00
NC_008535.1	34084	32826	0.00
NC_008535.1	34084	32851	0.00
NC_008535.1	34084	32876	0.00
NC_008535.1	34084	32901	0.00
NC_008535.1	34084	32926	0.00
NC_008535.1	34084	32951	0.00
NC_008535.1	34084	32976	0.00
NC_008535.1	34084	33001	0.00
NC_008535.1	34084	33026	0.00
NC_008535.1	34084	33051	0.00
NC_008535.1	34084	33076	0.00
NC_008535.1	34084	33101	0.00
NC_008535.1	34084	33126	0.00
NC_008535.1	34084	33151	0.00
NC_008535.1	34084	33176	0.00
NC_008535.1	34084	33201	0.00
NC_008535.1	34084	33226	0.00
NC_008535.1	34084	33251	0.00
NC_008535.1	34084	33276	0.00
NC_008535.1	34084	33301	0.00
NC_008535.1	34084	33326	0.00
NC_008535.1	34084	33351	0.00
NC_008535.1	34084	33376	0.00
NC_008535.1	34084	33401	0.00
NC_008535.1	34084	33426	0.00
NC_008535.1	34084	33451	0.00
NC_008535.1	34084	33476	0.00
NC_008535.1	34084	33501	0.00
NC_008535.1	34084	33526	0.00
NC_008535.1	34084	33551	0.00
NC_008535.1	34084	33576	0.00
NC_008535.1	34084	33601	0.00
NC_008535.1	34084	33626	0.00
NC_008535.1	34084	33651	0.00
NC_008535.1	34084	33676	0.00
NC_008535.1	34084	33701	0.00
NC_008535.1	34084	33726	0.00
NC_008535.1	34084	33751	0.00
NC_008535.1	34084	33776	0.00
NC_008535.1	34084	33801	0.00
NC_008535.1	34084	33826	0.00
NC_008535.1	34084	33851	0.00
NC_008535.1	34084	33876	0.00
NC_008535.1	34084	33901	0.00
NC_008535.1	34084	33926	0.00
NC_008535.1	34084	33951	0.00
NC_008535.1	34084	33976	0.04
NC_008535.1	34084	34001	1.00
NC_008535.1	34084	34026	1.00
NC_008535.1	34084	34051	1.00
NC_008535.1	34084	34076	1.00
NC_008535.1	34084	34101	1.00
NC_008535.1	34084	34126	0.96
NC_008535.1	34084	34151	0.92
NC_008535.1	34084	34176	1.00
NC_008535.1	34084	34201	1.00
NC_008535.1	34084	34226	1.00
NC_008535.1	34084	34251	1.00
NC_008535.1	34084	34276	1.00
NC_008535.1	34084	34301	0.08
NC_008535.1	34084	34326	0.00
NC_008535.1	34084	34351	0.00
NC_008535.1	34084	34376	0.00
NC_008535.1	34084	34401	0.00
NC_008535.1	34084	34426	0.00
NC_008535.1	34084	34451	0.00
NC_008535.1	34084	34476	0.00
NC_008535.1	34084	34501	0.00
NC_008535.1	34084	34526	0.00
NC_008535.1	34084	34551	0.00
NC_008535.1	34084	34576	0.00
NC_008535.1	34084	34601	0.00
NC_008535.1	34084	34626	0.00
NC_008535.1	34084	34651	0.00
NC_008535.1	34084	34676	0.00
NC_008535.1	34084	34701	0.00
NC_008535.1	34084	34726	0.00
NC_008535.1	34084	34751	0.00
NC_008535.1	34084	34776	0.00
NC_008535.1	34084	34801	0.00
NC_008535.1	34084	34826	0.00
NC_008535.1	34084	34851	0.00
NC_008535.1	34084	34876	0.00
NC_008535.1	34084	34901	0.00
NC_008535.1	34084	34926	0.00
NC_008535.1	34084	34951	0.00
NC_008535.1	34084	34976	0.00
NC_008535.1	34084	35001	0.00
NC_008535.1	34084	35026	0.00
NC_008535.1	34084	35051	0.00
NC_008535.1	34084	35076	0.00
NC_008535.1	34084	35101	0.00
NC_008535.1	34084	35126	0.00
NC_008535.1	34084	35151	0.00
NC_008535.1	34084	35176	0.00
NC_008535.1	34084	35201	0.00
NC_008535.1	34084	35226	0.00
NC_008535.1	34084	35251	0.00
NC_008535.1	34084	35276	0.00
NC_008535.1	34084	35301	0.00
NC_008535.1	34084	35326	0.00
NC_008535.1	34084	35351	0.00
NC_008535.1	34084	35376	0.00
NC_008535.1	34084	35401	0.00
NC_008535.1	34084	35426	0.00
NC_008535.1	34084	35451	0.00
NC_008535.1	34084	35476	0.00
NC_008535.1	34084	35501	0.00
NC_008535.1	34084	35526	0.00
NC_008535.1	34084	35551	0.00
NC_008535.1	34084	35576	0.00
NC_008535.1	34084	35601	0.00
NC_008535.1	34084	35626	0.00
NC_008535.1	34084	35651	0.00
NC_008535.1	34084	35676	0.00
NC_008535.1	34084	35701	0.00
NC_008535.1	34084	35726	0.00
NC_008535.1	34084	35751	0.00
NC_008535.1	34084	35776	0.00
NC_008535.1	34084	35801	0.00
NC_008535.1	34084	35826	0.00
NC_008535.1	34084	35851	0.00
NC_008535.1	34084	35876	0.00
NC_008535.1	34084	35901	0.00
NC_008535.1	34084	35926	0.00
NC_008535.1	34084	35951	0.00
NC_008535.1	34084	35976	0.00
NC_008535.1	34084	36001	0.00
NC_008535.1	34084	36026	0.00
NC_008535.1	34084	36051	0.00
NC_008535.1	34084	36076	0.00
NC_008535.1	34147	32126	0.00
NC_008535.1	34147	32151	0.00
NC_008535.1	34147	32176	0.00
NC_008535.1	34147	32201	0.00
NC_008535.1	34147	32226	0.00
NC_008535.1	34147	32251	0.00
NC_008535.1	34147	32276	0.00
NC_008535.1	34147	32301	0.00
NC_008535.1	34147	32326	0.00
NC_008535.1	34147	32351	0.00
NC_008535.1	34147	32376	0.00
NC_008535.1	34147	32401	0.00
NC_008535.1	34147	32426	0.00
NC_008535.1	34147	32451	0.00
NC_008535.1	34147	32476	0.00
NC_008535.1	34147	32501	0.00
NC_008535.1	34147	32526	0.00
NC_008535.1	34147	32551	0.00
NC_008535.1	34147	32576	0.00
NC_008535.1	34147	32601	0.00
NC_008535.1	34147	32626	0.00
NC_008535.1	34147	32651	0.00
NC_008535.1	34147	32676	0.00
NC_008535.1	34147	32701	0.00
NC_008535.1	34147	32726	0.00
NC_008535.1	34147	32751	0.00
NC_008535.1	34147	32776	0.00
NC_008535.1	34147	32801	0.00
NC_008535.1	34147	32826	0.00
NC_008535.1	34147	32851	0.00
NC_008535.1	34147	32876	0.00
NC_008535.1	34147	32901	0.00
NC_008535.1	34147	32926	0.00
NC_008535.1	34147	32951	0.00
NC_008535.1	34147	32976	0.00
NC_008535.1	34147	33001	0.00
NC_008535.1	34147	33026	0.00
NC_008535.1	34147	33051	0.00
NC_008535.1	34147	33076	0.00
NC_008535.1	34147	33101	0.00
NC_008535.1	34147	33126	0.00
NC_008535.1	34147	33151	0.00
NC_008535.1	34147	33176	0.00
NC_008535.1	34147	33201	0.00
NC_008535.1	34147	33226	0.00
NC_008535.1	34147	33251	0.00
NC_008535.1	34147	33276	0.00
NC_008535.1	34147	33301	0.00
NC_008535.1	34147	33326	0.00
NC_008535.1	34147	33351	0.00
NC_008535.1	34147	33376	0.00
NC_008535.1	34147	33401	0.00
NC_008535.1	34147	33426	0.00
NC_008535.1	34147	33451	0.00
NC_008535.1	34147	33476	0.00
NC_008535.1	34147	33501	0.00
NC_008535.1	34147	33526	0.00
NC_008535.1	34147	33551	0.00
NC_008535.1	34147	33576	0.00
NC_008535.1	34147	33601	0.00
NC_008535.1	34147	33626	0.00
NC_008535.1	34147	33651	0.00
NC_008535.1	34147	33676	0.00
NC_008535.1	34147	33701	0.00
NC_008535.1	34147	33726	0.00
NC_008535.1	34147	33751	0.00
NC_008535.1	34147	33776	0.00
NC_008535.1	34147	33801	0.00
NC_008535.1	34147	33826	0.00
NC_008535.1	34147	33851	0.00
NC_008535.1	34147	33876	0.00
NC_008535.1	34147	33901	0.00
NC_008535.1	34147	33926	0.00
NC_008535.1	34147	33951	0.00
NC_008535.1	34147	33976	0.04
NC_008535.1	34147	34001	1.00
NC_008535.1	34147	34026	1.00
NC_008535.1	34147	34051	1.00
NC_008535.1	34147	34076	1.00
NC_008535.1	34147	34101	1.00
NC_008535.1	34147	34126	0.96
NC_008535.1	34147	34151	0.92
NC_008535.1	34147	34176	1.00
NC_008535.1	34147	34201	1.00
NC_008535.1	34147	34226	1.00
NC_008535.1	34147	34251	1.00
NC_008535.1	34147	34276	1.00
NC_008535.1	34147	34301	0.08
NC_008535.1	34147	34326	0.00
NC_008535.1	34147	34351	0.00
NC_008535.1	34147	34376	0.00
NC_008535.1	34147	34401	0.00
NC_008535.1	34147	34426	0.00
NC_008535.1	34147	34451	0.00
NC_008535.1	34147	34476	0.00
NC_008535.1	34147	34501	0.00
NC_008535.1	34147	34526	0.00
NC_008535.1	34147	34551	0.00
NC_008535.1	34147	34576	0.00
NC_008535.1	34147	34601	0.00
NC_008535.1	34147	34626	0.00
NC_008535.1	34147	34651	0.00
NC_008535.1	34147	34676	0.00
NC_008535.1	34147	34701	0.00
NC_008535.1	34147	34726	0.00
NC_008535.1	34147	34751	0.00
NC_008535.1	34147	34776	0.00
NC_008535.1	34147	34801	0.00
NC_008535.1	34147	34826	0.00
NC_008535.1	34147	34851	0.00
NC_008535.1	34147	34876	0.00
NC_008535.1	34147	34901	0.00
NC_008535.1	34147	34926	0.00
NC_008535.1	34147	34951	0.00
NC_008535.1	34147	34976	0.00
NC_008535.1	34147	35001	0.00
NC_008535.1	34147	35026	0.00
NC_008535.1	34147	35051	0.00
NC_008535.1	34147	35076	0.00
NC_008535.1	34147	35101	0.00
NC_008535.1	34147	35126	0.00
NC_008535.1	34147	35151	0.00
NC_008535.1	34147	35176	0.00
NC_008535.1	34147	35201	0.00
NC_008535.1	34147	35226	0.00
NC_008535.1	34147	35251	0.00
NC_008535.1	34147	35276	0.00
NC_008535.1	34147	35301	0.00
NC_008535.1	34147	35326	0.00
NC_008535.1	34147	35351	0.00
NC_008535.1	34147	35376	0.00
NC_008535.1	34147	35401	0.00
NC_008535.1	34147	35426	0.00
NC_008535.1	34147	35451	0.00
NC_008535.1	34147	35476	0.00
NC_008535.1	34147	35501	0.00
NC_008535.1	34147	35526	0.00
NC_008535.1	34147	35551	0.00
NC_008535.1	34147	35576	0.00
NC_008535.1	34147	35601	0.00
NC_008535.1	34147	35626	0.00
NC_008535.1	34147	35651	0.00
NC_008535.1	34147	35676	0.00
NC_008535.1	34147	35701	0.00
NC_008535.1	34147	35726	0.00
NC_008535.1	34147	35751	0.00
NC_008535.1	34147	35776	0.00
NC_008535.1	34147	35801	0.00
NC_008535.1	34147	35826	0.00
NC_008535.1	34147	35851	0.00
NC_008535.1	34147	35876	0.00
NC_008535.1	34147	35901	0.00
NC_008535.1	34147	35926	0.00
NC_008535.1	34147	35951	0.00
NC_008535.1	34147	35976	0.00
NC_008535.1	34147	36001	0.00
NC_008535.1	34147	36026	0.00
NC_008535.1	34147	36051	0.00
NC_008535.1	34147	36076	0.00
NC_008535.1	34147	36101	0.00
NC_008535.1	34147	36126	0.00
NC_008535.1	34153	32151	0.00
NC_008535.1	34153	32176	0.00
NC_008535.1	34153	32201	0.00
NC_008535.1	34153	32226	0.00
NC_008535.1	34153	32251	0.00
NC_008535.1	34153	32276	0.00
NC_008535.1	34153	32301	0.00
NC_008535.1	34153	32326	0.00
NC_008535.1	34153	32351	0.00
NC_008535.1	34153	32376	0.00
NC_008535.1	34153	32401	0.00
NC_008535.1	34153	32426	0.00
NC_008535.1	34153	32451	0.00
NC_008535.1	34153	32476	0.00
NC_008535.1	34153	32501	0.00
NC_008535.1	34153	32526	0.00
NC_008535.1	34153	32551	0.00
NC_008535.1	34153	32576	0.00
NC_008535.1	34153	32601	0.00
NC_008535.1	34153	32626	0.00
NC_008535.1	34153	32651	0.00
NC_008535.1	34153	32676	0.00
NC_008535.1	34153	32701	0.00
NC_008535.1	34153	32726	0.00
NC_008535.1	34153	32751	0.00
NC_008535.1	34153	32776	0.00
NC_008535.1	34153	32801	0.00
NC_008535.1	34153	32826	0.00
NC_008535.1	34153	32851	0.00
NC_008535.1	34153	32876	0.00
NC_008535.1	34153	32901	0.00
NC_008535.1	34153	32926	0.00
NC_008535.1	34153	32951	0.00
NC_008535.1	34153	32976	0.00
NC_008535.1	34153	33001	0.00
NC_008535.1	34153	33026	0.00
NC_008535.1	34153	33051	0.00
NC_008535.1	34153	33076	0.00
NC_008535.1	34153	33101	0.00
NC_008535.1	34153	33126	0.00
NC_008535.1	34153	33151	0.00
NC_008535.1	34153	33176	0.00
NC_008535.1	34153	33201	0.00
NC_008535.1	34153	33226	0.00
NC_008535.1	34153	33251	0.00
NC_008535.1	34153	33276	0.00
NC_008535.1	34153	33301	0.00
NC_008535.1	34153	33326	0.00
NC_008535.1	34153	33351	0.00
NC_008535.1	34153	33376	0.00
NC_008535.1	34153	33401	0.00
NC_008535.1	34153	33426	0.00
NC_008535.1	34153	33451	0.00
NC_008535.1	34153	33476	0.00
NC_008535.1	34153	33501	0.00
NC_008535.1	34153	33526	0.00
NC_008535.1	34153	33551	0.00
NC_008535.1	34153	33576	0.00
NC_008535.1	34153	33601	0.00
NC_008535.1	34153	33626	0.00
NC_008535.1	34153	33651	0.00
NC_008535.1	34153	33676	0.00
NC_008535.1	34153	33701	0.00
NC_008535.1	34153	33726	0.00
NC_008535.1	34153	33751	0.00
NC_008535.1	34153	33776	0.00
NC_008535.1	34153	33801	0.00
NC_008535.1	34153	33826	0.00
NC_008535.1	34153	33851	0.00
NC_008535.1	34153	33876	0.00
NC_008535.1	34153	33901	0.00
NC_008535.1	34153	33926	0.00
NC_008535.1	34153	33951	0.00
NC_008535.1	34153	33976	0.04
NC_008535.1	34153	34001	1.00
NC_008535.1	34153	34026	1.00
NC_008535.1	34153	34051	1.00
NC_008535.1	34153	34076	1.00
NC_008535.1	34153	34101	1.00
NC_008535.1	34153	34126	0.96
NC_008535.1	34153	34151	0.92
NC_008535.1	34153	34176	1.00
NC_008535.1	34153	34201	1.00
NC_008535.1	34153	34226	1.00
NC_008535.1	34153	34251	1.00
NC_008535.1	34153	34276	1.00
NC_008535.1	34153	34301	0.08
NC_008535.1	34153	34326	0.00
NC_008535.1	34153	34351	0.00
NC_008535.1	34153	34376	0.00
NC_008535.1	34153	34401	0.00
NC_008535.1	34153	34426	0.00
NC_008535.1	34153	34451	0.00
NC_008535.1	34153	34476	0.00
NC_008535.1	34153	34501	0.00
NC_008535.1	34153	34526	0.00
NC_008535.1	34153	34551	0.00
NC_008535.1	34153	34576	0.00
NC_008535.1	34153	34601	0.00
NC_008535.1	34153	34626	0.00
NC_008535.1	34153	34651	0.00
NC_008535.1	34153	34676	0.00
NC_008535.1	34153	34701	0.00
NC_008535.1	34153	34726	0.00
NC_008535.1	34153	34751	0.00
NC_008535.1	34153	34776	0.00
NC_008535.1	34153	34801	0.00
NC_008535.1	34153	34826	0.00
NC_008535.1	34153	34851	0.00
NC_008535.1	34153	34876	0.00
NC_008535.1	34153	34901	0.00
NC_008535.1	34153	34926	0.00
NC_008535.1	34153	34951	0.00
NC_008535.1	34153	34976	0.00
NC_008535.1	34153	35001	0.00
NC_008535.1	34153	35026	0.00
NC_008535.1	34153	35051	0.00
NC_008535.1	34153	35076	0.00
NC_008535.1	34153	35101	0.00
NC_008535.1	34153	35126	0.00
NC_008535.1	34153	35151	0.00
NC_008535.1	34153	35176	0.00
NC_008535.1	34153	35201	0.00
NC_008535.1	34153	35226	0.00
NC_008535.1	34153	35251	0.00
NC_008535.1	34153	35276	0.00
NC_008535.1	34153	35301	0.00
NC_008535.1	34153	35326	0.00
NC_008535.1	34153	35351	0.00
NC_008535.1	34153	35376	0.00
NC_008535.1	34153	35401	0.00
NC_008535.1	34153	35426	0.00
NC_008535.1	34153	35451	0.00
NC_008535.1	34153	35476	0.00
NC_008535.1	34153	35501	0.00
NC_008535.1	34153	35526	0.00
NC_008535.1	34153	35551	0.00
NC_008535.1	34153	35576	0.00
NC_008535.1	34153	35601	0.00
NC_008535.1	34153	35626	0.00
NC_008535.1	34153	35651	0.00
NC_008535.1	34153	35676	0.00
NC_008535.1	34153	35701	0.00
NC_008535.1	34153	35726	0.00
NC_008535.1	34153	35751	0.00
NC_008535.1	34153	35776	0.00
NC_008535.1	34153	35801	0.00
NC_008535.1	34153	35826	0.00
NC_008535.1	34153	35851	0.00
NC_008535.1	34153	35876	0.00
NC_008535.1	34153	35901	0.00
NC_008535.1	34153	35926	0.00
NC_008535.1	34153	35951	0.00
NC_008535.1	34153	35976	0.00
NC_008535.1	34153	36001	0.00
NC_008535.1	34153	36026	0.00
NC_008535.1	34153	36051	0.00
NC_008535.1	34153	36076	0.00
NC_008535.1	34153	36101	0.00
NC_008535.1	34153	36126	0.00
NC_008535.1	34153	36151	0.00
NC_008535.1	34298	32276	0.00
NC_008535.1	34298	32301	0.00
NC_008535.1	34298	32326	0.00
NC_008535.1	34298	32351	0.00
NC_008535.1	34298	32376	0.00
NC_008535.1	34298	32401	0.00
NC_008535.1	34298	32426	0.00
NC_008535.1	34298	32451	0.00
NC_008535.1	34298	32476	0.00
NC_008535.1	34298	32501	0.00
NC_008535.1	34298	32526	0.00
NC_008535.1	34298	32551	0.00
NC_008535.1	34298	32576	0.00
NC_008535.1	34298	32601	0.00
NC_008535.1	34298	32626	0.00
NC_008535.1	34298	32651	0.00
NC_008535.1	34298	32676	0.00
NC_008535.1	34298	32701	0.00
NC_008535.1	34298	32726	0.00
NC_008535.1	34298	32751	0.00
NC_008535.1	34298	32776	0.00
NC_008535.1	34298	32801	0.00
NC_008535.1	34298	32826	0.00
NC_008535.1	34298	32851	0.00
NC_008535.1	34298	32876	0.00
NC_008535.1	34298	32901	0.00
NC_008535.1	34298	32926	0.00
NC_008535.1	34298	32951	0.00
NC_008535.1	34298	32976	0.00
NC_008535.1	34298	33001	0.00
NC_008535.1	34298	33026	0.00
NC_008535.1	34298	33051	0.00
NC_008535.1	34298	33076	0.00
NC_008535.1	34298	33101	0.00
NC_008535.1	34298	33126	0.00
NC_008535.1	34298	33151	0.00
NC_008535.1	34298	33176	0.00
NC_008535.1	34298	33201	0.00
NC_008535.1	34298	33226	0.00
NC_008535.1	34298	33251	0.00
NC_008535.1	34298	33276	0.00
NC_008535.1	34298	33301	0.00
NC_008535.1	34298	33326	0.00
NC_008535.1	34298	33351	0.00
NC_008535.1	34298	33376	0.00
NC_008535.1	34298	33401	0.00
NC_008535.1	34298	33426	0.00
NC_008535.1	34298	33451	0.00
NC_008535.1	34298	33476	0.00
NC_008535.1	34298	33501	0.00
NC_008535.1	34298	33526	0.00
NC_008535.1	34298	33551	0.00
NC_008535.1	34298	33576	0.00
NC_008535.1	34298	33601	0.00
NC_008535.1	34298	33626	0.00
NC_008535.1	34298	33651	0.00
NC_008535.1	34298	33676	0.00
NC_008535.1	34298	33701	0.00
NC_008535.1	34298	33726	0.00
NC_008535.1	34298	33751	0.00
NC_008535.1	34298	33776	0.00
NC_008535.1	34298	33801	0.00
NC_008535.1	34298	33826	0.00
NC_008535.1	34298	33851	0.00
NC_008535.1	34298	33876	0.00
NC_008535.1	34298	33901	0.00
NC_008535.1	34298	33926	0.00
NC_008535.1	34298	33951	0.00
NC_008535.1	34298	33976	0.04
NC_008535.1	34298	34001	1.00
NC_008535.1	34298	34026	1.00
NC_008535.1	34298	34051	1.00
NC_008535.1	34298	34076	1.00
NC_008535.1	34298	34101	1.00
NC_008535.1	34298	34126	0.96
NC_008535.1	34298	34151	0.92
NC_008535.1	34298	34176	1.00
NC_008535.1	34298	34201	1.00
NC_008535.1	34298	34226	1.00
NC_008535.1	34298	34251	1.00
NC_008535.1	34298	34276	1.00
NC_008535.1	34298	34301	0.08
NC_008535.1	34298	34326	0.00
NC_008535.1	34298	34351	0.00
NC_008535.1	34298	34376	0.00
NC_008535.1	34298	34401	0.00
NC_008535.1	34298	34426	0.00
NC_008535.1	34298	34451	0.00
NC_008535.1	34298	34476	0.00
NC_008535.1	34298	34501	0.00
NC_008535.1	34298	34526	0.00
NC_008535.1	34298	34551	0.00
NC_008535.1	34298	34576	0.00
NC_008535.1	34298	34601	0.00
NC_008535.1	34298	34626	0.00
NC_008535.1	34298	34651	0.00
NC_008535.1	34298	34676	0.00
NC_008535.1	34298	34701	0.00
NC_008535.1	34298	34726	0.00
NC_008535.1	34298	34751	0.00
NC_008535.1	34298	34776	0.00
NC_008535.1	34298	34801	0.00
NC_008535.1	34298	34826	0.00
NC_008535.1	34298	34851	0.00
NC_008535.1	34298	34876	0.00
NC_008535.1	34298	34901	0.00
NC_008535.1	34298	34926	0.00
NC_008535.1	34298	34951	0.00
NC_008535.1	34298	34976	0.00
NC_008535.1	34298	35001	0.00
NC_008535.1	34298	35026	0.00
NC_008535.1	34298	35051	0.00
NC_008535.1	34298	35076	0.00
NC_008535.1	34298	35101	0.00
NC_008535.1	34298	35126	0.00
NC_008535.1	34298	35151	0.00
NC_008535.1	34298	35176	0.00
NC_008535.1	34298	35201	0.00
NC_008535.1	34298	35226	0.00
NC_008535.1	34298	35251	0.00
NC_008535.1	34298	35276	0.00
NC_008535.1	34298	35301	0.00
NC_008535.1	34298	35326	0.00
NC_008535.1	34298	35351	0.00
NC_008535.1	34298	35376	0.00
NC_008535.1	34298	35401	0.00
NC_008535.1	34298	35426	0.00
NC_008535.1	34298	35451	0.00
NC_008535.1	34298	35476	0.00
NC_008535.1	34298	35501	0.00
NC_008535.1	34298	35526	0.00
NC_008535.1	34298	35551	0.00
NC_008535.1	34298	35576	0.00
NC_008535.1	34298	35601	0.00
NC_008535.1	34298	35626	0.00
NC_008535.1	34298	35651	0.00
NC_008535.1	34298	35676	0.00
NC_008535.1	34298	35701	0.00
NC_008535.1	34298	35726	0.00
NC_008535.1	34298	35751	0.00
NC_008535.1	34298	35776	0.00
NC_008535.1	34298	35801	0.00
NC_008535.1	34298	35826	0.00
NC_008535.1	34298	35851	0.00
NC_008535.1	34298	35876	0.00
NC_008535.1	34298	35901	0.00
NC_008535.1	34298	35926	0.00
NC_008535.1	34298	35951	0.00
NC_008535.1	34298	35976	0.00
NC_008535.1	34298	36001	0.00
NC_008535.1	34298	36026	0.00
NC_008535.1	34298	36051	0.00
NC_008535.1	34298	36076	0.00
NC_008535.1	34298	36101	0.00
NC_008535.1	34298	36126	0.00
NC_008535.1	34298	36151	0.00
NC_008535.1	34298	36176	0.00
NC_008535.1	34298	36201	0.00
NC_008535.1	34298	36226	0.00
NC_008535.1	34298	36251	0.00
NC_008535.1	34298	36276	0.00
