chrom	snp_pos	bin_start	mean_depth
NC_092310.1	4234971	4232951	0.00
NC_092310.1	4234971	4232976	0.00
NC_092310.1	4234971	4233001	0.00
NC_092310.1	4234971	4233026	0.00
NC_092310.1	4234971	4233051	0.00
NC_092310.1	4234971	4233076	0.00
NC_092310.1	4234971	4233101	0.00
NC_092310.1	4234971	4233126	0.00
NC_092310.1	4234971	4233151	0.00
NC_092310.1	4234971	4233176	0.00
NC_092310.1	4234971	4233201	0.00
NC_092310.1	4234971	4233226	0.00
NC_092310.1	4234971	4233251	0.00
NC_092310.1	4234971	4233276	0.00
NC_092310.1	4234971	4233301	0.00
NC_092310.1	4234971	4233326	0.00
NC_092310.1	4234971	4233351	0.00
NC_092310.1	4234971	4233376	0.00
NC_092310.1	4234971	4233401	0.00
NC_092310.1	4234971	4233426	0.00
NC_092310.1	4234971	4233451	0.00
NC_092310.1	4234971	4233476	0.00
NC_092310.1	4234971	4233501	0.00
NC_092310.1	4234971	4233526	0.00
NC_092310.1	4234971	4233551	0.00
NC_092310.1	4234971	4233576	0.00
NC_092310.1	4234971	4233601	0.00
NC_092310.1	4234971	4233626	0.00
NC_092310.1	4234971	4233651	0.00
NC_092310.1	4234971	4233676	0.00
NC_092310.1	4234971	4233701	0.00
NC_092310.1	4234971	4233726	0.00
NC_092310.1	4234971	4233751	0.00
NC_092310.1	4234971	4233776	0.00
NC_092310.1	4234971	4233801	0.00
NC_092310.1	4234971	4233826	0.00
NC_092310.1	4234971	4233851	0.00
NC_092310.1	4234971	4233876	0.00
NC_092310.1	4234971	4233901	0.00
NC_092310.1	4234971	4233926	0.00
NC_092310.1	4234971	4233951	0.00
NC_092310.1	4234971	4233976	0.00
NC_092310.1	4234971	4234001	0.00
NC_092310.1	4234971	4234026	0.00
NC_092310.1	4234971	4234051	0.00
NC_092310.1	4234971	4234076	0.00
NC_092310.1	4234971	4234101	0.00
NC_092310.1	4234971	4234126	0.00
NC_092310.1	4234971	4234151	0.00
NC_092310.1	4234971	4234176	0.00
NC_092310.1	4234971	4234201	0.00
NC_092310.1	4234971	4234226	0.00
NC_092310.1	4234971	4234251	0.00
NC_092310.1	4234971	4234276	0.00
NC_092310.1	4234971	4234301	0.00
NC_092310.1	4234971	4234326	0.00
NC_092310.1	4234971	4234351	0.00
NC_092310.1	4234971	4234376	0.00
NC_092310.1	4234971	4234401	0.00
NC_092310.1	4234971	4234426	0.00
NC_092310.1	4234971	4234451	0.00
NC_092310.1	4234971	4234476	0.00
NC_092310.1	4234971	4234501	0.00
NC_092310.1	4234971	4234526	0.00
NC_092310.1	4234971	4234551	0.00
NC_092310.1	4234971	4234576	0.00
NC_092310.1	4234971	4234601	0.00
NC_092310.1	4234971	4234626	0.00
NC_092310.1	4234971	4234651	0.00
NC_092310.1	4234971	4234676	0.00
NC_092310.1	4234971	4234701	0.00
NC_092310.1	4234971	4234726	0.00
NC_092310.1	4234971	4234751	0.00
NC_092310.1	4234971	4234776	0.00
NC_092310.1	4234971	4234801	0.00
NC_092310.1	4234971	4234826	0.00
NC_092310.1	4234971	4234851	0.00
NC_092310.1	4234971	4234876	0.00
NC_092310.1	4234971	4234901	0.92
NC_092310.1	4234971	4234926	1.00
NC_092310.1	4234971	4234951	1.00
NC_092310.1	4234971	4234976	1.00
NC_092310.1	4234971	4235001	1.00
NC_092310.1	4234971	4235026	1.00
NC_092310.1	4234971	4235051	0.08
NC_092310.1	4234971	4235076	0.00
NC_092310.1	4234971	4235101	0.00
NC_092310.1	4234971	4235126	0.00
NC_092310.1	4234971	4235151	0.00
NC_092310.1	4234971	4235176	0.00
NC_092310.1	4234971	4235201	0.00
NC_092310.1	4234971	4235226	0.00
NC_092310.1	4234971	4235251	0.00
NC_092310.1	4234971	4235276	0.00
NC_092310.1	4234971	4235301	0.00
NC_092310.1	4234971	4235326	0.00
NC_092310.1	4234971	4235351	0.00
NC_092310.1	4234971	4235376	0.00
NC_092310.1	4234971	4235401	0.00
NC_092310.1	4234971	4235426	0.00
NC_092310.1	4234971	4235451	0.00
NC_092310.1	4234971	4235476	0.00
NC_092310.1	4234971	4235501	0.00
NC_092310.1	4234971	4235526	0.00
NC_092310.1	4234971	4235551	0.00
NC_092310.1	4234971	4235576	0.00
NC_092310.1	4234971	4235601	0.00
NC_092310.1	4234971	4235626	0.00
NC_092310.1	4234971	4235651	0.00
NC_092310.1	4234971	4235676	0.00
NC_092310.1	4234971	4235701	0.00
NC_092310.1	4234971	4235726	0.00
NC_092310.1	4234971	4235751	0.00
NC_092310.1	4234971	4235776	0.00
NC_092310.1	4234971	4235801	0.00
NC_092310.1	4234971	4235826	0.00
NC_092310.1	4234971	4235851	0.00
NC_092310.1	4234971	4235876	0.00
NC_092310.1	4234971	4235901	0.00
NC_092310.1	4234971	4235926	0.00
NC_092310.1	4234971	4235951	0.00
NC_092310.1	4234971	4235976	0.00
NC_092310.1	4234971	4236001	0.00
NC_092310.1	4234971	4236026	0.00
NC_092310.1	4234971	4236051	0.00
NC_092310.1	4234971	4236076	0.00
NC_092310.1	4234971	4236101	0.00
NC_092310.1	4234971	4236126	0.00
NC_092310.1	4234971	4236151	0.00
NC_092310.1	4234971	4236176	0.00
NC_092310.1	4234971	4236201	0.00
NC_092310.1	4234971	4236226	0.00
NC_092310.1	4234971	4236251	0.00
NC_092310.1	4234971	4236276	0.00
NC_092310.1	4234971	4236301	0.00
NC_092310.1	4234971	4236326	0.00
NC_092310.1	4234971	4236351	0.00
NC_092310.1	4234971	4236376	0.00
NC_092310.1	4234971	4236401	0.00
NC_092310.1	4234971	4236426	0.00
NC_092310.1	4234971	4236451	0.00
NC_092310.1	4234971	4236476	0.00
NC_092310.1	4234971	4236501	0.00
NC_092310.1	4234971	4236526	0.00
NC_092310.1	4234971	4236551	0.00
NC_092310.1	4234971	4236576	0.00
NC_092310.1	4234971	4236601	0.00
NC_092310.1	4234971	4236626	0.00
NC_092310.1	4234971	4236651	0.00
NC_092310.1	4234971	4236676	0.00
NC_092310.1	4234971	4236701	0.00
NC_092310.1	4234971	4236726	0.00
NC_092310.1	4234971	4236751	0.00
NC_092310.1	4234971	4236776	0.00
NC_092310.1	4234971	4236801	0.00
NC_092310.1	4234971	4236826	0.00
NC_092310.1	4234971	4236851	0.00
NC_092310.1	4234971	4236876	0.00
NC_092310.1	4234971	4236901	0.00
NC_092310.1	4234971	4236926	0.00
NC_092310.1	4234971	4236951	0.00
NC_092311.1	5977715	5975701	0.00
NC_092311.1	5977715	5975726	0.00
NC_092311.1	5977715	5975751	0.00
NC_092311.1	5977715	5975776	0.00
NC_092311.1	5977715	5975801	0.00
NC_092311.1	5977715	5975826	0.00
NC_092311.1	5977715	5975851	0.00
NC_092311.1	5977715	5975876	0.00
NC_092311.1	5977715	5975901	0.00
NC_092311.1	5977715	5975926	0.00
NC_092311.1	5977715	5975951	0.00
NC_092311.1	5977715	5975976	0.00
NC_092311.1	5977715	5976001	0.00
NC_092311.1	5977715	5976026	0.00
NC_092311.1	5977715	5976051	0.00
NC_092311.1	5977715	5976076	0.00
NC_092311.1	5977715	5976101	0.00
NC_092311.1	5977715	5976126	0.00
NC_092311.1	5977715	5976151	0.00
NC_092311.1	5977715	5976176	0.00
NC_092311.1	5977715	5976201	0.00
NC_092311.1	5977715	5976226	0.00
NC_092311.1	5977715	5976251	0.00
NC_092311.1	5977715	5976276	0.00
NC_092311.1	5977715	5976301	0.00
NC_092311.1	5977715	5976326	0.00
NC_092311.1	5977715	5976351	0.00
NC_092311.1	5977715	5976376	0.00
NC_092311.1	5977715	5976401	0.00
NC_092311.1	5977715	5976426	0.00
NC_092311.1	5977715	5976451	0.00
NC_092311.1	5977715	5976476	0.00
NC_092311.1	5977715	5976501	0.00
NC_092311.1	5977715	5976526	0.00
NC_092311.1	5977715	5976551	0.00
NC_092311.1	5977715	5976576	0.00
NC_092311.1	5977715	5976601	0.00
NC_092311.1	5977715	5976626	0.00
NC_092311.1	5977715	5976651	0.00
NC_092311.1	5977715	5976676	0.00
NC_092311.1	5977715	5976701	0.00
NC_092311.1	5977715	5976726	0.00
NC_092311.1	5977715	5976751	0.00
NC_092311.1	5977715	5976776	0.00
NC_092311.1	5977715	5976801	0.00
NC_092311.1	5977715	5976826	0.00
NC_092311.1	5977715	5976851	0.00
NC_092311.1	5977715	5976876	0.00
NC_092311.1	5977715	5976901	0.00
NC_092311.1	5977715	5976926	0.00
NC_092311.1	5977715	5976951	0.00
NC_092311.1	5977715	5976976	0.00
NC_092311.1	5977715	5977001	0.00
NC_092311.1	5977715	5977026	0.00
NC_092311.1	5977715	5977051	0.00
NC_092311.1	5977715	5977076	0.00
NC_092311.1	5977715	5977101	0.00
NC_092311.1	5977715	5977126	0.00
NC_092311.1	5977715	5977151	0.00
NC_092311.1	5977715	5977176	0.00
NC_092311.1	5977715	5977201	0.00
NC_092311.1	5977715	5977226	0.00
NC_092311.1	5977715	5977251	0.00
NC_092311.1	5977715	5977276	0.00
NC_092311.1	5977715	5977301	0.00
NC_092311.1	5977715	5977326	0.00
NC_092311.1	5977715	5977351	0.00
NC_092311.1	5977715	5977376	0.00
NC_092311.1	5977715	5977401	0.00
NC_092311.1	5977715	5977426	0.00
NC_092311.1	5977715	5977451	0.00
NC_092311.1	5977715	5977476	0.00
NC_092311.1	5977715	5977501	0.56
NC_092311.1	5977715	5977526	1.00
NC_092311.1	5977715	5977551	1.00
NC_092311.1	5977715	5977576	1.00
NC_092311.1	5977715	5977601	1.00
NC_092311.1	5977715	5977626	1.44
NC_092311.1	5977715	5977651	1.44
NC_092311.1	5977715	5977676	1.00
NC_092311.1	5977715	5977701	1.00
NC_092311.1	5977715	5977726	1.00
NC_092311.1	5977715	5977751	1.00
NC_092311.1	5977715	5977776	0.56
NC_092311.1	5977715	5977801	0.00
NC_092311.1	5977715	5977826	0.00
NC_092311.1	5977715	5977851	0.00
NC_092311.1	5977715	5977876	0.00
NC_092311.1	5977715	5977901	0.00
NC_092311.1	5977715	5977926	0.00
NC_092311.1	5977715	5977951	0.00
NC_092311.1	5977715	5977976	0.00
NC_092311.1	5977715	5978001	0.00
NC_092311.1	5977715	5978026	0.00
NC_092311.1	5977715	5978051	0.00
NC_092311.1	5977715	5978076	0.00
NC_092311.1	5977715	5978101	0.00
NC_092311.1	5977715	5978126	0.00
NC_092311.1	5977715	5978151	0.00
NC_092311.1	5977715	5978176	0.00
NC_092311.1	5977715	5978201	0.00
NC_092311.1	5977715	5978226	0.00
NC_092311.1	5977715	5978251	0.00
NC_092311.1	5977715	5978276	0.00
NC_092311.1	5977715	5978301	0.00
NC_092311.1	5977715	5978326	0.00
NC_092311.1	5977715	5978351	0.00
NC_092311.1	5977715	5978376	0.00
NC_092311.1	5977715	5978401	0.00
NC_092311.1	5977715	5978426	0.00
NC_092311.1	5977715	5978451	0.00
NC_092311.1	5977715	5978476	0.00
NC_092311.1	5977715	5978501	0.00
NC_092311.1	5977715	5978526	0.00
NC_092311.1	5977715	5978551	0.00
NC_092311.1	5977715	5978576	0.00
NC_092311.1	5977715	5978601	0.00
NC_092311.1	5977715	5978626	0.00
NC_092311.1	5977715	5978651	0.00
NC_092311.1	5977715	5978676	0.00
NC_092311.1	5977715	5978701	0.00
NC_092311.1	5977715	5978726	0.00
NC_092311.1	5977715	5978751	0.00
NC_092311.1	5977715	5978776	0.00
NC_092311.1	5977715	5978801	0.00
NC_092311.1	5977715	5978826	0.00
NC_092311.1	5977715	5978851	0.00
NC_092311.1	5977715	5978876	0.00
NC_092311.1	5977715	5978901	0.00
NC_092311.1	5977715	5978926	0.00
NC_092311.1	5977715	5978951	0.00
NC_092311.1	5977715	5978976	0.00
NC_092311.1	5977715	5979001	0.00
NC_092311.1	5977715	5979026	0.00
NC_092311.1	5977715	5979051	0.00
NC_092311.1	5977715	5979076	0.00
NC_092311.1	5977715	5979101	0.00
NC_092311.1	5977715	5979126	0.00
NC_092311.1	5977715	5979151	0.00
NC_092311.1	5977715	5979176	0.00
NC_092311.1	5977715	5979201	0.00
NC_092311.1	5977715	5979226	0.00
NC_092311.1	5977715	5979251	0.00
NC_092311.1	5977715	5979276	0.00
NC_092311.1	5977715	5979301	0.00
NC_092311.1	5977715	5979326	0.00
NC_092311.1	5977715	5979351	0.00
NC_092311.1	5977715	5979376	0.00
NC_092311.1	5977715	5979401	0.00
NC_092311.1	5977715	5979426	0.00
NC_092311.1	5977715	5979451	0.00
NC_092311.1	5977715	5979476	0.00
NC_092311.1	5977715	5979501	0.00
NC_092311.1	5977715	5979526	0.00
NC_092311.1	5977715	5979551	0.00
NC_092311.1	5977715	5979576	0.00
NC_092311.1	5977715	5979601	0.00
NC_092311.1	5977715	5979626	0.00
NC_092311.1	5977715	5979651	0.00
NC_092311.1	5977715	5979676	0.00
NC_092311.1	5977715	5979701	0.00
NC_092311.1	24212288	24210276	0.00
NC_092311.1	24212288	24210301	0.00
NC_092311.1	24212288	24210326	0.00
NC_092311.1	24212288	24210351	0.00
NC_092311.1	24212288	24210376	0.00
NC_092311.1	24212288	24210401	0.00
NC_092311.1	24212288	24210426	0.00
NC_092311.1	24212288	24210451	0.00
NC_092311.1	24212288	24210476	0.00
NC_092311.1	24212288	24210501	0.00
NC_092311.1	24212288	24210526	0.00
NC_092311.1	24212288	24210551	0.00
NC_092311.1	24212288	24210576	0.00
NC_092311.1	24212288	24210601	0.00
NC_092311.1	24212288	24210626	0.00
NC_092311.1	24212288	24210651	0.00
NC_092311.1	24212288	24210676	0.00
NC_092311.1	24212288	24210701	0.00
NC_092311.1	24212288	24210726	0.00
NC_092311.1	24212288	24210751	0.00
NC_092311.1	24212288	24210776	0.00
NC_092311.1	24212288	24210801	0.00
NC_092311.1	24212288	24210826	0.00
NC_092311.1	24212288	24210851	0.00
NC_092311.1	24212288	24210876	0.00
NC_092311.1	24212288	24210901	0.00
NC_092311.1	24212288	24210926	0.00
NC_092311.1	24212288	24210951	0.00
NC_092311.1	24212288	24210976	0.00
NC_092311.1	24212288	24211001	0.00
NC_092311.1	24212288	24211026	0.00
NC_092311.1	24212288	24211051	0.00
NC_092311.1	24212288	24211076	0.00
NC_092311.1	24212288	24211101	0.00
NC_092311.1	24212288	24211126	0.00
NC_092311.1	24212288	24211151	0.00
NC_092311.1	24212288	24211176	0.00
NC_092311.1	24212288	24211201	0.00
NC_092311.1	24212288	24211226	0.00
NC_092311.1	24212288	24211251	0.00
NC_092311.1	24212288	24211276	0.00
NC_092311.1	24212288	24211301	0.00
NC_092311.1	24212288	24211326	0.00
NC_092311.1	24212288	24211351	0.00
NC_092311.1	24212288	24211376	0.00
NC_092311.1	24212288	24211401	0.00
NC_092311.1	24212288	24211426	0.00
NC_092311.1	24212288	24211451	0.00
NC_092311.1	24212288	24211476	0.00
NC_092311.1	24212288	24211501	0.00
NC_092311.1	24212288	24211526	0.00
NC_092311.1	24212288	24211551	0.00
NC_092311.1	24212288	24211576	0.00
NC_092311.1	24212288	24211601	0.00
NC_092311.1	24212288	24211626	0.00
NC_092311.1	24212288	24211651	0.00
NC_092311.1	24212288	24211676	0.00
NC_092311.1	24212288	24211701	0.00
NC_092311.1	24212288	24211726	0.00
NC_092311.1	24212288	24211751	0.00
NC_092311.1	24212288	24211776	0.00
NC_092311.1	24212288	24211801	0.00
NC_092311.1	24212288	24211826	0.00
NC_092311.1	24212288	24211851	0.00
NC_092311.1	24212288	24211876	0.00
NC_092311.1	24212288	24211901	0.00
NC_092311.1	24212288	24211926	0.00
NC_092311.1	24212288	24211951	0.00
NC_092311.1	24212288	24211976	0.00
NC_092311.1	24212288	24212001	0.00
NC_092311.1	24212288	24212026	0.00
NC_092311.1	24212288	24212051	0.00
NC_092311.1	24212288	24212076	0.00
NC_092311.1	24212288	24212101	0.00
NC_092311.1	24212288	24212126	0.00
NC_092311.1	24212288	24212151	0.00
NC_092311.1	24212288	24212176	0.00
NC_092311.1	24212288	24212201	0.00
NC_092311.1	24212288	24212226	0.00
NC_092311.1	24212288	24212251	0.00
NC_092311.1	24212288	24212276	0.96
NC_092311.1	24212288	24212301	1.00
NC_092311.1	24212288	24212326	1.00
NC_092311.1	24212288	24212351	1.00
NC_092311.1	24212288	24212376	1.00
NC_092311.1	24212288	24212401	1.00
NC_092311.1	24212288	24212426	0.04
NC_092311.1	24212288	24212451	0.12
NC_092311.1	24212288	24212476	1.00
NC_092311.1	24212288	24212501	1.00
NC_092311.1	24212288	24212526	1.00
NC_092311.1	24212288	24212551	1.00
NC_092311.1	24212288	24212576	1.00
NC_092311.1	24212288	24212601	0.88
NC_092311.1	24212288	24212626	0.00
NC_092311.1	24212288	24212651	0.00
NC_092311.1	24212288	24212676	0.00
NC_092311.1	24212288	24212701	0.00
NC_092311.1	24212288	24212726	0.00
NC_092311.1	24212288	24212751	0.00
NC_092311.1	24212288	24212776	0.00
NC_092311.1	24212288	24212801	0.00
NC_092311.1	24212288	24212826	0.00
NC_092311.1	24212288	24212851	0.00
NC_092311.1	24212288	24212876	0.00
NC_092311.1	24212288	24212901	0.00
NC_092311.1	24212288	24212926	0.00
NC_092311.1	24212288	24212951	0.00
NC_092311.1	24212288	24212976	0.00
NC_092311.1	24212288	24213001	0.00
NC_092311.1	24212288	24213026	0.00
NC_092311.1	24212288	24213051	0.00
NC_092311.1	24212288	24213076	0.00
NC_092311.1	24212288	24213101	0.00
NC_092311.1	24212288	24213126	0.00
NC_092311.1	24212288	24213151	0.00
NC_092311.1	24212288	24213176	0.00
NC_092311.1	24212288	24213201	0.00
NC_092311.1	24212288	24213226	0.00
NC_092311.1	24212288	24213251	0.00
NC_092311.1	24212288	24213276	0.00
NC_092311.1	24212288	24213301	0.00
NC_092311.1	24212288	24213326	0.00
NC_092311.1	24212288	24213351	0.00
NC_092311.1	24212288	24213376	0.00
NC_092311.1	24212288	24213401	0.00
NC_092311.1	24212288	24213426	0.00
NC_092311.1	24212288	24213451	0.00
NC_092311.1	24212288	24213476	0.00
NC_092311.1	24212288	24213501	0.00
NC_092311.1	24212288	24213526	0.00
NC_092311.1	24212288	24213551	0.00
NC_092311.1	24212288	24213576	0.00
NC_092311.1	24212288	24213601	0.00
NC_092311.1	24212288	24213626	0.00
NC_092311.1	24212288	24213651	0.00
NC_092311.1	24212288	24213676	0.00
NC_092311.1	24212288	24213701	0.00
NC_092311.1	24212288	24213726	0.00
NC_092311.1	24212288	24213751	0.00
NC_092311.1	24212288	24213776	0.00
NC_092311.1	24212288	24213801	0.00
NC_092311.1	24212288	24213826	0.00
NC_092311.1	24212288	24213851	0.00
NC_092311.1	24212288	24213876	0.00
NC_092311.1	24212288	24213901	0.00
NC_092311.1	24212288	24213926	0.00
NC_092311.1	24212288	24213951	0.00
NC_092311.1	24212288	24213976	0.00
NC_092311.1	24212288	24214001	0.00
NC_092311.1	24212288	24214026	0.00
NC_092311.1	24212288	24214051	0.00
NC_092311.1	24212288	24214076	0.00
NC_092311.1	24212288	24214101	0.00
NC_092311.1	24212288	24214126	0.00
NC_092311.1	24212288	24214151	0.00
NC_092311.1	24212288	24214176	0.00
NC_092311.1	24212288	24214201	0.00
NC_092311.1	24212288	24214226	0.00
NC_092311.1	24212288	24214251	0.00
NC_092311.1	24212288	24214276	0.00
NC_092311.1	32313864	32311851	0.00
NC_092311.1	32313864	32311876	0.00
NC_092311.1	32313864	32311901	0.00
NC_092311.1	32313864	32311926	0.00
NC_092311.1	32313864	32311951	0.00
NC_092311.1	32313864	32311976	0.00
NC_092311.1	32313864	32312001	0.00
NC_092311.1	32313864	32312026	0.00
NC_092311.1	32313864	32312051	0.00
NC_092311.1	32313864	32312076	0.00
NC_092311.1	32313864	32312101	0.00
NC_092311.1	32313864	32312126	0.00
NC_092311.1	32313864	32312151	0.00
NC_092311.1	32313864	32312176	0.00
NC_092311.1	32313864	32312201	0.00
NC_092311.1	32313864	32312226	0.00
NC_092311.1	32313864	32312251	0.00
NC_092311.1	32313864	32312276	0.00
NC_092311.1	32313864	32312301	0.00
NC_092311.1	32313864	32312326	0.00
NC_092311.1	32313864	32312351	0.00
NC_092311.1	32313864	32312376	0.00
NC_092311.1	32313864	32312401	0.00
NC_092311.1	32313864	32312426	0.00
NC_092311.1	32313864	32312451	0.00
NC_092311.1	32313864	32312476	0.00
NC_092311.1	32313864	32312501	0.00
NC_092311.1	32313864	32312526	0.00
NC_092311.1	32313864	32312551	0.00
NC_092311.1	32313864	32312576	0.00
NC_092311.1	32313864	32312601	0.00
NC_092311.1	32313864	32312626	0.00
NC_092311.1	32313864	32312651	0.00
NC_092311.1	32313864	32312676	0.00
NC_092311.1	32313864	32312701	0.00
NC_092311.1	32313864	32312726	0.00
NC_092311.1	32313864	32312751	0.00
NC_092311.1	32313864	32312776	0.00
NC_092311.1	32313864	32312801	0.00
NC_092311.1	32313864	32312826	0.00
NC_092311.1	32313864	32312851	0.00
NC_092311.1	32313864	32312876	0.00
NC_092311.1	32313864	32312901	0.00
NC_092311.1	32313864	32312926	0.00
NC_092311.1	32313864	32312951	0.00
NC_092311.1	32313864	32312976	0.00
NC_092311.1	32313864	32313001	0.00
NC_092311.1	32313864	32313026	0.00
NC_092311.1	32313864	32313051	0.00
NC_092311.1	32313864	32313076	0.00
NC_092311.1	32313864	32313101	0.00
NC_092311.1	32313864	32313126	0.00
NC_092311.1	32313864	32313151	0.00
NC_092311.1	32313864	32313176	0.00
NC_092311.1	32313864	32313201	0.00
NC_092311.1	32313864	32313226	0.00
NC_092311.1	32313864	32313251	0.00
NC_092311.1	32313864	32313276	0.00
NC_092311.1	32313864	32313301	0.00
NC_092311.1	32313864	32313326	0.00
NC_092311.1	32313864	32313351	0.00
NC_092311.1	32313864	32313376	0.00
NC_092311.1	32313864	32313401	0.00
NC_092311.1	32313864	32313426	0.00
NC_092311.1	32313864	32313451	0.00
NC_092311.1	32313864	32313476	0.00
NC_092311.1	32313864	32313501	0.00
NC_092311.1	32313864	32313526	0.00
NC_092311.1	32313864	32313551	0.00
NC_092311.1	32313864	32313576	0.00
NC_092311.1	32313864	32313601	0.00
NC_092311.1	32313864	32313626	0.60
NC_092311.1	32313864	32313651	1.00
NC_092311.1	32313864	32313676	1.00
NC_092311.1	32313864	32313701	1.00
NC_092311.1	32313864	32313726	1.88
NC_092311.1	32313864	32313751	2.00
NC_092311.1	32313864	32313776	1.40
NC_092311.1	32313864	32313801	1.00
NC_092311.1	32313864	32313826	1.00
NC_092311.1	32313864	32313851	1.00
NC_092311.1	32313864	32313876	0.12
NC_092311.1	32313864	32313901	0.00
NC_092311.1	32313864	32313926	0.00
NC_092311.1	32313864	32313951	0.00
NC_092311.1	32313864	32313976	0.00
NC_092311.1	32313864	32314001	0.00
NC_092311.1	32313864	32314026	0.00
NC_092311.1	32313864	32314051	0.00
NC_092311.1	32313864	32314076	0.00
NC_092311.1	32313864	32314101	0.00
NC_092311.1	32313864	32314126	0.00
NC_092311.1	32313864	32314151	0.00
NC_092311.1	32313864	32314176	0.00
NC_092311.1	32313864	32314201	0.00
NC_092311.1	32313864	32314226	0.00
NC_092311.1	32313864	32314251	0.00
NC_092311.1	32313864	32314276	0.00
NC_092311.1	32313864	32314301	0.00
NC_092311.1	32313864	32314326	0.00
NC_092311.1	32313864	32314351	0.00
NC_092311.1	32313864	32314376	0.00
NC_092311.1	32313864	32314401	0.00
NC_092311.1	32313864	32314426	0.00
NC_092311.1	32313864	32314451	0.00
NC_092311.1	32313864	32314476	0.00
NC_092311.1	32313864	32314501	0.00
NC_092311.1	32313864	32314526	0.00
NC_092311.1	32313864	32314551	0.00
NC_092311.1	32313864	32314576	0.00
NC_092311.1	32313864	32314601	0.00
NC_092311.1	32313864	32314626	0.00
NC_092311.1	32313864	32314651	0.00
NC_092311.1	32313864	32314676	0.00
NC_092311.1	32313864	32314701	0.00
NC_092311.1	32313864	32314726	0.00
NC_092311.1	32313864	32314751	0.00
NC_092311.1	32313864	32314776	0.00
NC_092311.1	32313864	32314801	0.00
NC_092311.1	32313864	32314826	0.00
NC_092311.1	32313864	32314851	0.00
NC_092311.1	32313864	32314876	0.00
NC_092311.1	32313864	32314901	0.00
NC_092311.1	32313864	32314926	0.00
NC_092311.1	32313864	32314951	0.00
NC_092311.1	32313864	32314976	0.00
NC_092311.1	32313864	32315001	0.00
NC_092311.1	32313864	32315026	0.00
NC_092311.1	32313864	32315051	0.00
NC_092311.1	32313864	32315076	0.00
NC_092311.1	32313864	32315101	0.00
NC_092311.1	32313864	32315126	0.00
NC_092311.1	32313864	32315151	0.00
NC_092311.1	32313864	32315176	0.00
NC_092311.1	32313864	32315201	0.00
NC_092311.1	32313864	32315226	0.00
NC_092311.1	32313864	32315251	0.00
NC_092311.1	32313864	32315276	0.00
NC_092311.1	32313864	32315301	0.00
NC_092311.1	32313864	32315326	0.00
NC_092311.1	32313864	32315351	0.00
NC_092311.1	32313864	32315376	0.00
NC_092311.1	32313864	32315401	0.00
NC_092311.1	32313864	32315426	0.00
NC_092311.1	32313864	32315451	0.00
NC_092311.1	32313864	32315476	0.00
NC_092311.1	32313864	32315501	0.00
NC_092311.1	32313864	32315526	0.00
NC_092311.1	32313864	32315551	0.00
NC_092311.1	32313864	32315576	0.00
NC_092311.1	32313864	32315601	0.00
NC_092311.1	32313864	32315626	0.00
NC_092311.1	32313864	32315651	0.00
NC_092311.1	32313864	32315676	0.00
NC_092311.1	32313864	32315701	0.00
NC_092311.1	32313864	32315726	0.00
NC_092311.1	32313864	32315751	0.00
NC_092311.1	32313864	32315776	0.00
NC_092311.1	32313864	32315801	0.00
NC_092311.1	32313864	32315826	0.00
NC_092311.1	32313864	32315851	0.00
NC_092311.1	36701432	36699426	0.00
NC_092311.1	36701432	36699451	0.00
NC_092311.1	36701432	36699476	0.00
NC_092311.1	36701432	36699501	0.00
NC_092311.1	36701432	36699526	0.00
NC_092311.1	36701432	36699551	0.00
NC_092311.1	36701432	36699576	0.00
NC_092311.1	36701432	36699601	0.00
NC_092311.1	36701432	36699626	0.00
NC_092311.1	36701432	36699651	0.00
NC_092311.1	36701432	36699676	0.00
NC_092311.1	36701432	36699701	0.00
NC_092311.1	36701432	36699726	0.00
NC_092311.1	36701432	36699751	0.00
NC_092311.1	36701432	36699776	0.00
NC_092311.1	36701432	36699801	0.00
NC_092311.1	36701432	36699826	0.00
NC_092311.1	36701432	36699851	0.00
NC_092311.1	36701432	36699876	0.00
NC_092311.1	36701432	36699901	0.00
NC_092311.1	36701432	36699926	0.00
NC_092311.1	36701432	36699951	0.00
NC_092311.1	36701432	36699976	0.00
NC_092311.1	36701432	36700001	0.00
NC_092311.1	36701432	36700026	0.00
NC_092311.1	36701432	36700051	0.00
NC_092311.1	36701432	36700076	0.00
NC_092311.1	36701432	36700101	0.00
NC_092311.1	36701432	36700126	0.00
NC_092311.1	36701432	36700151	0.00
NC_092311.1	36701432	36700176	0.00
NC_092311.1	36701432	36700201	0.00
NC_092311.1	36701432	36700226	0.00
NC_092311.1	36701432	36700251	0.00
NC_092311.1	36701432	36700276	0.00
NC_092311.1	36701432	36700301	0.00
NC_092311.1	36701432	36700326	0.00
NC_092311.1	36701432	36700351	0.00
NC_092311.1	36701432	36700376	0.00
NC_092311.1	36701432	36700401	0.00
NC_092311.1	36701432	36700426	0.00
NC_092311.1	36701432	36700451	0.00
NC_092311.1	36701432	36700476	0.00
NC_092311.1	36701432	36700501	0.00
NC_092311.1	36701432	36700526	0.00
NC_092311.1	36701432	36700551	0.00
NC_092311.1	36701432	36700576	0.00
NC_092311.1	36701432	36700601	0.00
NC_092311.1	36701432	36700626	0.00
NC_092311.1	36701432	36700651	0.00
NC_092311.1	36701432	36700676	0.00
NC_092311.1	36701432	36700701	0.00
NC_092311.1	36701432	36700726	0.00
NC_092311.1	36701432	36700751	0.00
NC_092311.1	36701432	36700776	0.00
NC_092311.1	36701432	36700801	0.00
NC_092311.1	36701432	36700826	0.00
NC_092311.1	36701432	36700851	0.00
NC_092311.1	36701432	36700876	0.00
NC_092311.1	36701432	36700901	0.00
NC_092311.1	36701432	36700926	0.00
NC_092311.1	36701432	36700951	0.00
NC_092311.1	36701432	36700976	0.00
NC_092311.1	36701432	36701001	0.00
NC_092311.1	36701432	36701026	0.00
NC_092311.1	36701432	36701051	0.00
NC_092311.1	36701432	36701076	0.00
NC_092311.1	36701432	36701101	0.00
NC_092311.1	36701432	36701126	0.00
NC_092311.1	36701432	36701151	0.00
NC_092311.1	36701432	36701176	0.00
NC_092311.1	36701432	36701201	0.00
NC_092311.1	36701432	36701226	0.00
NC_092311.1	36701432	36701251	0.00
NC_092311.1	36701432	36701276	0.00
NC_092311.1	36701432	36701301	0.28
NC_092311.1	36701432	36701326	1.00
NC_092311.1	36701432	36701351	1.00
NC_092311.1	36701432	36701376	1.00
NC_092311.1	36701432	36701401	1.00
NC_092311.1	36701432	36701426	1.00
NC_092311.1	36701432	36701451	0.72
NC_092311.1	36701432	36701476	0.00
NC_092311.1	36701432	36701501	0.00
NC_092311.1	36701432	36701526	0.00
NC_092311.1	36701432	36701551	0.00
NC_092311.1	36701432	36701576	0.00
NC_092311.1	36701432	36701601	0.00
NC_092311.1	36701432	36701626	0.00
NC_092311.1	36701432	36701651	0.00
NC_092311.1	36701432	36701676	0.00
NC_092311.1	36701432	36701701	0.00
NC_092311.1	36701432	36701726	0.00
NC_092311.1	36701432	36701751	0.00
NC_092311.1	36701432	36701776	0.00
NC_092311.1	36701432	36701801	0.00
NC_092311.1	36701432	36701826	0.00
NC_092311.1	36701432	36701851	0.00
NC_092311.1	36701432	36701876	0.00
NC_092311.1	36701432	36701901	0.00
NC_092311.1	36701432	36701926	0.00
NC_092311.1	36701432	36701951	0.00
NC_092311.1	36701432	36701976	0.00
NC_092311.1	36701432	36702001	0.00
NC_092311.1	36701432	36702026	0.00
NC_092311.1	36701432	36702051	0.00
NC_092311.1	36701432	36702076	0.00
NC_092311.1	36701432	36702101	0.00
NC_092311.1	36701432	36702126	0.00
NC_092311.1	36701432	36702151	0.00
NC_092311.1	36701432	36702176	0.00
NC_092311.1	36701432	36702201	0.00
NC_092311.1	36701432	36702226	0.00
NC_092311.1	36701432	36702251	0.00
NC_092311.1	36701432	36702276	0.00
NC_092311.1	36701432	36702301	0.00
NC_092311.1	36701432	36702326	0.00
NC_092311.1	36701432	36702351	0.00
NC_092311.1	36701432	36702376	0.00
NC_092311.1	36701432	36702401	0.00
NC_092311.1	36701432	36702426	0.00
NC_092311.1	36701432	36702451	0.00
NC_092311.1	36701432	36702476	0.00
NC_092311.1	36701432	36702501	0.00
NC_092311.1	36701432	36702526	0.00
NC_092311.1	36701432	36702551	0.00
NC_092311.1	36701432	36702576	0.00
NC_092311.1	36701432	36702601	0.00
NC_092311.1	36701432	36702626	0.00
NC_092311.1	36701432	36702651	0.00
NC_092311.1	36701432	36702676	0.00
NC_092311.1	36701432	36702701	0.00
NC_092311.1	36701432	36702726	0.00
NC_092311.1	36701432	36702751	0.00
NC_092311.1	36701432	36702776	0.00
NC_092311.1	36701432	36702801	0.00
NC_092311.1	36701432	36702826	0.00
NC_092311.1	36701432	36702851	0.00
NC_092311.1	36701432	36702876	0.00
NC_092311.1	36701432	36702901	0.00
NC_092311.1	36701432	36702926	0.00
NC_092311.1	36701432	36702951	0.00
NC_092311.1	36701432	36702976	0.00
NC_092311.1	36701432	36703001	0.00
NC_092311.1	36701432	36703026	0.00
NC_092311.1	36701432	36703051	0.00
NC_092311.1	36701432	36703076	0.00
NC_092311.1	36701432	36703101	0.00
NC_092311.1	36701432	36703126	0.00
NC_092311.1	36701432	36703151	0.00
NC_092311.1	36701432	36703176	0.00
NC_092311.1	36701432	36703201	0.00
NC_092311.1	36701432	36703226	0.00
NC_092311.1	36701432	36703251	0.00
NC_092311.1	36701432	36703276	0.00
NC_092311.1	36701432	36703301	0.00
NC_092311.1	36701432	36703326	0.00
NC_092311.1	36701432	36703351	0.00
NC_092311.1	36701432	36703376	0.00
NC_092311.1	36701432	36703401	0.00
NC_092311.1	36701432	36703426	0.00
NC_092311.1	36701455	36699451	0.00
NC_092311.1	36701455	36699476	0.00
NC_092311.1	36701455	36699501	0.00
NC_092311.1	36701455	36699526	0.00
NC_092311.1	36701455	36699551	0.00
NC_092311.1	36701455	36699576	0.00
NC_092311.1	36701455	36699601	0.00
NC_092311.1	36701455	36699626	0.00
NC_092311.1	36701455	36699651	0.00
NC_092311.1	36701455	36699676	0.00
NC_092311.1	36701455	36699701	0.00
NC_092311.1	36701455	36699726	0.00
NC_092311.1	36701455	36699751	0.00
NC_092311.1	36701455	36699776	0.00
NC_092311.1	36701455	36699801	0.00
NC_092311.1	36701455	36699826	0.00
NC_092311.1	36701455	36699851	0.00
NC_092311.1	36701455	36699876	0.00
NC_092311.1	36701455	36699901	0.00
NC_092311.1	36701455	36699926	0.00
NC_092311.1	36701455	36699951	0.00
NC_092311.1	36701455	36699976	0.00
NC_092311.1	36701455	36700001	0.00
NC_092311.1	36701455	36700026	0.00
NC_092311.1	36701455	36700051	0.00
NC_092311.1	36701455	36700076	0.00
NC_092311.1	36701455	36700101	0.00
NC_092311.1	36701455	36700126	0.00
NC_092311.1	36701455	36700151	0.00
NC_092311.1	36701455	36700176	0.00
NC_092311.1	36701455	36700201	0.00
NC_092311.1	36701455	36700226	0.00
NC_092311.1	36701455	36700251	0.00
NC_092311.1	36701455	36700276	0.00
NC_092311.1	36701455	36700301	0.00
NC_092311.1	36701455	36700326	0.00
NC_092311.1	36701455	36700351	0.00
NC_092311.1	36701455	36700376	0.00
NC_092311.1	36701455	36700401	0.00
NC_092311.1	36701455	36700426	0.00
NC_092311.1	36701455	36700451	0.00
NC_092311.1	36701455	36700476	0.00
NC_092311.1	36701455	36700501	0.00
NC_092311.1	36701455	36700526	0.00
NC_092311.1	36701455	36700551	0.00
NC_092311.1	36701455	36700576	0.00
NC_092311.1	36701455	36700601	0.00
NC_092311.1	36701455	36700626	0.00
NC_092311.1	36701455	36700651	0.00
NC_092311.1	36701455	36700676	0.00
NC_092311.1	36701455	36700701	0.00
NC_092311.1	36701455	36700726	0.00
NC_092311.1	36701455	36700751	0.00
NC_092311.1	36701455	36700776	0.00
NC_092311.1	36701455	36700801	0.00
NC_092311.1	36701455	36700826	0.00
NC_092311.1	36701455	36700851	0.00
NC_092311.1	36701455	36700876	0.00
NC_092311.1	36701455	36700901	0.00
NC_092311.1	36701455	36700926	0.00
NC_092311.1	36701455	36700951	0.00
NC_092311.1	36701455	36700976	0.00
NC_092311.1	36701455	36701001	0.00
NC_092311.1	36701455	36701026	0.00
NC_092311.1	36701455	36701051	0.00
NC_092311.1	36701455	36701076	0.00
NC_092311.1	36701455	36701101	0.00
NC_092311.1	36701455	36701126	0.00
NC_092311.1	36701455	36701151	0.00
NC_092311.1	36701455	36701176	0.00
NC_092311.1	36701455	36701201	0.00
NC_092311.1	36701455	36701226	0.00
NC_092311.1	36701455	36701251	0.00
NC_092311.1	36701455	36701276	0.00
NC_092311.1	36701455	36701301	0.28
NC_092311.1	36701455	36701326	1.00
NC_092311.1	36701455	36701351	1.00
NC_092311.1	36701455	36701376	1.00
NC_092311.1	36701455	36701401	1.00
NC_092311.1	36701455	36701426	1.00
NC_092311.1	36701455	36701451	0.72
NC_092311.1	36701455	36701476	0.00
NC_092311.1	36701455	36701501	0.00
NC_092311.1	36701455	36701526	0.00
NC_092311.1	36701455	36701551	0.00
NC_092311.1	36701455	36701576	0.00
NC_092311.1	36701455	36701601	0.00
NC_092311.1	36701455	36701626	0.00
NC_092311.1	36701455	36701651	0.00
NC_092311.1	36701455	36701676	0.00
NC_092311.1	36701455	36701701	0.00
NC_092311.1	36701455	36701726	0.00
NC_092311.1	36701455	36701751	0.00
NC_092311.1	36701455	36701776	0.00
NC_092311.1	36701455	36701801	0.00
NC_092311.1	36701455	36701826	0.00
NC_092311.1	36701455	36701851	0.00
NC_092311.1	36701455	36701876	0.00
NC_092311.1	36701455	36701901	0.00
NC_092311.1	36701455	36701926	0.00
NC_092311.1	36701455	36701951	0.00
NC_092311.1	36701455	36701976	0.00
NC_092311.1	36701455	36702001	0.00
NC_092311.1	36701455	36702026	0.00
NC_092311.1	36701455	36702051	0.00
NC_092311.1	36701455	36702076	0.00
NC_092311.1	36701455	36702101	0.00
NC_092311.1	36701455	36702126	0.00
NC_092311.1	36701455	36702151	0.00
NC_092311.1	36701455	36702176	0.00
NC_092311.1	36701455	36702201	0.00
NC_092311.1	36701455	36702226	0.00
NC_092311.1	36701455	36702251	0.00
NC_092311.1	36701455	36702276	0.00
NC_092311.1	36701455	36702301	0.00
NC_092311.1	36701455	36702326	0.00
NC_092311.1	36701455	36702351	0.00
NC_092311.1	36701455	36702376	0.00
NC_092311.1	36701455	36702401	0.00
NC_092311.1	36701455	36702426	0.00
NC_092311.1	36701455	36702451	0.00
NC_092311.1	36701455	36702476	0.00
NC_092311.1	36701455	36702501	0.00
NC_092311.1	36701455	36702526	0.00
NC_092311.1	36701455	36702551	0.00
NC_092311.1	36701455	36702576	0.00
NC_092311.1	36701455	36702601	0.00
NC_092311.1	36701455	36702626	0.00
NC_092311.1	36701455	36702651	0.00
NC_092311.1	36701455	36702676	0.00
NC_092311.1	36701455	36702701	0.00
NC_092311.1	36701455	36702726	0.00
NC_092311.1	36701455	36702751	0.00
NC_092311.1	36701455	36702776	0.00
NC_092311.1	36701455	36702801	0.00
NC_092311.1	36701455	36702826	0.00
NC_092311.1	36701455	36702851	0.00
NC_092311.1	36701455	36702876	0.00
NC_092311.1	36701455	36702901	0.00
NC_092311.1	36701455	36702926	0.00
NC_092311.1	36701455	36702951	0.00
NC_092311.1	36701455	36702976	0.00
NC_092311.1	36701455	36703001	0.00
NC_092311.1	36701455	36703026	0.00
NC_092311.1	36701455	36703051	0.00
NC_092311.1	36701455	36703076	0.00
NC_092311.1	36701455	36703101	0.00
NC_092311.1	36701455	36703126	0.00
NC_092311.1	36701455	36703151	0.00
NC_092311.1	36701455	36703176	0.00
NC_092311.1	36701455	36703201	0.00
NC_092311.1	36701455	36703226	0.00
NC_092311.1	36701455	36703251	0.00
NC_092311.1	36701455	36703276	0.00
NC_092311.1	36701455	36703301	0.00
NC_092311.1	36701455	36703326	0.00
NC_092311.1	36701455	36703351	0.00
NC_092311.1	36701455	36703376	0.00
NC_092311.1	36701455	36703401	0.00
NC_092311.1	36701455	36703426	0.00
NC_092311.1	36701455	36703451	0.00
NC_092311.1	36701459	36699451	0.00
NC_092311.1	36701459	36699476	0.00
NC_092311.1	36701459	36699501	0.00
NC_092311.1	36701459	36699526	0.00
NC_092311.1	36701459	36699551	0.00
NC_092311.1	36701459	36699576	0.00
NC_092311.1	36701459	36699601	0.00
NC_092311.1	36701459	36699626	0.00
NC_092311.1	36701459	36699651	0.00
NC_092311.1	36701459	36699676	0.00
NC_092311.1	36701459	36699701	0.00
NC_092311.1	36701459	36699726	0.00
NC_092311.1	36701459	36699751	0.00
NC_092311.1	36701459	36699776	0.00
NC_092311.1	36701459	36699801	0.00
NC_092311.1	36701459	36699826	0.00
NC_092311.1	36701459	36699851	0.00
NC_092311.1	36701459	36699876	0.00
NC_092311.1	36701459	36699901	0.00
NC_092311.1	36701459	36699926	0.00
NC_092311.1	36701459	36699951	0.00
NC_092311.1	36701459	36699976	0.00
NC_092311.1	36701459	36700001	0.00
NC_092311.1	36701459	36700026	0.00
NC_092311.1	36701459	36700051	0.00
NC_092311.1	36701459	36700076	0.00
NC_092311.1	36701459	36700101	0.00
NC_092311.1	36701459	36700126	0.00
NC_092311.1	36701459	36700151	0.00
NC_092311.1	36701459	36700176	0.00
NC_092311.1	36701459	36700201	0.00
NC_092311.1	36701459	36700226	0.00
NC_092311.1	36701459	36700251	0.00
NC_092311.1	36701459	36700276	0.00
NC_092311.1	36701459	36700301	0.00
NC_092311.1	36701459	36700326	0.00
NC_092311.1	36701459	36700351	0.00
NC_092311.1	36701459	36700376	0.00
NC_092311.1	36701459	36700401	0.00
NC_092311.1	36701459	36700426	0.00
NC_092311.1	36701459	36700451	0.00
NC_092311.1	36701459	36700476	0.00
NC_092311.1	36701459	36700501	0.00
NC_092311.1	36701459	36700526	0.00
NC_092311.1	36701459	36700551	0.00
NC_092311.1	36701459	36700576	0.00
NC_092311.1	36701459	36700601	0.00
NC_092311.1	36701459	36700626	0.00
NC_092311.1	36701459	36700651	0.00
NC_092311.1	36701459	36700676	0.00
NC_092311.1	36701459	36700701	0.00
NC_092311.1	36701459	36700726	0.00
NC_092311.1	36701459	36700751	0.00
NC_092311.1	36701459	36700776	0.00
NC_092311.1	36701459	36700801	0.00
NC_092311.1	36701459	36700826	0.00
NC_092311.1	36701459	36700851	0.00
NC_092311.1	36701459	36700876	0.00
NC_092311.1	36701459	36700901	0.00
NC_092311.1	36701459	36700926	0.00
NC_092311.1	36701459	36700951	0.00
NC_092311.1	36701459	36700976	0.00
NC_092311.1	36701459	36701001	0.00
NC_092311.1	36701459	36701026	0.00
NC_092311.1	36701459	36701051	0.00
NC_092311.1	36701459	36701076	0.00
NC_092311.1	36701459	36701101	0.00
NC_092311.1	36701459	36701126	0.00
NC_092311.1	36701459	36701151	0.00
NC_092311.1	36701459	36701176	0.00
NC_092311.1	36701459	36701201	0.00
NC_092311.1	36701459	36701226	0.00
NC_092311.1	36701459	36701251	0.00
NC_092311.1	36701459	36701276	0.00
NC_092311.1	36701459	36701301	0.28
NC_092311.1	36701459	36701326	1.00
NC_092311.1	36701459	36701351	1.00
NC_092311.1	36701459	36701376	1.00
NC_092311.1	36701459	36701401	1.00
NC_092311.1	36701459	36701426	1.00
NC_092311.1	36701459	36701451	0.72
NC_092311.1	36701459	36701476	0.00
NC_092311.1	36701459	36701501	0.00
NC_092311.1	36701459	36701526	0.00
NC_092311.1	36701459	36701551	0.00
NC_092311.1	36701459	36701576	0.00
NC_092311.1	36701459	36701601	0.00
NC_092311.1	36701459	36701626	0.00
NC_092311.1	36701459	36701651	0.00
NC_092311.1	36701459	36701676	0.00
NC_092311.1	36701459	36701701	0.00
NC_092311.1	36701459	36701726	0.00
NC_092311.1	36701459	36701751	0.00
NC_092311.1	36701459	36701776	0.00
NC_092311.1	36701459	36701801	0.00
NC_092311.1	36701459	36701826	0.00
NC_092311.1	36701459	36701851	0.00
NC_092311.1	36701459	36701876	0.00
NC_092311.1	36701459	36701901	0.00
NC_092311.1	36701459	36701926	0.00
NC_092311.1	36701459	36701951	0.00
NC_092311.1	36701459	36701976	0.00
NC_092311.1	36701459	36702001	0.00
NC_092311.1	36701459	36702026	0.00
NC_092311.1	36701459	36702051	0.00
NC_092311.1	36701459	36702076	0.00
NC_092311.1	36701459	36702101	0.00
NC_092311.1	36701459	36702126	0.00
NC_092311.1	36701459	36702151	0.00
NC_092311.1	36701459	36702176	0.00
NC_092311.1	36701459	36702201	0.00
NC_092311.1	36701459	36702226	0.00
NC_092311.1	36701459	36702251	0.00
NC_092311.1	36701459	36702276	0.00
NC_092311.1	36701459	36702301	0.00
NC_092311.1	36701459	36702326	0.00
NC_092311.1	36701459	36702351	0.00
NC_092311.1	36701459	36702376	0.00
NC_092311.1	36701459	36702401	0.00
NC_092311.1	36701459	36702426	0.00
NC_092311.1	36701459	36702451	0.00
NC_092311.1	36701459	36702476	0.00
NC_092311.1	36701459	36702501	0.00
NC_092311.1	36701459	36702526	0.00
NC_092311.1	36701459	36702551	0.00
NC_092311.1	36701459	36702576	0.00
NC_092311.1	36701459	36702601	0.00
NC_092311.1	36701459	36702626	0.00
NC_092311.1	36701459	36702651	0.00
NC_092311.1	36701459	36702676	0.00
NC_092311.1	36701459	36702701	0.00
NC_092311.1	36701459	36702726	0.00
NC_092311.1	36701459	36702751	0.00
NC_092311.1	36701459	36702776	0.00
NC_092311.1	36701459	36702801	0.00
NC_092311.1	36701459	36702826	0.00
NC_092311.1	36701459	36702851	0.00
NC_092311.1	36701459	36702876	0.00
NC_092311.1	36701459	36702901	0.00
NC_092311.1	36701459	36702926	0.00
NC_092311.1	36701459	36702951	0.00
NC_092311.1	36701459	36702976	0.00
NC_092311.1	36701459	36703001	0.00
NC_092311.1	36701459	36703026	0.00
NC_092311.1	36701459	36703051	0.00
NC_092311.1	36701459	36703076	0.00
NC_092311.1	36701459	36703101	0.00
NC_092311.1	36701459	36703126	0.00
NC_092311.1	36701459	36703151	0.00
NC_092311.1	36701459	36703176	0.00
NC_092311.1	36701459	36703201	0.00
NC_092311.1	36701459	36703226	0.00
NC_092311.1	36701459	36703251	0.00
NC_092311.1	36701459	36703276	0.00
NC_092311.1	36701459	36703301	0.00
NC_092311.1	36701459	36703326	0.00
NC_092311.1	36701459	36703351	0.00
NC_092311.1	36701459	36703376	0.00
NC_092311.1	36701459	36703401	0.00
NC_092311.1	36701459	36703426	0.00
NC_092311.1	36701459	36703451	0.00
NC_092311.1	36701460	36699451	0.00
NC_092311.1	36701460	36699476	0.00
NC_092311.1	36701460	36699501	0.00
NC_092311.1	36701460	36699526	0.00
NC_092311.1	36701460	36699551	0.00
NC_092311.1	36701460	36699576	0.00
NC_092311.1	36701460	36699601	0.00
NC_092311.1	36701460	36699626	0.00
NC_092311.1	36701460	36699651	0.00
NC_092311.1	36701460	36699676	0.00
NC_092311.1	36701460	36699701	0.00
NC_092311.1	36701460	36699726	0.00
NC_092311.1	36701460	36699751	0.00
NC_092311.1	36701460	36699776	0.00
NC_092311.1	36701460	36699801	0.00
NC_092311.1	36701460	36699826	0.00
NC_092311.1	36701460	36699851	0.00
NC_092311.1	36701460	36699876	0.00
NC_092311.1	36701460	36699901	0.00
NC_092311.1	36701460	36699926	0.00
NC_092311.1	36701460	36699951	0.00
NC_092311.1	36701460	36699976	0.00
NC_092311.1	36701460	36700001	0.00
NC_092311.1	36701460	36700026	0.00
NC_092311.1	36701460	36700051	0.00
NC_092311.1	36701460	36700076	0.00
NC_092311.1	36701460	36700101	0.00
NC_092311.1	36701460	36700126	0.00
NC_092311.1	36701460	36700151	0.00
NC_092311.1	36701460	36700176	0.00
NC_092311.1	36701460	36700201	0.00
NC_092311.1	36701460	36700226	0.00
NC_092311.1	36701460	36700251	0.00
NC_092311.1	36701460	36700276	0.00
NC_092311.1	36701460	36700301	0.00
NC_092311.1	36701460	36700326	0.00
NC_092311.1	36701460	36700351	0.00
NC_092311.1	36701460	36700376	0.00
NC_092311.1	36701460	36700401	0.00
NC_092311.1	36701460	36700426	0.00
NC_092311.1	36701460	36700451	0.00
NC_092311.1	36701460	36700476	0.00
NC_092311.1	36701460	36700501	0.00
NC_092311.1	36701460	36700526	0.00
NC_092311.1	36701460	36700551	0.00
NC_092311.1	36701460	36700576	0.00
NC_092311.1	36701460	36700601	0.00
NC_092311.1	36701460	36700626	0.00
NC_092311.1	36701460	36700651	0.00
NC_092311.1	36701460	36700676	0.00
NC_092311.1	36701460	36700701	0.00
NC_092311.1	36701460	36700726	0.00
NC_092311.1	36701460	36700751	0.00
NC_092311.1	36701460	36700776	0.00
NC_092311.1	36701460	36700801	0.00
NC_092311.1	36701460	36700826	0.00
NC_092311.1	36701460	36700851	0.00
NC_092311.1	36701460	36700876	0.00
NC_092311.1	36701460	36700901	0.00
NC_092311.1	36701460	36700926	0.00
NC_092311.1	36701460	36700951	0.00
NC_092311.1	36701460	36700976	0.00
NC_092311.1	36701460	36701001	0.00
NC_092311.1	36701460	36701026	0.00
NC_092311.1	36701460	36701051	0.00
NC_092311.1	36701460	36701076	0.00
NC_092311.1	36701460	36701101	0.00
NC_092311.1	36701460	36701126	0.00
NC_092311.1	36701460	36701151	0.00
NC_092311.1	36701460	36701176	0.00
NC_092311.1	36701460	36701201	0.00
NC_092311.1	36701460	36701226	0.00
NC_092311.1	36701460	36701251	0.00
NC_092311.1	36701460	36701276	0.00
NC_092311.1	36701460	36701301	0.28
NC_092311.1	36701460	36701326	1.00
NC_092311.1	36701460	36701351	1.00
NC_092311.1	36701460	36701376	1.00
NC_092311.1	36701460	36701401	1.00
NC_092311.1	36701460	36701426	1.00
NC_092311.1	36701460	36701451	0.72
NC_092311.1	36701460	36701476	0.00
NC_092311.1	36701460	36701501	0.00
NC_092311.1	36701460	36701526	0.00
NC_092311.1	36701460	36701551	0.00
NC_092311.1	36701460	36701576	0.00
NC_092311.1	36701460	36701601	0.00
NC_092311.1	36701460	36701626	0.00
NC_092311.1	36701460	36701651	0.00
NC_092311.1	36701460	36701676	0.00
NC_092311.1	36701460	36701701	0.00
NC_092311.1	36701460	36701726	0.00
NC_092311.1	36701460	36701751	0.00
NC_092311.1	36701460	36701776	0.00
NC_092311.1	36701460	36701801	0.00
NC_092311.1	36701460	36701826	0.00
NC_092311.1	36701460	36701851	0.00
NC_092311.1	36701460	36701876	0.00
NC_092311.1	36701460	36701901	0.00
NC_092311.1	36701460	36701926	0.00
NC_092311.1	36701460	36701951	0.00
NC_092311.1	36701460	36701976	0.00
NC_092311.1	36701460	36702001	0.00
NC_092311.1	36701460	36702026	0.00
NC_092311.1	36701460	36702051	0.00
NC_092311.1	36701460	36702076	0.00
NC_092311.1	36701460	36702101	0.00
NC_092311.1	36701460	36702126	0.00
NC_092311.1	36701460	36702151	0.00
NC_092311.1	36701460	36702176	0.00
NC_092311.1	36701460	36702201	0.00
NC_092311.1	36701460	36702226	0.00
NC_092311.1	36701460	36702251	0.00
NC_092311.1	36701460	36702276	0.00
NC_092311.1	36701460	36702301	0.00
NC_092311.1	36701460	36702326	0.00
NC_092311.1	36701460	36702351	0.00
NC_092311.1	36701460	36702376	0.00
NC_092311.1	36701460	36702401	0.00
NC_092311.1	36701460	36702426	0.00
NC_092311.1	36701460	36702451	0.00
NC_092311.1	36701460	36702476	0.00
NC_092311.1	36701460	36702501	0.00
NC_092311.1	36701460	36702526	0.00
NC_092311.1	36701460	36702551	0.00
NC_092311.1	36701460	36702576	0.00
NC_092311.1	36701460	36702601	0.00
NC_092311.1	36701460	36702626	0.00
NC_092311.1	36701460	36702651	0.00
NC_092311.1	36701460	36702676	0.00
NC_092311.1	36701460	36702701	0.00
NC_092311.1	36701460	36702726	0.00
NC_092311.1	36701460	36702751	0.00
NC_092311.1	36701460	36702776	0.00
NC_092311.1	36701460	36702801	0.00
NC_092311.1	36701460	36702826	0.00
NC_092311.1	36701460	36702851	0.00
NC_092311.1	36701460	36702876	0.00
NC_092311.1	36701460	36702901	0.00
NC_092311.1	36701460	36702926	0.00
NC_092311.1	36701460	36702951	0.00
NC_092311.1	36701460	36702976	0.00
NC_092311.1	36701460	36703001	0.00
NC_092311.1	36701460	36703026	0.00
NC_092311.1	36701460	36703051	0.00
NC_092311.1	36701460	36703076	0.00
NC_092311.1	36701460	36703101	0.00
NC_092311.1	36701460	36703126	0.00
NC_092311.1	36701460	36703151	0.00
NC_092311.1	36701460	36703176	0.00
NC_092311.1	36701460	36703201	0.00
NC_092311.1	36701460	36703226	0.00
NC_092311.1	36701460	36703251	0.00
NC_092311.1	36701460	36703276	0.00
NC_092311.1	36701460	36703301	0.00
NC_092311.1	36701460	36703326	0.00
NC_092311.1	36701460	36703351	0.00
NC_092311.1	36701460	36703376	0.00
NC_092311.1	36701460	36703401	0.00
NC_092311.1	36701460	36703426	0.00
NC_092311.1	36701460	36703451	0.00
NC_092311.1	42127019	42125001	0.00
NC_092311.1	42127019	42125026	0.00
NC_092311.1	42127019	42125051	0.00
NC_092311.1	42127019	42125076	0.00
NC_092311.1	42127019	42125101	0.00
NC_092311.1	42127019	42125126	0.00
NC_092311.1	42127019	42125151	0.00
NC_092311.1	42127019	42125176	0.00
NC_092311.1	42127019	42125201	0.00
NC_092311.1	42127019	42125226	0.00
NC_092311.1	42127019	42125251	0.00
NC_092311.1	42127019	42125276	0.00
NC_092311.1	42127019	42125301	0.00
NC_092311.1	42127019	42125326	0.00
NC_092311.1	42127019	42125351	0.00
NC_092311.1	42127019	42125376	0.00
NC_092311.1	42127019	42125401	0.00
NC_092311.1	42127019	42125426	0.00
NC_092311.1	42127019	42125451	0.00
NC_092311.1	42127019	42125476	0.00
NC_092311.1	42127019	42125501	0.00
NC_092311.1	42127019	42125526	0.00
NC_092311.1	42127019	42125551	0.00
NC_092311.1	42127019	42125576	0.00
NC_092311.1	42127019	42125601	0.00
NC_092311.1	42127019	42125626	0.00
NC_092311.1	42127019	42125651	0.00
NC_092311.1	42127019	42125676	0.00
NC_092311.1	42127019	42125701	0.00
NC_092311.1	42127019	42125726	0.00
NC_092311.1	42127019	42125751	0.00
NC_092311.1	42127019	42125776	0.00
NC_092311.1	42127019	42125801	0.00
NC_092311.1	42127019	42125826	0.00
NC_092311.1	42127019	42125851	0.00
NC_092311.1	42127019	42125876	0.00
NC_092311.1	42127019	42125901	0.00
NC_092311.1	42127019	42125926	0.00
NC_092311.1	42127019	42125951	0.00
NC_092311.1	42127019	42125976	0.00
NC_092311.1	42127019	42126001	0.00
NC_092311.1	42127019	42126026	0.00
NC_092311.1	42127019	42126051	0.00
NC_092311.1	42127019	42126076	0.00
NC_092311.1	42127019	42126101	0.00
NC_092311.1	42127019	42126126	0.00
NC_092311.1	42127019	42126151	0.00
NC_092311.1	42127019	42126176	0.00
NC_092311.1	42127019	42126201	0.00
NC_092311.1	42127019	42126226	0.00
NC_092311.1	42127019	42126251	0.00
NC_092311.1	42127019	42126276	0.00
NC_092311.1	42127019	42126301	0.00
NC_092311.1	42127019	42126326	0.00
NC_092311.1	42127019	42126351	0.00
NC_092311.1	42127019	42126376	0.00
NC_092311.1	42127019	42126401	0.00
NC_092311.1	42127019	42126426	0.00
NC_092311.1	42127019	42126451	0.00
NC_092311.1	42127019	42126476	0.00
NC_092311.1	42127019	42126501	0.00
NC_092311.1	42127019	42126526	0.00
NC_092311.1	42127019	42126551	0.00
NC_092311.1	42127019	42126576	0.00
NC_092311.1	42127019	42126601	0.00
NC_092311.1	42127019	42126626	0.44
NC_092311.1	42127019	42126651	1.00
NC_092311.1	42127019	42126676	1.00
NC_092311.1	42127019	42126701	1.00
NC_092311.1	42127019	42126726	1.00
NC_092311.1	42127019	42126751	1.00
NC_092311.1	42127019	42126776	0.56
NC_092311.1	42127019	42126801	0.00
NC_092311.1	42127019	42126826	0.00
NC_092311.1	42127019	42126851	0.00
NC_092311.1	42127019	42126876	0.00
NC_092311.1	42127019	42126901	0.00
NC_092311.1	42127019	42126926	0.40
NC_092311.1	42127019	42126951	2.00
NC_092311.1	42127019	42126976	2.00
NC_092311.1	42127019	42127001	2.00
NC_092311.1	42127019	42127026	2.00
NC_092311.1	42127019	42127051	2.00
NC_092311.1	42127019	42127076	1.60
NC_092311.1	42127019	42127101	0.00
NC_092311.1	42127019	42127126	0.00
NC_092311.1	42127019	42127151	0.00
NC_092311.1	42127019	42127176	0.00
NC_092311.1	42127019	42127201	0.00
NC_092311.1	42127019	42127226	0.00
NC_092311.1	42127019	42127251	0.00
NC_092311.1	42127019	42127276	0.00
NC_092311.1	42127019	42127301	0.00
NC_092311.1	42127019	42127326	0.00
NC_092311.1	42127019	42127351	0.00
NC_092311.1	42127019	42127376	0.00
NC_092311.1	42127019	42127401	0.00
NC_092311.1	42127019	42127426	0.00
NC_092311.1	42127019	42127451	0.00
NC_092311.1	42127019	42127476	0.00
NC_092311.1	42127019	42127501	0.00
NC_092311.1	42127019	42127526	0.00
NC_092311.1	42127019	42127551	0.00
NC_092311.1	42127019	42127576	0.00
NC_092311.1	42127019	42127601	0.00
NC_092311.1	42127019	42127626	0.00
NC_092311.1	42127019	42127651	0.00
NC_092311.1	42127019	42127676	0.00
NC_092311.1	42127019	42127701	0.00
NC_092311.1	42127019	42127726	0.00
NC_092311.1	42127019	42127751	0.00
NC_092311.1	42127019	42127776	0.00
NC_092311.1	42127019	42127801	0.00
NC_092311.1	42127019	42127826	0.00
NC_092311.1	42127019	42127851	0.00
NC_092311.1	42127019	42127876	0.00
NC_092311.1	42127019	42127901	0.00
NC_092311.1	42127019	42127926	0.00
NC_092311.1	42127019	42127951	0.00
NC_092311.1	42127019	42127976	0.00
NC_092311.1	42127019	42128001	0.00
NC_092311.1	42127019	42128026	0.00
NC_092311.1	42127019	42128051	0.00
NC_092311.1	42127019	42128076	0.00
NC_092311.1	42127019	42128101	0.00
NC_092311.1	42127019	42128126	0.00
NC_092311.1	42127019	42128151	0.00
NC_092311.1	42127019	42128176	0.00
NC_092311.1	42127019	42128201	0.00
NC_092311.1	42127019	42128226	0.00
NC_092311.1	42127019	42128251	0.00
NC_092311.1	42127019	42128276	0.00
NC_092311.1	42127019	42128301	0.00
NC_092311.1	42127019	42128326	0.00
NC_092311.1	42127019	42128351	0.00
NC_092311.1	42127019	42128376	0.00
NC_092311.1	42127019	42128401	0.00
NC_092311.1	42127019	42128426	0.00
NC_092311.1	42127019	42128451	0.00
NC_092311.1	42127019	42128476	0.00
NC_092311.1	42127019	42128501	0.00
NC_092311.1	42127019	42128526	0.00
NC_092311.1	42127019	42128551	0.00
NC_092311.1	42127019	42128576	0.00
NC_092311.1	42127019	42128601	0.00
NC_092311.1	42127019	42128626	0.00
NC_092311.1	42127019	42128651	0.00
NC_092311.1	42127019	42128676	0.00
NC_092311.1	42127019	42128701	0.00
NC_092311.1	42127019	42128726	0.00
NC_092311.1	42127019	42128751	0.00
NC_092311.1	42127019	42128776	0.00
NC_092311.1	42127019	42128801	0.00
NC_092311.1	42127019	42128826	0.00
NC_092311.1	42127019	42128851	0.00
NC_092311.1	42127019	42128876	0.00
NC_092311.1	42127019	42128901	0.00
NC_092311.1	42127019	42128926	0.00
NC_092311.1	42127019	42128951	0.00
NC_092311.1	42127019	42128976	0.00
NC_092311.1	42127019	42129001	0.00
NC_092311.1	50167438	50165426	0.00
NC_092311.1	50167438	50165451	0.00
NC_092311.1	50167438	50165476	0.00
NC_092311.1	50167438	50165501	0.00
NC_092311.1	50167438	50165526	0.00
NC_092311.1	50167438	50165551	0.00
NC_092311.1	50167438	50165576	0.00
NC_092311.1	50167438	50165601	0.00
NC_092311.1	50167438	50165626	0.00
NC_092311.1	50167438	50165651	0.00
NC_092311.1	50167438	50165676	0.00
NC_092311.1	50167438	50165701	0.00
NC_092311.1	50167438	50165726	0.00
NC_092311.1	50167438	50165751	0.00
NC_092311.1	50167438	50165776	0.00
NC_092311.1	50167438	50165801	0.00
NC_092311.1	50167438	50165826	0.00
NC_092311.1	50167438	50165851	0.00
NC_092311.1	50167438	50165876	0.00
NC_092311.1	50167438	50165901	0.00
NC_092311.1	50167438	50165926	0.00
NC_092311.1	50167438	50165951	0.00
NC_092311.1	50167438	50165976	0.00
NC_092311.1	50167438	50166001	0.00
NC_092311.1	50167438	50166026	0.00
NC_092311.1	50167438	50166051	0.00
NC_092311.1	50167438	50166076	0.00
NC_092311.1	50167438	50166101	0.00
NC_092311.1	50167438	50166126	0.00
NC_092311.1	50167438	50166151	0.00
NC_092311.1	50167438	50166176	0.00
NC_092311.1	50167438	50166201	0.00
NC_092311.1	50167438	50166226	0.00
NC_092311.1	50167438	50166251	0.00
NC_092311.1	50167438	50166276	0.00
NC_092311.1	50167438	50166301	0.00
NC_092311.1	50167438	50166326	0.00
NC_092311.1	50167438	50166351	0.00
NC_092311.1	50167438	50166376	0.00
NC_092311.1	50167438	50166401	0.00
NC_092311.1	50167438	50166426	0.00
NC_092311.1	50167438	50166451	0.00
NC_092311.1	50167438	50166476	0.00
NC_092311.1	50167438	50166501	0.00
NC_092311.1	50167438	50166526	0.00
NC_092311.1	50167438	50166551	0.00
NC_092311.1	50167438	50166576	0.00
NC_092311.1	50167438	50166601	0.00
NC_092311.1	50167438	50166626	0.00
NC_092311.1	50167438	50166651	0.00
NC_092311.1	50167438	50166676	0.00
NC_092311.1	50167438	50166701	0.00
NC_092311.1	50167438	50166726	0.00
NC_092311.1	50167438	50166751	0.00
NC_092311.1	50167438	50166776	0.00
NC_092311.1	50167438	50166801	0.00
NC_092311.1	50167438	50166826	0.00
NC_092311.1	50167438	50166851	0.00
NC_092311.1	50167438	50166876	0.00
NC_092311.1	50167438	50166901	0.00
NC_092311.1	50167438	50166926	0.00
NC_092311.1	50167438	50166951	0.00
NC_092311.1	50167438	50166976	0.00
NC_092311.1	50167438	50167001	0.00
NC_092311.1	50167438	50167026	0.00
NC_092311.1	50167438	50167051	0.00
NC_092311.1	50167438	50167076	0.00
NC_092311.1	50167438	50167101	0.00
NC_092311.1	50167438	50167126	0.00
NC_092311.1	50167438	50167151	0.00
NC_092311.1	50167438	50167176	0.00
NC_092311.1	50167438	50167201	0.00
NC_092311.1	50167438	50167226	0.00
NC_092311.1	50167438	50167251	0.00
NC_092311.1	50167438	50167276	0.00
NC_092311.1	50167438	50167301	0.00
NC_092311.1	50167438	50167326	0.08
NC_092311.1	50167438	50167351	1.00
NC_092311.1	50167438	50167376	1.64
NC_092311.1	50167438	50167401	2.00
NC_092311.1	50167438	50167426	2.00
NC_092311.1	50167438	50167451	2.00
NC_092311.1	50167438	50167476	1.92
NC_092311.1	50167438	50167501	1.00
NC_092311.1	50167438	50167526	0.36
NC_092311.1	50167438	50167551	0.00
NC_092311.1	50167438	50167576	0.00
NC_092311.1	50167438	50167601	0.00
NC_092311.1	50167438	50167626	0.00
NC_092311.1	50167438	50167651	0.00
NC_092311.1	50167438	50167676	0.00
NC_092311.1	50167438	50167701	0.00
NC_092311.1	50167438	50167726	0.00
NC_092311.1	50167438	50167751	0.00
NC_092311.1	50167438	50167776	0.00
NC_092311.1	50167438	50167801	0.00
NC_092311.1	50167438	50167826	0.00
NC_092311.1	50167438	50167851	0.00
NC_092311.1	50167438	50167876	0.00
NC_092311.1	50167438	50167901	0.00
NC_092311.1	50167438	50167926	0.00
NC_092311.1	50167438	50167951	0.00
NC_092311.1	50167438	50167976	0.00
NC_092311.1	50167438	50168001	0.00
NC_092311.1	50167438	50168026	0.00
NC_092311.1	50167438	50168051	0.00
NC_092311.1	50167438	50168076	0.00
NC_092311.1	50167438	50168101	0.00
NC_092311.1	50167438	50168126	0.00
NC_092311.1	50167438	50168151	0.00
NC_092311.1	50167438	50168176	0.00
NC_092311.1	50167438	50168201	0.00
NC_092311.1	50167438	50168226	0.00
NC_092311.1	50167438	50168251	0.00
NC_092311.1	50167438	50168276	0.00
NC_092311.1	50167438	50168301	0.00
NC_092311.1	50167438	50168326	0.00
NC_092311.1	50167438	50168351	0.00
NC_092311.1	50167438	50168376	0.00
NC_092311.1	50167438	50168401	0.00
NC_092311.1	50167438	50168426	0.00
NC_092311.1	50167438	50168451	0.00
NC_092311.1	50167438	50168476	0.00
NC_092311.1	50167438	50168501	0.00
NC_092311.1	50167438	50168526	0.00
NC_092311.1	50167438	50168551	0.00
NC_092311.1	50167438	50168576	0.00
NC_092311.1	50167438	50168601	0.00
NC_092311.1	50167438	50168626	0.00
NC_092311.1	50167438	50168651	0.00
NC_092311.1	50167438	50168676	0.00
NC_092311.1	50167438	50168701	0.00
NC_092311.1	50167438	50168726	0.00
NC_092311.1	50167438	50168751	0.00
NC_092311.1	50167438	50168776	0.00
NC_092311.1	50167438	50168801	0.00
NC_092311.1	50167438	50168826	0.00
NC_092311.1	50167438	50168851	0.00
NC_092311.1	50167438	50168876	0.00
NC_092311.1	50167438	50168901	0.00
NC_092311.1	50167438	50168926	0.00
NC_092311.1	50167438	50168951	0.00
NC_092311.1	50167438	50168976	0.00
NC_092311.1	50167438	50169001	0.00
NC_092311.1	50167438	50169026	0.00
NC_092311.1	50167438	50169051	0.00
NC_092311.1	50167438	50169076	0.00
NC_092311.1	50167438	50169101	0.00
NC_092311.1	50167438	50169126	0.00
NC_092311.1	50167438	50169151	0.00
NC_092311.1	50167438	50169176	0.00
NC_092311.1	50167438	50169201	0.00
NC_092311.1	50167438	50169226	0.00
NC_092311.1	50167438	50169251	0.00
NC_092311.1	50167438	50169276	0.00
NC_092311.1	50167438	50169301	0.00
NC_092311.1	50167438	50169326	0.00
NC_092311.1	50167438	50169351	0.00
NC_092311.1	50167438	50169376	0.00
NC_092311.1	50167438	50169401	0.00
NC_092311.1	50167438	50169426	0.00
NC_092311.1	51580615	51578601	0.00
NC_092311.1	51580615	51578626	0.00
NC_092311.1	51580615	51578651	0.00
NC_092311.1	51580615	51578676	0.00
NC_092311.1	51580615	51578701	0.00
NC_092311.1	51580615	51578726	0.00
NC_092311.1	51580615	51578751	0.00
NC_092311.1	51580615	51578776	0.00
NC_092311.1	51580615	51578801	0.00
NC_092311.1	51580615	51578826	0.00
NC_092311.1	51580615	51578851	0.00
NC_092311.1	51580615	51578876	0.00
NC_092311.1	51580615	51578901	0.00
NC_092311.1	51580615	51578926	0.00
NC_092311.1	51580615	51578951	0.00
NC_092311.1	51580615	51578976	0.00
NC_092311.1	51580615	51579001	0.00
NC_092311.1	51580615	51579026	0.00
NC_092311.1	51580615	51579051	0.00
NC_092311.1	51580615	51579076	0.00
NC_092311.1	51580615	51579101	0.00
NC_092311.1	51580615	51579126	0.00
NC_092311.1	51580615	51579151	0.00
NC_092311.1	51580615	51579176	0.00
NC_092311.1	51580615	51579201	0.00
NC_092311.1	51580615	51579226	0.00
NC_092311.1	51580615	51579251	0.00
NC_092311.1	51580615	51579276	0.00
NC_092311.1	51580615	51579301	0.00
NC_092311.1	51580615	51579326	0.00
NC_092311.1	51580615	51579351	0.00
NC_092311.1	51580615	51579376	0.00
NC_092311.1	51580615	51579401	0.00
NC_092311.1	51580615	51579426	0.00
NC_092311.1	51580615	51579451	0.00
NC_092311.1	51580615	51579476	0.00
NC_092311.1	51580615	51579501	0.00
NC_092311.1	51580615	51579526	0.00
NC_092311.1	51580615	51579551	0.00
NC_092311.1	51580615	51579576	0.00
NC_092311.1	51580615	51579601	0.00
NC_092311.1	51580615	51579626	0.00
NC_092311.1	51580615	51579651	0.00
NC_092311.1	51580615	51579676	0.00
NC_092311.1	51580615	51579701	0.00
NC_092311.1	51580615	51579726	0.00
NC_092311.1	51580615	51579751	0.00
NC_092311.1	51580615	51579776	0.00
NC_092311.1	51580615	51579801	0.00
NC_092311.1	51580615	51579826	0.00
NC_092311.1	51580615	51579851	0.00
NC_092311.1	51580615	51579876	0.00
NC_092311.1	51580615	51579901	0.00
NC_092311.1	51580615	51579926	0.00
NC_092311.1	51580615	51579951	0.00
NC_092311.1	51580615	51579976	0.00
NC_092311.1	51580615	51580001	0.00
NC_092311.1	51580615	51580026	0.00
NC_092311.1	51580615	51580051	0.00
NC_092311.1	51580615	51580076	0.00
NC_092311.1	51580615	51580101	0.00
NC_092311.1	51580615	51580126	0.00
NC_092311.1	51580615	51580151	0.00
NC_092311.1	51580615	51580176	0.00
NC_092311.1	51580615	51580201	0.00
NC_092311.1	51580615	51580226	0.00
NC_092311.1	51580615	51580251	0.00
NC_092311.1	51580615	51580276	0.00
NC_092311.1	51580615	51580301	0.00
NC_092311.1	51580615	51580326	0.00
NC_092311.1	51580615	51580351	0.00
NC_092311.1	51580615	51580376	0.00
NC_092311.1	51580615	51580401	0.64
NC_092311.1	51580615	51580426	1.00
NC_092311.1	51580615	51580451	1.00
NC_092311.1	51580615	51580476	1.96
NC_092311.1	51580615	51580501	2.00
NC_092311.1	51580615	51580526	2.00
NC_092311.1	51580615	51580551	1.36
NC_092311.1	51580615	51580576	1.00
NC_092311.1	51580615	51580601	1.00
NC_092311.1	51580615	51580626	0.04
NC_092311.1	51580615	51580651	0.00
NC_092311.1	51580615	51580676	0.00
NC_092311.1	51580615	51580701	0.00
NC_092311.1	51580615	51580726	0.00
NC_092311.1	51580615	51580751	0.00
NC_092311.1	51580615	51580776	0.00
NC_092311.1	51580615	51580801	0.00
NC_092311.1	51580615	51580826	0.00
NC_092311.1	51580615	51580851	0.00
NC_092311.1	51580615	51580876	0.00
NC_092311.1	51580615	51580901	0.00
NC_092311.1	51580615	51580926	0.00
NC_092311.1	51580615	51580951	0.00
NC_092311.1	51580615	51580976	0.00
NC_092311.1	51580615	51581001	0.00
NC_092311.1	51580615	51581026	0.00
NC_092311.1	51580615	51581051	0.00
NC_092311.1	51580615	51581076	0.00
NC_092311.1	51580615	51581101	0.00
NC_092311.1	51580615	51581126	0.00
NC_092311.1	51580615	51581151	0.00
NC_092311.1	51580615	51581176	0.00
NC_092311.1	51580615	51581201	0.00
NC_092311.1	51580615	51581226	0.00
NC_092311.1	51580615	51581251	0.00
NC_092311.1	51580615	51581276	0.00
NC_092311.1	51580615	51581301	0.00
NC_092311.1	51580615	51581326	0.00
NC_092311.1	51580615	51581351	0.00
NC_092311.1	51580615	51581376	0.00
NC_092311.1	51580615	51581401	0.00
NC_092311.1	51580615	51581426	0.00
NC_092311.1	51580615	51581451	0.00
NC_092311.1	51580615	51581476	0.00
NC_092311.1	51580615	51581501	0.00
NC_092311.1	51580615	51581526	0.00
NC_092311.1	51580615	51581551	0.00
NC_092311.1	51580615	51581576	0.00
NC_092311.1	51580615	51581601	0.00
NC_092311.1	51580615	51581626	0.00
NC_092311.1	51580615	51581651	0.00
NC_092311.1	51580615	51581676	0.00
NC_092311.1	51580615	51581701	0.00
NC_092311.1	51580615	51581726	0.00
NC_092311.1	51580615	51581751	0.00
NC_092311.1	51580615	51581776	0.00
NC_092311.1	51580615	51581801	0.00
NC_092311.1	51580615	51581826	0.00
NC_092311.1	51580615	51581851	0.00
NC_092311.1	51580615	51581876	0.00
NC_092311.1	51580615	51581901	0.00
NC_092311.1	51580615	51581926	0.00
NC_092311.1	51580615	51581951	0.00
NC_092311.1	51580615	51581976	0.00
NC_092311.1	51580615	51582001	0.00
NC_092311.1	51580615	51582026	0.00
NC_092311.1	51580615	51582051	0.00
NC_092311.1	51580615	51582076	0.00
NC_092311.1	51580615	51582101	0.00
NC_092311.1	51580615	51582126	0.00
NC_092311.1	51580615	51582151	0.00
NC_092311.1	51580615	51582176	0.00
NC_092311.1	51580615	51582201	0.00
NC_092311.1	51580615	51582226	0.00
NC_092311.1	51580615	51582251	0.00
NC_092311.1	51580615	51582276	0.00
NC_092311.1	51580615	51582301	0.00
NC_092311.1	51580615	51582326	0.00
NC_092311.1	51580615	51582351	0.00
NC_092311.1	51580615	51582376	0.00
NC_092311.1	51580615	51582401	0.00
NC_092311.1	51580615	51582426	0.00
NC_092311.1	51580615	51582451	0.00
NC_092311.1	51580615	51582476	0.00
NC_092311.1	51580615	51582501	0.00
NC_092311.1	51580615	51582526	0.00
NC_092311.1	51580615	51582551	0.00
NC_092311.1	51580615	51582576	0.00
NC_092311.1	51580615	51582601	0.00
NC_092312.1	8214574	8212551	0.00
NC_092312.1	8214574	8212576	0.00
NC_092312.1	8214574	8212601	0.00
NC_092312.1	8214574	8212626	0.00
NC_092312.1	8214574	8212651	0.00
NC_092312.1	8214574	8212676	0.00
NC_092312.1	8214574	8212701	0.00
NC_092312.1	8214574	8212726	0.00
NC_092312.1	8214574	8212751	0.00
NC_092312.1	8214574	8212776	0.00
NC_092312.1	8214574	8212801	0.00
NC_092312.1	8214574	8212826	0.00
NC_092312.1	8214574	8212851	0.00
NC_092312.1	8214574	8212876	0.00
NC_092312.1	8214574	8212901	0.00
NC_092312.1	8214574	8212926	0.00
NC_092312.1	8214574	8212951	0.00
NC_092312.1	8214574	8212976	0.00
NC_092312.1	8214574	8213001	0.00
NC_092312.1	8214574	8213026	0.00
NC_092312.1	8214574	8213051	0.00
NC_092312.1	8214574	8213076	0.00
NC_092312.1	8214574	8213101	0.00
NC_092312.1	8214574	8213126	0.00
NC_092312.1	8214574	8213151	0.00
NC_092312.1	8214574	8213176	0.00
NC_092312.1	8214574	8213201	0.00
NC_092312.1	8214574	8213226	0.00
NC_092312.1	8214574	8213251	0.00
NC_092312.1	8214574	8213276	0.00
NC_092312.1	8214574	8213301	0.00
NC_092312.1	8214574	8213326	0.00
NC_092312.1	8214574	8213351	0.00
NC_092312.1	8214574	8213376	0.00
NC_092312.1	8214574	8213401	0.00
NC_092312.1	8214574	8213426	0.00
NC_092312.1	8214574	8213451	0.00
NC_092312.1	8214574	8213476	0.00
NC_092312.1	8214574	8213501	0.00
NC_092312.1	8214574	8213526	0.00
NC_092312.1	8214574	8213551	0.00
NC_092312.1	8214574	8213576	0.00
NC_092312.1	8214574	8213601	0.00
NC_092312.1	8214574	8213626	0.00
NC_092312.1	8214574	8213651	0.00
NC_092312.1	8214574	8213676	0.00
NC_092312.1	8214574	8213701	0.00
NC_092312.1	8214574	8213726	0.00
NC_092312.1	8214574	8213751	0.00
NC_092312.1	8214574	8213776	0.00
NC_092312.1	8214574	8213801	0.00
NC_092312.1	8214574	8213826	0.00
NC_092312.1	8214574	8213851	0.00
NC_092312.1	8214574	8213876	0.00
NC_092312.1	8214574	8213901	0.00
NC_092312.1	8214574	8213926	0.00
NC_092312.1	8214574	8213951	0.00
NC_092312.1	8214574	8213976	0.00
NC_092312.1	8214574	8214001	0.00
NC_092312.1	8214574	8214026	0.00
NC_092312.1	8214574	8214051	0.00
NC_092312.1	8214574	8214076	0.00
NC_092312.1	8214574	8214101	0.00
NC_092312.1	8214574	8214126	0.00
NC_092312.1	8214574	8214151	0.00
NC_092312.1	8214574	8214176	0.00
NC_092312.1	8214574	8214201	0.00
NC_092312.1	8214574	8214226	0.00
NC_092312.1	8214574	8214251	0.00
NC_092312.1	8214574	8214276	0.00
NC_092312.1	8214574	8214301	0.00
NC_092312.1	8214574	8214326	0.00
NC_092312.1	8214574	8214351	0.00
NC_092312.1	8214574	8214376	0.00
NC_092312.1	8214574	8214401	0.00
NC_092312.1	8214574	8214426	0.00
NC_092312.1	8214574	8214451	0.00
NC_092312.1	8214574	8214476	0.00
NC_092312.1	8214574	8214501	0.40
NC_092312.1	8214574	8214526	1.00
NC_092312.1	8214574	8214551	1.00
NC_092312.1	8214574	8214576	1.00
NC_092312.1	8214574	8214601	1.00
NC_092312.1	8214574	8214626	2.52
NC_092312.1	8214574	8214651	2.60
NC_092312.1	8214574	8214676	2.00
NC_092312.1	8214574	8214701	2.00
NC_092312.1	8214574	8214726	2.00
NC_092312.1	8214574	8214751	2.00
NC_092312.1	8214574	8214776	0.48
NC_092312.1	8214574	8214801	0.00
NC_092312.1	8214574	8214826	0.00
NC_092312.1	8214574	8214851	0.00
NC_092312.1	8214574	8214876	0.00
NC_092312.1	8214574	8214901	0.00
NC_092312.1	8214574	8214926	0.00
NC_092312.1	8214574	8214951	0.00
NC_092312.1	8214574	8214976	0.00
NC_092312.1	8214574	8215001	0.00
NC_092312.1	8214574	8215026	0.00
NC_092312.1	8214574	8215051	0.00
NC_092312.1	8214574	8215076	0.00
NC_092312.1	8214574	8215101	0.00
NC_092312.1	8214574	8215126	0.00
NC_092312.1	8214574	8215151	0.00
NC_092312.1	8214574	8215176	0.00
NC_092312.1	8214574	8215201	0.00
NC_092312.1	8214574	8215226	0.00
NC_092312.1	8214574	8215251	0.00
NC_092312.1	8214574	8215276	0.00
NC_092312.1	8214574	8215301	0.00
NC_092312.1	8214574	8215326	0.00
NC_092312.1	8214574	8215351	0.00
NC_092312.1	8214574	8215376	0.00
NC_092312.1	8214574	8215401	0.00
NC_092312.1	8214574	8215426	0.00
NC_092312.1	8214574	8215451	0.00
NC_092312.1	8214574	8215476	0.00
NC_092312.1	8214574	8215501	0.00
NC_092312.1	8214574	8215526	0.00
NC_092312.1	8214574	8215551	0.00
NC_092312.1	8214574	8215576	0.00
NC_092312.1	8214574	8215601	0.00
NC_092312.1	8214574	8215626	0.00
NC_092312.1	8214574	8215651	0.00
NC_092312.1	8214574	8215676	0.00
NC_092312.1	8214574	8215701	0.00
NC_092312.1	8214574	8215726	0.00
NC_092312.1	8214574	8215751	0.00
NC_092312.1	8214574	8215776	0.00
NC_092312.1	8214574	8215801	0.00
NC_092312.1	8214574	8215826	0.00
NC_092312.1	8214574	8215851	0.00
NC_092312.1	8214574	8215876	0.00
NC_092312.1	8214574	8215901	0.00
NC_092312.1	8214574	8215926	0.00
NC_092312.1	8214574	8215951	0.00
NC_092312.1	8214574	8215976	0.00
NC_092312.1	8214574	8216001	0.00
NC_092312.1	8214574	8216026	0.00
NC_092312.1	8214574	8216051	0.00
NC_092312.1	8214574	8216076	0.00
NC_092312.1	8214574	8216101	0.00
NC_092312.1	8214574	8216126	0.00
NC_092312.1	8214574	8216151	0.00
NC_092312.1	8214574	8216176	0.00
NC_092312.1	8214574	8216201	0.00
NC_092312.1	8214574	8216226	0.00
NC_092312.1	8214574	8216251	0.00
NC_092312.1	8214574	8216276	0.00
NC_092312.1	8214574	8216301	0.00
NC_092312.1	8214574	8216326	0.00
NC_092312.1	8214574	8216351	0.00
NC_092312.1	8214574	8216376	0.00
NC_092312.1	8214574	8216401	0.00
NC_092312.1	8214574	8216426	0.00
NC_092312.1	8214574	8216451	0.00
NC_092312.1	8214574	8216476	0.00
NC_092312.1	8214574	8216501	0.00
NC_092312.1	8214574	8216526	0.00
NC_092312.1	8214574	8216551	0.00
NC_092312.1	37752425	37750401	0.00
NC_092312.1	37752425	37750426	0.00
NC_092312.1	37752425	37750451	0.00
NC_092312.1	37752425	37750476	0.00
NC_092312.1	37752425	37750501	0.00
NC_092312.1	37752425	37750526	0.00
NC_092312.1	37752425	37750551	0.00
NC_092312.1	37752425	37750576	0.00
NC_092312.1	37752425	37750601	0.00
NC_092312.1	37752425	37750626	0.00
NC_092312.1	37752425	37750651	0.00
NC_092312.1	37752425	37750676	0.00
NC_092312.1	37752425	37750701	0.00
NC_092312.1	37752425	37750726	0.00
NC_092312.1	37752425	37750751	0.00
NC_092312.1	37752425	37750776	0.00
NC_092312.1	37752425	37750801	0.00
NC_092312.1	37752425	37750826	0.00
NC_092312.1	37752425	37750851	0.00
NC_092312.1	37752425	37750876	0.00
NC_092312.1	37752425	37750901	0.00
NC_092312.1	37752425	37750926	0.00
NC_092312.1	37752425	37750951	0.00
NC_092312.1	37752425	37750976	0.00
NC_092312.1	37752425	37751001	0.00
NC_092312.1	37752425	37751026	0.00
NC_092312.1	37752425	37751051	0.00
NC_092312.1	37752425	37751076	0.00
NC_092312.1	37752425	37751101	0.00
NC_092312.1	37752425	37751126	0.00
NC_092312.1	37752425	37751151	0.00
NC_092312.1	37752425	37751176	0.00
NC_092312.1	37752425	37751201	0.00
NC_092312.1	37752425	37751226	0.00
NC_092312.1	37752425	37751251	0.00
NC_092312.1	37752425	37751276	0.00
NC_092312.1	37752425	37751301	0.00
NC_092312.1	37752425	37751326	0.00
NC_092312.1	37752425	37751351	0.00
NC_092312.1	37752425	37751376	0.00
NC_092312.1	37752425	37751401	0.00
NC_092312.1	37752425	37751426	0.00
NC_092312.1	37752425	37751451	0.00
NC_092312.1	37752425	37751476	0.00
NC_092312.1	37752425	37751501	0.00
NC_092312.1	37752425	37751526	0.00
NC_092312.1	37752425	37751551	0.00
NC_092312.1	37752425	37751576	0.00
NC_092312.1	37752425	37751601	0.00
NC_092312.1	37752425	37751626	0.00
NC_092312.1	37752425	37751651	0.00
NC_092312.1	37752425	37751676	0.00
NC_092312.1	37752425	37751701	0.00
NC_092312.1	37752425	37751726	0.00
NC_092312.1	37752425	37751751	0.00
NC_092312.1	37752425	37751776	0.00
NC_092312.1	37752425	37751801	0.00
NC_092312.1	37752425	37751826	0.00
NC_092312.1	37752425	37751851	0.00
NC_092312.1	37752425	37751876	0.00
NC_092312.1	37752425	37751901	0.00
NC_092312.1	37752425	37751926	0.00
NC_092312.1	37752425	37751951	0.00
NC_092312.1	37752425	37751976	0.00
NC_092312.1	37752425	37752001	0.00
NC_092312.1	37752425	37752026	0.00
NC_092312.1	37752425	37752051	0.00
NC_092312.1	37752425	37752076	0.00
NC_092312.1	37752425	37752101	0.00
NC_092312.1	37752425	37752126	0.52
NC_092312.1	37752425	37752151	1.00
NC_092312.1	37752425	37752176	1.00
NC_092312.1	37752425	37752201	1.00
NC_092312.1	37752425	37752226	1.00
NC_092312.1	37752425	37752251	1.00
NC_092312.1	37752425	37752276	0.48
NC_092312.1	37752425	37752301	0.00
NC_092312.1	37752425	37752326	0.00
NC_092312.1	37752425	37752351	0.00
NC_092312.1	37752425	37752376	0.16
NC_092312.1	37752425	37752401	1.00
NC_092312.1	37752425	37752426	1.00
NC_092312.1	37752425	37752451	1.00
NC_092312.1	37752425	37752476	1.00
NC_092312.1	37752425	37752501	1.00
NC_092312.1	37752425	37752526	0.84
NC_092312.1	37752425	37752551	0.00
NC_092312.1	37752425	37752576	0.00
NC_092312.1	37752425	37752601	0.00
NC_092312.1	37752425	37752626	0.00
NC_092312.1	37752425	37752651	0.00
NC_092312.1	37752425	37752676	0.00
NC_092312.1	37752425	37752701	0.00
NC_092312.1	37752425	37752726	0.00
NC_092312.1	37752425	37752751	0.00
NC_092312.1	37752425	37752776	0.00
NC_092312.1	37752425	37752801	0.00
NC_092312.1	37752425	37752826	0.00
NC_092312.1	37752425	37752851	0.00
NC_092312.1	37752425	37752876	0.00
NC_092312.1	37752425	37752901	0.00
NC_092312.1	37752425	37752926	0.00
NC_092312.1	37752425	37752951	0.00
NC_092312.1	37752425	37752976	0.00
NC_092312.1	37752425	37753001	0.00
NC_092312.1	37752425	37753026	0.00
NC_092312.1	37752425	37753051	0.00
NC_092312.1	37752425	37753076	0.00
NC_092312.1	37752425	37753101	0.00
NC_092312.1	37752425	37753126	0.00
NC_092312.1	37752425	37753151	0.00
NC_092312.1	37752425	37753176	0.00
NC_092312.1	37752425	37753201	0.00
NC_092312.1	37752425	37753226	0.00
NC_092312.1	37752425	37753251	0.00
NC_092312.1	37752425	37753276	0.00
NC_092312.1	37752425	37753301	0.00
NC_092312.1	37752425	37753326	0.00
NC_092312.1	37752425	37753351	0.00
NC_092312.1	37752425	37753376	0.00
NC_092312.1	37752425	37753401	0.00
NC_092312.1	37752425	37753426	0.00
NC_092312.1	37752425	37753451	0.00
NC_092312.1	37752425	37753476	0.00
NC_092312.1	37752425	37753501	0.00
NC_092312.1	37752425	37753526	0.00
NC_092312.1	37752425	37753551	0.00
NC_092312.1	37752425	37753576	0.00
NC_092312.1	37752425	37753601	0.00
NC_092312.1	37752425	37753626	0.00
NC_092312.1	37752425	37753651	0.00
NC_092312.1	37752425	37753676	0.00
NC_092312.1	37752425	37753701	0.00
NC_092312.1	37752425	37753726	0.00
NC_092312.1	37752425	37753751	0.00
NC_092312.1	37752425	37753776	0.00
NC_092312.1	37752425	37753801	0.00
NC_092312.1	37752425	37753826	0.00
NC_092312.1	37752425	37753851	0.00
NC_092312.1	37752425	37753876	0.00
NC_092312.1	37752425	37753901	0.00
NC_092312.1	37752425	37753926	0.00
NC_092312.1	37752425	37753951	0.00
NC_092312.1	37752425	37753976	0.00
NC_092312.1	37752425	37754001	0.00
NC_092312.1	37752425	37754026	0.00
NC_092312.1	37752425	37754051	0.00
NC_092312.1	37752425	37754076	0.00
NC_092312.1	37752425	37754101	0.00
NC_092312.1	37752425	37754126	0.00
NC_092312.1	37752425	37754151	0.00
NC_092312.1	37752425	37754176	0.00
NC_092312.1	37752425	37754201	0.00
NC_092312.1	37752425	37754226	0.00
NC_092312.1	37752425	37754251	0.00
NC_092312.1	37752425	37754276	0.00
NC_092312.1	37752425	37754301	0.00
NC_092312.1	37752425	37754326	0.00
NC_092312.1	37752425	37754351	0.00
NC_092312.1	37752425	37754376	0.00
NC_092312.1	37752425	37754401	0.00
NC_092312.1	45925482	45923476	0.00
NC_092312.1	45925482	45923501	0.00
NC_092312.1	45925482	45923526	0.00
NC_092312.1	45925482	45923551	0.00
NC_092312.1	45925482	45923576	0.00
NC_092312.1	45925482	45923601	0.00
NC_092312.1	45925482	45923626	0.00
NC_092312.1	45925482	45923651	0.00
NC_092312.1	45925482	45923676	0.00
NC_092312.1	45925482	45923701	0.00
NC_092312.1	45925482	45923726	0.00
NC_092312.1	45925482	45923751	0.00
NC_092312.1	45925482	45923776	0.00
NC_092312.1	45925482	45923801	0.00
NC_092312.1	45925482	45923826	0.00
NC_092312.1	45925482	45923851	0.00
NC_092312.1	45925482	45923876	0.00
NC_092312.1	45925482	45923901	0.00
NC_092312.1	45925482	45923926	0.00
NC_092312.1	45925482	45923951	0.00
NC_092312.1	45925482	45923976	0.00
NC_092312.1	45925482	45924001	0.00
NC_092312.1	45925482	45924026	0.00
NC_092312.1	45925482	45924051	0.00
NC_092312.1	45925482	45924076	0.00
NC_092312.1	45925482	45924101	0.00
NC_092312.1	45925482	45924126	0.00
NC_092312.1	45925482	45924151	0.00
NC_092312.1	45925482	45924176	0.00
NC_092312.1	45925482	45924201	0.00
NC_092312.1	45925482	45924226	0.00
NC_092312.1	45925482	45924251	0.00
NC_092312.1	45925482	45924276	0.00
NC_092312.1	45925482	45924301	0.00
NC_092312.1	45925482	45924326	0.00
NC_092312.1	45925482	45924351	0.00
NC_092312.1	45925482	45924376	0.00
NC_092312.1	45925482	45924401	0.00
NC_092312.1	45925482	45924426	0.00
NC_092312.1	45925482	45924451	0.00
NC_092312.1	45925482	45924476	0.00
NC_092312.1	45925482	45924501	0.00
NC_092312.1	45925482	45924526	0.00
NC_092312.1	45925482	45924551	0.00
NC_092312.1	45925482	45924576	0.00
NC_092312.1	45925482	45924601	0.00
NC_092312.1	45925482	45924626	0.00
NC_092312.1	45925482	45924651	0.00
NC_092312.1	45925482	45924676	0.00
NC_092312.1	45925482	45924701	0.00
NC_092312.1	45925482	45924726	0.00
NC_092312.1	45925482	45924751	0.00
NC_092312.1	45925482	45924776	0.00
NC_092312.1	45925482	45924801	0.00
NC_092312.1	45925482	45924826	0.00
NC_092312.1	45925482	45924851	0.00
NC_092312.1	45925482	45924876	0.00
NC_092312.1	45925482	45924901	0.00
NC_092312.1	45925482	45924926	0.00
NC_092312.1	45925482	45924951	0.00
NC_092312.1	45925482	45924976	0.00
NC_092312.1	45925482	45925001	0.00
NC_092312.1	45925482	45925026	0.00
NC_092312.1	45925482	45925051	0.00
NC_092312.1	45925482	45925076	0.00
NC_092312.1	45925482	45925101	0.00
NC_092312.1	45925482	45925126	0.00
NC_092312.1	45925482	45925151	0.00
NC_092312.1	45925482	45925176	0.00
NC_092312.1	45925482	45925201	0.00
NC_092312.1	45925482	45925226	0.00
NC_092312.1	45925482	45925251	0.00
NC_092312.1	45925482	45925276	0.00
NC_092312.1	45925482	45925301	0.12
NC_092312.1	45925482	45925326	1.00
NC_092312.1	45925482	45925351	1.00
NC_092312.1	45925482	45925376	1.00
NC_092312.1	45925482	45925401	1.00
NC_092312.1	45925482	45925426	1.64
NC_092312.1	45925482	45925451	1.88
NC_092312.1	45925482	45925476	1.00
NC_092312.1	45925482	45925501	1.00
NC_092312.1	45925482	45925526	1.00
NC_092312.1	45925482	45925551	1.00
NC_092312.1	45925482	45925576	0.36
NC_092312.1	45925482	45925601	0.00
NC_092312.1	45925482	45925626	0.00
NC_092312.1	45925482	45925651	0.00
NC_092312.1	45925482	45925676	0.00
NC_092312.1	45925482	45925701	0.00
NC_092312.1	45925482	45925726	0.00
NC_092312.1	45925482	45925751	0.00
NC_092312.1	45925482	45925776	0.00
NC_092312.1	45925482	45925801	0.00
NC_092312.1	45925482	45925826	0.00
NC_092312.1	45925482	45925851	0.00
NC_092312.1	45925482	45925876	0.00
NC_092312.1	45925482	45925901	0.00
NC_092312.1	45925482	45925926	0.00
NC_092312.1	45925482	45925951	0.00
NC_092312.1	45925482	45925976	0.00
NC_092312.1	45925482	45926001	0.00
NC_092312.1	45925482	45926026	0.00
NC_092312.1	45925482	45926051	0.00
NC_092312.1	45925482	45926076	0.00
NC_092312.1	45925482	45926101	0.00
NC_092312.1	45925482	45926126	0.00
NC_092312.1	45925482	45926151	0.00
NC_092312.1	45925482	45926176	0.00
NC_092312.1	45925482	45926201	0.00
NC_092312.1	45925482	45926226	0.00
NC_092312.1	45925482	45926251	0.00
NC_092312.1	45925482	45926276	0.00
NC_092312.1	45925482	45926301	0.00
NC_092312.1	45925482	45926326	0.00
NC_092312.1	45925482	45926351	0.00
NC_092312.1	45925482	45926376	0.00
NC_092312.1	45925482	45926401	0.00
NC_092312.1	45925482	45926426	0.00
NC_092312.1	45925482	45926451	0.00
NC_092312.1	45925482	45926476	0.00
NC_092312.1	45925482	45926501	0.00
NC_092312.1	45925482	45926526	0.00
NC_092312.1	45925482	45926551	0.00
NC_092312.1	45925482	45926576	0.00
NC_092312.1	45925482	45926601	0.00
NC_092312.1	45925482	45926626	0.00
NC_092312.1	45925482	45926651	0.00
NC_092312.1	45925482	45926676	0.00
NC_092312.1	45925482	45926701	0.00
NC_092312.1	45925482	45926726	0.00
NC_092312.1	45925482	45926751	0.00
NC_092312.1	45925482	45926776	0.00
NC_092312.1	45925482	45926801	0.00
NC_092312.1	45925482	45926826	0.00
NC_092312.1	45925482	45926851	0.00
NC_092312.1	45925482	45926876	0.00
NC_092312.1	45925482	45926901	0.00
NC_092312.1	45925482	45926926	0.00
NC_092312.1	45925482	45926951	0.00
NC_092312.1	45925482	45926976	0.00
NC_092312.1	45925482	45927001	0.00
NC_092312.1	45925482	45927026	0.00
NC_092312.1	45925482	45927051	0.00
NC_092312.1	45925482	45927076	0.00
NC_092312.1	45925482	45927101	0.00
NC_092312.1	45925482	45927126	0.00
NC_092312.1	45925482	45927151	0.00
NC_092312.1	45925482	45927176	0.00
NC_092312.1	45925482	45927201	0.00
NC_092312.1	45925482	45927226	0.00
NC_092312.1	45925482	45927251	0.00
NC_092312.1	45925482	45927276	0.00
NC_092312.1	45925482	45927301	0.00
NC_092312.1	45925482	45927326	0.00
NC_092312.1	45925482	45927351	0.00
NC_092312.1	45925482	45927376	0.00
NC_092312.1	45925482	45927401	0.00
NC_092312.1	45925482	45927426	0.00
NC_092312.1	45925482	45927451	0.00
NC_092312.1	45925482	45927476	0.00
NC_092312.1	67577112	67575101	0.00
NC_092312.1	67577112	67575126	0.00
NC_092312.1	67577112	67575151	0.00
NC_092312.1	67577112	67575176	0.00
NC_092312.1	67577112	67575201	0.00
NC_092312.1	67577112	67575226	0.00
NC_092312.1	67577112	67575251	0.00
NC_092312.1	67577112	67575276	0.00
NC_092312.1	67577112	67575301	0.00
NC_092312.1	67577112	67575326	0.00
NC_092312.1	67577112	67575351	0.00
NC_092312.1	67577112	67575376	0.00
NC_092312.1	67577112	67575401	0.00
NC_092312.1	67577112	67575426	0.00
NC_092312.1	67577112	67575451	0.00
NC_092312.1	67577112	67575476	0.00
NC_092312.1	67577112	67575501	0.00
NC_092312.1	67577112	67575526	0.00
NC_092312.1	67577112	67575551	0.00
NC_092312.1	67577112	67575576	0.00
NC_092312.1	67577112	67575601	0.00
NC_092312.1	67577112	67575626	0.00
NC_092312.1	67577112	67575651	0.00
NC_092312.1	67577112	67575676	0.00
NC_092312.1	67577112	67575701	0.00
NC_092312.1	67577112	67575726	0.00
NC_092312.1	67577112	67575751	0.00
NC_092312.1	67577112	67575776	0.00
NC_092312.1	67577112	67575801	0.00
NC_092312.1	67577112	67575826	0.00
NC_092312.1	67577112	67575851	0.00
NC_092312.1	67577112	67575876	0.00
NC_092312.1	67577112	67575901	0.00
NC_092312.1	67577112	67575926	0.00
NC_092312.1	67577112	67575951	0.00
NC_092312.1	67577112	67575976	0.00
NC_092312.1	67577112	67576001	0.00
NC_092312.1	67577112	67576026	0.00
NC_092312.1	67577112	67576051	0.00
NC_092312.1	67577112	67576076	0.00
NC_092312.1	67577112	67576101	0.00
NC_092312.1	67577112	67576126	0.00
NC_092312.1	67577112	67576151	0.00
NC_092312.1	67577112	67576176	0.00
NC_092312.1	67577112	67576201	0.00
NC_092312.1	67577112	67576226	0.00
NC_092312.1	67577112	67576251	0.00
NC_092312.1	67577112	67576276	0.00
NC_092312.1	67577112	67576301	0.00
NC_092312.1	67577112	67576326	0.00
NC_092312.1	67577112	67576351	0.00
NC_092312.1	67577112	67576376	0.00
NC_092312.1	67577112	67576401	0.00
NC_092312.1	67577112	67576426	0.00
NC_092312.1	67577112	67576451	0.00
NC_092312.1	67577112	67576476	0.00
NC_092312.1	67577112	67576501	0.00
NC_092312.1	67577112	67576526	0.00
NC_092312.1	67577112	67576551	0.00
NC_092312.1	67577112	67576576	0.00
NC_092312.1	67577112	67576601	0.00
NC_092312.1	67577112	67576626	0.00
NC_092312.1	67577112	67576651	0.00
NC_092312.1	67577112	67576676	0.00
NC_092312.1	67577112	67576701	0.00
NC_092312.1	67577112	67576726	0.00
NC_092312.1	67577112	67576751	0.00
NC_092312.1	67577112	67576776	0.00
NC_092312.1	67577112	67576801	0.00
NC_092312.1	67577112	67576826	0.00
NC_092312.1	67577112	67576851	0.00
NC_092312.1	67577112	67576876	0.00
NC_092312.1	67577112	67576901	0.00
NC_092312.1	67577112	67576926	0.00
NC_092312.1	67577112	67576951	0.00
NC_092312.1	67577112	67576976	0.00
NC_092312.1	67577112	67577001	0.80
NC_092312.1	67577112	67577026	1.00
NC_092312.1	67577112	67577051	1.00
NC_092312.1	67577112	67577076	1.00
NC_092312.1	67577112	67577101	1.00
NC_092312.1	67577112	67577126	1.00
NC_092312.1	67577112	67577151	0.20
NC_092312.1	67577112	67577176	0.00
NC_092312.1	67577112	67577201	0.24
NC_092312.1	67577112	67577226	1.00
NC_092312.1	67577112	67577251	1.00
NC_092312.1	67577112	67577276	1.00
NC_092312.1	67577112	67577301	1.00
NC_092312.1	67577112	67577326	1.00
NC_092312.1	67577112	67577351	0.76
NC_092312.1	67577112	67577376	0.00
NC_092312.1	67577112	67577401	0.00
NC_092312.1	67577112	67577426	0.00
NC_092312.1	67577112	67577451	0.00
NC_092312.1	67577112	67577476	0.00
NC_092312.1	67577112	67577501	0.00
NC_092312.1	67577112	67577526	0.00
NC_092312.1	67577112	67577551	0.00
NC_092312.1	67577112	67577576	0.00
NC_092312.1	67577112	67577601	0.00
NC_092312.1	67577112	67577626	0.00
NC_092312.1	67577112	67577651	0.00
NC_092312.1	67577112	67577676	0.00
NC_092312.1	67577112	67577701	0.00
NC_092312.1	67577112	67577726	0.00
NC_092312.1	67577112	67577751	0.00
NC_092312.1	67577112	67577776	0.00
NC_092312.1	67577112	67577801	0.00
NC_092312.1	67577112	67577826	0.00
NC_092312.1	67577112	67577851	0.00
NC_092312.1	67577112	67577876	0.00
NC_092312.1	67577112	67577901	0.00
NC_092312.1	67577112	67577926	0.00
NC_092312.1	67577112	67577951	0.00
NC_092312.1	67577112	67577976	0.00
NC_092312.1	67577112	67578001	0.00
NC_092312.1	67577112	67578026	0.00
NC_092312.1	67577112	67578051	0.00
NC_092312.1	67577112	67578076	0.00
NC_092312.1	67577112	67578101	0.00
NC_092312.1	67577112	67578126	0.00
NC_092312.1	67577112	67578151	0.00
NC_092312.1	67577112	67578176	0.00
NC_092312.1	67577112	67578201	0.00
NC_092312.1	67577112	67578226	0.00
NC_092312.1	67577112	67578251	0.00
NC_092312.1	67577112	67578276	0.00
NC_092312.1	67577112	67578301	0.00
NC_092312.1	67577112	67578326	0.00
NC_092312.1	67577112	67578351	0.00
NC_092312.1	67577112	67578376	0.00
NC_092312.1	67577112	67578401	0.00
NC_092312.1	67577112	67578426	0.00
NC_092312.1	67577112	67578451	0.00
NC_092312.1	67577112	67578476	0.00
NC_092312.1	67577112	67578501	0.00
NC_092312.1	67577112	67578526	0.00
NC_092312.1	67577112	67578551	0.00
NC_092312.1	67577112	67578576	0.00
NC_092312.1	67577112	67578601	0.00
NC_092312.1	67577112	67578626	0.00
NC_092312.1	67577112	67578651	0.00
NC_092312.1	67577112	67578676	0.00
NC_092312.1	67577112	67578701	0.00
NC_092312.1	67577112	67578726	0.00
NC_092312.1	67577112	67578751	0.00
NC_092312.1	67577112	67578776	0.00
NC_092312.1	67577112	67578801	0.00
NC_092312.1	67577112	67578826	0.00
NC_092312.1	67577112	67578851	0.00
NC_092312.1	67577112	67578876	0.00
NC_092312.1	67577112	67578901	0.00
NC_092312.1	67577112	67578926	0.00
NC_092312.1	67577112	67578951	0.00
NC_092312.1	67577112	67578976	0.00
NC_092312.1	67577112	67579001	0.00
NC_092312.1	67577112	67579026	0.00
NC_092312.1	67577112	67579051	0.00
NC_092312.1	67577112	67579076	0.00
NC_092312.1	67577112	67579101	0.00
NC_092312.1	68109790	68107776	0.00
NC_092312.1	68109790	68107801	0.00
NC_092312.1	68109790	68107826	0.00
NC_092312.1	68109790	68107851	0.00
NC_092312.1	68109790	68107876	0.00
NC_092312.1	68109790	68107901	0.00
NC_092312.1	68109790	68107926	0.00
NC_092312.1	68109790	68107951	0.00
NC_092312.1	68109790	68107976	0.00
NC_092312.1	68109790	68108001	0.00
NC_092312.1	68109790	68108026	0.00
NC_092312.1	68109790	68108051	0.00
NC_092312.1	68109790	68108076	0.00
NC_092312.1	68109790	68108101	0.00
NC_092312.1	68109790	68108126	0.00
NC_092312.1	68109790	68108151	0.00
NC_092312.1	68109790	68108176	0.00
NC_092312.1	68109790	68108201	0.00
NC_092312.1	68109790	68108226	0.00
NC_092312.1	68109790	68108251	0.00
NC_092312.1	68109790	68108276	0.00
NC_092312.1	68109790	68108301	0.00
NC_092312.1	68109790	68108326	0.00
NC_092312.1	68109790	68108351	0.00
NC_092312.1	68109790	68108376	0.00
NC_092312.1	68109790	68108401	0.00
NC_092312.1	68109790	68108426	0.00
NC_092312.1	68109790	68108451	0.00
NC_092312.1	68109790	68108476	0.00
NC_092312.1	68109790	68108501	0.00
NC_092312.1	68109790	68108526	0.00
NC_092312.1	68109790	68108551	0.00
NC_092312.1	68109790	68108576	0.00
NC_092312.1	68109790	68108601	0.00
NC_092312.1	68109790	68108626	0.00
NC_092312.1	68109790	68108651	0.00
NC_092312.1	68109790	68108676	0.00
NC_092312.1	68109790	68108701	0.00
NC_092312.1	68109790	68108726	0.00
NC_092312.1	68109790	68108751	0.00
NC_092312.1	68109790	68108776	0.00
NC_092312.1	68109790	68108801	0.00
NC_092312.1	68109790	68108826	0.00
NC_092312.1	68109790	68108851	0.00
NC_092312.1	68109790	68108876	0.00
NC_092312.1	68109790	68108901	0.00
NC_092312.1	68109790	68108926	0.00
NC_092312.1	68109790	68108951	0.00
NC_092312.1	68109790	68108976	0.00
NC_092312.1	68109790	68109001	0.00
NC_092312.1	68109790	68109026	0.00
NC_092312.1	68109790	68109051	0.00
NC_092312.1	68109790	68109076	0.00
NC_092312.1	68109790	68109101	0.00
NC_092312.1	68109790	68109126	0.00
NC_092312.1	68109790	68109151	0.00
NC_092312.1	68109790	68109176	0.00
NC_092312.1	68109790	68109201	0.00
NC_092312.1	68109790	68109226	0.00
NC_092312.1	68109790	68109251	0.00
NC_092312.1	68109790	68109276	0.00
NC_092312.1	68109790	68109301	0.00
NC_092312.1	68109790	68109326	0.00
NC_092312.1	68109790	68109351	0.00
NC_092312.1	68109790	68109376	0.00
NC_092312.1	68109790	68109401	0.00
NC_092312.1	68109790	68109426	0.00
NC_092312.1	68109790	68109451	0.00
NC_092312.1	68109790	68109476	0.00
NC_092312.1	68109790	68109501	0.00
NC_092312.1	68109790	68109526	0.00
NC_092312.1	68109790	68109551	0.00
NC_092312.1	68109790	68109576	0.00
NC_092312.1	68109790	68109601	0.00
NC_092312.1	68109790	68109626	0.00
NC_092312.1	68109790	68109651	0.00
NC_092312.1	68109790	68109676	0.00
NC_092312.1	68109790	68109701	0.00
NC_092312.1	68109790	68109726	0.64
NC_092312.1	68109790	68109751	1.00
NC_092312.1	68109790	68109776	1.00
NC_092312.1	68109790	68109801	1.04
NC_092312.1	68109790	68109826	2.00
NC_092312.1	68109790	68109851	2.00
NC_092312.1	68109790	68109876	1.36
NC_092312.1	68109790	68109901	1.00
NC_092312.1	68109790	68109926	1.00
NC_092312.1	68109790	68109951	0.92
NC_092312.1	68109790	68109976	0.00
NC_092312.1	68109790	68110001	0.00
NC_092312.1	68109790	68110026	0.00
NC_092312.1	68109790	68110051	0.00
NC_092312.1	68109790	68110076	0.00
NC_092312.1	68109790	68110101	0.00
NC_092312.1	68109790	68110126	0.00
NC_092312.1	68109790	68110151	0.00
NC_092312.1	68109790	68110176	0.00
NC_092312.1	68109790	68110201	0.00
NC_092312.1	68109790	68110226	0.00
NC_092312.1	68109790	68110251	0.00
NC_092312.1	68109790	68110276	0.00
NC_092312.1	68109790	68110301	0.00
NC_092312.1	68109790	68110326	0.00
NC_092312.1	68109790	68110351	0.00
NC_092312.1	68109790	68110376	0.00
NC_092312.1	68109790	68110401	0.00
NC_092312.1	68109790	68110426	0.00
NC_092312.1	68109790	68110451	0.00
NC_092312.1	68109790	68110476	0.00
NC_092312.1	68109790	68110501	0.00
NC_092312.1	68109790	68110526	0.00
NC_092312.1	68109790	68110551	0.00
NC_092312.1	68109790	68110576	0.00
NC_092312.1	68109790	68110601	0.00
NC_092312.1	68109790	68110626	0.00
NC_092312.1	68109790	68110651	0.00
NC_092312.1	68109790	68110676	0.00
NC_092312.1	68109790	68110701	0.00
NC_092312.1	68109790	68110726	0.00
NC_092312.1	68109790	68110751	0.00
NC_092312.1	68109790	68110776	0.00
NC_092312.1	68109790	68110801	0.00
NC_092312.1	68109790	68110826	0.00
NC_092312.1	68109790	68110851	0.00
NC_092312.1	68109790	68110876	0.00
NC_092312.1	68109790	68110901	0.00
NC_092312.1	68109790	68110926	0.00
NC_092312.1	68109790	68110951	0.00
NC_092312.1	68109790	68110976	0.00
NC_092312.1	68109790	68111001	0.00
NC_092312.1	68109790	68111026	0.00
NC_092312.1	68109790	68111051	0.00
NC_092312.1	68109790	68111076	0.00
NC_092312.1	68109790	68111101	0.00
NC_092312.1	68109790	68111126	0.00
NC_092312.1	68109790	68111151	0.00
NC_092312.1	68109790	68111176	0.00
NC_092312.1	68109790	68111201	0.00
NC_092312.1	68109790	68111226	0.00
NC_092312.1	68109790	68111251	0.00
NC_092312.1	68109790	68111276	0.00
NC_092312.1	68109790	68111301	0.00
NC_092312.1	68109790	68111326	0.00
NC_092312.1	68109790	68111351	0.00
NC_092312.1	68109790	68111376	0.00
NC_092312.1	68109790	68111401	0.00
NC_092312.1	68109790	68111426	0.00
NC_092312.1	68109790	68111451	0.00
NC_092312.1	68109790	68111476	0.00
NC_092312.1	68109790	68111501	0.00
NC_092312.1	68109790	68111526	0.00
NC_092312.1	68109790	68111551	0.00
NC_092312.1	68109790	68111576	0.00
NC_092312.1	68109790	68111601	0.00
NC_092312.1	68109790	68111626	0.00
NC_092312.1	68109790	68111651	0.00
NC_092312.1	68109790	68111676	0.00
NC_092312.1	68109790	68111701	0.00
NC_092312.1	68109790	68111726	0.00
NC_092312.1	68109790	68111751	0.00
NC_092312.1	68109790	68111776	0.00
NC_092313.1	7400663	7398651	0.00
NC_092313.1	7400663	7398676	0.00
NC_092313.1	7400663	7398701	0.00
NC_092313.1	7400663	7398726	0.00
NC_092313.1	7400663	7398751	0.00
NC_092313.1	7400663	7398776	0.00
NC_092313.1	7400663	7398801	0.00
NC_092313.1	7400663	7398826	0.00
NC_092313.1	7400663	7398851	0.00
NC_092313.1	7400663	7398876	0.00
NC_092313.1	7400663	7398901	0.00
NC_092313.1	7400663	7398926	0.00
NC_092313.1	7400663	7398951	0.00
NC_092313.1	7400663	7398976	0.00
NC_092313.1	7400663	7399001	0.00
NC_092313.1	7400663	7399026	0.00
NC_092313.1	7400663	7399051	0.00
NC_092313.1	7400663	7399076	0.00
NC_092313.1	7400663	7399101	0.00
NC_092313.1	7400663	7399126	0.00
NC_092313.1	7400663	7399151	0.00
NC_092313.1	7400663	7399176	0.00
NC_092313.1	7400663	7399201	0.00
NC_092313.1	7400663	7399226	0.00
NC_092313.1	7400663	7399251	0.00
NC_092313.1	7400663	7399276	0.00
NC_092313.1	7400663	7399301	0.00
NC_092313.1	7400663	7399326	0.00
NC_092313.1	7400663	7399351	0.00
NC_092313.1	7400663	7399376	0.00
NC_092313.1	7400663	7399401	0.00
NC_092313.1	7400663	7399426	0.00
NC_092313.1	7400663	7399451	0.00
NC_092313.1	7400663	7399476	0.00
NC_092313.1	7400663	7399501	0.00
NC_092313.1	7400663	7399526	0.00
NC_092313.1	7400663	7399551	0.00
NC_092313.1	7400663	7399576	0.00
NC_092313.1	7400663	7399601	0.00
NC_092313.1	7400663	7399626	0.00
NC_092313.1	7400663	7399651	0.00
NC_092313.1	7400663	7399676	0.00
NC_092313.1	7400663	7399701	0.00
NC_092313.1	7400663	7399726	0.00
NC_092313.1	7400663	7399751	0.00
NC_092313.1	7400663	7399776	0.00
NC_092313.1	7400663	7399801	0.00
NC_092313.1	7400663	7399826	0.00
NC_092313.1	7400663	7399851	0.00
NC_092313.1	7400663	7399876	0.00
NC_092313.1	7400663	7399901	0.00
NC_092313.1	7400663	7399926	0.00
NC_092313.1	7400663	7399951	0.00
NC_092313.1	7400663	7399976	0.00
NC_092313.1	7400663	7400001	0.00
NC_092313.1	7400663	7400026	0.00
NC_092313.1	7400663	7400051	0.00
NC_092313.1	7400663	7400076	0.00
NC_092313.1	7400663	7400101	0.00
NC_092313.1	7400663	7400126	0.00
NC_092313.1	7400663	7400151	0.32
NC_092313.1	7400663	7400176	1.00
NC_092313.1	7400663	7400201	1.00
NC_092313.1	7400663	7400226	1.00
NC_092313.1	7400663	7400251	0.96
NC_092313.1	7400663	7400276	1.00
NC_092313.1	7400663	7400301	0.72
NC_092313.1	7400663	7400326	0.00
NC_092313.1	7400663	7400351	0.00
NC_092313.1	7400663	7400376	0.00
NC_092313.1	7400663	7400401	0.00
NC_092313.1	7400663	7400426	0.00
NC_092313.1	7400663	7400451	0.00
NC_092313.1	7400663	7400476	0.00
NC_092313.1	7400663	7400501	0.32
NC_092313.1	7400663	7400526	1.00
NC_092313.1	7400663	7400551	1.00
NC_092313.1	7400663	7400576	1.00
NC_092313.1	7400663	7400601	1.00
NC_092313.1	7400663	7400626	1.00
NC_092313.1	7400663	7400651	0.68
NC_092313.1	7400663	7400676	0.00
NC_092313.1	7400663	7400701	0.00
NC_092313.1	7400663	7400726	0.00
NC_092313.1	7400663	7400751	0.00
NC_092313.1	7400663	7400776	0.00
NC_092313.1	7400663	7400801	0.00
NC_092313.1	7400663	7400826	0.00
NC_092313.1	7400663	7400851	0.00
NC_092313.1	7400663	7400876	0.00
NC_092313.1	7400663	7400901	0.00
NC_092313.1	7400663	7400926	0.00
NC_092313.1	7400663	7400951	0.00
NC_092313.1	7400663	7400976	0.00
NC_092313.1	7400663	7401001	0.00
NC_092313.1	7400663	7401026	0.00
NC_092313.1	7400663	7401051	0.00
NC_092313.1	7400663	7401076	0.00
NC_092313.1	7400663	7401101	0.00
NC_092313.1	7400663	7401126	0.00
NC_092313.1	7400663	7401151	0.00
NC_092313.1	7400663	7401176	0.00
NC_092313.1	7400663	7401201	0.00
NC_092313.1	7400663	7401226	0.00
NC_092313.1	7400663	7401251	0.00
NC_092313.1	7400663	7401276	0.00
NC_092313.1	7400663	7401301	0.00
NC_092313.1	7400663	7401326	0.00
NC_092313.1	7400663	7401351	0.00
NC_092313.1	7400663	7401376	0.00
NC_092313.1	7400663	7401401	0.00
NC_092313.1	7400663	7401426	0.00
NC_092313.1	7400663	7401451	0.00
NC_092313.1	7400663	7401476	0.00
NC_092313.1	7400663	7401501	0.00
NC_092313.1	7400663	7401526	0.00
NC_092313.1	7400663	7401551	0.00
NC_092313.1	7400663	7401576	0.00
NC_092313.1	7400663	7401601	0.00
NC_092313.1	7400663	7401626	0.00
NC_092313.1	7400663	7401651	0.00
NC_092313.1	7400663	7401676	0.00
NC_092313.1	7400663	7401701	0.00
NC_092313.1	7400663	7401726	0.00
NC_092313.1	7400663	7401751	0.00
NC_092313.1	7400663	7401776	0.00
NC_092313.1	7400663	7401801	0.00
NC_092313.1	7400663	7401826	0.00
NC_092313.1	7400663	7401851	0.00
NC_092313.1	7400663	7401876	0.00
NC_092313.1	7400663	7401901	0.00
NC_092313.1	7400663	7401926	0.00
NC_092313.1	7400663	7401951	0.00
NC_092313.1	7400663	7401976	0.00
NC_092313.1	7400663	7402001	0.00
NC_092313.1	7400663	7402026	0.00
NC_092313.1	7400663	7402051	0.00
NC_092313.1	7400663	7402076	0.00
NC_092313.1	7400663	7402101	0.00
NC_092313.1	7400663	7402126	0.00
NC_092313.1	7400663	7402151	0.00
NC_092313.1	7400663	7402176	0.00
NC_092313.1	7400663	7402201	0.00
NC_092313.1	7400663	7402226	0.00
NC_092313.1	7400663	7402251	0.00
NC_092313.1	7400663	7402276	0.00
NC_092313.1	7400663	7402301	0.00
NC_092313.1	7400663	7402326	0.00
NC_092313.1	7400663	7402351	0.00
NC_092313.1	7400663	7402376	0.00
NC_092313.1	7400663	7402401	0.00
NC_092313.1	7400663	7402426	0.00
NC_092313.1	7400663	7402451	0.00
NC_092313.1	7400663	7402476	0.00
NC_092313.1	7400663	7402501	0.00
NC_092313.1	7400663	7402526	0.00
NC_092313.1	7400663	7402551	0.00
NC_092313.1	7400663	7402576	0.00
NC_092313.1	7400663	7402601	0.00
NC_092313.1	7400663	7402626	0.00
NC_092313.1	7400663	7402651	0.00
NC_092313.1	26886094	26884076	0.00
NC_092313.1	26886094	26884101	0.00
NC_092313.1	26886094	26884126	0.00
NC_092313.1	26886094	26884151	0.00
NC_092313.1	26886094	26884176	0.00
NC_092313.1	26886094	26884201	0.00
NC_092313.1	26886094	26884226	0.00
NC_092313.1	26886094	26884251	0.00
NC_092313.1	26886094	26884276	0.00
NC_092313.1	26886094	26884301	0.00
NC_092313.1	26886094	26884326	0.00
NC_092313.1	26886094	26884351	0.00
NC_092313.1	26886094	26884376	0.00
NC_092313.1	26886094	26884401	0.00
NC_092313.1	26886094	26884426	0.00
NC_092313.1	26886094	26884451	0.00
NC_092313.1	26886094	26884476	0.00
NC_092313.1	26886094	26884501	0.00
NC_092313.1	26886094	26884526	0.00
NC_092313.1	26886094	26884551	0.00
NC_092313.1	26886094	26884576	0.00
NC_092313.1	26886094	26884601	0.00
NC_092313.1	26886094	26884626	0.00
NC_092313.1	26886094	26884651	0.00
NC_092313.1	26886094	26884676	0.00
NC_092313.1	26886094	26884701	0.00
NC_092313.1	26886094	26884726	0.00
NC_092313.1	26886094	26884751	0.00
NC_092313.1	26886094	26884776	0.00
NC_092313.1	26886094	26884801	0.00
NC_092313.1	26886094	26884826	0.00
NC_092313.1	26886094	26884851	0.00
NC_092313.1	26886094	26884876	0.00
NC_092313.1	26886094	26884901	0.00
NC_092313.1	26886094	26884926	0.00
NC_092313.1	26886094	26884951	0.00
NC_092313.1	26886094	26884976	0.00
NC_092313.1	26886094	26885001	0.00
NC_092313.1	26886094	26885026	0.00
NC_092313.1	26886094	26885051	0.00
NC_092313.1	26886094	26885076	0.00
NC_092313.1	26886094	26885101	0.00
NC_092313.1	26886094	26885126	0.00
NC_092313.1	26886094	26885151	0.00
NC_092313.1	26886094	26885176	0.00
NC_092313.1	26886094	26885201	0.00
NC_092313.1	26886094	26885226	0.00
NC_092313.1	26886094	26885251	0.00
NC_092313.1	26886094	26885276	0.00
NC_092313.1	26886094	26885301	0.00
NC_092313.1	26886094	26885326	0.00
NC_092313.1	26886094	26885351	0.00
NC_092313.1	26886094	26885376	0.00
NC_092313.1	26886094	26885401	0.00
NC_092313.1	26886094	26885426	0.00
NC_092313.1	26886094	26885451	0.00
NC_092313.1	26886094	26885476	0.00
NC_092313.1	26886094	26885501	0.00
NC_092313.1	26886094	26885526	0.00
NC_092313.1	26886094	26885551	0.00
NC_092313.1	26886094	26885576	0.00
NC_092313.1	26886094	26885601	0.00
NC_092313.1	26886094	26885626	0.00
NC_092313.1	26886094	26885651	0.00
NC_092313.1	26886094	26885676	0.00
NC_092313.1	26886094	26885701	0.00
NC_092313.1	26886094	26885726	0.00
NC_092313.1	26886094	26885751	0.00
NC_092313.1	26886094	26885776	0.00
NC_092313.1	26886094	26885801	0.00
NC_092313.1	26886094	26885826	0.00
NC_092313.1	26886094	26885851	0.00
NC_092313.1	26886094	26885876	0.76
NC_092313.1	26886094	26885901	1.00
NC_092313.1	26886094	26885926	1.12
NC_092313.1	26886094	26885951	2.00
NC_092313.1	26886094	26885976	2.00
NC_092313.1	26886094	26886001	2.00
NC_092313.1	26886094	26886026	1.24
NC_092313.1	26886094	26886051	1.00
NC_092313.1	26886094	26886076	0.88
NC_092313.1	26886094	26886101	0.00
NC_092313.1	26886094	26886126	0.00
NC_092313.1	26886094	26886151	0.00
NC_092313.1	26886094	26886176	0.00
NC_092313.1	26886094	26886201	0.00
NC_092313.1	26886094	26886226	0.00
NC_092313.1	26886094	26886251	0.00
NC_092313.1	26886094	26886276	0.00
NC_092313.1	26886094	26886301	0.00
NC_092313.1	26886094	26886326	0.00
NC_092313.1	26886094	26886351	0.00
NC_092313.1	26886094	26886376	0.00
NC_092313.1	26886094	26886401	0.00
NC_092313.1	26886094	26886426	0.00
NC_092313.1	26886094	26886451	0.00
NC_092313.1	26886094	26886476	0.00
NC_092313.1	26886094	26886501	0.00
NC_092313.1	26886094	26886526	0.00
NC_092313.1	26886094	26886551	0.00
NC_092313.1	26886094	26886576	0.00
NC_092313.1	26886094	26886601	0.00
NC_092313.1	26886094	26886626	0.00
NC_092313.1	26886094	26886651	0.00
NC_092313.1	26886094	26886676	0.00
NC_092313.1	26886094	26886701	0.00
NC_092313.1	26886094	26886726	0.00
NC_092313.1	26886094	26886751	0.00
NC_092313.1	26886094	26886776	0.00
NC_092313.1	26886094	26886801	0.00
NC_092313.1	26886094	26886826	0.00
NC_092313.1	26886094	26886851	0.00
NC_092313.1	26886094	26886876	0.00
NC_092313.1	26886094	26886901	0.00
NC_092313.1	26886094	26886926	0.00
NC_092313.1	26886094	26886951	0.00
NC_092313.1	26886094	26886976	0.00
NC_092313.1	26886094	26887001	0.00
NC_092313.1	26886094	26887026	0.00
NC_092313.1	26886094	26887051	0.00
NC_092313.1	26886094	26887076	0.00
NC_092313.1	26886094	26887101	0.00
NC_092313.1	26886094	26887126	0.00
NC_092313.1	26886094	26887151	0.00
NC_092313.1	26886094	26887176	0.00
NC_092313.1	26886094	26887201	0.00
NC_092313.1	26886094	26887226	0.00
NC_092313.1	26886094	26887251	0.00
NC_092313.1	26886094	26887276	0.00
NC_092313.1	26886094	26887301	0.00
NC_092313.1	26886094	26887326	0.00
NC_092313.1	26886094	26887351	0.00
NC_092313.1	26886094	26887376	0.00
NC_092313.1	26886094	26887401	0.00
NC_092313.1	26886094	26887426	0.00
NC_092313.1	26886094	26887451	0.00
NC_092313.1	26886094	26887476	0.00
NC_092313.1	26886094	26887501	0.00
NC_092313.1	26886094	26887526	0.00
NC_092313.1	26886094	26887551	0.00
NC_092313.1	26886094	26887576	0.00
NC_092313.1	26886094	26887601	0.00
NC_092313.1	26886094	26887626	0.00
NC_092313.1	26886094	26887651	0.00
NC_092313.1	26886094	26887676	0.00
NC_092313.1	26886094	26887701	0.00
NC_092313.1	26886094	26887726	0.00
NC_092313.1	26886094	26887751	0.00
NC_092313.1	26886094	26887776	0.00
NC_092313.1	26886094	26887801	0.00
NC_092313.1	26886094	26887826	0.00
NC_092313.1	26886094	26887851	0.00
NC_092313.1	26886094	26887876	0.00
NC_092313.1	26886094	26887901	0.00
NC_092313.1	26886094	26887926	0.00
NC_092313.1	26886094	26887951	0.00
NC_092313.1	26886094	26887976	0.00
NC_092313.1	26886094	26888001	0.00
NC_092313.1	26886094	26888026	0.00
NC_092313.1	26886094	26888051	0.00
NC_092313.1	26886094	26888076	0.00
NC_092313.1	41185809	41183801	0.00
NC_092313.1	41185809	41183826	0.00
NC_092313.1	41185809	41183851	0.00
NC_092313.1	41185809	41183876	0.00
NC_092313.1	41185809	41183901	0.00
NC_092313.1	41185809	41183926	0.00
NC_092313.1	41185809	41183951	0.00
NC_092313.1	41185809	41183976	0.00
NC_092313.1	41185809	41184001	0.00
NC_092313.1	41185809	41184026	0.00
NC_092313.1	41185809	41184051	0.00
NC_092313.1	41185809	41184076	0.00
NC_092313.1	41185809	41184101	0.00
NC_092313.1	41185809	41184126	0.00
NC_092313.1	41185809	41184151	0.00
NC_092313.1	41185809	41184176	0.00
NC_092313.1	41185809	41184201	0.00
NC_092313.1	41185809	41184226	0.00
NC_092313.1	41185809	41184251	0.00
NC_092313.1	41185809	41184276	0.00
NC_092313.1	41185809	41184301	0.00
NC_092313.1	41185809	41184326	0.00
NC_092313.1	41185809	41184351	0.00
NC_092313.1	41185809	41184376	0.00
NC_092313.1	41185809	41184401	0.00
NC_092313.1	41185809	41184426	0.00
NC_092313.1	41185809	41184451	0.00
NC_092313.1	41185809	41184476	0.00
NC_092313.1	41185809	41184501	0.00
NC_092313.1	41185809	41184526	0.00
NC_092313.1	41185809	41184551	0.00
NC_092313.1	41185809	41184576	0.00
NC_092313.1	41185809	41184601	0.00
NC_092313.1	41185809	41184626	0.00
NC_092313.1	41185809	41184651	0.00
NC_092313.1	41185809	41184676	0.00
NC_092313.1	41185809	41184701	0.00
NC_092313.1	41185809	41184726	0.00
NC_092313.1	41185809	41184751	0.00
NC_092313.1	41185809	41184776	0.00
NC_092313.1	41185809	41184801	0.00
NC_092313.1	41185809	41184826	0.00
NC_092313.1	41185809	41184851	0.00
NC_092313.1	41185809	41184876	0.00
NC_092313.1	41185809	41184901	0.00
NC_092313.1	41185809	41184926	0.00
NC_092313.1	41185809	41184951	0.00
NC_092313.1	41185809	41184976	0.00
NC_092313.1	41185809	41185001	0.00
NC_092313.1	41185809	41185026	0.00
NC_092313.1	41185809	41185051	0.00
NC_092313.1	41185809	41185076	0.00
NC_092313.1	41185809	41185101	0.00
NC_092313.1	41185809	41185126	0.00
NC_092313.1	41185809	41185151	0.00
NC_092313.1	41185809	41185176	0.00
NC_092313.1	41185809	41185201	0.00
NC_092313.1	41185809	41185226	0.00
NC_092313.1	41185809	41185251	0.00
NC_092313.1	41185809	41185276	0.00
NC_092313.1	41185809	41185301	0.00
NC_092313.1	41185809	41185326	0.00
NC_092313.1	41185809	41185351	0.00
NC_092313.1	41185809	41185376	0.00
NC_092313.1	41185809	41185401	0.00
NC_092313.1	41185809	41185426	0.00
NC_092313.1	41185809	41185451	0.00
NC_092313.1	41185809	41185476	0.52
NC_092313.1	41185809	41185501	1.00
NC_092313.1	41185809	41185526	1.00
NC_092313.1	41185809	41185551	1.00
NC_092313.1	41185809	41185576	1.00
NC_092313.1	41185809	41185601	1.00
NC_092313.1	41185809	41185626	0.48
NC_092313.1	41185809	41185651	0.44
NC_092313.1	41185809	41185676	1.00
NC_092313.1	41185809	41185701	1.00
NC_092313.1	41185809	41185726	1.00
NC_092313.1	41185809	41185751	1.00
NC_092313.1	41185809	41185776	1.00
NC_092313.1	41185809	41185801	0.56
NC_092313.1	41185809	41185826	0.00
NC_092313.1	41185809	41185851	0.00
NC_092313.1	41185809	41185876	0.00
NC_092313.1	41185809	41185901	0.00
NC_092313.1	41185809	41185926	0.00
NC_092313.1	41185809	41185951	0.00
NC_092313.1	41185809	41185976	0.00
NC_092313.1	41185809	41186001	0.00
NC_092313.1	41185809	41186026	0.00
NC_092313.1	41185809	41186051	0.00
NC_092313.1	41185809	41186076	0.00
NC_092313.1	41185809	41186101	0.00
NC_092313.1	41185809	41186126	0.00
NC_092313.1	41185809	41186151	0.00
NC_092313.1	41185809	41186176	0.00
NC_092313.1	41185809	41186201	0.00
NC_092313.1	41185809	41186226	0.00
NC_092313.1	41185809	41186251	0.00
NC_092313.1	41185809	41186276	0.00
NC_092313.1	41185809	41186301	0.00
NC_092313.1	41185809	41186326	0.00
NC_092313.1	41185809	41186351	0.00
NC_092313.1	41185809	41186376	0.00
NC_092313.1	41185809	41186401	0.00
NC_092313.1	41185809	41186426	0.00
NC_092313.1	41185809	41186451	0.00
NC_092313.1	41185809	41186476	0.00
NC_092313.1	41185809	41186501	0.00
NC_092313.1	41185809	41186526	0.00
NC_092313.1	41185809	41186551	0.00
NC_092313.1	41185809	41186576	0.00
NC_092313.1	41185809	41186601	0.00
NC_092313.1	41185809	41186626	0.00
NC_092313.1	41185809	41186651	0.00
NC_092313.1	41185809	41186676	0.00
NC_092313.1	41185809	41186701	0.00
NC_092313.1	41185809	41186726	0.00
NC_092313.1	41185809	41186751	0.00
NC_092313.1	41185809	41186776	0.00
NC_092313.1	41185809	41186801	0.00
NC_092313.1	41185809	41186826	0.00
NC_092313.1	41185809	41186851	0.00
NC_092313.1	41185809	41186876	0.00
NC_092313.1	41185809	41186901	0.00
NC_092313.1	41185809	41186926	0.00
NC_092313.1	41185809	41186951	0.00
NC_092313.1	41185809	41186976	0.00
NC_092313.1	41185809	41187001	0.00
NC_092313.1	41185809	41187026	0.00
NC_092313.1	41185809	41187051	0.00
NC_092313.1	41185809	41187076	0.00
NC_092313.1	41185809	41187101	0.00
NC_092313.1	41185809	41187126	0.00
NC_092313.1	41185809	41187151	0.00
NC_092313.1	41185809	41187176	0.00
NC_092313.1	41185809	41187201	0.00
NC_092313.1	41185809	41187226	0.00
NC_092313.1	41185809	41187251	0.00
NC_092313.1	41185809	41187276	0.00
NC_092313.1	41185809	41187301	0.00
NC_092313.1	41185809	41187326	0.00
NC_092313.1	41185809	41187351	0.00
NC_092313.1	41185809	41187376	0.00
NC_092313.1	41185809	41187401	0.00
NC_092313.1	41185809	41187426	0.00
NC_092313.1	41185809	41187451	0.00
NC_092313.1	41185809	41187476	0.00
NC_092313.1	41185809	41187501	0.00
NC_092313.1	41185809	41187526	0.00
NC_092313.1	41185809	41187551	0.00
NC_092313.1	41185809	41187576	0.00
NC_092313.1	41185809	41187601	0.00
NC_092313.1	41185809	41187626	0.00
NC_092313.1	41185809	41187651	0.00
NC_092313.1	41185809	41187676	0.00
NC_092313.1	41185809	41187701	0.00
NC_092313.1	41185809	41187726	0.00
NC_092313.1	41185809	41187751	0.00
NC_092313.1	41185809	41187776	0.00
NC_092313.1	41185809	41187801	0.00
NC_092313.1	47246433	47244426	0.00
NC_092313.1	47246433	47244451	0.00
NC_092313.1	47246433	47244476	0.00
NC_092313.1	47246433	47244501	0.00
NC_092313.1	47246433	47244526	0.00
NC_092313.1	47246433	47244551	0.00
NC_092313.1	47246433	47244576	0.00
NC_092313.1	47246433	47244601	0.00
NC_092313.1	47246433	47244626	0.00
NC_092313.1	47246433	47244651	0.00
NC_092313.1	47246433	47244676	0.00
NC_092313.1	47246433	47244701	0.00
NC_092313.1	47246433	47244726	0.00
NC_092313.1	47246433	47244751	0.00
NC_092313.1	47246433	47244776	0.00
NC_092313.1	47246433	47244801	0.00
NC_092313.1	47246433	47244826	0.00
NC_092313.1	47246433	47244851	0.00
NC_092313.1	47246433	47244876	0.00
NC_092313.1	47246433	47244901	0.00
NC_092313.1	47246433	47244926	0.00
NC_092313.1	47246433	47244951	0.00
NC_092313.1	47246433	47244976	0.00
NC_092313.1	47246433	47245001	0.00
NC_092313.1	47246433	47245026	0.00
NC_092313.1	47246433	47245051	0.00
NC_092313.1	47246433	47245076	0.00
NC_092313.1	47246433	47245101	0.00
NC_092313.1	47246433	47245126	0.00
NC_092313.1	47246433	47245151	0.00
NC_092313.1	47246433	47245176	0.00
NC_092313.1	47246433	47245201	0.00
NC_092313.1	47246433	47245226	0.00
NC_092313.1	47246433	47245251	0.00
NC_092313.1	47246433	47245276	0.00
NC_092313.1	47246433	47245301	0.00
NC_092313.1	47246433	47245326	0.00
NC_092313.1	47246433	47245351	0.00
NC_092313.1	47246433	47245376	0.00
NC_092313.1	47246433	47245401	0.00
NC_092313.1	47246433	47245426	0.00
NC_092313.1	47246433	47245451	0.00
NC_092313.1	47246433	47245476	0.00
NC_092313.1	47246433	47245501	0.00
NC_092313.1	47246433	47245526	0.00
NC_092313.1	47246433	47245551	0.00
NC_092313.1	47246433	47245576	0.00
NC_092313.1	47246433	47245601	0.00
NC_092313.1	47246433	47245626	0.00
NC_092313.1	47246433	47245651	0.00
NC_092313.1	47246433	47245676	0.00
NC_092313.1	47246433	47245701	0.00
NC_092313.1	47246433	47245726	0.00
NC_092313.1	47246433	47245751	0.00
NC_092313.1	47246433	47245776	0.00
NC_092313.1	47246433	47245801	0.00
NC_092313.1	47246433	47245826	0.00
NC_092313.1	47246433	47245851	0.00
NC_092313.1	47246433	47245876	0.00
NC_092313.1	47246433	47245901	0.00
NC_092313.1	47246433	47245926	0.00
NC_092313.1	47246433	47245951	0.00
NC_092313.1	47246433	47245976	0.00
NC_092313.1	47246433	47246001	0.00
NC_092313.1	47246433	47246026	0.00
NC_092313.1	47246433	47246051	0.00
NC_092313.1	47246433	47246076	0.00
NC_092313.1	47246433	47246101	0.00
NC_092313.1	47246433	47246126	0.00
NC_092313.1	47246433	47246151	0.00
NC_092313.1	47246433	47246176	0.00
NC_092313.1	47246433	47246201	0.00
NC_092313.1	47246433	47246226	0.00
NC_092313.1	47246433	47246251	0.00
NC_092313.1	47246433	47246276	0.04
NC_092313.1	47246433	47246301	1.00
NC_092313.1	47246433	47246326	1.00
NC_092313.1	47246433	47246351	1.00
NC_092313.1	47246433	47246376	1.00
NC_092313.1	47246433	47246401	1.00
NC_092313.1	47246433	47246426	1.40
NC_092313.1	47246433	47246451	1.00
NC_092313.1	47246433	47246476	1.00
NC_092313.1	47246433	47246501	1.00
NC_092313.1	47246433	47246526	1.00
NC_092313.1	47246433	47246551	1.00
NC_092313.1	47246433	47246576	0.56
NC_092313.1	47246433	47246601	0.00
NC_092313.1	47246433	47246626	0.00
NC_092313.1	47246433	47246651	0.00
NC_092313.1	47246433	47246676	0.00
NC_092313.1	47246433	47246701	0.00
NC_092313.1	47246433	47246726	0.00
NC_092313.1	47246433	47246751	0.00
NC_092313.1	47246433	47246776	0.00
NC_092313.1	47246433	47246801	0.00
NC_092313.1	47246433	47246826	0.00
NC_092313.1	47246433	47246851	0.00
NC_092313.1	47246433	47246876	0.00
NC_092313.1	47246433	47246901	0.00
NC_092313.1	47246433	47246926	0.00
NC_092313.1	47246433	47246951	0.00
NC_092313.1	47246433	47246976	0.00
NC_092313.1	47246433	47247001	0.00
NC_092313.1	47246433	47247026	0.00
NC_092313.1	47246433	47247051	0.00
NC_092313.1	47246433	47247076	0.00
NC_092313.1	47246433	47247101	0.00
NC_092313.1	47246433	47247126	0.00
NC_092313.1	47246433	47247151	0.00
NC_092313.1	47246433	47247176	0.00
NC_092313.1	47246433	47247201	0.00
NC_092313.1	47246433	47247226	0.00
NC_092313.1	47246433	47247251	0.00
NC_092313.1	47246433	47247276	0.00
NC_092313.1	47246433	47247301	0.00
NC_092313.1	47246433	47247326	0.00
NC_092313.1	47246433	47247351	0.00
NC_092313.1	47246433	47247376	0.00
NC_092313.1	47246433	47247401	0.00
NC_092313.1	47246433	47247426	0.00
NC_092313.1	47246433	47247451	0.00
NC_092313.1	47246433	47247476	0.00
NC_092313.1	47246433	47247501	0.00
NC_092313.1	47246433	47247526	0.00
NC_092313.1	47246433	47247551	0.00
NC_092313.1	47246433	47247576	0.00
NC_092313.1	47246433	47247601	0.00
NC_092313.1	47246433	47247626	0.00
NC_092313.1	47246433	47247651	0.00
NC_092313.1	47246433	47247676	0.00
NC_092313.1	47246433	47247701	0.00
NC_092313.1	47246433	47247726	0.00
NC_092313.1	47246433	47247751	0.00
NC_092313.1	47246433	47247776	0.00
NC_092313.1	47246433	47247801	0.00
NC_092313.1	47246433	47247826	0.00
NC_092313.1	47246433	47247851	0.00
NC_092313.1	47246433	47247876	0.00
NC_092313.1	47246433	47247901	0.00
NC_092313.1	47246433	47247926	0.00
NC_092313.1	47246433	47247951	0.00
NC_092313.1	47246433	47247976	0.00
NC_092313.1	47246433	47248001	0.00
NC_092313.1	47246433	47248026	0.00
NC_092313.1	47246433	47248051	0.00
NC_092313.1	47246433	47248076	0.00
NC_092313.1	47246433	47248101	0.00
NC_092313.1	47246433	47248126	0.00
NC_092313.1	47246433	47248151	0.00
NC_092313.1	47246433	47248176	0.00
NC_092313.1	47246433	47248201	0.00
NC_092313.1	47246433	47248226	0.00
NC_092313.1	47246433	47248251	0.00
NC_092313.1	47246433	47248276	0.00
NC_092313.1	47246433	47248301	0.00
NC_092313.1	47246433	47248326	0.00
NC_092313.1	47246433	47248351	0.00
NC_092313.1	47246433	47248376	0.00
NC_092313.1	47246433	47248401	0.00
NC_092313.1	47246433	47248426	0.00
NC_092313.1	55355458	55353451	0.00
NC_092313.1	55355458	55353476	0.00
NC_092313.1	55355458	55353501	0.00
NC_092313.1	55355458	55353526	0.00
NC_092313.1	55355458	55353551	0.00
NC_092313.1	55355458	55353576	0.00
NC_092313.1	55355458	55353601	0.00
NC_092313.1	55355458	55353626	0.00
NC_092313.1	55355458	55353651	0.00
NC_092313.1	55355458	55353676	0.00
NC_092313.1	55355458	55353701	0.00
NC_092313.1	55355458	55353726	0.00
NC_092313.1	55355458	55353751	0.00
NC_092313.1	55355458	55353776	0.00
NC_092313.1	55355458	55353801	0.00
NC_092313.1	55355458	55353826	0.00
NC_092313.1	55355458	55353851	0.00
NC_092313.1	55355458	55353876	0.00
NC_092313.1	55355458	55353901	0.00
NC_092313.1	55355458	55353926	0.00
NC_092313.1	55355458	55353951	0.00
NC_092313.1	55355458	55353976	0.00
NC_092313.1	55355458	55354001	0.00
NC_092313.1	55355458	55354026	0.00
NC_092313.1	55355458	55354051	0.00
NC_092313.1	55355458	55354076	0.00
NC_092313.1	55355458	55354101	0.00
NC_092313.1	55355458	55354126	0.00
NC_092313.1	55355458	55354151	0.00
NC_092313.1	55355458	55354176	0.00
NC_092313.1	55355458	55354201	0.00
NC_092313.1	55355458	55354226	0.00
NC_092313.1	55355458	55354251	0.00
NC_092313.1	55355458	55354276	0.00
NC_092313.1	55355458	55354301	0.00
NC_092313.1	55355458	55354326	0.00
NC_092313.1	55355458	55354351	0.00
NC_092313.1	55355458	55354376	0.00
NC_092313.1	55355458	55354401	0.00
NC_092313.1	55355458	55354426	0.00
NC_092313.1	55355458	55354451	0.00
NC_092313.1	55355458	55354476	0.00
NC_092313.1	55355458	55354501	0.00
NC_092313.1	55355458	55354526	0.00
NC_092313.1	55355458	55354551	0.00
NC_092313.1	55355458	55354576	0.00
NC_092313.1	55355458	55354601	0.00
NC_092313.1	55355458	55354626	0.00
NC_092313.1	55355458	55354651	0.00
NC_092313.1	55355458	55354676	0.00
NC_092313.1	55355458	55354701	0.00
NC_092313.1	55355458	55354726	0.00
NC_092313.1	55355458	55354751	0.00
NC_092313.1	55355458	55354776	0.00
NC_092313.1	55355458	55354801	0.00
NC_092313.1	55355458	55354826	0.00
NC_092313.1	55355458	55354851	0.00
NC_092313.1	55355458	55354876	0.00
NC_092313.1	55355458	55354901	0.00
NC_092313.1	55355458	55354926	0.00
NC_092313.1	55355458	55354951	0.00
NC_092313.1	55355458	55354976	0.00
NC_092313.1	55355458	55355001	0.00
NC_092313.1	55355458	55355026	0.00
NC_092313.1	55355458	55355051	0.00
NC_092313.1	55355458	55355076	0.00
NC_092313.1	55355458	55355101	0.00
NC_092313.1	55355458	55355126	0.00
NC_092313.1	55355458	55355151	0.00
NC_092313.1	55355458	55355176	0.00
NC_092313.1	55355458	55355201	0.00
NC_092313.1	55355458	55355226	0.00
NC_092313.1	55355458	55355251	0.00
NC_092313.1	55355458	55355276	0.00
NC_092313.1	55355458	55355301	0.00
NC_092313.1	55355458	55355326	0.00
NC_092313.1	55355458	55355351	0.00
NC_092313.1	55355458	55355376	0.00
NC_092313.1	55355458	55355401	0.72
NC_092313.1	55355458	55355426	1.00
NC_092313.1	55355458	55355451	1.00
NC_092313.1	55355458	55355476	1.00
NC_092313.1	55355458	55355501	1.24
NC_092313.1	55355458	55355526	2.00
NC_092313.1	55355458	55355551	1.28
NC_092313.1	55355458	55355576	1.00
NC_092313.1	55355458	55355601	1.00
NC_092313.1	55355458	55355626	1.00
NC_092313.1	55355458	55355651	0.76
NC_092313.1	55355458	55355676	0.00
NC_092313.1	55355458	55355701	0.00
NC_092313.1	55355458	55355726	0.00
NC_092313.1	55355458	55355751	0.00
NC_092313.1	55355458	55355776	0.00
NC_092313.1	55355458	55355801	0.00
NC_092313.1	55355458	55355826	0.00
NC_092313.1	55355458	55355851	0.00
NC_092313.1	55355458	55355876	0.00
NC_092313.1	55355458	55355901	0.00
NC_092313.1	55355458	55355926	0.00
NC_092313.1	55355458	55355951	0.00
NC_092313.1	55355458	55355976	0.00
NC_092313.1	55355458	55356001	0.00
NC_092313.1	55355458	55356026	0.00
NC_092313.1	55355458	55356051	0.00
NC_092313.1	55355458	55356076	0.00
NC_092313.1	55355458	55356101	0.00
NC_092313.1	55355458	55356126	0.00
NC_092313.1	55355458	55356151	0.00
NC_092313.1	55355458	55356176	0.00
NC_092313.1	55355458	55356201	0.00
NC_092313.1	55355458	55356226	0.00
NC_092313.1	55355458	55356251	0.00
NC_092313.1	55355458	55356276	0.00
NC_092313.1	55355458	55356301	0.00
NC_092313.1	55355458	55356326	0.00
NC_092313.1	55355458	55356351	0.00
NC_092313.1	55355458	55356376	0.00
NC_092313.1	55355458	55356401	0.00
NC_092313.1	55355458	55356426	0.00
NC_092313.1	55355458	55356451	0.00
NC_092313.1	55355458	55356476	0.00
NC_092313.1	55355458	55356501	0.00
NC_092313.1	55355458	55356526	0.00
NC_092313.1	55355458	55356551	0.00
NC_092313.1	55355458	55356576	0.00
NC_092313.1	55355458	55356601	0.00
NC_092313.1	55355458	55356626	0.00
NC_092313.1	55355458	55356651	0.00
NC_092313.1	55355458	55356676	0.00
NC_092313.1	55355458	55356701	0.00
NC_092313.1	55355458	55356726	0.00
NC_092313.1	55355458	55356751	0.00
NC_092313.1	55355458	55356776	0.00
NC_092313.1	55355458	55356801	0.00
NC_092313.1	55355458	55356826	0.00
NC_092313.1	55355458	55356851	0.00
NC_092313.1	55355458	55356876	0.00
NC_092313.1	55355458	55356901	0.00
NC_092313.1	55355458	55356926	0.00
NC_092313.1	55355458	55356951	0.00
NC_092313.1	55355458	55356976	0.00
NC_092313.1	55355458	55357001	0.00
NC_092313.1	55355458	55357026	0.00
NC_092313.1	55355458	55357051	0.00
NC_092313.1	55355458	55357076	0.00
NC_092313.1	55355458	55357101	0.00
NC_092313.1	55355458	55357126	0.00
NC_092313.1	55355458	55357151	0.00
NC_092313.1	55355458	55357176	0.00
NC_092313.1	55355458	55357201	0.00
NC_092313.1	55355458	55357226	0.00
NC_092313.1	55355458	55357251	0.00
NC_092313.1	55355458	55357276	0.00
NC_092313.1	55355458	55357301	0.00
NC_092313.1	55355458	55357326	0.00
NC_092313.1	55355458	55357351	0.00
NC_092313.1	55355458	55357376	0.00
NC_092313.1	55355458	55357401	0.00
NC_092313.1	55355458	55357426	0.00
NC_092313.1	55355458	55357451	0.00
NC_092313.1	55355522	55353501	0.00
NC_092313.1	55355522	55353526	0.00
NC_092313.1	55355522	55353551	0.00
NC_092313.1	55355522	55353576	0.00
NC_092313.1	55355522	55353601	0.00
NC_092313.1	55355522	55353626	0.00
NC_092313.1	55355522	55353651	0.00
NC_092313.1	55355522	55353676	0.00
NC_092313.1	55355522	55353701	0.00
NC_092313.1	55355522	55353726	0.00
NC_092313.1	55355522	55353751	0.00
NC_092313.1	55355522	55353776	0.00
NC_092313.1	55355522	55353801	0.00
NC_092313.1	55355522	55353826	0.00
NC_092313.1	55355522	55353851	0.00
NC_092313.1	55355522	55353876	0.00
NC_092313.1	55355522	55353901	0.00
NC_092313.1	55355522	55353926	0.00
NC_092313.1	55355522	55353951	0.00
NC_092313.1	55355522	55353976	0.00
NC_092313.1	55355522	55354001	0.00
NC_092313.1	55355522	55354026	0.00
NC_092313.1	55355522	55354051	0.00
NC_092313.1	55355522	55354076	0.00
NC_092313.1	55355522	55354101	0.00
NC_092313.1	55355522	55354126	0.00
NC_092313.1	55355522	55354151	0.00
NC_092313.1	55355522	55354176	0.00
NC_092313.1	55355522	55354201	0.00
NC_092313.1	55355522	55354226	0.00
NC_092313.1	55355522	55354251	0.00
NC_092313.1	55355522	55354276	0.00
NC_092313.1	55355522	55354301	0.00
NC_092313.1	55355522	55354326	0.00
NC_092313.1	55355522	55354351	0.00
NC_092313.1	55355522	55354376	0.00
NC_092313.1	55355522	55354401	0.00
NC_092313.1	55355522	55354426	0.00
NC_092313.1	55355522	55354451	0.00
NC_092313.1	55355522	55354476	0.00
NC_092313.1	55355522	55354501	0.00
NC_092313.1	55355522	55354526	0.00
NC_092313.1	55355522	55354551	0.00
NC_092313.1	55355522	55354576	0.00
NC_092313.1	55355522	55354601	0.00
NC_092313.1	55355522	55354626	0.00
NC_092313.1	55355522	55354651	0.00
NC_092313.1	55355522	55354676	0.00
NC_092313.1	55355522	55354701	0.00
NC_092313.1	55355522	55354726	0.00
NC_092313.1	55355522	55354751	0.00
NC_092313.1	55355522	55354776	0.00
NC_092313.1	55355522	55354801	0.00
NC_092313.1	55355522	55354826	0.00
NC_092313.1	55355522	55354851	0.00
NC_092313.1	55355522	55354876	0.00
NC_092313.1	55355522	55354901	0.00
NC_092313.1	55355522	55354926	0.00
NC_092313.1	55355522	55354951	0.00
NC_092313.1	55355522	55354976	0.00
NC_092313.1	55355522	55355001	0.00
NC_092313.1	55355522	55355026	0.00
NC_092313.1	55355522	55355051	0.00
NC_092313.1	55355522	55355076	0.00
NC_092313.1	55355522	55355101	0.00
NC_092313.1	55355522	55355126	0.00
NC_092313.1	55355522	55355151	0.00
NC_092313.1	55355522	55355176	0.00
NC_092313.1	55355522	55355201	0.00
NC_092313.1	55355522	55355226	0.00
NC_092313.1	55355522	55355251	0.00
NC_092313.1	55355522	55355276	0.00
NC_092313.1	55355522	55355301	0.00
NC_092313.1	55355522	55355326	0.00
NC_092313.1	55355522	55355351	0.00
NC_092313.1	55355522	55355376	0.00
NC_092313.1	55355522	55355401	0.72
NC_092313.1	55355522	55355426	1.00
NC_092313.1	55355522	55355451	1.00
NC_092313.1	55355522	55355476	1.00
NC_092313.1	55355522	55355501	1.24
NC_092313.1	55355522	55355526	2.00
NC_092313.1	55355522	55355551	1.28
NC_092313.1	55355522	55355576	1.00
NC_092313.1	55355522	55355601	1.00
NC_092313.1	55355522	55355626	1.00
NC_092313.1	55355522	55355651	0.76
NC_092313.1	55355522	55355676	0.00
NC_092313.1	55355522	55355701	0.00
NC_092313.1	55355522	55355726	0.00
NC_092313.1	55355522	55355751	0.00
NC_092313.1	55355522	55355776	0.00
NC_092313.1	55355522	55355801	0.00
NC_092313.1	55355522	55355826	0.00
NC_092313.1	55355522	55355851	0.00
NC_092313.1	55355522	55355876	0.00
NC_092313.1	55355522	55355901	0.00
NC_092313.1	55355522	55355926	0.00
NC_092313.1	55355522	55355951	0.00
NC_092313.1	55355522	55355976	0.00
NC_092313.1	55355522	55356001	0.00
NC_092313.1	55355522	55356026	0.00
NC_092313.1	55355522	55356051	0.00
NC_092313.1	55355522	55356076	0.00
NC_092313.1	55355522	55356101	0.00
NC_092313.1	55355522	55356126	0.00
NC_092313.1	55355522	55356151	0.00
NC_092313.1	55355522	55356176	0.00
NC_092313.1	55355522	55356201	0.00
NC_092313.1	55355522	55356226	0.00
NC_092313.1	55355522	55356251	0.00
NC_092313.1	55355522	55356276	0.00
NC_092313.1	55355522	55356301	0.00
NC_092313.1	55355522	55356326	0.00
NC_092313.1	55355522	55356351	0.00
NC_092313.1	55355522	55356376	0.00
NC_092313.1	55355522	55356401	0.00
NC_092313.1	55355522	55356426	0.00
NC_092313.1	55355522	55356451	0.00
NC_092313.1	55355522	55356476	0.00
NC_092313.1	55355522	55356501	0.00
NC_092313.1	55355522	55356526	0.00
NC_092313.1	55355522	55356551	0.00
NC_092313.1	55355522	55356576	0.00
NC_092313.1	55355522	55356601	0.00
NC_092313.1	55355522	55356626	0.00
NC_092313.1	55355522	55356651	0.00
NC_092313.1	55355522	55356676	0.00
NC_092313.1	55355522	55356701	0.00
NC_092313.1	55355522	55356726	0.00
NC_092313.1	55355522	55356751	0.00
NC_092313.1	55355522	55356776	0.00
NC_092313.1	55355522	55356801	0.00
NC_092313.1	55355522	55356826	0.00
NC_092313.1	55355522	55356851	0.00
NC_092313.1	55355522	55356876	0.00
NC_092313.1	55355522	55356901	0.00
NC_092313.1	55355522	55356926	0.00
NC_092313.1	55355522	55356951	0.00
NC_092313.1	55355522	55356976	0.00
NC_092313.1	55355522	55357001	0.00
NC_092313.1	55355522	55357026	0.00
NC_092313.1	55355522	55357051	0.00
NC_092313.1	55355522	55357076	0.00
NC_092313.1	55355522	55357101	0.00
NC_092313.1	55355522	55357126	0.00
NC_092313.1	55355522	55357151	0.00
NC_092313.1	55355522	55357176	0.00
NC_092313.1	55355522	55357201	0.00
NC_092313.1	55355522	55357226	0.00
NC_092313.1	55355522	55357251	0.00
NC_092313.1	55355522	55357276	0.00
NC_092313.1	55355522	55357301	0.00
NC_092313.1	55355522	55357326	0.00
NC_092313.1	55355522	55357351	0.00
NC_092313.1	55355522	55357376	0.00
NC_092313.1	55355522	55357401	0.00
NC_092313.1	55355522	55357426	0.00
NC_092313.1	55355522	55357451	0.00
NC_092313.1	55355522	55357476	0.00
NC_092313.1	55355522	55357501	0.00
NC_092313.1	55355622	55353601	0.00
NC_092313.1	55355622	55353626	0.00
NC_092313.1	55355622	55353651	0.00
NC_092313.1	55355622	55353676	0.00
NC_092313.1	55355622	55353701	0.00
NC_092313.1	55355622	55353726	0.00
NC_092313.1	55355622	55353751	0.00
NC_092313.1	55355622	55353776	0.00
NC_092313.1	55355622	55353801	0.00
NC_092313.1	55355622	55353826	0.00
NC_092313.1	55355622	55353851	0.00
NC_092313.1	55355622	55353876	0.00
NC_092313.1	55355622	55353901	0.00
NC_092313.1	55355622	55353926	0.00
NC_092313.1	55355622	55353951	0.00
NC_092313.1	55355622	55353976	0.00
NC_092313.1	55355622	55354001	0.00
NC_092313.1	55355622	55354026	0.00
NC_092313.1	55355622	55354051	0.00
NC_092313.1	55355622	55354076	0.00
NC_092313.1	55355622	55354101	0.00
NC_092313.1	55355622	55354126	0.00
NC_092313.1	55355622	55354151	0.00
NC_092313.1	55355622	55354176	0.00
NC_092313.1	55355622	55354201	0.00
NC_092313.1	55355622	55354226	0.00
NC_092313.1	55355622	55354251	0.00
NC_092313.1	55355622	55354276	0.00
NC_092313.1	55355622	55354301	0.00
NC_092313.1	55355622	55354326	0.00
NC_092313.1	55355622	55354351	0.00
NC_092313.1	55355622	55354376	0.00
NC_092313.1	55355622	55354401	0.00
NC_092313.1	55355622	55354426	0.00
NC_092313.1	55355622	55354451	0.00
NC_092313.1	55355622	55354476	0.00
NC_092313.1	55355622	55354501	0.00
NC_092313.1	55355622	55354526	0.00
NC_092313.1	55355622	55354551	0.00
NC_092313.1	55355622	55354576	0.00
NC_092313.1	55355622	55354601	0.00
NC_092313.1	55355622	55354626	0.00
NC_092313.1	55355622	55354651	0.00
NC_092313.1	55355622	55354676	0.00
NC_092313.1	55355622	55354701	0.00
NC_092313.1	55355622	55354726	0.00
NC_092313.1	55355622	55354751	0.00
NC_092313.1	55355622	55354776	0.00
NC_092313.1	55355622	55354801	0.00
NC_092313.1	55355622	55354826	0.00
NC_092313.1	55355622	55354851	0.00
NC_092313.1	55355622	55354876	0.00
NC_092313.1	55355622	55354901	0.00
NC_092313.1	55355622	55354926	0.00
NC_092313.1	55355622	55354951	0.00
NC_092313.1	55355622	55354976	0.00
NC_092313.1	55355622	55355001	0.00
NC_092313.1	55355622	55355026	0.00
NC_092313.1	55355622	55355051	0.00
NC_092313.1	55355622	55355076	0.00
NC_092313.1	55355622	55355101	0.00
NC_092313.1	55355622	55355126	0.00
NC_092313.1	55355622	55355151	0.00
NC_092313.1	55355622	55355176	0.00
NC_092313.1	55355622	55355201	0.00
NC_092313.1	55355622	55355226	0.00
NC_092313.1	55355622	55355251	0.00
NC_092313.1	55355622	55355276	0.00
NC_092313.1	55355622	55355301	0.00
NC_092313.1	55355622	55355326	0.00
NC_092313.1	55355622	55355351	0.00
NC_092313.1	55355622	55355376	0.00
NC_092313.1	55355622	55355401	0.72
NC_092313.1	55355622	55355426	1.00
NC_092313.1	55355622	55355451	1.00
NC_092313.1	55355622	55355476	1.00
NC_092313.1	55355622	55355501	1.24
NC_092313.1	55355622	55355526	2.00
NC_092313.1	55355622	55355551	1.28
NC_092313.1	55355622	55355576	1.00
NC_092313.1	55355622	55355601	1.00
NC_092313.1	55355622	55355626	1.00
NC_092313.1	55355622	55355651	0.76
NC_092313.1	55355622	55355676	0.00
NC_092313.1	55355622	55355701	0.00
NC_092313.1	55355622	55355726	0.00
NC_092313.1	55355622	55355751	0.00
NC_092313.1	55355622	55355776	0.00
NC_092313.1	55355622	55355801	0.00
NC_092313.1	55355622	55355826	0.00
NC_092313.1	55355622	55355851	0.00
NC_092313.1	55355622	55355876	0.00
NC_092313.1	55355622	55355901	0.00
NC_092313.1	55355622	55355926	0.00
NC_092313.1	55355622	55355951	0.00
NC_092313.1	55355622	55355976	0.00
NC_092313.1	55355622	55356001	0.00
NC_092313.1	55355622	55356026	0.00
NC_092313.1	55355622	55356051	0.00
NC_092313.1	55355622	55356076	0.00
NC_092313.1	55355622	55356101	0.00
NC_092313.1	55355622	55356126	0.00
NC_092313.1	55355622	55356151	0.00
NC_092313.1	55355622	55356176	0.00
NC_092313.1	55355622	55356201	0.00
NC_092313.1	55355622	55356226	0.00
NC_092313.1	55355622	55356251	0.00
NC_092313.1	55355622	55356276	0.00
NC_092313.1	55355622	55356301	0.00
NC_092313.1	55355622	55356326	0.00
NC_092313.1	55355622	55356351	0.00
NC_092313.1	55355622	55356376	0.00
NC_092313.1	55355622	55356401	0.00
NC_092313.1	55355622	55356426	0.00
NC_092313.1	55355622	55356451	0.00
NC_092313.1	55355622	55356476	0.00
NC_092313.1	55355622	55356501	0.00
NC_092313.1	55355622	55356526	0.00
NC_092313.1	55355622	55356551	0.00
NC_092313.1	55355622	55356576	0.00
NC_092313.1	55355622	55356601	0.00
NC_092313.1	55355622	55356626	0.00
NC_092313.1	55355622	55356651	0.00
NC_092313.1	55355622	55356676	0.00
NC_092313.1	55355622	55356701	0.00
NC_092313.1	55355622	55356726	0.00
NC_092313.1	55355622	55356751	0.00
NC_092313.1	55355622	55356776	0.00
NC_092313.1	55355622	55356801	0.00
NC_092313.1	55355622	55356826	0.00
NC_092313.1	55355622	55356851	0.00
NC_092313.1	55355622	55356876	0.00
NC_092313.1	55355622	55356901	0.00
NC_092313.1	55355622	55356926	0.00
NC_092313.1	55355622	55356951	0.00
NC_092313.1	55355622	55356976	0.00
NC_092313.1	55355622	55357001	0.00
NC_092313.1	55355622	55357026	0.00
NC_092313.1	55355622	55357051	0.00
NC_092313.1	55355622	55357076	0.00
NC_092313.1	55355622	55357101	0.00
NC_092313.1	55355622	55357126	0.00
NC_092313.1	55355622	55357151	0.00
NC_092313.1	55355622	55357176	0.00
NC_092313.1	55355622	55357201	0.00
NC_092313.1	55355622	55357226	0.00
NC_092313.1	55355622	55357251	0.00
NC_092313.1	55355622	55357276	0.00
NC_092313.1	55355622	55357301	0.00
NC_092313.1	55355622	55357326	0.00
NC_092313.1	55355622	55357351	0.00
NC_092313.1	55355622	55357376	0.00
NC_092313.1	55355622	55357401	0.00
NC_092313.1	55355622	55357426	0.00
NC_092313.1	55355622	55357451	0.00
NC_092313.1	55355622	55357476	0.00
NC_092313.1	55355622	55357501	0.00
NC_092313.1	55355622	55357526	0.00
NC_092313.1	55355622	55357551	0.00
NC_092313.1	55355622	55357576	0.00
NC_092313.1	55355622	55357601	0.00
NC_092314.1	15429590	15427576	0.00
NC_092314.1	15429590	15427601	0.00
NC_092314.1	15429590	15427626	0.00
NC_092314.1	15429590	15427651	0.00
NC_092314.1	15429590	15427676	0.00
NC_092314.1	15429590	15427701	0.00
NC_092314.1	15429590	15427726	0.00
NC_092314.1	15429590	15427751	0.00
NC_092314.1	15429590	15427776	0.00
NC_092314.1	15429590	15427801	0.00
NC_092314.1	15429590	15427826	0.00
NC_092314.1	15429590	15427851	0.00
NC_092314.1	15429590	15427876	0.00
NC_092314.1	15429590	15427901	0.00
NC_092314.1	15429590	15427926	0.00
NC_092314.1	15429590	15427951	0.00
NC_092314.1	15429590	15427976	0.00
NC_092314.1	15429590	15428001	0.00
NC_092314.1	15429590	15428026	0.00
NC_092314.1	15429590	15428051	0.00
NC_092314.1	15429590	15428076	0.00
NC_092314.1	15429590	15428101	0.00
NC_092314.1	15429590	15428126	0.00
NC_092314.1	15429590	15428151	0.00
NC_092314.1	15429590	15428176	0.00
NC_092314.1	15429590	15428201	0.00
NC_092314.1	15429590	15428226	0.00
NC_092314.1	15429590	15428251	0.00
NC_092314.1	15429590	15428276	0.00
NC_092314.1	15429590	15428301	0.00
NC_092314.1	15429590	15428326	0.00
NC_092314.1	15429590	15428351	0.00
NC_092314.1	15429590	15428376	0.00
NC_092314.1	15429590	15428401	0.00
NC_092314.1	15429590	15428426	0.00
NC_092314.1	15429590	15428451	0.00
NC_092314.1	15429590	15428476	0.00
NC_092314.1	15429590	15428501	0.00
NC_092314.1	15429590	15428526	0.00
NC_092314.1	15429590	15428551	0.00
NC_092314.1	15429590	15428576	0.00
NC_092314.1	15429590	15428601	0.00
NC_092314.1	15429590	15428626	0.00
NC_092314.1	15429590	15428651	0.00
NC_092314.1	15429590	15428676	0.00
NC_092314.1	15429590	15428701	0.00
NC_092314.1	15429590	15428726	0.00
NC_092314.1	15429590	15428751	0.00
NC_092314.1	15429590	15428776	0.00
NC_092314.1	15429590	15428801	0.00
NC_092314.1	15429590	15428826	0.00
NC_092314.1	15429590	15428851	0.00
NC_092314.1	15429590	15428876	0.00
NC_092314.1	15429590	15428901	0.00
NC_092314.1	15429590	15428926	0.00
NC_092314.1	15429590	15428951	0.00
NC_092314.1	15429590	15428976	0.00
NC_092314.1	15429590	15429001	0.00
NC_092314.1	15429590	15429026	0.00
NC_092314.1	15429590	15429051	0.00
NC_092314.1	15429590	15429076	0.00
NC_092314.1	15429590	15429101	0.00
NC_092314.1	15429590	15429126	0.00
NC_092314.1	15429590	15429151	0.00
NC_092314.1	15429590	15429176	0.00
NC_092314.1	15429590	15429201	0.00
NC_092314.1	15429590	15429226	0.00
NC_092314.1	15429590	15429251	0.00
NC_092314.1	15429590	15429276	0.00
NC_092314.1	15429590	15429301	0.00
NC_092314.1	15429590	15429326	0.00
NC_092314.1	15429590	15429351	0.00
NC_092314.1	15429590	15429376	0.00
NC_092314.1	15429590	15429401	0.00
NC_092314.1	15429590	15429426	0.00
NC_092314.1	15429590	15429451	0.00
NC_092314.1	15429590	15429476	0.00
NC_092314.1	15429590	15429501	0.68
NC_092314.1	15429590	15429526	1.00
NC_092314.1	15429590	15429551	1.00
NC_092314.1	15429590	15429576	1.28
NC_092314.1	15429590	15429601	2.00
NC_092314.1	15429590	15429626	2.00
NC_092314.1	15429590	15429651	1.32
NC_092314.1	15429590	15429676	1.00
NC_092314.1	15429590	15429701	1.00
NC_092314.1	15429590	15429726	0.72
NC_092314.1	15429590	15429751	0.00
NC_092314.1	15429590	15429776	0.00
NC_092314.1	15429590	15429801	0.00
NC_092314.1	15429590	15429826	0.00
NC_092314.1	15429590	15429851	0.00
NC_092314.1	15429590	15429876	0.00
NC_092314.1	15429590	15429901	0.00
NC_092314.1	15429590	15429926	0.00
NC_092314.1	15429590	15429951	0.00
NC_092314.1	15429590	15429976	0.00
NC_092314.1	15429590	15430001	0.00
NC_092314.1	15429590	15430026	0.00
NC_092314.1	15429590	15430051	0.00
NC_092314.1	15429590	15430076	0.00
NC_092314.1	15429590	15430101	0.00
NC_092314.1	15429590	15430126	0.00
NC_092314.1	15429590	15430151	0.00
NC_092314.1	15429590	15430176	0.00
NC_092314.1	15429590	15430201	0.00
NC_092314.1	15429590	15430226	0.00
NC_092314.1	15429590	15430251	0.00
NC_092314.1	15429590	15430276	0.00
NC_092314.1	15429590	15430301	0.00
NC_092314.1	15429590	15430326	0.00
NC_092314.1	15429590	15430351	0.00
NC_092314.1	15429590	15430376	0.00
NC_092314.1	15429590	15430401	0.00
NC_092314.1	15429590	15430426	0.00
NC_092314.1	15429590	15430451	0.00
NC_092314.1	15429590	15430476	0.00
NC_092314.1	15429590	15430501	0.00
NC_092314.1	15429590	15430526	0.00
NC_092314.1	15429590	15430551	0.00
NC_092314.1	15429590	15430576	0.00
NC_092314.1	15429590	15430601	0.00
NC_092314.1	15429590	15430626	0.00
NC_092314.1	15429590	15430651	0.00
NC_092314.1	15429590	15430676	0.00
NC_092314.1	15429590	15430701	0.00
NC_092314.1	15429590	15430726	0.00
NC_092314.1	15429590	15430751	0.00
NC_092314.1	15429590	15430776	0.00
NC_092314.1	15429590	15430801	0.00
NC_092314.1	15429590	15430826	0.00
NC_092314.1	15429590	15430851	0.00
NC_092314.1	15429590	15430876	0.00
NC_092314.1	15429590	15430901	0.00
NC_092314.1	15429590	15430926	0.00
NC_092314.1	15429590	15430951	0.00
NC_092314.1	15429590	15430976	0.00
NC_092314.1	15429590	15431001	0.00
NC_092314.1	15429590	15431026	0.00
NC_092314.1	15429590	15431051	0.00
NC_092314.1	15429590	15431076	0.00
NC_092314.1	15429590	15431101	0.00
NC_092314.1	15429590	15431126	0.00
NC_092314.1	15429590	15431151	0.00
NC_092314.1	15429590	15431176	0.00
NC_092314.1	15429590	15431201	0.00
NC_092314.1	15429590	15431226	0.00
NC_092314.1	15429590	15431251	0.00
NC_092314.1	15429590	15431276	0.00
NC_092314.1	15429590	15431301	0.00
NC_092314.1	15429590	15431326	0.00
NC_092314.1	15429590	15431351	0.00
NC_092314.1	15429590	15431376	0.00
NC_092314.1	15429590	15431401	0.00
NC_092314.1	15429590	15431426	0.00
NC_092314.1	15429590	15431451	0.00
NC_092314.1	15429590	15431476	0.00
NC_092314.1	15429590	15431501	0.00
NC_092314.1	15429590	15431526	0.00
NC_092314.1	15429590	15431551	0.00
NC_092314.1	15429590	15431576	0.00
NC_092314.1	33547575	33545551	0.00
NC_092314.1	33547575	33545576	0.00
NC_092314.1	33547575	33545601	0.00
NC_092314.1	33547575	33545626	0.00
NC_092314.1	33547575	33545651	0.00
NC_092314.1	33547575	33545676	0.00
NC_092314.1	33547575	33545701	0.00
NC_092314.1	33547575	33545726	0.00
NC_092314.1	33547575	33545751	0.00
NC_092314.1	33547575	33545776	0.00
NC_092314.1	33547575	33545801	0.00
NC_092314.1	33547575	33545826	0.00
NC_092314.1	33547575	33545851	0.00
NC_092314.1	33547575	33545876	0.00
NC_092314.1	33547575	33545901	0.00
NC_092314.1	33547575	33545926	0.00
NC_092314.1	33547575	33545951	0.00
NC_092314.1	33547575	33545976	0.00
NC_092314.1	33547575	33546001	0.00
NC_092314.1	33547575	33546026	0.00
NC_092314.1	33547575	33546051	0.00
NC_092314.1	33547575	33546076	0.00
NC_092314.1	33547575	33546101	0.00
NC_092314.1	33547575	33546126	0.00
NC_092314.1	33547575	33546151	0.00
NC_092314.1	33547575	33546176	0.00
NC_092314.1	33547575	33546201	0.00
NC_092314.1	33547575	33546226	0.00
NC_092314.1	33547575	33546251	0.00
NC_092314.1	33547575	33546276	0.00
NC_092314.1	33547575	33546301	0.00
NC_092314.1	33547575	33546326	0.00
NC_092314.1	33547575	33546351	0.00
NC_092314.1	33547575	33546376	0.00
NC_092314.1	33547575	33546401	0.00
NC_092314.1	33547575	33546426	0.00
NC_092314.1	33547575	33546451	0.00
NC_092314.1	33547575	33546476	0.00
NC_092314.1	33547575	33546501	0.00
NC_092314.1	33547575	33546526	0.00
NC_092314.1	33547575	33546551	0.00
NC_092314.1	33547575	33546576	0.00
NC_092314.1	33547575	33546601	0.00
NC_092314.1	33547575	33546626	0.00
NC_092314.1	33547575	33546651	0.00
NC_092314.1	33547575	33546676	0.00
NC_092314.1	33547575	33546701	0.00
NC_092314.1	33547575	33546726	0.00
NC_092314.1	33547575	33546751	0.00
NC_092314.1	33547575	33546776	0.00
NC_092314.1	33547575	33546801	0.00
NC_092314.1	33547575	33546826	0.00
NC_092314.1	33547575	33546851	0.00
NC_092314.1	33547575	33546876	0.00
NC_092314.1	33547575	33546901	0.00
NC_092314.1	33547575	33546926	0.00
NC_092314.1	33547575	33546951	0.00
NC_092314.1	33547575	33546976	0.00
NC_092314.1	33547575	33547001	0.00
NC_092314.1	33547575	33547026	0.00
NC_092314.1	33547575	33547051	0.00
NC_092314.1	33547575	33547076	0.00
NC_092314.1	33547575	33547101	0.00
NC_092314.1	33547575	33547126	0.00
NC_092314.1	33547575	33547151	0.00
NC_092314.1	33547575	33547176	0.00
NC_092314.1	33547575	33547201	0.00
NC_092314.1	33547575	33547226	0.00
NC_092314.1	33547575	33547251	0.00
NC_092314.1	33547575	33547276	0.00
NC_092314.1	33547575	33547301	0.00
NC_092314.1	33547575	33547326	0.00
NC_092314.1	33547575	33547351	0.60
NC_092314.1	33547575	33547376	1.00
NC_092314.1	33547575	33547401	1.00
NC_092314.1	33547575	33547426	1.00
NC_092314.1	33547575	33547451	1.00
NC_092314.1	33547575	33547476	1.00
NC_092314.1	33547575	33547501	0.40
NC_092314.1	33547575	33547526	0.76
NC_092314.1	33547575	33547551	1.00
NC_092314.1	33547575	33547576	1.00
NC_092314.1	33547575	33547601	1.00
NC_092314.1	33547575	33547626	1.00
NC_092314.1	33547575	33547651	1.00
NC_092314.1	33547575	33547676	0.24
NC_092314.1	33547575	33547701	0.00
NC_092314.1	33547575	33547726	0.00
NC_092314.1	33547575	33547751	0.00
NC_092314.1	33547575	33547776	0.00
NC_092314.1	33547575	33547801	0.00
NC_092314.1	33547575	33547826	0.00
NC_092314.1	33547575	33547851	0.00
NC_092314.1	33547575	33547876	0.00
NC_092314.1	33547575	33547901	0.00
NC_092314.1	33547575	33547926	0.00
NC_092314.1	33547575	33547951	0.00
NC_092314.1	33547575	33547976	0.00
NC_092314.1	33547575	33548001	0.00
NC_092314.1	33547575	33548026	0.00
NC_092314.1	33547575	33548051	0.00
NC_092314.1	33547575	33548076	0.00
NC_092314.1	33547575	33548101	0.00
NC_092314.1	33547575	33548126	0.00
NC_092314.1	33547575	33548151	0.00
NC_092314.1	33547575	33548176	0.00
NC_092314.1	33547575	33548201	0.00
NC_092314.1	33547575	33548226	0.00
NC_092314.1	33547575	33548251	0.00
NC_092314.1	33547575	33548276	0.00
NC_092314.1	33547575	33548301	0.00
NC_092314.1	33547575	33548326	0.00
NC_092314.1	33547575	33548351	0.00
NC_092314.1	33547575	33548376	0.00
NC_092314.1	33547575	33548401	0.00
NC_092314.1	33547575	33548426	0.00
NC_092314.1	33547575	33548451	0.00
NC_092314.1	33547575	33548476	0.00
NC_092314.1	33547575	33548501	0.00
NC_092314.1	33547575	33548526	0.00
NC_092314.1	33547575	33548551	0.00
NC_092314.1	33547575	33548576	0.00
NC_092314.1	33547575	33548601	0.00
NC_092314.1	33547575	33548626	0.00
NC_092314.1	33547575	33548651	0.00
NC_092314.1	33547575	33548676	0.00
NC_092314.1	33547575	33548701	0.00
NC_092314.1	33547575	33548726	0.00
NC_092314.1	33547575	33548751	0.00
NC_092314.1	33547575	33548776	0.00
NC_092314.1	33547575	33548801	0.00
NC_092314.1	33547575	33548826	0.00
NC_092314.1	33547575	33548851	0.00
NC_092314.1	33547575	33548876	0.00
NC_092314.1	33547575	33548901	0.00
NC_092314.1	33547575	33548926	0.00
NC_092314.1	33547575	33548951	0.00
NC_092314.1	33547575	33548976	0.00
NC_092314.1	33547575	33549001	0.00
NC_092314.1	33547575	33549026	0.00
NC_092314.1	33547575	33549051	0.00
NC_092314.1	33547575	33549076	0.00
NC_092314.1	33547575	33549101	0.00
NC_092314.1	33547575	33549126	0.00
NC_092314.1	33547575	33549151	0.00
NC_092314.1	33547575	33549176	0.00
NC_092314.1	33547575	33549201	0.00
NC_092314.1	33547575	33549226	0.00
NC_092314.1	33547575	33549251	0.00
NC_092314.1	33547575	33549276	0.00
NC_092314.1	33547575	33549301	0.00
NC_092314.1	33547575	33549326	0.00
NC_092314.1	33547575	33549351	0.00
NC_092314.1	33547575	33549376	0.00
NC_092314.1	33547575	33549401	0.00
NC_092314.1	33547575	33549426	0.00
NC_092314.1	33547575	33549451	0.00
NC_092314.1	33547575	33549476	0.00
NC_092314.1	33547575	33549501	0.00
NC_092314.1	33547575	33549526	0.00
NC_092314.1	33547575	33549551	0.00
NC_092315.1	6025843	6023826	0.00
NC_092315.1	6025843	6023851	0.00
NC_092315.1	6025843	6023876	0.00
NC_092315.1	6025843	6023901	0.00
NC_092315.1	6025843	6023926	0.00
NC_092315.1	6025843	6023951	0.00
NC_092315.1	6025843	6023976	0.00
NC_092315.1	6025843	6024001	0.00
NC_092315.1	6025843	6024026	0.00
NC_092315.1	6025843	6024051	0.00
NC_092315.1	6025843	6024076	0.00
NC_092315.1	6025843	6024101	0.00
NC_092315.1	6025843	6024126	0.00
NC_092315.1	6025843	6024151	0.00
NC_092315.1	6025843	6024176	0.00
NC_092315.1	6025843	6024201	0.00
NC_092315.1	6025843	6024226	0.00
NC_092315.1	6025843	6024251	0.00
NC_092315.1	6025843	6024276	0.00
NC_092315.1	6025843	6024301	0.00
NC_092315.1	6025843	6024326	0.00
NC_092315.1	6025843	6024351	0.00
NC_092315.1	6025843	6024376	0.00
NC_092315.1	6025843	6024401	0.00
NC_092315.1	6025843	6024426	0.00
NC_092315.1	6025843	6024451	0.00
NC_092315.1	6025843	6024476	0.00
NC_092315.1	6025843	6024501	0.00
NC_092315.1	6025843	6024526	0.00
NC_092315.1	6025843	6024551	0.00
NC_092315.1	6025843	6024576	0.00
NC_092315.1	6025843	6024601	0.00
NC_092315.1	6025843	6024626	0.00
NC_092315.1	6025843	6024651	0.00
NC_092315.1	6025843	6024676	0.00
NC_092315.1	6025843	6024701	0.00
NC_092315.1	6025843	6024726	0.00
NC_092315.1	6025843	6024751	0.00
NC_092315.1	6025843	6024776	0.00
NC_092315.1	6025843	6024801	0.00
NC_092315.1	6025843	6024826	0.00
NC_092315.1	6025843	6024851	0.00
NC_092315.1	6025843	6024876	0.00
NC_092315.1	6025843	6024901	0.00
NC_092315.1	6025843	6024926	0.00
NC_092315.1	6025843	6024951	0.00
NC_092315.1	6025843	6024976	0.00
NC_092315.1	6025843	6025001	0.00
NC_092315.1	6025843	6025026	0.00
NC_092315.1	6025843	6025051	0.00
NC_092315.1	6025843	6025076	0.00
NC_092315.1	6025843	6025101	0.00
NC_092315.1	6025843	6025126	0.00
NC_092315.1	6025843	6025151	0.00
NC_092315.1	6025843	6025176	0.00
NC_092315.1	6025843	6025201	0.00
NC_092315.1	6025843	6025226	0.00
NC_092315.1	6025843	6025251	0.00
NC_092315.1	6025843	6025276	0.00
NC_092315.1	6025843	6025301	0.00
NC_092315.1	6025843	6025326	0.00
NC_092315.1	6025843	6025351	0.00
NC_092315.1	6025843	6025376	0.00
NC_092315.1	6025843	6025401	0.00
NC_092315.1	6025843	6025426	0.00
NC_092315.1	6025843	6025451	0.00
NC_092315.1	6025843	6025476	0.00
NC_092315.1	6025843	6025501	0.00
NC_092315.1	6025843	6025526	0.00
NC_092315.1	6025843	6025551	0.00
NC_092315.1	6025843	6025576	0.00
NC_092315.1	6025843	6025601	0.76
NC_092315.1	6025843	6025626	1.00
NC_092315.1	6025843	6025651	1.00
NC_092315.1	6025843	6025676	1.00
NC_092315.1	6025843	6025701	1.00
NC_092315.1	6025843	6025726	1.52
NC_092315.1	6025843	6025751	1.24
NC_092315.1	6025843	6025776	1.00
NC_092315.1	6025843	6025801	1.00
NC_092315.1	6025843	6025826	1.00
NC_092315.1	6025843	6025851	1.00
NC_092315.1	6025843	6025876	0.48
NC_092315.1	6025843	6025901	0.00
NC_092315.1	6025843	6025926	0.00
NC_092315.1	6025843	6025951	0.00
NC_092315.1	6025843	6025976	0.00
NC_092315.1	6025843	6026001	0.00
NC_092315.1	6025843	6026026	0.00
NC_092315.1	6025843	6026051	0.00
NC_092315.1	6025843	6026076	0.00
NC_092315.1	6025843	6026101	0.00
NC_092315.1	6025843	6026126	0.00
NC_092315.1	6025843	6026151	0.00
NC_092315.1	6025843	6026176	0.00
NC_092315.1	6025843	6026201	0.00
NC_092315.1	6025843	6026226	0.00
NC_092315.1	6025843	6026251	0.00
NC_092315.1	6025843	6026276	0.00
NC_092315.1	6025843	6026301	0.00
NC_092315.1	6025843	6026326	0.00
NC_092315.1	6025843	6026351	0.00
NC_092315.1	6025843	6026376	0.00
NC_092315.1	6025843	6026401	0.00
NC_092315.1	6025843	6026426	0.00
NC_092315.1	6025843	6026451	0.00
NC_092315.1	6025843	6026476	0.00
NC_092315.1	6025843	6026501	0.00
NC_092315.1	6025843	6026526	0.00
NC_092315.1	6025843	6026551	0.00
NC_092315.1	6025843	6026576	0.00
NC_092315.1	6025843	6026601	0.00
NC_092315.1	6025843	6026626	0.00
NC_092315.1	6025843	6026651	0.00
NC_092315.1	6025843	6026676	0.00
NC_092315.1	6025843	6026701	0.00
NC_092315.1	6025843	6026726	0.00
NC_092315.1	6025843	6026751	0.00
NC_092315.1	6025843	6026776	0.00
NC_092315.1	6025843	6026801	0.00
NC_092315.1	6025843	6026826	0.00
NC_092315.1	6025843	6026851	0.00
NC_092315.1	6025843	6026876	0.00
NC_092315.1	6025843	6026901	0.00
NC_092315.1	6025843	6026926	0.00
NC_092315.1	6025843	6026951	0.00
NC_092315.1	6025843	6026976	0.00
NC_092315.1	6025843	6027001	0.00
NC_092315.1	6025843	6027026	0.00
NC_092315.1	6025843	6027051	0.00
NC_092315.1	6025843	6027076	0.00
NC_092315.1	6025843	6027101	0.00
NC_092315.1	6025843	6027126	0.00
NC_092315.1	6025843	6027151	0.00
NC_092315.1	6025843	6027176	0.00
NC_092315.1	6025843	6027201	0.00
NC_092315.1	6025843	6027226	0.00
NC_092315.1	6025843	6027251	0.00
NC_092315.1	6025843	6027276	0.00
NC_092315.1	6025843	6027301	0.00
NC_092315.1	6025843	6027326	0.00
NC_092315.1	6025843	6027351	0.00
NC_092315.1	6025843	6027376	0.00
NC_092315.1	6025843	6027401	0.00
NC_092315.1	6025843	6027426	0.00
NC_092315.1	6025843	6027451	0.00
NC_092315.1	6025843	6027476	0.00
NC_092315.1	6025843	6027501	0.00
NC_092315.1	6025843	6027526	0.00
NC_092315.1	6025843	6027551	0.00
NC_092315.1	6025843	6027576	0.00
NC_092315.1	6025843	6027601	0.00
NC_092315.1	6025843	6027626	0.00
NC_092315.1	6025843	6027651	0.00
NC_092315.1	6025843	6027676	0.00
NC_092315.1	6025843	6027701	0.00
NC_092315.1	6025843	6027726	0.00
NC_092315.1	6025843	6027751	0.00
NC_092315.1	6025843	6027776	0.00
NC_092315.1	6025843	6027801	0.00
NC_092315.1	6025843	6027826	0.00
NC_092315.1	8570001	8568001	0.00
NC_092315.1	8570001	8568026	0.00
NC_092315.1	8570001	8568051	0.00
NC_092315.1	8570001	8568076	0.00
NC_092315.1	8570001	8568101	0.00
NC_092315.1	8570001	8568126	0.00
NC_092315.1	8570001	8568151	0.00
NC_092315.1	8570001	8568176	0.00
NC_092315.1	8570001	8568201	0.00
NC_092315.1	8570001	8568226	0.00
NC_092315.1	8570001	8568251	0.00
NC_092315.1	8570001	8568276	0.00
NC_092315.1	8570001	8568301	0.00
NC_092315.1	8570001	8568326	0.00
NC_092315.1	8570001	8568351	0.00
NC_092315.1	8570001	8568376	0.00
NC_092315.1	8570001	8568401	0.00
NC_092315.1	8570001	8568426	0.00
NC_092315.1	8570001	8568451	0.00
NC_092315.1	8570001	8568476	0.00
NC_092315.1	8570001	8568501	0.00
NC_092315.1	8570001	8568526	0.00
NC_092315.1	8570001	8568551	0.00
NC_092315.1	8570001	8568576	0.00
NC_092315.1	8570001	8568601	0.00
NC_092315.1	8570001	8568626	0.00
NC_092315.1	8570001	8568651	0.00
NC_092315.1	8570001	8568676	0.00
NC_092315.1	8570001	8568701	0.00
NC_092315.1	8570001	8568726	0.00
NC_092315.1	8570001	8568751	0.00
NC_092315.1	8570001	8568776	0.00
NC_092315.1	8570001	8568801	0.00
NC_092315.1	8570001	8568826	0.00
NC_092315.1	8570001	8568851	0.00
NC_092315.1	8570001	8568876	0.00
NC_092315.1	8570001	8568901	0.00
NC_092315.1	8570001	8568926	0.00
NC_092315.1	8570001	8568951	0.00
NC_092315.1	8570001	8568976	0.00
NC_092315.1	8570001	8569001	0.00
NC_092315.1	8570001	8569026	0.00
NC_092315.1	8570001	8569051	0.00
NC_092315.1	8570001	8569076	0.00
NC_092315.1	8570001	8569101	0.00
NC_092315.1	8570001	8569126	0.00
NC_092315.1	8570001	8569151	0.00
NC_092315.1	8570001	8569176	0.00
NC_092315.1	8570001	8569201	0.00
NC_092315.1	8570001	8569226	0.00
NC_092315.1	8570001	8569251	0.00
NC_092315.1	8570001	8569276	0.00
NC_092315.1	8570001	8569301	0.00
NC_092315.1	8570001	8569326	0.00
NC_092315.1	8570001	8569351	0.00
NC_092315.1	8570001	8569376	0.00
NC_092315.1	8570001	8569401	0.00
NC_092315.1	8570001	8569426	0.00
NC_092315.1	8570001	8569451	0.00
NC_092315.1	8570001	8569476	0.00
NC_092315.1	8570001	8569501	0.00
NC_092315.1	8570001	8569526	0.00
NC_092315.1	8570001	8569551	0.00
NC_092315.1	8570001	8569576	0.00
NC_092315.1	8570001	8569601	0.00
NC_092315.1	8570001	8569626	0.00
NC_092315.1	8570001	8569651	0.00
NC_092315.1	8570001	8569676	0.00
NC_092315.1	8570001	8569701	0.00
NC_092315.1	8570001	8569726	0.00
NC_092315.1	8570001	8569751	0.00
NC_092315.1	8570001	8569776	0.00
NC_092315.1	8570001	8569801	0.00
NC_092315.1	8570001	8569826	0.00
NC_092315.1	8570001	8569851	0.00
NC_092315.1	8570001	8569876	0.00
NC_092315.1	8570001	8569901	0.00
NC_092315.1	8570001	8569926	0.00
NC_092315.1	8570001	8569951	0.32
NC_092315.1	8570001	8569976	1.00
NC_092315.1	8570001	8570001	1.00
NC_092315.1	8570001	8570026	1.00
NC_092315.1	8570001	8570051	1.00
NC_092315.1	8570001	8570076	1.00
NC_092315.1	8570001	8570101	0.68
NC_092315.1	8570001	8570126	0.00
NC_092315.1	8570001	8570151	0.40
NC_092315.1	8570001	8570176	1.00
NC_092315.1	8570001	8570201	1.00
NC_092315.1	8570001	8570226	1.00
NC_092315.1	8570001	8570251	1.00
NC_092315.1	8570001	8570276	1.00
NC_092315.1	8570001	8570301	0.60
NC_092315.1	8570001	8570326	0.00
NC_092315.1	8570001	8570351	0.00
NC_092315.1	8570001	8570376	0.00
NC_092315.1	8570001	8570401	0.00
NC_092315.1	8570001	8570426	0.00
NC_092315.1	8570001	8570451	0.00
NC_092315.1	8570001	8570476	0.00
NC_092315.1	8570001	8570501	0.00
NC_092315.1	8570001	8570526	0.00
NC_092315.1	8570001	8570551	0.00
NC_092315.1	8570001	8570576	0.00
NC_092315.1	8570001	8570601	0.00
NC_092315.1	8570001	8570626	0.00
NC_092315.1	8570001	8570651	0.00
NC_092315.1	8570001	8570676	0.00
NC_092315.1	8570001	8570701	0.00
NC_092315.1	8570001	8570726	0.00
NC_092315.1	8570001	8570751	0.00
NC_092315.1	8570001	8570776	0.00
NC_092315.1	8570001	8570801	0.00
NC_092315.1	8570001	8570826	0.00
NC_092315.1	8570001	8570851	0.00
NC_092315.1	8570001	8570876	0.00
NC_092315.1	8570001	8570901	0.00
NC_092315.1	8570001	8570926	0.00
NC_092315.1	8570001	8570951	0.00
NC_092315.1	8570001	8570976	0.00
NC_092315.1	8570001	8571001	0.00
NC_092315.1	8570001	8571026	0.00
NC_092315.1	8570001	8571051	0.00
NC_092315.1	8570001	8571076	0.00
NC_092315.1	8570001	8571101	0.00
NC_092315.1	8570001	8571126	0.00
NC_092315.1	8570001	8571151	0.00
NC_092315.1	8570001	8571176	0.00
NC_092315.1	8570001	8571201	0.00
NC_092315.1	8570001	8571226	0.00
NC_092315.1	8570001	8571251	0.00
NC_092315.1	8570001	8571276	0.00
NC_092315.1	8570001	8571301	0.00
NC_092315.1	8570001	8571326	0.00
NC_092315.1	8570001	8571351	0.00
NC_092315.1	8570001	8571376	0.00
NC_092315.1	8570001	8571401	0.00
NC_092315.1	8570001	8571426	0.00
NC_092315.1	8570001	8571451	0.00
NC_092315.1	8570001	8571476	0.00
NC_092315.1	8570001	8571501	0.00
NC_092315.1	8570001	8571526	0.00
NC_092315.1	8570001	8571551	0.00
NC_092315.1	8570001	8571576	0.00
NC_092315.1	8570001	8571601	0.00
NC_092315.1	8570001	8571626	0.00
NC_092315.1	8570001	8571651	0.00
NC_092315.1	8570001	8571676	0.00
NC_092315.1	8570001	8571701	0.00
NC_092315.1	8570001	8571726	0.00
NC_092315.1	8570001	8571751	0.00
NC_092315.1	8570001	8571776	0.00
NC_092315.1	8570001	8571801	0.00
NC_092315.1	8570001	8571826	0.00
NC_092315.1	8570001	8571851	0.00
NC_092315.1	8570001	8571876	0.00
NC_092315.1	8570001	8571901	0.00
NC_092315.1	8570001	8571926	0.00
NC_092315.1	8570001	8571951	0.00
NC_092315.1	8570001	8571976	0.00
NC_092315.1	8570001	8572001	0.00
NC_092315.1	14232385	14230376	0.00
NC_092315.1	14232385	14230401	0.00
NC_092315.1	14232385	14230426	0.00
NC_092315.1	14232385	14230451	0.00
NC_092315.1	14232385	14230476	0.00
NC_092315.1	14232385	14230501	0.00
NC_092315.1	14232385	14230526	0.00
NC_092315.1	14232385	14230551	0.00
NC_092315.1	14232385	14230576	0.00
NC_092315.1	14232385	14230601	0.00
NC_092315.1	14232385	14230626	0.00
NC_092315.1	14232385	14230651	0.00
NC_092315.1	14232385	14230676	0.00
NC_092315.1	14232385	14230701	0.00
NC_092315.1	14232385	14230726	0.00
NC_092315.1	14232385	14230751	0.00
NC_092315.1	14232385	14230776	0.00
NC_092315.1	14232385	14230801	0.00
NC_092315.1	14232385	14230826	0.00
NC_092315.1	14232385	14230851	0.00
NC_092315.1	14232385	14230876	0.00
NC_092315.1	14232385	14230901	0.00
NC_092315.1	14232385	14230926	0.00
NC_092315.1	14232385	14230951	0.00
NC_092315.1	14232385	14230976	0.00
NC_092315.1	14232385	14231001	0.00
NC_092315.1	14232385	14231026	0.00
NC_092315.1	14232385	14231051	0.00
NC_092315.1	14232385	14231076	0.00
NC_092315.1	14232385	14231101	0.00
NC_092315.1	14232385	14231126	0.00
NC_092315.1	14232385	14231151	0.00
NC_092315.1	14232385	14231176	0.00
NC_092315.1	14232385	14231201	0.00
NC_092315.1	14232385	14231226	0.00
NC_092315.1	14232385	14231251	0.00
NC_092315.1	14232385	14231276	0.00
NC_092315.1	14232385	14231301	0.00
NC_092315.1	14232385	14231326	0.00
NC_092315.1	14232385	14231351	0.00
NC_092315.1	14232385	14231376	0.00
NC_092315.1	14232385	14231401	0.00
NC_092315.1	14232385	14231426	0.00
NC_092315.1	14232385	14231451	0.00
NC_092315.1	14232385	14231476	0.00
NC_092315.1	14232385	14231501	0.00
NC_092315.1	14232385	14231526	0.00
NC_092315.1	14232385	14231551	0.00
NC_092315.1	14232385	14231576	0.00
NC_092315.1	14232385	14231601	0.00
NC_092315.1	14232385	14231626	0.00
NC_092315.1	14232385	14231651	0.00
NC_092315.1	14232385	14231676	0.00
NC_092315.1	14232385	14231701	0.00
NC_092315.1	14232385	14231726	0.00
NC_092315.1	14232385	14231751	0.00
NC_092315.1	14232385	14231776	0.00
NC_092315.1	14232385	14231801	0.00
NC_092315.1	14232385	14231826	0.00
NC_092315.1	14232385	14231851	0.00
NC_092315.1	14232385	14231876	0.00
NC_092315.1	14232385	14231901	0.00
NC_092315.1	14232385	14231926	0.00
NC_092315.1	14232385	14231951	0.00
NC_092315.1	14232385	14231976	0.00
NC_092315.1	14232385	14232001	0.00
NC_092315.1	14232385	14232026	0.00
NC_092315.1	14232385	14232051	0.00
NC_092315.1	14232385	14232076	0.00
NC_092315.1	14232385	14232101	0.00
NC_092315.1	14232385	14232126	0.00
NC_092315.1	14232385	14232151	0.00
NC_092315.1	14232385	14232176	0.00
NC_092315.1	14232385	14232201	0.00
NC_092315.1	14232385	14232226	0.08
NC_092315.1	14232385	14232251	1.00
NC_092315.1	14232385	14232276	1.00
NC_092315.1	14232385	14232301	1.00
NC_092315.1	14232385	14232326	1.64
NC_092315.1	14232385	14232351	2.00
NC_092315.1	14232385	14232376	1.92
NC_092315.1	14232385	14232401	1.00
NC_092315.1	14232385	14232426	1.00
NC_092315.1	14232385	14232451	1.00
NC_092315.1	14232385	14232476	0.36
NC_092315.1	14232385	14232501	0.00
NC_092315.1	14232385	14232526	0.00
NC_092315.1	14232385	14232551	0.00
NC_092315.1	14232385	14232576	0.00
NC_092315.1	14232385	14232601	0.00
NC_092315.1	14232385	14232626	0.00
NC_092315.1	14232385	14232651	0.00
NC_092315.1	14232385	14232676	0.00
NC_092315.1	14232385	14232701	0.00
NC_092315.1	14232385	14232726	0.00
NC_092315.1	14232385	14232751	0.00
NC_092315.1	14232385	14232776	0.00
NC_092315.1	14232385	14232801	0.00
NC_092315.1	14232385	14232826	0.00
NC_092315.1	14232385	14232851	0.00
NC_092315.1	14232385	14232876	0.00
NC_092315.1	14232385	14232901	0.00
NC_092315.1	14232385	14232926	0.00
NC_092315.1	14232385	14232951	0.00
NC_092315.1	14232385	14232976	0.00
NC_092315.1	14232385	14233001	0.00
NC_092315.1	14232385	14233026	0.00
NC_092315.1	14232385	14233051	0.00
NC_092315.1	14232385	14233076	0.00
NC_092315.1	14232385	14233101	0.00
NC_092315.1	14232385	14233126	0.00
NC_092315.1	14232385	14233151	0.00
NC_092315.1	14232385	14233176	0.00
NC_092315.1	14232385	14233201	0.00
NC_092315.1	14232385	14233226	0.00
NC_092315.1	14232385	14233251	0.00
NC_092315.1	14232385	14233276	0.00
NC_092315.1	14232385	14233301	0.00
NC_092315.1	14232385	14233326	0.00
NC_092315.1	14232385	14233351	0.00
NC_092315.1	14232385	14233376	0.00
NC_092315.1	14232385	14233401	0.00
NC_092315.1	14232385	14233426	0.00
NC_092315.1	14232385	14233451	0.00
NC_092315.1	14232385	14233476	0.00
NC_092315.1	14232385	14233501	0.00
NC_092315.1	14232385	14233526	0.00
NC_092315.1	14232385	14233551	0.00
NC_092315.1	14232385	14233576	0.00
NC_092315.1	14232385	14233601	0.00
NC_092315.1	14232385	14233626	0.00
NC_092315.1	14232385	14233651	0.00
NC_092315.1	14232385	14233676	0.00
NC_092315.1	14232385	14233701	0.00
NC_092315.1	14232385	14233726	0.00
NC_092315.1	14232385	14233751	0.00
NC_092315.1	14232385	14233776	0.00
NC_092315.1	14232385	14233801	0.00
NC_092315.1	14232385	14233826	0.00
NC_092315.1	14232385	14233851	0.00
NC_092315.1	14232385	14233876	0.00
NC_092315.1	14232385	14233901	0.00
NC_092315.1	14232385	14233926	0.00
NC_092315.1	14232385	14233951	0.00
NC_092315.1	14232385	14233976	0.00
NC_092315.1	14232385	14234001	0.00
NC_092315.1	14232385	14234026	0.00
NC_092315.1	14232385	14234051	0.00
NC_092315.1	14232385	14234076	0.00
NC_092315.1	14232385	14234101	0.00
NC_092315.1	14232385	14234126	0.00
NC_092315.1	14232385	14234151	0.00
NC_092315.1	14232385	14234176	0.00
NC_092315.1	14232385	14234201	0.00
NC_092315.1	14232385	14234226	0.00
NC_092315.1	14232385	14234251	0.00
NC_092315.1	14232385	14234276	0.00
NC_092315.1	14232385	14234301	0.00
NC_092315.1	14232385	14234326	0.00
NC_092315.1	14232385	14234351	0.00
NC_092315.1	14232385	14234376	0.00
NC_092315.1	18341330	18339326	0.00
NC_092315.1	18341330	18339351	0.00
NC_092315.1	18341330	18339376	0.00
NC_092315.1	18341330	18339401	0.00
NC_092315.1	18341330	18339426	0.00
NC_092315.1	18341330	18339451	0.00
NC_092315.1	18341330	18339476	0.00
NC_092315.1	18341330	18339501	0.00
NC_092315.1	18341330	18339526	0.00
NC_092315.1	18341330	18339551	0.00
NC_092315.1	18341330	18339576	0.00
NC_092315.1	18341330	18339601	0.00
NC_092315.1	18341330	18339626	0.00
NC_092315.1	18341330	18339651	0.00
NC_092315.1	18341330	18339676	0.00
NC_092315.1	18341330	18339701	0.00
NC_092315.1	18341330	18339726	0.00
NC_092315.1	18341330	18339751	0.00
NC_092315.1	18341330	18339776	0.00
NC_092315.1	18341330	18339801	0.00
NC_092315.1	18341330	18339826	0.00
NC_092315.1	18341330	18339851	0.00
NC_092315.1	18341330	18339876	0.00
NC_092315.1	18341330	18339901	0.00
NC_092315.1	18341330	18339926	0.00
NC_092315.1	18341330	18339951	0.00
NC_092315.1	18341330	18339976	0.00
NC_092315.1	18341330	18340001	0.00
NC_092315.1	18341330	18340026	0.00
NC_092315.1	18341330	18340051	0.00
NC_092315.1	18341330	18340076	0.00
NC_092315.1	18341330	18340101	0.00
NC_092315.1	18341330	18340126	0.00
NC_092315.1	18341330	18340151	0.00
NC_092315.1	18341330	18340176	0.00
NC_092315.1	18341330	18340201	0.00
NC_092315.1	18341330	18340226	0.00
NC_092315.1	18341330	18340251	0.00
NC_092315.1	18341330	18340276	0.00
NC_092315.1	18341330	18340301	0.00
NC_092315.1	18341330	18340326	0.00
NC_092315.1	18341330	18340351	0.00
NC_092315.1	18341330	18340376	0.00
NC_092315.1	18341330	18340401	0.00
NC_092315.1	18341330	18340426	0.00
NC_092315.1	18341330	18340451	0.00
NC_092315.1	18341330	18340476	0.00
NC_092315.1	18341330	18340501	0.00
NC_092315.1	18341330	18340526	0.00
NC_092315.1	18341330	18340551	0.00
NC_092315.1	18341330	18340576	0.00
NC_092315.1	18341330	18340601	0.00
NC_092315.1	18341330	18340626	0.00
NC_092315.1	18341330	18340651	0.00
NC_092315.1	18341330	18340676	0.00
NC_092315.1	18341330	18340701	0.00
NC_092315.1	18341330	18340726	0.00
NC_092315.1	18341330	18340751	0.00
NC_092315.1	18341330	18340776	0.00
NC_092315.1	18341330	18340801	0.00
NC_092315.1	18341330	18340826	0.00
NC_092315.1	18341330	18340851	0.00
NC_092315.1	18341330	18340876	0.00
NC_092315.1	18341330	18340901	0.00
NC_092315.1	18341330	18340926	0.00
NC_092315.1	18341330	18340951	0.00
NC_092315.1	18341330	18340976	0.00
NC_092315.1	18341330	18341001	0.00
NC_092315.1	18341330	18341026	0.00
NC_092315.1	18341330	18341051	0.00
NC_092315.1	18341330	18341076	0.00
NC_092315.1	18341330	18341101	0.00
NC_092315.1	18341330	18341126	0.00
NC_092315.1	18341330	18341151	0.00
NC_092315.1	18341330	18341176	0.00
NC_092315.1	18341330	18341201	0.28
NC_092315.1	18341330	18341226	1.00
NC_092315.1	18341330	18341251	1.00
NC_092315.1	18341330	18341276	1.00
NC_092315.1	18341330	18341301	1.00
NC_092315.1	18341330	18341326	1.68
NC_092315.1	18341330	18341351	1.72
NC_092315.1	18341330	18341376	1.00
NC_092315.1	18341330	18341401	1.00
NC_092315.1	18341330	18341426	1.00
NC_092315.1	18341330	18341451	1.00
NC_092315.1	18341330	18341476	0.32
NC_092315.1	18341330	18341501	0.00
NC_092315.1	18341330	18341526	0.00
NC_092315.1	18341330	18341551	0.00
NC_092315.1	18341330	18341576	0.00
NC_092315.1	18341330	18341601	0.00
NC_092315.1	18341330	18341626	0.00
NC_092315.1	18341330	18341651	0.00
NC_092315.1	18341330	18341676	0.00
NC_092315.1	18341330	18341701	0.00
NC_092315.1	18341330	18341726	0.00
NC_092315.1	18341330	18341751	0.00
NC_092315.1	18341330	18341776	0.00
NC_092315.1	18341330	18341801	0.00
NC_092315.1	18341330	18341826	0.00
NC_092315.1	18341330	18341851	0.00
NC_092315.1	18341330	18341876	0.00
NC_092315.1	18341330	18341901	0.00
NC_092315.1	18341330	18341926	0.00
NC_092315.1	18341330	18341951	0.00
NC_092315.1	18341330	18341976	0.00
NC_092315.1	18341330	18342001	0.00
NC_092315.1	18341330	18342026	0.00
NC_092315.1	18341330	18342051	0.00
NC_092315.1	18341330	18342076	0.00
NC_092315.1	18341330	18342101	0.00
NC_092315.1	18341330	18342126	0.00
NC_092315.1	18341330	18342151	0.00
NC_092315.1	18341330	18342176	0.00
NC_092315.1	18341330	18342201	0.00
NC_092315.1	18341330	18342226	0.00
NC_092315.1	18341330	18342251	0.00
NC_092315.1	18341330	18342276	0.00
NC_092315.1	18341330	18342301	0.00
NC_092315.1	18341330	18342326	0.00
NC_092315.1	18341330	18342351	0.00
NC_092315.1	18341330	18342376	0.00
NC_092315.1	18341330	18342401	0.00
NC_092315.1	18341330	18342426	0.00
NC_092315.1	18341330	18342451	0.00
NC_092315.1	18341330	18342476	0.00
NC_092315.1	18341330	18342501	0.00
NC_092315.1	18341330	18342526	0.00
NC_092315.1	18341330	18342551	0.00
NC_092315.1	18341330	18342576	0.00
NC_092315.1	18341330	18342601	0.00
NC_092315.1	18341330	18342626	0.00
NC_092315.1	18341330	18342651	0.00
NC_092315.1	18341330	18342676	0.00
NC_092315.1	18341330	18342701	0.00
NC_092315.1	18341330	18342726	0.00
NC_092315.1	18341330	18342751	0.00
NC_092315.1	18341330	18342776	0.00
NC_092315.1	18341330	18342801	0.00
NC_092315.1	18341330	18342826	0.00
NC_092315.1	18341330	18342851	0.00
NC_092315.1	18341330	18342876	0.00
NC_092315.1	18341330	18342901	0.00
NC_092315.1	18341330	18342926	0.00
NC_092315.1	18341330	18342951	0.00
NC_092315.1	18341330	18342976	0.00
NC_092315.1	18341330	18343001	0.00
NC_092315.1	18341330	18343026	0.00
NC_092315.1	18341330	18343051	0.00
NC_092315.1	18341330	18343076	0.00
NC_092315.1	18341330	18343101	0.00
NC_092315.1	18341330	18343126	0.00
NC_092315.1	18341330	18343151	0.00
NC_092315.1	18341330	18343176	0.00
NC_092315.1	18341330	18343201	0.00
NC_092315.1	18341330	18343226	0.00
NC_092315.1	18341330	18343251	0.00
NC_092315.1	18341330	18343276	0.00
NC_092315.1	18341330	18343301	0.00
NC_092315.1	18341330	18343326	0.00
NC_092315.1	33401315	33399301	0.00
NC_092315.1	33401315	33399326	0.00
NC_092315.1	33401315	33399351	0.00
NC_092315.1	33401315	33399376	0.00
NC_092315.1	33401315	33399401	0.00
NC_092315.1	33401315	33399426	0.00
NC_092315.1	33401315	33399451	0.00
NC_092315.1	33401315	33399476	0.00
NC_092315.1	33401315	33399501	0.00
NC_092315.1	33401315	33399526	0.00
NC_092315.1	33401315	33399551	0.00
NC_092315.1	33401315	33399576	0.00
NC_092315.1	33401315	33399601	0.00
NC_092315.1	33401315	33399626	0.00
NC_092315.1	33401315	33399651	0.00
NC_092315.1	33401315	33399676	0.00
NC_092315.1	33401315	33399701	0.00
NC_092315.1	33401315	33399726	0.00
NC_092315.1	33401315	33399751	0.00
NC_092315.1	33401315	33399776	0.00
NC_092315.1	33401315	33399801	0.00
NC_092315.1	33401315	33399826	0.00
NC_092315.1	33401315	33399851	0.00
NC_092315.1	33401315	33399876	0.00
NC_092315.1	33401315	33399901	0.00
NC_092315.1	33401315	33399926	0.00
NC_092315.1	33401315	33399951	0.00
NC_092315.1	33401315	33399976	0.00
NC_092315.1	33401315	33400001	0.00
NC_092315.1	33401315	33400026	0.00
NC_092315.1	33401315	33400051	0.00
NC_092315.1	33401315	33400076	0.00
NC_092315.1	33401315	33400101	0.00
NC_092315.1	33401315	33400126	0.00
NC_092315.1	33401315	33400151	0.00
NC_092315.1	33401315	33400176	0.00
NC_092315.1	33401315	33400201	0.00
NC_092315.1	33401315	33400226	0.00
NC_092315.1	33401315	33400251	0.00
NC_092315.1	33401315	33400276	0.00
NC_092315.1	33401315	33400301	0.00
NC_092315.1	33401315	33400326	0.00
NC_092315.1	33401315	33400351	0.00
NC_092315.1	33401315	33400376	0.00
NC_092315.1	33401315	33400401	0.00
NC_092315.1	33401315	33400426	0.00
NC_092315.1	33401315	33400451	0.00
NC_092315.1	33401315	33400476	0.00
NC_092315.1	33401315	33400501	0.00
NC_092315.1	33401315	33400526	0.00
NC_092315.1	33401315	33400551	0.00
NC_092315.1	33401315	33400576	0.00
NC_092315.1	33401315	33400601	0.00
NC_092315.1	33401315	33400626	0.00
NC_092315.1	33401315	33400651	0.00
NC_092315.1	33401315	33400676	0.00
NC_092315.1	33401315	33400701	0.00
NC_092315.1	33401315	33400726	0.00
NC_092315.1	33401315	33400751	0.00
NC_092315.1	33401315	33400776	0.00
NC_092315.1	33401315	33400801	0.00
NC_092315.1	33401315	33400826	0.00
NC_092315.1	33401315	33400851	0.00
NC_092315.1	33401315	33400876	0.00
NC_092315.1	33401315	33400901	0.00
NC_092315.1	33401315	33400926	0.00
NC_092315.1	33401315	33400951	0.00
NC_092315.1	33401315	33400976	0.00
NC_092315.1	33401315	33401001	0.00
NC_092315.1	33401315	33401026	0.00
NC_092315.1	33401315	33401051	0.00
NC_092315.1	33401315	33401076	0.00
NC_092315.1	33401315	33401101	0.00
NC_092315.1	33401315	33401126	0.00
NC_092315.1	33401315	33401151	0.00
NC_092315.1	33401315	33401176	0.00
NC_092315.1	33401315	33401201	0.00
NC_092315.1	33401315	33401226	0.00
NC_092315.1	33401315	33401251	0.12
NC_092315.1	33401315	33401276	1.00
NC_092315.1	33401315	33401301	1.00
NC_092315.1	33401315	33401326	1.00
NC_092315.1	33401315	33401351	1.00
NC_092315.1	33401315	33401376	1.00
NC_092315.1	33401315	33401401	1.52
NC_092315.1	33401315	33401426	1.00
NC_092315.1	33401315	33401451	1.00
NC_092315.1	33401315	33401476	1.00
NC_092315.1	33401315	33401501	1.00
NC_092315.1	33401315	33401526	1.00
NC_092315.1	33401315	33401551	0.36
NC_092315.1	33401315	33401576	0.00
NC_092315.1	33401315	33401601	0.00
NC_092315.1	33401315	33401626	0.00
NC_092315.1	33401315	33401651	0.00
NC_092315.1	33401315	33401676	0.00
NC_092315.1	33401315	33401701	0.00
NC_092315.1	33401315	33401726	0.00
NC_092315.1	33401315	33401751	0.00
NC_092315.1	33401315	33401776	0.00
NC_092315.1	33401315	33401801	0.00
NC_092315.1	33401315	33401826	0.00
NC_092315.1	33401315	33401851	0.00
NC_092315.1	33401315	33401876	0.00
NC_092315.1	33401315	33401901	0.00
NC_092315.1	33401315	33401926	0.00
NC_092315.1	33401315	33401951	0.00
NC_092315.1	33401315	33401976	0.00
NC_092315.1	33401315	33402001	0.00
NC_092315.1	33401315	33402026	0.00
NC_092315.1	33401315	33402051	0.00
NC_092315.1	33401315	33402076	0.00
NC_092315.1	33401315	33402101	0.00
NC_092315.1	33401315	33402126	0.00
NC_092315.1	33401315	33402151	0.00
NC_092315.1	33401315	33402176	0.00
NC_092315.1	33401315	33402201	0.00
NC_092315.1	33401315	33402226	0.00
NC_092315.1	33401315	33402251	0.00
NC_092315.1	33401315	33402276	0.00
NC_092315.1	33401315	33402301	0.00
NC_092315.1	33401315	33402326	0.00
NC_092315.1	33401315	33402351	0.00
NC_092315.1	33401315	33402376	0.00
NC_092315.1	33401315	33402401	0.00
NC_092315.1	33401315	33402426	0.00
NC_092315.1	33401315	33402451	0.00
NC_092315.1	33401315	33402476	0.00
NC_092315.1	33401315	33402501	0.00
NC_092315.1	33401315	33402526	0.00
NC_092315.1	33401315	33402551	0.00
NC_092315.1	33401315	33402576	0.00
NC_092315.1	33401315	33402601	0.00
NC_092315.1	33401315	33402626	0.00
NC_092315.1	33401315	33402651	0.00
NC_092315.1	33401315	33402676	0.00
NC_092315.1	33401315	33402701	0.00
NC_092315.1	33401315	33402726	0.00
NC_092315.1	33401315	33402751	0.00
NC_092315.1	33401315	33402776	0.00
NC_092315.1	33401315	33402801	0.00
NC_092315.1	33401315	33402826	0.00
NC_092315.1	33401315	33402851	0.00
NC_092315.1	33401315	33402876	0.00
NC_092315.1	33401315	33402901	0.00
NC_092315.1	33401315	33402926	0.00
NC_092315.1	33401315	33402951	0.00
NC_092315.1	33401315	33402976	0.00
NC_092315.1	33401315	33403001	0.00
NC_092315.1	33401315	33403026	0.00
NC_092315.1	33401315	33403051	0.00
NC_092315.1	33401315	33403076	0.00
NC_092315.1	33401315	33403101	0.00
NC_092315.1	33401315	33403126	0.00
NC_092315.1	33401315	33403151	0.00
NC_092315.1	33401315	33403176	0.00
NC_092315.1	33401315	33403201	0.00
NC_092315.1	33401315	33403226	0.00
NC_092315.1	33401315	33403251	0.00
NC_092315.1	33401315	33403276	0.00
NC_092315.1	33401315	33403301	0.00
NC_092316.1	12149668	12147651	0.00
NC_092316.1	12149668	12147676	0.00
NC_092316.1	12149668	12147701	0.00
NC_092316.1	12149668	12147726	0.00
NC_092316.1	12149668	12147751	0.00
NC_092316.1	12149668	12147776	0.00
NC_092316.1	12149668	12147801	0.00
NC_092316.1	12149668	12147826	0.00
NC_092316.1	12149668	12147851	0.00
NC_092316.1	12149668	12147876	0.00
NC_092316.1	12149668	12147901	0.00
NC_092316.1	12149668	12147926	0.00
NC_092316.1	12149668	12147951	0.00
NC_092316.1	12149668	12147976	0.00
NC_092316.1	12149668	12148001	0.00
NC_092316.1	12149668	12148026	0.00
NC_092316.1	12149668	12148051	0.00
NC_092316.1	12149668	12148076	0.00
NC_092316.1	12149668	12148101	0.00
NC_092316.1	12149668	12148126	0.00
NC_092316.1	12149668	12148151	0.00
NC_092316.1	12149668	12148176	0.00
NC_092316.1	12149668	12148201	0.00
NC_092316.1	12149668	12148226	0.00
NC_092316.1	12149668	12148251	0.00
NC_092316.1	12149668	12148276	0.00
NC_092316.1	12149668	12148301	0.00
NC_092316.1	12149668	12148326	0.00
NC_092316.1	12149668	12148351	0.00
NC_092316.1	12149668	12148376	0.00
NC_092316.1	12149668	12148401	0.00
NC_092316.1	12149668	12148426	0.00
NC_092316.1	12149668	12148451	0.00
NC_092316.1	12149668	12148476	0.00
NC_092316.1	12149668	12148501	0.00
NC_092316.1	12149668	12148526	0.00
NC_092316.1	12149668	12148551	0.00
NC_092316.1	12149668	12148576	0.00
NC_092316.1	12149668	12148601	0.00
NC_092316.1	12149668	12148626	0.00
NC_092316.1	12149668	12148651	0.00
NC_092316.1	12149668	12148676	0.00
NC_092316.1	12149668	12148701	0.00
NC_092316.1	12149668	12148726	0.00
NC_092316.1	12149668	12148751	0.00
NC_092316.1	12149668	12148776	0.00
NC_092316.1	12149668	12148801	0.00
NC_092316.1	12149668	12148826	0.00
NC_092316.1	12149668	12148851	0.00
NC_092316.1	12149668	12148876	0.00
NC_092316.1	12149668	12148901	0.00
NC_092316.1	12149668	12148926	0.00
NC_092316.1	12149668	12148951	0.00
NC_092316.1	12149668	12148976	0.00
NC_092316.1	12149668	12149001	0.00
NC_092316.1	12149668	12149026	0.00
NC_092316.1	12149668	12149051	0.00
NC_092316.1	12149668	12149076	0.00
NC_092316.1	12149668	12149101	0.00
NC_092316.1	12149668	12149126	0.00
NC_092316.1	12149668	12149151	0.00
NC_092316.1	12149668	12149176	0.00
NC_092316.1	12149668	12149201	0.00
NC_092316.1	12149668	12149226	0.00
NC_092316.1	12149668	12149251	0.00
NC_092316.1	12149668	12149276	0.00
NC_092316.1	12149668	12149301	0.00
NC_092316.1	12149668	12149326	0.00
NC_092316.1	12149668	12149351	0.00
NC_092316.1	12149668	12149376	0.16
NC_092316.1	12149668	12149401	1.00
NC_092316.1	12149668	12149426	1.00
NC_092316.1	12149668	12149451	1.00
NC_092316.1	12149668	12149476	1.00
NC_092316.1	12149668	12149501	1.00
NC_092316.1	12149668	12149526	0.84
NC_092316.1	12149668	12149551	0.20
NC_092316.1	12149668	12149576	1.00
NC_092316.1	12149668	12149601	1.00
NC_092316.1	12149668	12149626	1.00
NC_092316.1	12149668	12149651	1.00
NC_092316.1	12149668	12149676	1.00
NC_092316.1	12149668	12149701	0.80
NC_092316.1	12149668	12149726	0.00
NC_092316.1	12149668	12149751	0.00
NC_092316.1	12149668	12149776	0.00
NC_092316.1	12149668	12149801	0.00
NC_092316.1	12149668	12149826	0.00
NC_092316.1	12149668	12149851	0.00
NC_092316.1	12149668	12149876	0.00
NC_092316.1	12149668	12149901	0.00
NC_092316.1	12149668	12149926	0.00
NC_092316.1	12149668	12149951	0.00
NC_092316.1	12149668	12149976	0.00
NC_092316.1	12149668	12150001	0.00
NC_092316.1	12149668	12150026	0.00
NC_092316.1	12149668	12150051	0.00
NC_092316.1	12149668	12150076	0.00
NC_092316.1	12149668	12150101	0.00
NC_092316.1	12149668	12150126	0.00
NC_092316.1	12149668	12150151	0.00
NC_092316.1	12149668	12150176	0.00
NC_092316.1	12149668	12150201	0.00
NC_092316.1	12149668	12150226	0.00
NC_092316.1	12149668	12150251	0.00
NC_092316.1	12149668	12150276	0.00
NC_092316.1	12149668	12150301	0.00
NC_092316.1	12149668	12150326	0.00
NC_092316.1	12149668	12150351	0.00
NC_092316.1	12149668	12150376	0.00
NC_092316.1	12149668	12150401	0.00
NC_092316.1	12149668	12150426	0.00
NC_092316.1	12149668	12150451	0.00
NC_092316.1	12149668	12150476	0.00
NC_092316.1	12149668	12150501	0.00
NC_092316.1	12149668	12150526	0.00
NC_092316.1	12149668	12150551	0.00
NC_092316.1	12149668	12150576	0.00
NC_092316.1	12149668	12150601	0.00
NC_092316.1	12149668	12150626	0.00
NC_092316.1	12149668	12150651	0.00
NC_092316.1	12149668	12150676	0.00
NC_092316.1	12149668	12150701	0.00
NC_092316.1	12149668	12150726	0.00
NC_092316.1	12149668	12150751	0.00
NC_092316.1	12149668	12150776	0.00
NC_092316.1	12149668	12150801	0.00
NC_092316.1	12149668	12150826	0.00
NC_092316.1	12149668	12150851	0.00
NC_092316.1	12149668	12150876	0.00
NC_092316.1	12149668	12150901	0.00
NC_092316.1	12149668	12150926	0.00
NC_092316.1	12149668	12150951	0.00
NC_092316.1	12149668	12150976	0.00
NC_092316.1	12149668	12151001	0.00
NC_092316.1	12149668	12151026	0.00
NC_092316.1	12149668	12151051	0.00
NC_092316.1	12149668	12151076	0.00
NC_092316.1	12149668	12151101	0.00
NC_092316.1	12149668	12151126	0.00
NC_092316.1	12149668	12151151	0.00
NC_092316.1	12149668	12151176	0.00
NC_092316.1	12149668	12151201	0.00
NC_092316.1	12149668	12151226	0.00
NC_092316.1	12149668	12151251	0.00
NC_092316.1	12149668	12151276	0.00
NC_092316.1	12149668	12151301	0.00
NC_092316.1	12149668	12151326	0.00
NC_092316.1	12149668	12151351	0.00
NC_092316.1	12149668	12151376	0.00
NC_092316.1	12149668	12151401	0.00
NC_092316.1	12149668	12151426	0.00
NC_092316.1	12149668	12151451	0.00
NC_092316.1	12149668	12151476	0.00
NC_092316.1	12149668	12151501	0.00
NC_092316.1	12149668	12151526	0.00
NC_092316.1	12149668	12151551	0.00
NC_092316.1	12149668	12151576	0.00
NC_092316.1	12149668	12151601	0.00
NC_092316.1	12149668	12151626	0.00
NC_092316.1	12149668	12151651	0.00
NC_092316.1	21649075	21647051	0.00
NC_092316.1	21649075	21647076	0.00
NC_092316.1	21649075	21647101	0.00
NC_092316.1	21649075	21647126	0.00
NC_092316.1	21649075	21647151	0.00
NC_092316.1	21649075	21647176	0.00
NC_092316.1	21649075	21647201	0.00
NC_092316.1	21649075	21647226	0.00
NC_092316.1	21649075	21647251	0.00
NC_092316.1	21649075	21647276	0.00
NC_092316.1	21649075	21647301	0.00
NC_092316.1	21649075	21647326	0.00
NC_092316.1	21649075	21647351	0.00
NC_092316.1	21649075	21647376	0.00
NC_092316.1	21649075	21647401	0.00
NC_092316.1	21649075	21647426	0.00
NC_092316.1	21649075	21647451	0.00
NC_092316.1	21649075	21647476	0.00
NC_092316.1	21649075	21647501	0.00
NC_092316.1	21649075	21647526	0.00
NC_092316.1	21649075	21647551	0.00
NC_092316.1	21649075	21647576	0.00
NC_092316.1	21649075	21647601	0.00
NC_092316.1	21649075	21647626	0.00
NC_092316.1	21649075	21647651	0.00
NC_092316.1	21649075	21647676	0.00
NC_092316.1	21649075	21647701	0.00
NC_092316.1	21649075	21647726	0.00
NC_092316.1	21649075	21647751	0.00
NC_092316.1	21649075	21647776	0.00
NC_092316.1	21649075	21647801	0.00
NC_092316.1	21649075	21647826	0.00
NC_092316.1	21649075	21647851	0.00
NC_092316.1	21649075	21647876	0.00
NC_092316.1	21649075	21647901	0.00
NC_092316.1	21649075	21647926	0.00
NC_092316.1	21649075	21647951	0.00
NC_092316.1	21649075	21647976	0.00
NC_092316.1	21649075	21648001	0.00
NC_092316.1	21649075	21648026	0.00
NC_092316.1	21649075	21648051	0.00
NC_092316.1	21649075	21648076	0.00
NC_092316.1	21649075	21648101	0.00
NC_092316.1	21649075	21648126	0.00
NC_092316.1	21649075	21648151	0.00
NC_092316.1	21649075	21648176	0.00
NC_092316.1	21649075	21648201	0.00
NC_092316.1	21649075	21648226	0.00
NC_092316.1	21649075	21648251	0.00
NC_092316.1	21649075	21648276	0.00
NC_092316.1	21649075	21648301	0.00
NC_092316.1	21649075	21648326	0.00
NC_092316.1	21649075	21648351	0.00
NC_092316.1	21649075	21648376	0.00
NC_092316.1	21649075	21648401	0.00
NC_092316.1	21649075	21648426	0.00
NC_092316.1	21649075	21648451	0.00
NC_092316.1	21649075	21648476	0.00
NC_092316.1	21649075	21648501	0.00
NC_092316.1	21649075	21648526	0.00
NC_092316.1	21649075	21648551	0.00
NC_092316.1	21649075	21648576	0.00
NC_092316.1	21649075	21648601	0.00
NC_092316.1	21649075	21648626	0.00
NC_092316.1	21649075	21648651	0.00
NC_092316.1	21649075	21648676	0.00
NC_092316.1	21649075	21648701	0.00
NC_092316.1	21649075	21648726	0.00
NC_092316.1	21649075	21648751	0.00
NC_092316.1	21649075	21648776	0.00
NC_092316.1	21649075	21648801	0.00
NC_092316.1	21649075	21648826	0.00
NC_092316.1	21649075	21648851	0.00
NC_092316.1	21649075	21648876	0.00
NC_092316.1	21649075	21648901	0.00
NC_092316.1	21649075	21648926	0.44
NC_092316.1	21649075	21648951	1.00
NC_092316.1	21649075	21648976	1.00
NC_092316.1	21649075	21649001	1.00
NC_092316.1	21649075	21649026	1.00
NC_092316.1	21649075	21649051	1.00
NC_092316.1	21649075	21649076	0.56
NC_092316.1	21649075	21649101	0.00
NC_092316.1	21649075	21649126	0.44
NC_092316.1	21649075	21649151	1.00
NC_092316.1	21649075	21649176	1.00
NC_092316.1	21649075	21649201	1.00
NC_092316.1	21649075	21649226	1.00
NC_092316.1	21649075	21649251	1.00
NC_092316.1	21649075	21649276	0.56
NC_092316.1	21649075	21649301	0.00
NC_092316.1	21649075	21649326	0.00
NC_092316.1	21649075	21649351	0.00
NC_092316.1	21649075	21649376	0.00
NC_092316.1	21649075	21649401	0.00
NC_092316.1	21649075	21649426	0.00
NC_092316.1	21649075	21649451	0.00
NC_092316.1	21649075	21649476	0.00
NC_092316.1	21649075	21649501	0.00
NC_092316.1	21649075	21649526	0.00
NC_092316.1	21649075	21649551	0.00
NC_092316.1	21649075	21649576	0.00
NC_092316.1	21649075	21649601	0.00
NC_092316.1	21649075	21649626	0.00
NC_092316.1	21649075	21649651	0.00
NC_092316.1	21649075	21649676	0.00
NC_092316.1	21649075	21649701	0.00
NC_092316.1	21649075	21649726	0.00
NC_092316.1	21649075	21649751	0.00
NC_092316.1	21649075	21649776	0.00
NC_092316.1	21649075	21649801	0.00
NC_092316.1	21649075	21649826	0.00
NC_092316.1	21649075	21649851	0.00
NC_092316.1	21649075	21649876	0.00
NC_092316.1	21649075	21649901	0.00
NC_092316.1	21649075	21649926	0.00
NC_092316.1	21649075	21649951	0.00
NC_092316.1	21649075	21649976	0.00
NC_092316.1	21649075	21650001	0.00
NC_092316.1	21649075	21650026	0.00
NC_092316.1	21649075	21650051	0.00
NC_092316.1	21649075	21650076	0.00
NC_092316.1	21649075	21650101	0.00
NC_092316.1	21649075	21650126	0.00
NC_092316.1	21649075	21650151	0.00
NC_092316.1	21649075	21650176	0.00
NC_092316.1	21649075	21650201	0.00
NC_092316.1	21649075	21650226	0.00
NC_092316.1	21649075	21650251	0.00
NC_092316.1	21649075	21650276	0.00
NC_092316.1	21649075	21650301	0.00
NC_092316.1	21649075	21650326	0.00
NC_092316.1	21649075	21650351	0.00
NC_092316.1	21649075	21650376	0.00
NC_092316.1	21649075	21650401	0.00
NC_092316.1	21649075	21650426	0.00
NC_092316.1	21649075	21650451	0.00
NC_092316.1	21649075	21650476	0.00
NC_092316.1	21649075	21650501	0.00
NC_092316.1	21649075	21650526	0.00
NC_092316.1	21649075	21650551	0.00
NC_092316.1	21649075	21650576	0.00
NC_092316.1	21649075	21650601	0.00
NC_092316.1	21649075	21650626	0.00
NC_092316.1	21649075	21650651	0.00
NC_092316.1	21649075	21650676	0.00
NC_092316.1	21649075	21650701	0.00
NC_092316.1	21649075	21650726	0.00
NC_092316.1	21649075	21650751	0.00
NC_092316.1	21649075	21650776	0.00
NC_092316.1	21649075	21650801	0.00
NC_092316.1	21649075	21650826	0.00
NC_092316.1	21649075	21650851	0.00
NC_092316.1	21649075	21650876	0.00
NC_092316.1	21649075	21650901	0.00
NC_092316.1	21649075	21650926	0.00
NC_092316.1	21649075	21650951	0.00
NC_092316.1	21649075	21650976	0.00
NC_092316.1	21649075	21651001	0.00
NC_092316.1	21649075	21651026	0.00
NC_092316.1	21649075	21651051	0.00
NC_092316.1	40512364	40510351	0.00
NC_092316.1	40512364	40510376	0.00
NC_092316.1	40512364	40510401	0.00
NC_092316.1	40512364	40510426	0.00
NC_092316.1	40512364	40510451	0.00
NC_092316.1	40512364	40510476	0.00
NC_092316.1	40512364	40510501	0.00
NC_092316.1	40512364	40510526	0.00
NC_092316.1	40512364	40510551	0.00
NC_092316.1	40512364	40510576	0.00
NC_092316.1	40512364	40510601	0.00
NC_092316.1	40512364	40510626	0.00
NC_092316.1	40512364	40510651	0.00
NC_092316.1	40512364	40510676	0.00
NC_092316.1	40512364	40510701	0.00
NC_092316.1	40512364	40510726	0.00
NC_092316.1	40512364	40510751	0.00
NC_092316.1	40512364	40510776	0.00
NC_092316.1	40512364	40510801	0.00
NC_092316.1	40512364	40510826	0.00
NC_092316.1	40512364	40510851	0.00
NC_092316.1	40512364	40510876	0.00
NC_092316.1	40512364	40510901	0.00
NC_092316.1	40512364	40510926	0.00
NC_092316.1	40512364	40510951	0.00
NC_092316.1	40512364	40510976	0.00
NC_092316.1	40512364	40511001	0.00
NC_092316.1	40512364	40511026	0.00
NC_092316.1	40512364	40511051	0.00
NC_092316.1	40512364	40511076	0.00
NC_092316.1	40512364	40511101	0.00
NC_092316.1	40512364	40511126	0.00
NC_092316.1	40512364	40511151	0.00
NC_092316.1	40512364	40511176	0.00
NC_092316.1	40512364	40511201	0.00
NC_092316.1	40512364	40511226	0.00
NC_092316.1	40512364	40511251	0.00
NC_092316.1	40512364	40511276	0.00
NC_092316.1	40512364	40511301	0.00
NC_092316.1	40512364	40511326	0.00
NC_092316.1	40512364	40511351	0.00
NC_092316.1	40512364	40511376	0.00
NC_092316.1	40512364	40511401	0.00
NC_092316.1	40512364	40511426	0.00
NC_092316.1	40512364	40511451	0.00
NC_092316.1	40512364	40511476	0.00
NC_092316.1	40512364	40511501	0.00
NC_092316.1	40512364	40511526	0.00
NC_092316.1	40512364	40511551	0.00
NC_092316.1	40512364	40511576	0.00
NC_092316.1	40512364	40511601	0.00
NC_092316.1	40512364	40511626	0.00
NC_092316.1	40512364	40511651	0.00
NC_092316.1	40512364	40511676	0.00
NC_092316.1	40512364	40511701	0.00
NC_092316.1	40512364	40511726	0.00
NC_092316.1	40512364	40511751	0.00
NC_092316.1	40512364	40511776	0.00
NC_092316.1	40512364	40511801	0.00
NC_092316.1	40512364	40511826	0.00
NC_092316.1	40512364	40511851	0.00
NC_092316.1	40512364	40511876	0.00
NC_092316.1	40512364	40511901	0.00
NC_092316.1	40512364	40511926	0.00
NC_092316.1	40512364	40511951	0.00
NC_092316.1	40512364	40511976	0.00
NC_092316.1	40512364	40512001	0.00
NC_092316.1	40512364	40512026	0.00
NC_092316.1	40512364	40512051	0.00
NC_092316.1	40512364	40512076	0.00
NC_092316.1	40512364	40512101	0.00
NC_092316.1	40512364	40512126	0.00
NC_092316.1	40512364	40512151	0.00
NC_092316.1	40512364	40512176	0.00
NC_092316.1	40512364	40512201	0.00
NC_092316.1	40512364	40512226	0.00
NC_092316.1	40512364	40512251	0.00
NC_092316.1	40512364	40512276	1.00
NC_092316.1	40512364	40512301	1.00
NC_092316.1	40512364	40512326	1.00
NC_092316.1	40512364	40512351	1.00
NC_092316.1	40512364	40512376	1.00
NC_092316.1	40512364	40512401	1.00
NC_092316.1	40512364	40512426	0.00
NC_092316.1	40512364	40512451	0.00
NC_092316.1	40512364	40512476	0.32
NC_092316.1	40512364	40512501	1.00
NC_092316.1	40512364	40512526	1.00
NC_092316.1	40512364	40512551	1.00
NC_092316.1	40512364	40512576	1.00
NC_092316.1	40512364	40512601	1.00
NC_092316.1	40512364	40512626	0.68
NC_092316.1	40512364	40512651	0.00
NC_092316.1	40512364	40512676	0.00
NC_092316.1	40512364	40512701	0.00
NC_092316.1	40512364	40512726	0.00
NC_092316.1	40512364	40512751	0.00
NC_092316.1	40512364	40512776	0.00
NC_092316.1	40512364	40512801	0.00
NC_092316.1	40512364	40512826	0.00
NC_092316.1	40512364	40512851	0.00
NC_092316.1	40512364	40512876	0.00
NC_092316.1	40512364	40512901	0.00
NC_092316.1	40512364	40512926	0.00
NC_092316.1	40512364	40512951	0.00
NC_092316.1	40512364	40512976	0.00
NC_092316.1	40512364	40513001	0.00
NC_092316.1	40512364	40513026	0.00
NC_092316.1	40512364	40513051	0.00
NC_092316.1	40512364	40513076	0.00
NC_092316.1	40512364	40513101	0.00
NC_092316.1	40512364	40513126	0.00
NC_092316.1	40512364	40513151	0.00
NC_092316.1	40512364	40513176	0.00
NC_092316.1	40512364	40513201	0.00
NC_092316.1	40512364	40513226	0.00
NC_092316.1	40512364	40513251	0.00
NC_092316.1	40512364	40513276	0.00
NC_092316.1	40512364	40513301	0.00
NC_092316.1	40512364	40513326	0.00
NC_092316.1	40512364	40513351	0.00
NC_092316.1	40512364	40513376	0.00
NC_092316.1	40512364	40513401	0.00
NC_092316.1	40512364	40513426	0.00
NC_092316.1	40512364	40513451	0.00
NC_092316.1	40512364	40513476	0.00
NC_092316.1	40512364	40513501	0.00
NC_092316.1	40512364	40513526	0.00
NC_092316.1	40512364	40513551	0.00
NC_092316.1	40512364	40513576	0.00
NC_092316.1	40512364	40513601	0.00
NC_092316.1	40512364	40513626	0.00
NC_092316.1	40512364	40513651	0.00
NC_092316.1	40512364	40513676	0.00
NC_092316.1	40512364	40513701	0.00
NC_092316.1	40512364	40513726	0.00
NC_092316.1	40512364	40513751	0.00
NC_092316.1	40512364	40513776	0.00
NC_092316.1	40512364	40513801	0.00
NC_092316.1	40512364	40513826	0.00
NC_092316.1	40512364	40513851	0.00
NC_092316.1	40512364	40513876	0.00
NC_092316.1	40512364	40513901	0.00
NC_092316.1	40512364	40513926	0.00
NC_092316.1	40512364	40513951	0.00
NC_092316.1	40512364	40513976	0.00
NC_092316.1	40512364	40514001	0.00
NC_092316.1	40512364	40514026	0.00
NC_092316.1	40512364	40514051	0.00
NC_092316.1	40512364	40514076	0.00
NC_092316.1	40512364	40514101	0.00
NC_092316.1	40512364	40514126	0.00
NC_092316.1	40512364	40514151	0.00
NC_092316.1	40512364	40514176	0.00
NC_092316.1	40512364	40514201	0.00
NC_092316.1	40512364	40514226	0.00
NC_092316.1	40512364	40514251	0.00
NC_092316.1	40512364	40514276	0.00
NC_092316.1	40512364	40514301	0.00
NC_092316.1	40512364	40514326	0.00
NC_092316.1	40512364	40514351	0.00
NC_092317.1	30697814	30695801	0.00
NC_092317.1	30697814	30695826	0.00
NC_092317.1	30697814	30695851	0.00
NC_092317.1	30697814	30695876	0.00
NC_092317.1	30697814	30695901	0.00
NC_092317.1	30697814	30695926	0.00
NC_092317.1	30697814	30695951	0.00
NC_092317.1	30697814	30695976	0.00
NC_092317.1	30697814	30696001	0.00
NC_092317.1	30697814	30696026	0.00
NC_092317.1	30697814	30696051	0.00
NC_092317.1	30697814	30696076	0.00
NC_092317.1	30697814	30696101	0.00
NC_092317.1	30697814	30696126	0.00
NC_092317.1	30697814	30696151	0.00
NC_092317.1	30697814	30696176	0.00
NC_092317.1	30697814	30696201	0.00
NC_092317.1	30697814	30696226	0.00
NC_092317.1	30697814	30696251	0.00
NC_092317.1	30697814	30696276	0.00
NC_092317.1	30697814	30696301	0.00
NC_092317.1	30697814	30696326	0.00
NC_092317.1	30697814	30696351	0.00
NC_092317.1	30697814	30696376	0.00
NC_092317.1	30697814	30696401	0.00
NC_092317.1	30697814	30696426	0.00
NC_092317.1	30697814	30696451	0.00
NC_092317.1	30697814	30696476	0.00
NC_092317.1	30697814	30696501	0.00
NC_092317.1	30697814	30696526	0.00
NC_092317.1	30697814	30696551	0.00
NC_092317.1	30697814	30696576	0.00
NC_092317.1	30697814	30696601	0.00
NC_092317.1	30697814	30696626	0.00
NC_092317.1	30697814	30696651	0.00
NC_092317.1	30697814	30696676	0.00
NC_092317.1	30697814	30696701	0.00
NC_092317.1	30697814	30696726	0.00
NC_092317.1	30697814	30696751	0.00
NC_092317.1	30697814	30696776	0.00
NC_092317.1	30697814	30696801	0.00
NC_092317.1	30697814	30696826	0.00
NC_092317.1	30697814	30696851	0.00
NC_092317.1	30697814	30696876	0.00
NC_092317.1	30697814	30696901	0.00
NC_092317.1	30697814	30696926	0.00
NC_092317.1	30697814	30696951	0.00
NC_092317.1	30697814	30696976	0.00
NC_092317.1	30697814	30697001	0.00
NC_092317.1	30697814	30697026	0.00
NC_092317.1	30697814	30697051	0.00
NC_092317.1	30697814	30697076	0.00
NC_092317.1	30697814	30697101	0.00
NC_092317.1	30697814	30697126	0.00
NC_092317.1	30697814	30697151	0.00
NC_092317.1	30697814	30697176	0.00
NC_092317.1	30697814	30697201	0.00
NC_092317.1	30697814	30697226	0.00
NC_092317.1	30697814	30697251	0.00
NC_092317.1	30697814	30697276	0.00
NC_092317.1	30697814	30697301	0.00
NC_092317.1	30697814	30697326	0.00
NC_092317.1	30697814	30697351	0.00
NC_092317.1	30697814	30697376	0.00
NC_092317.1	30697814	30697401	0.00
NC_092317.1	30697814	30697426	0.00
NC_092317.1	30697814	30697451	0.00
NC_092317.1	30697814	30697476	0.00
NC_092317.1	30697814	30697501	0.00
NC_092317.1	30697814	30697526	0.00
NC_092317.1	30697814	30697551	0.00
NC_092317.1	30697814	30697576	0.00
NC_092317.1	30697814	30697601	0.00
NC_092317.1	30697814	30697626	0.12
NC_092317.1	30697814	30697651	1.00
NC_092317.1	30697814	30697676	1.00
NC_092317.1	30697814	30697701	1.00
NC_092317.1	30697814	30697726	1.00
NC_092317.1	30697814	30697751	1.52
NC_092317.1	30697814	30697776	1.88
NC_092317.1	30697814	30697801	1.00
NC_092317.1	30697814	30697826	1.00
NC_092317.1	30697814	30697851	1.00
NC_092317.1	30697814	30697876	1.00
NC_092317.1	30697814	30697901	0.48
NC_092317.1	30697814	30697926	0.00
NC_092317.1	30697814	30697951	0.00
NC_092317.1	30697814	30697976	0.00
NC_092317.1	30697814	30698001	0.00
NC_092317.1	30697814	30698026	0.00
NC_092317.1	30697814	30698051	0.00
NC_092317.1	30697814	30698076	0.00
NC_092317.1	30697814	30698101	0.00
NC_092317.1	30697814	30698126	0.00
NC_092317.1	30697814	30698151	0.00
NC_092317.1	30697814	30698176	0.00
NC_092317.1	30697814	30698201	0.00
NC_092317.1	30697814	30698226	0.00
NC_092317.1	30697814	30698251	0.00
NC_092317.1	30697814	30698276	0.00
NC_092317.1	30697814	30698301	0.00
NC_092317.1	30697814	30698326	0.00
NC_092317.1	30697814	30698351	0.00
NC_092317.1	30697814	30698376	0.00
NC_092317.1	30697814	30698401	0.00
NC_092317.1	30697814	30698426	0.00
NC_092317.1	30697814	30698451	0.00
NC_092317.1	30697814	30698476	0.00
NC_092317.1	30697814	30698501	0.00
NC_092317.1	30697814	30698526	0.00
NC_092317.1	30697814	30698551	0.00
NC_092317.1	30697814	30698576	0.00
NC_092317.1	30697814	30698601	0.00
NC_092317.1	30697814	30698626	0.00
NC_092317.1	30697814	30698651	0.00
NC_092317.1	30697814	30698676	0.00
NC_092317.1	30697814	30698701	0.00
NC_092317.1	30697814	30698726	0.00
NC_092317.1	30697814	30698751	0.00
NC_092317.1	30697814	30698776	0.00
NC_092317.1	30697814	30698801	0.00
NC_092317.1	30697814	30698826	0.00
NC_092317.1	30697814	30698851	0.00
NC_092317.1	30697814	30698876	0.00
NC_092317.1	30697814	30698901	0.00
NC_092317.1	30697814	30698926	0.00
NC_092317.1	30697814	30698951	0.00
NC_092317.1	30697814	30698976	0.00
NC_092317.1	30697814	30699001	0.00
NC_092317.1	30697814	30699026	0.00
NC_092317.1	30697814	30699051	0.00
NC_092317.1	30697814	30699076	0.00
NC_092317.1	30697814	30699101	0.00
NC_092317.1	30697814	30699126	0.00
NC_092317.1	30697814	30699151	0.00
NC_092317.1	30697814	30699176	0.00
NC_092317.1	30697814	30699201	0.00
NC_092317.1	30697814	30699226	0.00
NC_092317.1	30697814	30699251	0.00
NC_092317.1	30697814	30699276	0.00
NC_092317.1	30697814	30699301	0.00
NC_092317.1	30697814	30699326	0.00
NC_092317.1	30697814	30699351	0.00
NC_092317.1	30697814	30699376	0.00
NC_092317.1	30697814	30699401	0.00
NC_092317.1	30697814	30699426	0.00
NC_092317.1	30697814	30699451	0.00
NC_092317.1	30697814	30699476	0.00
NC_092317.1	30697814	30699501	0.00
NC_092317.1	30697814	30699526	0.00
NC_092317.1	30697814	30699551	0.00
NC_092317.1	30697814	30699576	0.00
NC_092317.1	30697814	30699601	0.00
NC_092317.1	30697814	30699626	0.00
NC_092317.1	30697814	30699651	0.00
NC_092317.1	30697814	30699676	0.00
NC_092317.1	30697814	30699701	0.00
NC_092317.1	30697814	30699726	0.00
NC_092317.1	30697814	30699751	0.00
NC_092317.1	30697814	30699776	0.00
NC_092317.1	30697814	30699801	0.00
NC_092317.1	30697872	30695851	0.00
NC_092317.1	30697872	30695876	0.00
NC_092317.1	30697872	30695901	0.00
NC_092317.1	30697872	30695926	0.00
NC_092317.1	30697872	30695951	0.00
NC_092317.1	30697872	30695976	0.00
NC_092317.1	30697872	30696001	0.00
NC_092317.1	30697872	30696026	0.00
NC_092317.1	30697872	30696051	0.00
NC_092317.1	30697872	30696076	0.00
NC_092317.1	30697872	30696101	0.00
NC_092317.1	30697872	30696126	0.00
NC_092317.1	30697872	30696151	0.00
NC_092317.1	30697872	30696176	0.00
NC_092317.1	30697872	30696201	0.00
NC_092317.1	30697872	30696226	0.00
NC_092317.1	30697872	30696251	0.00
NC_092317.1	30697872	30696276	0.00
NC_092317.1	30697872	30696301	0.00
NC_092317.1	30697872	30696326	0.00
NC_092317.1	30697872	30696351	0.00
NC_092317.1	30697872	30696376	0.00
NC_092317.1	30697872	30696401	0.00
NC_092317.1	30697872	30696426	0.00
NC_092317.1	30697872	30696451	0.00
NC_092317.1	30697872	30696476	0.00
NC_092317.1	30697872	30696501	0.00
NC_092317.1	30697872	30696526	0.00
NC_092317.1	30697872	30696551	0.00
NC_092317.1	30697872	30696576	0.00
NC_092317.1	30697872	30696601	0.00
NC_092317.1	30697872	30696626	0.00
NC_092317.1	30697872	30696651	0.00
NC_092317.1	30697872	30696676	0.00
NC_092317.1	30697872	30696701	0.00
NC_092317.1	30697872	30696726	0.00
NC_092317.1	30697872	30696751	0.00
NC_092317.1	30697872	30696776	0.00
NC_092317.1	30697872	30696801	0.00
NC_092317.1	30697872	30696826	0.00
NC_092317.1	30697872	30696851	0.00
NC_092317.1	30697872	30696876	0.00
NC_092317.1	30697872	30696901	0.00
NC_092317.1	30697872	30696926	0.00
NC_092317.1	30697872	30696951	0.00
NC_092317.1	30697872	30696976	0.00
NC_092317.1	30697872	30697001	0.00
NC_092317.1	30697872	30697026	0.00
NC_092317.1	30697872	30697051	0.00
NC_092317.1	30697872	30697076	0.00
NC_092317.1	30697872	30697101	0.00
NC_092317.1	30697872	30697126	0.00
NC_092317.1	30697872	30697151	0.00
NC_092317.1	30697872	30697176	0.00
NC_092317.1	30697872	30697201	0.00
NC_092317.1	30697872	30697226	0.00
NC_092317.1	30697872	30697251	0.00
NC_092317.1	30697872	30697276	0.00
NC_092317.1	30697872	30697301	0.00
NC_092317.1	30697872	30697326	0.00
NC_092317.1	30697872	30697351	0.00
NC_092317.1	30697872	30697376	0.00
NC_092317.1	30697872	30697401	0.00
NC_092317.1	30697872	30697426	0.00
NC_092317.1	30697872	30697451	0.00
NC_092317.1	30697872	30697476	0.00
NC_092317.1	30697872	30697501	0.00
NC_092317.1	30697872	30697526	0.00
NC_092317.1	30697872	30697551	0.00
NC_092317.1	30697872	30697576	0.00
NC_092317.1	30697872	30697601	0.00
NC_092317.1	30697872	30697626	0.12
NC_092317.1	30697872	30697651	1.00
NC_092317.1	30697872	30697676	1.00
NC_092317.1	30697872	30697701	1.00
NC_092317.1	30697872	30697726	1.00
NC_092317.1	30697872	30697751	1.52
NC_092317.1	30697872	30697776	1.88
NC_092317.1	30697872	30697801	1.00
NC_092317.1	30697872	30697826	1.00
NC_092317.1	30697872	30697851	1.00
NC_092317.1	30697872	30697876	1.00
NC_092317.1	30697872	30697901	0.48
NC_092317.1	30697872	30697926	0.00
NC_092317.1	30697872	30697951	0.00
NC_092317.1	30697872	30697976	0.00
NC_092317.1	30697872	30698001	0.00
NC_092317.1	30697872	30698026	0.00
NC_092317.1	30697872	30698051	0.00
NC_092317.1	30697872	30698076	0.00
NC_092317.1	30697872	30698101	0.00
NC_092317.1	30697872	30698126	0.00
NC_092317.1	30697872	30698151	0.00
NC_092317.1	30697872	30698176	0.00
NC_092317.1	30697872	30698201	0.00
NC_092317.1	30697872	30698226	0.00
NC_092317.1	30697872	30698251	0.00
NC_092317.1	30697872	30698276	0.00
NC_092317.1	30697872	30698301	0.00
NC_092317.1	30697872	30698326	0.00
NC_092317.1	30697872	30698351	0.00
NC_092317.1	30697872	30698376	0.00
NC_092317.1	30697872	30698401	0.00
NC_092317.1	30697872	30698426	0.00
NC_092317.1	30697872	30698451	0.00
NC_092317.1	30697872	30698476	0.00
NC_092317.1	30697872	30698501	0.00
NC_092317.1	30697872	30698526	0.00
NC_092317.1	30697872	30698551	0.00
NC_092317.1	30697872	30698576	0.00
NC_092317.1	30697872	30698601	0.00
NC_092317.1	30697872	30698626	0.00
NC_092317.1	30697872	30698651	0.00
NC_092317.1	30697872	30698676	0.00
NC_092317.1	30697872	30698701	0.00
NC_092317.1	30697872	30698726	0.00
NC_092317.1	30697872	30698751	0.00
NC_092317.1	30697872	30698776	0.00
NC_092317.1	30697872	30698801	0.00
NC_092317.1	30697872	30698826	0.00
NC_092317.1	30697872	30698851	0.00
NC_092317.1	30697872	30698876	0.00
NC_092317.1	30697872	30698901	0.00
NC_092317.1	30697872	30698926	0.00
NC_092317.1	30697872	30698951	0.00
NC_092317.1	30697872	30698976	0.00
NC_092317.1	30697872	30699001	0.00
NC_092317.1	30697872	30699026	0.00
NC_092317.1	30697872	30699051	0.00
NC_092317.1	30697872	30699076	0.00
NC_092317.1	30697872	30699101	0.00
NC_092317.1	30697872	30699126	0.00
NC_092317.1	30697872	30699151	0.00
NC_092317.1	30697872	30699176	0.00
NC_092317.1	30697872	30699201	0.00
NC_092317.1	30697872	30699226	0.00
NC_092317.1	30697872	30699251	0.00
NC_092317.1	30697872	30699276	0.00
NC_092317.1	30697872	30699301	0.00
NC_092317.1	30697872	30699326	0.00
NC_092317.1	30697872	30699351	0.00
NC_092317.1	30697872	30699376	0.00
NC_092317.1	30697872	30699401	0.00
NC_092317.1	30697872	30699426	0.00
NC_092317.1	30697872	30699451	0.00
NC_092317.1	30697872	30699476	0.00
NC_092317.1	30697872	30699501	0.00
NC_092317.1	30697872	30699526	0.00
NC_092317.1	30697872	30699551	0.00
NC_092317.1	30697872	30699576	0.00
NC_092317.1	30697872	30699601	0.00
NC_092317.1	30697872	30699626	0.00
NC_092317.1	30697872	30699651	0.00
NC_092317.1	30697872	30699676	0.00
NC_092317.1	30697872	30699701	0.00
NC_092317.1	30697872	30699726	0.00
NC_092317.1	30697872	30699751	0.00
NC_092317.1	30697872	30699776	0.00
NC_092317.1	30697872	30699801	0.00
NC_092317.1	30697872	30699826	0.00
NC_092317.1	30697872	30699851	0.00
NC_092317.1	39298259	39296251	0.00
NC_092317.1	39298259	39296276	0.00
NC_092317.1	39298259	39296301	0.00
NC_092317.1	39298259	39296326	0.00
NC_092317.1	39298259	39296351	0.00
NC_092317.1	39298259	39296376	0.00
NC_092317.1	39298259	39296401	0.00
NC_092317.1	39298259	39296426	0.00
NC_092317.1	39298259	39296451	0.00
NC_092317.1	39298259	39296476	0.00
NC_092317.1	39298259	39296501	0.00
NC_092317.1	39298259	39296526	0.00
NC_092317.1	39298259	39296551	0.00
NC_092317.1	39298259	39296576	0.00
NC_092317.1	39298259	39296601	0.00
NC_092317.1	39298259	39296626	0.00
NC_092317.1	39298259	39296651	0.00
NC_092317.1	39298259	39296676	0.00
NC_092317.1	39298259	39296701	0.00
NC_092317.1	39298259	39296726	0.00
NC_092317.1	39298259	39296751	0.00
NC_092317.1	39298259	39296776	0.00
NC_092317.1	39298259	39296801	0.00
NC_092317.1	39298259	39296826	0.00
NC_092317.1	39298259	39296851	0.00
NC_092317.1	39298259	39296876	0.00
NC_092317.1	39298259	39296901	0.00
NC_092317.1	39298259	39296926	0.00
NC_092317.1	39298259	39296951	0.00
NC_092317.1	39298259	39296976	0.00
NC_092317.1	39298259	39297001	0.00
NC_092317.1	39298259	39297026	0.00
NC_092317.1	39298259	39297051	0.00
NC_092317.1	39298259	39297076	0.00
NC_092317.1	39298259	39297101	0.00
NC_092317.1	39298259	39297126	0.00
NC_092317.1	39298259	39297151	0.00
NC_092317.1	39298259	39297176	0.00
NC_092317.1	39298259	39297201	0.00
NC_092317.1	39298259	39297226	0.00
NC_092317.1	39298259	39297251	0.00
NC_092317.1	39298259	39297276	0.00
NC_092317.1	39298259	39297301	0.00
NC_092317.1	39298259	39297326	0.00
NC_092317.1	39298259	39297351	0.00
NC_092317.1	39298259	39297376	0.00
NC_092317.1	39298259	39297401	0.00
NC_092317.1	39298259	39297426	0.00
NC_092317.1	39298259	39297451	0.00
NC_092317.1	39298259	39297476	0.00
NC_092317.1	39298259	39297501	0.00
NC_092317.1	39298259	39297526	0.00
NC_092317.1	39298259	39297551	0.00
NC_092317.1	39298259	39297576	0.00
NC_092317.1	39298259	39297601	0.00
NC_092317.1	39298259	39297626	0.00
NC_092317.1	39298259	39297651	0.00
NC_092317.1	39298259	39297676	0.00
NC_092317.1	39298259	39297701	0.00
NC_092317.1	39298259	39297726	0.00
NC_092317.1	39298259	39297751	0.00
NC_092317.1	39298259	39297776	0.00
NC_092317.1	39298259	39297801	0.00
NC_092317.1	39298259	39297826	0.00
NC_092317.1	39298259	39297851	0.00
NC_092317.1	39298259	39297876	0.00
NC_092317.1	39298259	39297901	0.00
NC_092317.1	39298259	39297926	0.00
NC_092317.1	39298259	39297951	0.00
NC_092317.1	39298259	39297976	0.00
NC_092317.1	39298259	39298001	0.00
NC_092317.1	39298259	39298026	0.00
NC_092317.1	39298259	39298051	0.00
NC_092317.1	39298259	39298076	0.00
NC_092317.1	39298259	39298101	0.24
NC_092317.1	39298259	39298126	1.00
NC_092317.1	39298259	39298151	1.00
NC_092317.1	39298259	39298176	1.00
NC_092317.1	39298259	39298201	1.00
NC_092317.1	39298259	39298226	1.00
NC_092317.1	39298259	39298251	0.76
NC_092317.1	39298259	39298276	0.00
NC_092317.1	39298259	39298301	0.56
NC_092317.1	39298259	39298326	1.00
NC_092317.1	39298259	39298351	1.00
NC_092317.1	39298259	39298376	1.00
NC_092317.1	39298259	39298401	1.00
NC_092317.1	39298259	39298426	1.00
NC_092317.1	39298259	39298451	0.44
NC_092317.1	39298259	39298476	0.00
NC_092317.1	39298259	39298501	0.00
NC_092317.1	39298259	39298526	0.00
NC_092317.1	39298259	39298551	0.00
NC_092317.1	39298259	39298576	0.00
NC_092317.1	39298259	39298601	0.00
NC_092317.1	39298259	39298626	0.00
NC_092317.1	39298259	39298651	0.00
NC_092317.1	39298259	39298676	0.00
NC_092317.1	39298259	39298701	0.00
NC_092317.1	39298259	39298726	0.00
NC_092317.1	39298259	39298751	0.00
NC_092317.1	39298259	39298776	0.00
NC_092317.1	39298259	39298801	0.00
NC_092317.1	39298259	39298826	0.00
NC_092317.1	39298259	39298851	0.00
NC_092317.1	39298259	39298876	0.00
NC_092317.1	39298259	39298901	0.00
NC_092317.1	39298259	39298926	0.00
NC_092317.1	39298259	39298951	0.00
NC_092317.1	39298259	39298976	0.00
NC_092317.1	39298259	39299001	0.00
NC_092317.1	39298259	39299026	0.00
NC_092317.1	39298259	39299051	0.00
NC_092317.1	39298259	39299076	0.00
NC_092317.1	39298259	39299101	0.00
NC_092317.1	39298259	39299126	0.00
NC_092317.1	39298259	39299151	0.00
NC_092317.1	39298259	39299176	0.00
NC_092317.1	39298259	39299201	0.00
NC_092317.1	39298259	39299226	0.00
NC_092317.1	39298259	39299251	0.00
NC_092317.1	39298259	39299276	0.00
NC_092317.1	39298259	39299301	0.00
NC_092317.1	39298259	39299326	0.00
NC_092317.1	39298259	39299351	0.00
NC_092317.1	39298259	39299376	0.00
NC_092317.1	39298259	39299401	0.00
NC_092317.1	39298259	39299426	0.00
NC_092317.1	39298259	39299451	0.00
NC_092317.1	39298259	39299476	0.00
NC_092317.1	39298259	39299501	0.00
NC_092317.1	39298259	39299526	0.00
NC_092317.1	39298259	39299551	0.00
NC_092317.1	39298259	39299576	0.00
NC_092317.1	39298259	39299601	0.00
NC_092317.1	39298259	39299626	0.00
NC_092317.1	39298259	39299651	0.00
NC_092317.1	39298259	39299676	0.00
NC_092317.1	39298259	39299701	0.00
NC_092317.1	39298259	39299726	0.00
NC_092317.1	39298259	39299751	0.00
NC_092317.1	39298259	39299776	0.00
NC_092317.1	39298259	39299801	0.00
NC_092317.1	39298259	39299826	0.00
NC_092317.1	39298259	39299851	0.00
NC_092317.1	39298259	39299876	0.00
NC_092317.1	39298259	39299901	0.00
NC_092317.1	39298259	39299926	0.00
NC_092317.1	39298259	39299951	0.00
NC_092317.1	39298259	39299976	0.00
NC_092317.1	39298259	39300001	0.00
NC_092317.1	39298259	39300026	0.00
NC_092317.1	39298259	39300051	0.00
NC_092317.1	39298259	39300076	0.00
NC_092317.1	39298259	39300101	0.00
NC_092317.1	39298259	39300126	0.00
NC_092317.1	39298259	39300151	0.00
NC_092317.1	39298259	39300176	0.00
NC_092317.1	39298259	39300201	0.00
NC_092317.1	39298259	39300226	0.00
NC_092317.1	39298259	39300251	0.00
NC_092317.1	39298355	39296351	0.00
NC_092317.1	39298355	39296376	0.00
NC_092317.1	39298355	39296401	0.00
NC_092317.1	39298355	39296426	0.00
NC_092317.1	39298355	39296451	0.00
NC_092317.1	39298355	39296476	0.00
NC_092317.1	39298355	39296501	0.00
NC_092317.1	39298355	39296526	0.00
NC_092317.1	39298355	39296551	0.00
NC_092317.1	39298355	39296576	0.00
NC_092317.1	39298355	39296601	0.00
NC_092317.1	39298355	39296626	0.00
NC_092317.1	39298355	39296651	0.00
NC_092317.1	39298355	39296676	0.00
NC_092317.1	39298355	39296701	0.00
NC_092317.1	39298355	39296726	0.00
NC_092317.1	39298355	39296751	0.00
NC_092317.1	39298355	39296776	0.00
NC_092317.1	39298355	39296801	0.00
NC_092317.1	39298355	39296826	0.00
NC_092317.1	39298355	39296851	0.00
NC_092317.1	39298355	39296876	0.00
NC_092317.1	39298355	39296901	0.00
NC_092317.1	39298355	39296926	0.00
NC_092317.1	39298355	39296951	0.00
NC_092317.1	39298355	39296976	0.00
NC_092317.1	39298355	39297001	0.00
NC_092317.1	39298355	39297026	0.00
NC_092317.1	39298355	39297051	0.00
NC_092317.1	39298355	39297076	0.00
NC_092317.1	39298355	39297101	0.00
NC_092317.1	39298355	39297126	0.00
NC_092317.1	39298355	39297151	0.00
NC_092317.1	39298355	39297176	0.00
NC_092317.1	39298355	39297201	0.00
NC_092317.1	39298355	39297226	0.00
NC_092317.1	39298355	39297251	0.00
NC_092317.1	39298355	39297276	0.00
NC_092317.1	39298355	39297301	0.00
NC_092317.1	39298355	39297326	0.00
NC_092317.1	39298355	39297351	0.00
NC_092317.1	39298355	39297376	0.00
NC_092317.1	39298355	39297401	0.00
NC_092317.1	39298355	39297426	0.00
NC_092317.1	39298355	39297451	0.00
NC_092317.1	39298355	39297476	0.00
NC_092317.1	39298355	39297501	0.00
NC_092317.1	39298355	39297526	0.00
NC_092317.1	39298355	39297551	0.00
NC_092317.1	39298355	39297576	0.00
NC_092317.1	39298355	39297601	0.00
NC_092317.1	39298355	39297626	0.00
NC_092317.1	39298355	39297651	0.00
NC_092317.1	39298355	39297676	0.00
NC_092317.1	39298355	39297701	0.00
NC_092317.1	39298355	39297726	0.00
NC_092317.1	39298355	39297751	0.00
NC_092317.1	39298355	39297776	0.00
NC_092317.1	39298355	39297801	0.00
NC_092317.1	39298355	39297826	0.00
NC_092317.1	39298355	39297851	0.00
NC_092317.1	39298355	39297876	0.00
NC_092317.1	39298355	39297901	0.00
NC_092317.1	39298355	39297926	0.00
NC_092317.1	39298355	39297951	0.00
NC_092317.1	39298355	39297976	0.00
NC_092317.1	39298355	39298001	0.00
NC_092317.1	39298355	39298026	0.00
NC_092317.1	39298355	39298051	0.00
NC_092317.1	39298355	39298076	0.00
NC_092317.1	39298355	39298101	0.24
NC_092317.1	39298355	39298126	1.00
NC_092317.1	39298355	39298151	1.00
NC_092317.1	39298355	39298176	1.00
NC_092317.1	39298355	39298201	1.00
NC_092317.1	39298355	39298226	1.00
NC_092317.1	39298355	39298251	0.76
NC_092317.1	39298355	39298276	0.00
NC_092317.1	39298355	39298301	0.56
NC_092317.1	39298355	39298326	1.00
NC_092317.1	39298355	39298351	1.00
NC_092317.1	39298355	39298376	1.00
NC_092317.1	39298355	39298401	1.00
NC_092317.1	39298355	39298426	1.00
NC_092317.1	39298355	39298451	0.44
NC_092317.1	39298355	39298476	0.00
NC_092317.1	39298355	39298501	0.00
NC_092317.1	39298355	39298526	0.00
NC_092317.1	39298355	39298551	0.00
NC_092317.1	39298355	39298576	0.00
NC_092317.1	39298355	39298601	0.00
NC_092317.1	39298355	39298626	0.00
NC_092317.1	39298355	39298651	0.00
NC_092317.1	39298355	39298676	0.00
NC_092317.1	39298355	39298701	0.00
NC_092317.1	39298355	39298726	0.00
NC_092317.1	39298355	39298751	0.00
NC_092317.1	39298355	39298776	0.00
NC_092317.1	39298355	39298801	0.00
NC_092317.1	39298355	39298826	0.00
NC_092317.1	39298355	39298851	0.00
NC_092317.1	39298355	39298876	0.00
NC_092317.1	39298355	39298901	0.00
NC_092317.1	39298355	39298926	0.00
NC_092317.1	39298355	39298951	0.00
NC_092317.1	39298355	39298976	0.00
NC_092317.1	39298355	39299001	0.00
NC_092317.1	39298355	39299026	0.00
NC_092317.1	39298355	39299051	0.00
NC_092317.1	39298355	39299076	0.00
NC_092317.1	39298355	39299101	0.00
NC_092317.1	39298355	39299126	0.00
NC_092317.1	39298355	39299151	0.00
NC_092317.1	39298355	39299176	0.00
NC_092317.1	39298355	39299201	0.00
NC_092317.1	39298355	39299226	0.00
NC_092317.1	39298355	39299251	0.00
NC_092317.1	39298355	39299276	0.00
NC_092317.1	39298355	39299301	0.00
NC_092317.1	39298355	39299326	0.00
NC_092317.1	39298355	39299351	0.00
NC_092317.1	39298355	39299376	0.00
NC_092317.1	39298355	39299401	0.00
NC_092317.1	39298355	39299426	0.00
NC_092317.1	39298355	39299451	0.00
NC_092317.1	39298355	39299476	0.00
NC_092317.1	39298355	39299501	0.00
NC_092317.1	39298355	39299526	0.00
NC_092317.1	39298355	39299551	0.00
NC_092317.1	39298355	39299576	0.00
NC_092317.1	39298355	39299601	0.00
NC_092317.1	39298355	39299626	0.00
NC_092317.1	39298355	39299651	0.00
NC_092317.1	39298355	39299676	0.00
NC_092317.1	39298355	39299701	0.00
NC_092317.1	39298355	39299726	0.00
NC_092317.1	39298355	39299751	0.00
NC_092317.1	39298355	39299776	0.00
NC_092317.1	39298355	39299801	0.00
NC_092317.1	39298355	39299826	0.00
NC_092317.1	39298355	39299851	0.00
NC_092317.1	39298355	39299876	0.00
NC_092317.1	39298355	39299901	0.00
NC_092317.1	39298355	39299926	0.00
NC_092317.1	39298355	39299951	0.00
NC_092317.1	39298355	39299976	0.00
NC_092317.1	39298355	39300001	0.00
NC_092317.1	39298355	39300026	0.00
NC_092317.1	39298355	39300051	0.00
NC_092317.1	39298355	39300076	0.00
NC_092317.1	39298355	39300101	0.00
NC_092317.1	39298355	39300126	0.00
NC_092317.1	39298355	39300151	0.00
NC_092317.1	39298355	39300176	0.00
NC_092317.1	39298355	39300201	0.00
NC_092317.1	39298355	39300226	0.00
NC_092317.1	39298355	39300251	0.00
NC_092317.1	39298355	39300276	0.00
NC_092317.1	39298355	39300301	0.00
NC_092317.1	39298355	39300326	0.00
NC_092317.1	39298355	39300351	0.00
NC_092317.1	39298446	39296426	0.00
NC_092317.1	39298446	39296451	0.00
NC_092317.1	39298446	39296476	0.00
NC_092317.1	39298446	39296501	0.00
NC_092317.1	39298446	39296526	0.00
NC_092317.1	39298446	39296551	0.00
NC_092317.1	39298446	39296576	0.00
NC_092317.1	39298446	39296601	0.00
NC_092317.1	39298446	39296626	0.00
NC_092317.1	39298446	39296651	0.00
NC_092317.1	39298446	39296676	0.00
NC_092317.1	39298446	39296701	0.00
NC_092317.1	39298446	39296726	0.00
NC_092317.1	39298446	39296751	0.00
NC_092317.1	39298446	39296776	0.00
NC_092317.1	39298446	39296801	0.00
NC_092317.1	39298446	39296826	0.00
NC_092317.1	39298446	39296851	0.00
NC_092317.1	39298446	39296876	0.00
NC_092317.1	39298446	39296901	0.00
NC_092317.1	39298446	39296926	0.00
NC_092317.1	39298446	39296951	0.00
NC_092317.1	39298446	39296976	0.00
NC_092317.1	39298446	39297001	0.00
NC_092317.1	39298446	39297026	0.00
NC_092317.1	39298446	39297051	0.00
NC_092317.1	39298446	39297076	0.00
NC_092317.1	39298446	39297101	0.00
NC_092317.1	39298446	39297126	0.00
NC_092317.1	39298446	39297151	0.00
NC_092317.1	39298446	39297176	0.00
NC_092317.1	39298446	39297201	0.00
NC_092317.1	39298446	39297226	0.00
NC_092317.1	39298446	39297251	0.00
NC_092317.1	39298446	39297276	0.00
NC_092317.1	39298446	39297301	0.00
NC_092317.1	39298446	39297326	0.00
NC_092317.1	39298446	39297351	0.00
NC_092317.1	39298446	39297376	0.00
NC_092317.1	39298446	39297401	0.00
NC_092317.1	39298446	39297426	0.00
NC_092317.1	39298446	39297451	0.00
NC_092317.1	39298446	39297476	0.00
NC_092317.1	39298446	39297501	0.00
NC_092317.1	39298446	39297526	0.00
NC_092317.1	39298446	39297551	0.00
NC_092317.1	39298446	39297576	0.00
NC_092317.1	39298446	39297601	0.00
NC_092317.1	39298446	39297626	0.00
NC_092317.1	39298446	39297651	0.00
NC_092317.1	39298446	39297676	0.00
NC_092317.1	39298446	39297701	0.00
NC_092317.1	39298446	39297726	0.00
NC_092317.1	39298446	39297751	0.00
NC_092317.1	39298446	39297776	0.00
NC_092317.1	39298446	39297801	0.00
NC_092317.1	39298446	39297826	0.00
NC_092317.1	39298446	39297851	0.00
NC_092317.1	39298446	39297876	0.00
NC_092317.1	39298446	39297901	0.00
NC_092317.1	39298446	39297926	0.00
NC_092317.1	39298446	39297951	0.00
NC_092317.1	39298446	39297976	0.00
NC_092317.1	39298446	39298001	0.00
NC_092317.1	39298446	39298026	0.00
NC_092317.1	39298446	39298051	0.00
NC_092317.1	39298446	39298076	0.00
NC_092317.1	39298446	39298101	0.24
NC_092317.1	39298446	39298126	1.00
NC_092317.1	39298446	39298151	1.00
NC_092317.1	39298446	39298176	1.00
NC_092317.1	39298446	39298201	1.00
NC_092317.1	39298446	39298226	1.00
NC_092317.1	39298446	39298251	0.76
NC_092317.1	39298446	39298276	0.00
NC_092317.1	39298446	39298301	0.56
NC_092317.1	39298446	39298326	1.00
NC_092317.1	39298446	39298351	1.00
NC_092317.1	39298446	39298376	1.00
NC_092317.1	39298446	39298401	1.00
NC_092317.1	39298446	39298426	1.00
NC_092317.1	39298446	39298451	0.44
NC_092317.1	39298446	39298476	0.00
NC_092317.1	39298446	39298501	0.00
NC_092317.1	39298446	39298526	0.00
NC_092317.1	39298446	39298551	0.00
NC_092317.1	39298446	39298576	0.00
NC_092317.1	39298446	39298601	0.00
NC_092317.1	39298446	39298626	0.00
NC_092317.1	39298446	39298651	0.00
NC_092317.1	39298446	39298676	0.00
NC_092317.1	39298446	39298701	0.00
NC_092317.1	39298446	39298726	0.00
NC_092317.1	39298446	39298751	0.00
NC_092317.1	39298446	39298776	0.00
NC_092317.1	39298446	39298801	0.00
NC_092317.1	39298446	39298826	0.00
NC_092317.1	39298446	39298851	0.00
NC_092317.1	39298446	39298876	0.00
NC_092317.1	39298446	39298901	0.00
NC_092317.1	39298446	39298926	0.00
NC_092317.1	39298446	39298951	0.00
NC_092317.1	39298446	39298976	0.00
NC_092317.1	39298446	39299001	0.00
NC_092317.1	39298446	39299026	0.00
NC_092317.1	39298446	39299051	0.00
NC_092317.1	39298446	39299076	0.00
NC_092317.1	39298446	39299101	0.00
NC_092317.1	39298446	39299126	0.00
NC_092317.1	39298446	39299151	0.00
NC_092317.1	39298446	39299176	0.00
NC_092317.1	39298446	39299201	0.00
NC_092317.1	39298446	39299226	0.00
NC_092317.1	39298446	39299251	0.00
NC_092317.1	39298446	39299276	0.00
NC_092317.1	39298446	39299301	0.00
NC_092317.1	39298446	39299326	0.00
NC_092317.1	39298446	39299351	0.00
NC_092317.1	39298446	39299376	0.00
NC_092317.1	39298446	39299401	0.00
NC_092317.1	39298446	39299426	0.00
NC_092317.1	39298446	39299451	0.00
NC_092317.1	39298446	39299476	0.00
NC_092317.1	39298446	39299501	0.00
NC_092317.1	39298446	39299526	0.00
NC_092317.1	39298446	39299551	0.00
NC_092317.1	39298446	39299576	0.00
NC_092317.1	39298446	39299601	0.00
NC_092317.1	39298446	39299626	0.00
NC_092317.1	39298446	39299651	0.00
NC_092317.1	39298446	39299676	0.00
NC_092317.1	39298446	39299701	0.00
NC_092317.1	39298446	39299726	0.00
NC_092317.1	39298446	39299751	0.00
NC_092317.1	39298446	39299776	0.00
NC_092317.1	39298446	39299801	0.00
NC_092317.1	39298446	39299826	0.00
NC_092317.1	39298446	39299851	0.00
NC_092317.1	39298446	39299876	0.00
NC_092317.1	39298446	39299901	0.00
NC_092317.1	39298446	39299926	0.00
NC_092317.1	39298446	39299951	0.00
NC_092317.1	39298446	39299976	0.00
NC_092317.1	39298446	39300001	0.00
NC_092317.1	39298446	39300026	0.00
NC_092317.1	39298446	39300051	0.00
NC_092317.1	39298446	39300076	0.00
NC_092317.1	39298446	39300101	0.00
NC_092317.1	39298446	39300126	0.00
NC_092317.1	39298446	39300151	0.00
NC_092317.1	39298446	39300176	0.00
NC_092317.1	39298446	39300201	0.00
NC_092317.1	39298446	39300226	0.00
NC_092317.1	39298446	39300251	0.00
NC_092317.1	39298446	39300276	0.00
NC_092317.1	39298446	39300301	0.00
NC_092317.1	39298446	39300326	0.00
NC_092317.1	39298446	39300351	0.00
NC_092317.1	39298446	39300376	0.00
NC_092317.1	39298446	39300401	0.00
NC_092317.1	39298446	39300426	0.00
NC_092318.1	18915	16901	0.00
NC_092318.1	18915	16926	0.00
NC_092318.1	18915	16951	0.00
NC_092318.1	18915	16976	0.00
NC_092318.1	18915	17001	0.00
NC_092318.1	18915	17026	0.00
NC_092318.1	18915	17051	0.00
NC_092318.1	18915	17076	0.00
NC_092318.1	18915	17101	0.00
NC_092318.1	18915	17126	0.00
NC_092318.1	18915	17151	0.00
NC_092318.1	18915	17176	0.00
NC_092318.1	18915	17201	0.00
NC_092318.1	18915	17226	0.00
NC_092318.1	18915	17251	0.00
NC_092318.1	18915	17276	0.00
NC_092318.1	18915	17301	0.00
NC_092318.1	18915	17326	0.00
NC_092318.1	18915	17351	0.00
NC_092318.1	18915	17376	0.00
NC_092318.1	18915	17401	0.00
NC_092318.1	18915	17426	0.00
NC_092318.1	18915	17451	0.00
NC_092318.1	18915	17476	0.00
NC_092318.1	18915	17501	0.00
NC_092318.1	18915	17526	0.00
NC_092318.1	18915	17551	0.00
NC_092318.1	18915	17576	0.00
NC_092318.1	18915	17601	0.00
NC_092318.1	18915	17626	0.00
NC_092318.1	18915	17651	0.00
NC_092318.1	18915	17676	0.00
NC_092318.1	18915	17701	0.00
NC_092318.1	18915	17726	0.00
NC_092318.1	18915	17751	0.00
NC_092318.1	18915	17776	0.00
NC_092318.1	18915	17801	0.00
NC_092318.1	18915	17826	0.00
NC_092318.1	18915	17851	0.00
NC_092318.1	18915	17876	0.00
NC_092318.1	18915	17901	0.00
NC_092318.1	18915	17926	0.00
NC_092318.1	18915	17951	0.00
NC_092318.1	18915	17976	0.00
NC_092318.1	18915	18001	0.00
NC_092318.1	18915	18026	0.00
NC_092318.1	18915	18051	0.00
NC_092318.1	18915	18076	0.00
NC_092318.1	18915	18101	0.00
NC_092318.1	18915	18126	0.00
NC_092318.1	18915	18151	0.00
NC_092318.1	18915	18176	0.00
NC_092318.1	18915	18201	0.00
NC_092318.1	18915	18226	0.00
NC_092318.1	18915	18251	0.00
NC_092318.1	18915	18276	0.00
NC_092318.1	18915	18301	0.00
NC_092318.1	18915	18326	0.00
NC_092318.1	18915	18351	0.00
NC_092318.1	18915	18376	0.00
NC_092318.1	18915	18401	0.00
NC_092318.1	18915	18426	0.00
NC_092318.1	18915	18451	0.00
NC_092318.1	18915	18476	0.00
NC_092318.1	18915	18501	0.00
NC_092318.1	18915	18526	0.00
NC_092318.1	18915	18551	0.00
NC_092318.1	18915	18576	0.00
NC_092318.1	18915	18601	0.00
NC_092318.1	18915	18626	0.00
NC_092318.1	18915	18651	0.00
NC_092318.1	18915	18676	0.00
NC_092318.1	18915	18701	0.00
NC_092318.1	18915	18726	0.00
NC_092318.1	18915	18751	0.00
NC_092318.1	18915	18776	0.24
NC_092318.1	18915	18801	1.00
NC_092318.1	18915	18826	1.00
NC_092318.1	18915	18851	1.00
NC_092318.1	18915	18876	1.00
NC_092318.1	18915	18901	1.00
NC_092318.1	18915	18926	0.76
NC_092318.1	18915	18951	0.00
NC_092318.1	18915	18976	0.00
NC_092318.1	18915	19001	0.00
NC_092318.1	18915	19026	0.00
NC_092318.1	18915	19051	0.00
NC_092318.1	18915	19076	0.00
NC_092318.1	18915	19101	0.00
NC_092318.1	18915	19126	0.00
NC_092318.1	18915	19151	0.00
NC_092318.1	18915	19176	0.00
NC_092318.1	18915	19201	0.00
NC_092318.1	18915	19226	0.00
NC_092318.1	18915	19251	0.00
NC_092318.1	18915	19276	0.00
NC_092318.1	18915	19301	0.00
NC_092318.1	18915	19326	0.00
NC_092318.1	18915	19351	0.00
NC_092318.1	18915	19376	0.00
NC_092318.1	18915	19401	0.00
NC_092318.1	18915	19426	0.00
NC_092318.1	18915	19451	0.00
NC_092318.1	18915	19476	0.00
NC_092318.1	18915	19501	0.00
NC_092318.1	18915	19526	0.00
NC_092318.1	18915	19551	0.00
NC_092318.1	18915	19576	0.00
NC_092318.1	18915	19601	0.00
NC_092318.1	18915	19626	0.00
NC_092318.1	18915	19651	0.00
NC_092318.1	18915	19676	0.00
NC_092318.1	18915	19701	0.00
NC_092318.1	18915	19726	0.00
NC_092318.1	18915	19751	0.00
NC_092318.1	18915	19776	0.00
NC_092318.1	18915	19801	0.00
NC_092318.1	18915	19826	0.00
NC_092318.1	18915	19851	0.00
NC_092318.1	18915	19876	0.00
NC_092318.1	18915	19901	0.00
NC_092318.1	18915	19926	0.00
NC_092318.1	18915	19951	0.00
NC_092318.1	18915	19976	0.00
NC_092318.1	18915	20001	0.00
NC_092318.1	18915	20026	0.00
NC_092318.1	18915	20051	0.00
NC_092318.1	18915	20076	0.00
NC_092318.1	18915	20101	0.00
NC_092318.1	18915	20126	0.00
NC_092318.1	18915	20151	0.00
NC_092318.1	18915	20176	0.00
NC_092318.1	18915	20201	0.00
NC_092318.1	18915	20226	0.00
NC_092318.1	18915	20251	0.00
NC_092318.1	18915	20276	0.00
NC_092318.1	18915	20301	0.00
NC_092318.1	18915	20326	0.00
NC_092318.1	18915	20351	0.00
NC_092318.1	18915	20376	0.00
NC_092318.1	18915	20401	0.00
NC_092318.1	18915	20426	0.00
NC_092318.1	18915	20451	0.00
NC_092318.1	18915	20476	0.00
NC_092318.1	18915	20501	0.00
NC_092318.1	18915	20526	0.00
NC_092318.1	18915	20551	0.00
NC_092318.1	18915	20576	0.00
NC_092318.1	18915	20601	0.00
NC_092318.1	18915	20626	0.00
NC_092318.1	18915	20651	0.00
NC_092318.1	18915	20676	0.00
NC_092318.1	18915	20701	0.00
NC_092318.1	18915	20726	0.00
NC_092318.1	18915	20751	0.00
NC_092318.1	18915	20776	0.00
NC_092318.1	18915	20801	0.00
NC_092318.1	18915	20826	0.00
NC_092318.1	18915	20851	0.00
NC_092318.1	18915	20876	0.00
NC_092318.1	18915	20901	0.00
NC_092318.1	18927	16926	0.00
NC_092318.1	18927	16951	0.00
NC_092318.1	18927	16976	0.00
NC_092318.1	18927	17001	0.00
NC_092318.1	18927	17026	0.00
NC_092318.1	18927	17051	0.00
NC_092318.1	18927	17076	0.00
NC_092318.1	18927	17101	0.00
NC_092318.1	18927	17126	0.00
NC_092318.1	18927	17151	0.00
NC_092318.1	18927	17176	0.00
NC_092318.1	18927	17201	0.00
NC_092318.1	18927	17226	0.00
NC_092318.1	18927	17251	0.00
NC_092318.1	18927	17276	0.00
NC_092318.1	18927	17301	0.00
NC_092318.1	18927	17326	0.00
NC_092318.1	18927	17351	0.00
NC_092318.1	18927	17376	0.00
NC_092318.1	18927	17401	0.00
NC_092318.1	18927	17426	0.00
NC_092318.1	18927	17451	0.00
NC_092318.1	18927	17476	0.00
NC_092318.1	18927	17501	0.00
NC_092318.1	18927	17526	0.00
NC_092318.1	18927	17551	0.00
NC_092318.1	18927	17576	0.00
NC_092318.1	18927	17601	0.00
NC_092318.1	18927	17626	0.00
NC_092318.1	18927	17651	0.00
NC_092318.1	18927	17676	0.00
NC_092318.1	18927	17701	0.00
NC_092318.1	18927	17726	0.00
NC_092318.1	18927	17751	0.00
NC_092318.1	18927	17776	0.00
NC_092318.1	18927	17801	0.00
NC_092318.1	18927	17826	0.00
NC_092318.1	18927	17851	0.00
NC_092318.1	18927	17876	0.00
NC_092318.1	18927	17901	0.00
NC_092318.1	18927	17926	0.00
NC_092318.1	18927	17951	0.00
NC_092318.1	18927	17976	0.00
NC_092318.1	18927	18001	0.00
NC_092318.1	18927	18026	0.00
NC_092318.1	18927	18051	0.00
NC_092318.1	18927	18076	0.00
NC_092318.1	18927	18101	0.00
NC_092318.1	18927	18126	0.00
NC_092318.1	18927	18151	0.00
NC_092318.1	18927	18176	0.00
NC_092318.1	18927	18201	0.00
NC_092318.1	18927	18226	0.00
NC_092318.1	18927	18251	0.00
NC_092318.1	18927	18276	0.00
NC_092318.1	18927	18301	0.00
NC_092318.1	18927	18326	0.00
NC_092318.1	18927	18351	0.00
NC_092318.1	18927	18376	0.00
NC_092318.1	18927	18401	0.00
NC_092318.1	18927	18426	0.00
NC_092318.1	18927	18451	0.00
NC_092318.1	18927	18476	0.00
NC_092318.1	18927	18501	0.00
NC_092318.1	18927	18526	0.00
NC_092318.1	18927	18551	0.00
NC_092318.1	18927	18576	0.00
NC_092318.1	18927	18601	0.00
NC_092318.1	18927	18626	0.00
NC_092318.1	18927	18651	0.00
NC_092318.1	18927	18676	0.00
NC_092318.1	18927	18701	0.00
NC_092318.1	18927	18726	0.00
NC_092318.1	18927	18751	0.00
NC_092318.1	18927	18776	0.24
NC_092318.1	18927	18801	1.00
NC_092318.1	18927	18826	1.00
NC_092318.1	18927	18851	1.00
NC_092318.1	18927	18876	1.00
NC_092318.1	18927	18901	1.00
NC_092318.1	18927	18926	0.76
NC_092318.1	18927	18951	0.00
NC_092318.1	18927	18976	0.00
NC_092318.1	18927	19001	0.00
NC_092318.1	18927	19026	0.00
NC_092318.1	18927	19051	0.00
NC_092318.1	18927	19076	0.00
NC_092318.1	18927	19101	0.00
NC_092318.1	18927	19126	0.00
NC_092318.1	18927	19151	0.00
NC_092318.1	18927	19176	0.00
NC_092318.1	18927	19201	0.00
NC_092318.1	18927	19226	0.00
NC_092318.1	18927	19251	0.00
NC_092318.1	18927	19276	0.00
NC_092318.1	18927	19301	0.00
NC_092318.1	18927	19326	0.00
NC_092318.1	18927	19351	0.00
NC_092318.1	18927	19376	0.00
NC_092318.1	18927	19401	0.00
NC_092318.1	18927	19426	0.00
NC_092318.1	18927	19451	0.00
NC_092318.1	18927	19476	0.00
NC_092318.1	18927	19501	0.00
NC_092318.1	18927	19526	0.00
NC_092318.1	18927	19551	0.00
NC_092318.1	18927	19576	0.00
NC_092318.1	18927	19601	0.00
NC_092318.1	18927	19626	0.00
NC_092318.1	18927	19651	0.00
NC_092318.1	18927	19676	0.00
NC_092318.1	18927	19701	0.00
NC_092318.1	18927	19726	0.00
NC_092318.1	18927	19751	0.00
NC_092318.1	18927	19776	0.00
NC_092318.1	18927	19801	0.00
NC_092318.1	18927	19826	0.00
NC_092318.1	18927	19851	0.00
NC_092318.1	18927	19876	0.00
NC_092318.1	18927	19901	0.00
NC_092318.1	18927	19926	0.00
NC_092318.1	18927	19951	0.00
NC_092318.1	18927	19976	0.00
NC_092318.1	18927	20001	0.00
NC_092318.1	18927	20026	0.00
NC_092318.1	18927	20051	0.00
NC_092318.1	18927	20076	0.00
NC_092318.1	18927	20101	0.00
NC_092318.1	18927	20126	0.00
NC_092318.1	18927	20151	0.00
NC_092318.1	18927	20176	0.00
NC_092318.1	18927	20201	0.00
NC_092318.1	18927	20226	0.00
NC_092318.1	18927	20251	0.00
NC_092318.1	18927	20276	0.00
NC_092318.1	18927	20301	0.00
NC_092318.1	18927	20326	0.00
NC_092318.1	18927	20351	0.00
NC_092318.1	18927	20376	0.00
NC_092318.1	18927	20401	0.00
NC_092318.1	18927	20426	0.00
NC_092318.1	18927	20451	0.00
NC_092318.1	18927	20476	0.00
NC_092318.1	18927	20501	0.00
NC_092318.1	18927	20526	0.00
NC_092318.1	18927	20551	0.00
NC_092318.1	18927	20576	0.00
NC_092318.1	18927	20601	0.00
NC_092318.1	18927	20626	0.00
NC_092318.1	18927	20651	0.00
NC_092318.1	18927	20676	0.00
NC_092318.1	18927	20701	0.00
NC_092318.1	18927	20726	0.00
NC_092318.1	18927	20751	0.00
NC_092318.1	18927	20776	0.00
NC_092318.1	18927	20801	0.00
NC_092318.1	18927	20826	0.00
NC_092318.1	18927	20851	0.00
NC_092318.1	18927	20876	0.00
NC_092318.1	18927	20901	0.00
NC_092318.1	18927	20926	0.00
NC_092318.1	4464387	4462376	0.00
NC_092318.1	4464387	4462401	0.00
NC_092318.1	4464387	4462426	0.00
NC_092318.1	4464387	4462451	0.00
NC_092318.1	4464387	4462476	0.00
NC_092318.1	4464387	4462501	0.00
NC_092318.1	4464387	4462526	0.00
NC_092318.1	4464387	4462551	0.00
NC_092318.1	4464387	4462576	0.00
NC_092318.1	4464387	4462601	0.00
NC_092318.1	4464387	4462626	0.00
NC_092318.1	4464387	4462651	0.00
NC_092318.1	4464387	4462676	0.00
NC_092318.1	4464387	4462701	0.00
NC_092318.1	4464387	4462726	0.00
NC_092318.1	4464387	4462751	0.00
NC_092318.1	4464387	4462776	0.00
NC_092318.1	4464387	4462801	0.00
NC_092318.1	4464387	4462826	0.00
NC_092318.1	4464387	4462851	0.00
NC_092318.1	4464387	4462876	0.00
NC_092318.1	4464387	4462901	0.00
NC_092318.1	4464387	4462926	0.00
NC_092318.1	4464387	4462951	0.00
NC_092318.1	4464387	4462976	0.00
NC_092318.1	4464387	4463001	0.00
NC_092318.1	4464387	4463026	0.00
NC_092318.1	4464387	4463051	0.00
NC_092318.1	4464387	4463076	0.00
NC_092318.1	4464387	4463101	0.00
NC_092318.1	4464387	4463126	0.00
NC_092318.1	4464387	4463151	0.00
NC_092318.1	4464387	4463176	0.00
NC_092318.1	4464387	4463201	0.00
NC_092318.1	4464387	4463226	0.00
NC_092318.1	4464387	4463251	0.00
NC_092318.1	4464387	4463276	0.00
NC_092318.1	4464387	4463301	0.00
NC_092318.1	4464387	4463326	0.00
NC_092318.1	4464387	4463351	0.00
NC_092318.1	4464387	4463376	0.00
NC_092318.1	4464387	4463401	0.00
NC_092318.1	4464387	4463426	0.00
NC_092318.1	4464387	4463451	0.00
NC_092318.1	4464387	4463476	0.00
NC_092318.1	4464387	4463501	0.00
NC_092318.1	4464387	4463526	0.00
NC_092318.1	4464387	4463551	0.00
NC_092318.1	4464387	4463576	0.00
NC_092318.1	4464387	4463601	0.00
NC_092318.1	4464387	4463626	0.00
NC_092318.1	4464387	4463651	0.00
NC_092318.1	4464387	4463676	0.00
NC_092318.1	4464387	4463701	0.00
NC_092318.1	4464387	4463726	0.00
NC_092318.1	4464387	4463751	0.00
NC_092318.1	4464387	4463776	0.00
NC_092318.1	4464387	4463801	0.00
NC_092318.1	4464387	4463826	0.00
NC_092318.1	4464387	4463851	0.00
NC_092318.1	4464387	4463876	0.00
NC_092318.1	4464387	4463901	0.00
NC_092318.1	4464387	4463926	0.00
NC_092318.1	4464387	4463951	0.00
NC_092318.1	4464387	4463976	0.00
NC_092318.1	4464387	4464001	0.00
NC_092318.1	4464387	4464026	0.00
NC_092318.1	4464387	4464051	0.00
NC_092318.1	4464387	4464076	0.00
NC_092318.1	4464387	4464101	0.00
NC_092318.1	4464387	4464126	0.00
NC_092318.1	4464387	4464151	0.00
NC_092318.1	4464387	4464176	0.00
NC_092318.1	4464387	4464201	0.00
NC_092318.1	4464387	4464226	0.00
NC_092318.1	4464387	4464251	0.96
NC_092318.1	4464387	4464276	1.00
NC_092318.1	4464387	4464301	1.00
NC_092318.1	4464387	4464326	1.72
NC_092318.1	4464387	4464351	2.00
NC_092318.1	4464387	4464376	2.00
NC_092318.1	4464387	4464401	1.04
NC_092318.1	4464387	4464426	1.00
NC_092318.1	4464387	4464451	1.00
NC_092318.1	4464387	4464476	0.28
NC_092318.1	4464387	4464501	0.00
NC_092318.1	4464387	4464526	0.00
NC_092318.1	4464387	4464551	0.00
NC_092318.1	4464387	4464576	0.00
NC_092318.1	4464387	4464601	0.00
NC_092318.1	4464387	4464626	0.00
NC_092318.1	4464387	4464651	0.00
NC_092318.1	4464387	4464676	0.00
NC_092318.1	4464387	4464701	0.00
NC_092318.1	4464387	4464726	0.00
NC_092318.1	4464387	4464751	0.00
NC_092318.1	4464387	4464776	0.00
NC_092318.1	4464387	4464801	0.00
NC_092318.1	4464387	4464826	0.00
NC_092318.1	4464387	4464851	0.00
NC_092318.1	4464387	4464876	0.00
NC_092318.1	4464387	4464901	0.00
NC_092318.1	4464387	4464926	0.00
NC_092318.1	4464387	4464951	0.00
NC_092318.1	4464387	4464976	0.00
NC_092318.1	4464387	4465001	0.00
NC_092318.1	4464387	4465026	0.00
NC_092318.1	4464387	4465051	0.00
NC_092318.1	4464387	4465076	0.00
NC_092318.1	4464387	4465101	0.00
NC_092318.1	4464387	4465126	0.00
NC_092318.1	4464387	4465151	0.00
NC_092318.1	4464387	4465176	0.00
NC_092318.1	4464387	4465201	0.00
NC_092318.1	4464387	4465226	0.00
NC_092318.1	4464387	4465251	0.00
NC_092318.1	4464387	4465276	0.00
NC_092318.1	4464387	4465301	0.00
NC_092318.1	4464387	4465326	0.00
NC_092318.1	4464387	4465351	0.00
NC_092318.1	4464387	4465376	0.00
NC_092318.1	4464387	4465401	0.00
NC_092318.1	4464387	4465426	0.00
NC_092318.1	4464387	4465451	0.00
NC_092318.1	4464387	4465476	0.00
NC_092318.1	4464387	4465501	0.00
NC_092318.1	4464387	4465526	0.00
NC_092318.1	4464387	4465551	0.00
NC_092318.1	4464387	4465576	0.00
NC_092318.1	4464387	4465601	0.00
NC_092318.1	4464387	4465626	0.00
NC_092318.1	4464387	4465651	0.00
NC_092318.1	4464387	4465676	0.00
NC_092318.1	4464387	4465701	0.00
NC_092318.1	4464387	4465726	0.00
NC_092318.1	4464387	4465751	0.00
NC_092318.1	4464387	4465776	0.00
NC_092318.1	4464387	4465801	0.00
NC_092318.1	4464387	4465826	0.00
NC_092318.1	4464387	4465851	0.00
NC_092318.1	4464387	4465876	0.00
NC_092318.1	4464387	4465901	0.00
NC_092318.1	4464387	4465926	0.00
NC_092318.1	4464387	4465951	0.00
NC_092318.1	4464387	4465976	0.00
NC_092318.1	4464387	4466001	0.00
NC_092318.1	4464387	4466026	0.00
NC_092318.1	4464387	4466051	0.00
NC_092318.1	4464387	4466076	0.00
NC_092318.1	4464387	4466101	0.00
NC_092318.1	4464387	4466126	0.00
NC_092318.1	4464387	4466151	0.00
NC_092318.1	4464387	4466176	0.00
NC_092318.1	4464387	4466201	0.00
NC_092318.1	4464387	4466226	0.00
NC_092318.1	4464387	4466251	0.00
NC_092318.1	4464387	4466276	0.00
NC_092318.1	4464387	4466301	0.00
NC_092318.1	4464387	4466326	0.00
NC_092318.1	4464387	4466351	0.00
NC_092318.1	4464387	4466376	0.00
NC_092318.1	43786536	43784526	0.00
NC_092318.1	43786536	43784551	0.00
NC_092318.1	43786536	43784576	0.00
NC_092318.1	43786536	43784601	0.00
NC_092318.1	43786536	43784626	0.00
NC_092318.1	43786536	43784651	0.00
NC_092318.1	43786536	43784676	0.00
NC_092318.1	43786536	43784701	0.00
NC_092318.1	43786536	43784726	0.00
NC_092318.1	43786536	43784751	0.00
NC_092318.1	43786536	43784776	0.00
NC_092318.1	43786536	43784801	0.00
NC_092318.1	43786536	43784826	0.00
NC_092318.1	43786536	43784851	0.00
NC_092318.1	43786536	43784876	0.00
NC_092318.1	43786536	43784901	0.00
NC_092318.1	43786536	43784926	0.00
NC_092318.1	43786536	43784951	0.00
NC_092318.1	43786536	43784976	0.00
NC_092318.1	43786536	43785001	0.00
NC_092318.1	43786536	43785026	0.00
NC_092318.1	43786536	43785051	0.00
NC_092318.1	43786536	43785076	0.00
NC_092318.1	43786536	43785101	0.00
NC_092318.1	43786536	43785126	0.00
NC_092318.1	43786536	43785151	0.00
NC_092318.1	43786536	43785176	0.00
NC_092318.1	43786536	43785201	0.00
NC_092318.1	43786536	43785226	0.00
NC_092318.1	43786536	43785251	0.00
NC_092318.1	43786536	43785276	0.00
NC_092318.1	43786536	43785301	0.00
NC_092318.1	43786536	43785326	0.00
NC_092318.1	43786536	43785351	0.00
NC_092318.1	43786536	43785376	0.00
NC_092318.1	43786536	43785401	0.00
NC_092318.1	43786536	43785426	0.00
NC_092318.1	43786536	43785451	0.00
NC_092318.1	43786536	43785476	0.00
NC_092318.1	43786536	43785501	0.00
NC_092318.1	43786536	43785526	0.00
NC_092318.1	43786536	43785551	0.00
NC_092318.1	43786536	43785576	0.00
NC_092318.1	43786536	43785601	0.00
NC_092318.1	43786536	43785626	0.00
NC_092318.1	43786536	43785651	0.00
NC_092318.1	43786536	43785676	0.00
NC_092318.1	43786536	43785701	0.00
NC_092318.1	43786536	43785726	0.00
NC_092318.1	43786536	43785751	0.00
NC_092318.1	43786536	43785776	0.00
NC_092318.1	43786536	43785801	0.00
NC_092318.1	43786536	43785826	0.00
NC_092318.1	43786536	43785851	0.00
NC_092318.1	43786536	43785876	0.00
NC_092318.1	43786536	43785901	0.00
NC_092318.1	43786536	43785926	0.00
NC_092318.1	43786536	43785951	0.00
NC_092318.1	43786536	43785976	0.00
NC_092318.1	43786536	43786001	0.00
NC_092318.1	43786536	43786026	0.00
NC_092318.1	43786536	43786051	0.00
NC_092318.1	43786536	43786076	0.00
NC_092318.1	43786536	43786101	0.00
NC_092318.1	43786536	43786126	0.00
NC_092318.1	43786536	43786151	0.00
NC_092318.1	43786536	43786176	0.00
NC_092318.1	43786536	43786201	0.00
NC_092318.1	43786536	43786226	0.00
NC_092318.1	43786536	43786251	0.00
NC_092318.1	43786536	43786276	0.00
NC_092318.1	43786536	43786301	0.00
NC_092318.1	43786536	43786326	0.00
NC_092318.1	43786536	43786351	0.00
NC_092318.1	43786536	43786376	0.00
NC_092318.1	43786536	43786401	0.00
NC_092318.1	43786536	43786426	0.00
NC_092318.1	43786536	43786451	0.00
NC_092318.1	43786536	43786476	0.00
NC_092318.1	43786536	43786501	0.52
NC_092318.1	43786536	43786526	1.00
NC_092318.1	43786536	43786551	1.00
NC_092318.1	43786536	43786576	1.00
NC_092318.1	43786536	43786601	1.00
NC_092318.1	43786536	43786626	1.00
NC_092318.1	43786536	43786651	0.48
NC_092318.1	43786536	43786676	0.00
NC_092318.1	43786536	43786701	0.00
NC_092318.1	43786536	43786726	0.00
NC_092318.1	43786536	43786751	0.00
NC_092318.1	43786536	43786776	0.32
NC_092318.1	43786536	43786801	1.00
NC_092318.1	43786536	43786826	1.00
NC_092318.1	43786536	43786851	1.00
NC_092318.1	43786536	43786876	1.00
NC_092318.1	43786536	43786901	1.00
NC_092318.1	43786536	43786926	0.68
NC_092318.1	43786536	43786951	0.00
NC_092318.1	43786536	43786976	0.00
NC_092318.1	43786536	43787001	0.00
NC_092318.1	43786536	43787026	0.00
NC_092318.1	43786536	43787051	0.00
NC_092318.1	43786536	43787076	0.00
NC_092318.1	43786536	43787101	0.00
NC_092318.1	43786536	43787126	0.00
NC_092318.1	43786536	43787151	0.00
NC_092318.1	43786536	43787176	0.00
NC_092318.1	43786536	43787201	0.00
NC_092318.1	43786536	43787226	0.00
NC_092318.1	43786536	43787251	0.00
NC_092318.1	43786536	43787276	0.00
NC_092318.1	43786536	43787301	0.00
NC_092318.1	43786536	43787326	0.00
NC_092318.1	43786536	43787351	0.00
NC_092318.1	43786536	43787376	0.00
NC_092318.1	43786536	43787401	0.00
NC_092318.1	43786536	43787426	0.00
NC_092318.1	43786536	43787451	0.00
NC_092318.1	43786536	43787476	0.00
NC_092318.1	43786536	43787501	0.00
NC_092318.1	43786536	43787526	0.00
NC_092318.1	43786536	43787551	0.00
NC_092318.1	43786536	43787576	0.00
NC_092318.1	43786536	43787601	0.00
NC_092318.1	43786536	43787626	0.00
NC_092318.1	43786536	43787651	0.00
NC_092318.1	43786536	43787676	0.00
NC_092318.1	43786536	43787701	0.00
NC_092318.1	43786536	43787726	0.00
NC_092318.1	43786536	43787751	0.00
NC_092318.1	43786536	43787776	0.00
NC_092318.1	43786536	43787801	0.00
NC_092318.1	43786536	43787826	0.00
NC_092318.1	43786536	43787851	0.00
NC_092318.1	43786536	43787876	0.00
NC_092318.1	43786536	43787901	0.00
NC_092318.1	43786536	43787926	0.00
NC_092318.1	43786536	43787951	0.00
NC_092318.1	43786536	43787976	0.00
NC_092318.1	43786536	43788001	0.00
NC_092318.1	43786536	43788026	0.00
NC_092318.1	43786536	43788051	0.00
NC_092318.1	43786536	43788076	0.00
NC_092318.1	43786536	43788101	0.00
NC_092318.1	43786536	43788126	0.00
NC_092318.1	43786536	43788151	0.00
NC_092318.1	43786536	43788176	0.00
NC_092318.1	43786536	43788201	0.00
NC_092318.1	43786536	43788226	0.00
NC_092318.1	43786536	43788251	0.00
NC_092318.1	43786536	43788276	0.00
NC_092318.1	43786536	43788301	0.00
NC_092318.1	43786536	43788326	0.00
NC_092318.1	43786536	43788351	0.00
NC_092318.1	43786536	43788376	0.00
NC_092318.1	43786536	43788401	0.00
NC_092318.1	43786536	43788426	0.00
NC_092318.1	43786536	43788451	0.00
NC_092318.1	43786536	43788476	0.00
NC_092318.1	43786536	43788501	0.00
NC_092318.1	43786536	43788526	0.00
NC_092319.1	528478	526476	0.00
NC_092319.1	528478	526501	0.00
NC_092319.1	528478	526526	0.00
NC_092319.1	528478	526551	0.00
NC_092319.1	528478	526576	0.00
NC_092319.1	528478	526601	0.00
NC_092319.1	528478	526626	0.00
NC_092319.1	528478	526651	0.00
NC_092319.1	528478	526676	0.00
NC_092319.1	528478	526701	0.00
NC_092319.1	528478	526726	0.00
NC_092319.1	528478	526751	0.00
NC_092319.1	528478	526776	0.00
NC_092319.1	528478	526801	0.00
NC_092319.1	528478	526826	0.00
NC_092319.1	528478	526851	0.00
NC_092319.1	528478	526876	0.00
NC_092319.1	528478	526901	0.00
NC_092319.1	528478	526926	0.00
NC_092319.1	528478	526951	0.00
NC_092319.1	528478	526976	0.00
NC_092319.1	528478	527001	0.00
NC_092319.1	528478	527026	0.00
NC_092319.1	528478	527051	0.00
NC_092319.1	528478	527076	0.00
NC_092319.1	528478	527101	0.00
NC_092319.1	528478	527126	0.00
NC_092319.1	528478	527151	0.00
NC_092319.1	528478	527176	0.00
NC_092319.1	528478	527201	0.00
NC_092319.1	528478	527226	0.00
NC_092319.1	528478	527251	0.00
NC_092319.1	528478	527276	0.00
NC_092319.1	528478	527301	0.00
NC_092319.1	528478	527326	0.00
NC_092319.1	528478	527351	0.00
NC_092319.1	528478	527376	0.00
NC_092319.1	528478	527401	0.00
NC_092319.1	528478	527426	0.00
NC_092319.1	528478	527451	0.00
NC_092319.1	528478	527476	0.00
NC_092319.1	528478	527501	0.00
NC_092319.1	528478	527526	0.00
NC_092319.1	528478	527551	0.00
NC_092319.1	528478	527576	0.00
NC_092319.1	528478	527601	0.00
NC_092319.1	528478	527626	0.00
NC_092319.1	528478	527651	0.00
NC_092319.1	528478	527676	0.00
NC_092319.1	528478	527701	0.00
NC_092319.1	528478	527726	0.00
NC_092319.1	528478	527751	0.00
NC_092319.1	528478	527776	0.00
NC_092319.1	528478	527801	0.00
NC_092319.1	528478	527826	0.00
NC_092319.1	528478	527851	0.00
NC_092319.1	528478	527876	0.00
NC_092319.1	528478	527901	0.00
NC_092319.1	528478	527926	0.00
NC_092319.1	528478	527951	0.00
NC_092319.1	528478	527976	0.00
NC_092319.1	528478	528001	0.00
NC_092319.1	528478	528026	0.00
NC_092319.1	528478	528051	0.00
NC_092319.1	528478	528076	0.00
NC_092319.1	528478	528101	0.00
NC_092319.1	528478	528126	0.00
NC_092319.1	528478	528151	0.00
NC_092319.1	528478	528176	0.00
NC_092319.1	528478	528201	0.00
NC_092319.1	528478	528226	0.00
NC_092319.1	528478	528251	0.00
NC_092319.1	528478	528276	0.00
NC_092319.1	528478	528301	0.00
NC_092319.1	528478	528326	0.00
NC_092319.1	528478	528351	0.00
NC_092319.1	528478	528376	0.00
NC_092319.1	528478	528401	0.00
NC_092319.1	528478	528426	0.00
NC_092319.1	528478	528451	0.76
NC_092319.1	528478	528476	1.00
NC_092319.1	528478	528501	1.00
NC_092319.1	528478	528526	1.00
NC_092319.1	528478	528551	1.00
NC_092319.1	528478	528576	1.00
NC_092319.1	528478	528601	0.24
NC_092319.1	528478	528626	0.00
NC_092319.1	528478	528651	0.00
NC_092319.1	528478	528676	0.00
NC_092319.1	528478	528701	0.00
NC_092319.1	528478	528726	0.00
NC_092319.1	528478	528751	0.00
NC_092319.1	528478	528776	0.00
NC_092319.1	528478	528801	0.00
NC_092319.1	528478	528826	0.00
NC_092319.1	528478	528851	0.00
NC_092319.1	528478	528876	0.00
NC_092319.1	528478	528901	0.00
NC_092319.1	528478	528926	0.00
NC_092319.1	528478	528951	0.00
NC_092319.1	528478	528976	0.00
NC_092319.1	528478	529001	0.00
NC_092319.1	528478	529026	0.00
NC_092319.1	528478	529051	0.00
NC_092319.1	528478	529076	0.00
NC_092319.1	528478	529101	0.00
NC_092319.1	528478	529126	0.00
NC_092319.1	528478	529151	0.00
NC_092319.1	528478	529176	0.00
NC_092319.1	528478	529201	0.00
NC_092319.1	528478	529226	0.00
NC_092319.1	528478	529251	0.00
NC_092319.1	528478	529276	0.00
NC_092319.1	528478	529301	0.00
NC_092319.1	528478	529326	0.00
NC_092319.1	528478	529351	0.00
NC_092319.1	528478	529376	0.00
NC_092319.1	528478	529401	0.00
NC_092319.1	528478	529426	0.00
NC_092319.1	528478	529451	0.00
NC_092319.1	528478	529476	0.00
NC_092319.1	528478	529501	0.00
NC_092319.1	528478	529526	0.00
NC_092319.1	528478	529551	0.00
NC_092319.1	528478	529576	0.00
NC_092319.1	528478	529601	0.00
NC_092319.1	528478	529626	0.00
NC_092319.1	528478	529651	0.00
NC_092319.1	528478	529676	0.00
NC_092319.1	528478	529701	0.00
NC_092319.1	528478	529726	0.00
NC_092319.1	528478	529751	0.00
NC_092319.1	528478	529776	0.00
NC_092319.1	528478	529801	0.00
NC_092319.1	528478	529826	0.00
NC_092319.1	528478	529851	0.00
NC_092319.1	528478	529876	0.00
NC_092319.1	528478	529901	0.00
NC_092319.1	528478	529926	0.00
NC_092319.1	528478	529951	0.00
NC_092319.1	528478	529976	0.00
NC_092319.1	528478	530001	0.00
NC_092319.1	528478	530026	0.00
NC_092319.1	528478	530051	0.00
NC_092319.1	528478	530076	0.00
NC_092319.1	528478	530101	0.00
NC_092319.1	528478	530126	0.00
NC_092319.1	528478	530151	0.00
NC_092319.1	528478	530176	0.00
NC_092319.1	528478	530201	0.00
NC_092319.1	528478	530226	0.00
NC_092319.1	528478	530251	0.00
NC_092319.1	528478	530276	0.00
NC_092319.1	528478	530301	0.00
NC_092319.1	528478	530326	0.00
NC_092319.1	528478	530351	0.00
NC_092319.1	528478	530376	0.00
NC_092319.1	528478	530401	0.00
NC_092319.1	528478	530426	0.00
NC_092319.1	528478	530451	0.00
NC_092319.1	528478	530476	0.00
NC_092319.1	528499	526476	0.00
NC_092319.1	528499	526501	0.00
NC_092319.1	528499	526526	0.00
NC_092319.1	528499	526551	0.00
NC_092319.1	528499	526576	0.00
NC_092319.1	528499	526601	0.00
NC_092319.1	528499	526626	0.00
NC_092319.1	528499	526651	0.00
NC_092319.1	528499	526676	0.00
NC_092319.1	528499	526701	0.00
NC_092319.1	528499	526726	0.00
NC_092319.1	528499	526751	0.00
NC_092319.1	528499	526776	0.00
NC_092319.1	528499	526801	0.00
NC_092319.1	528499	526826	0.00
NC_092319.1	528499	526851	0.00
NC_092319.1	528499	526876	0.00
NC_092319.1	528499	526901	0.00
NC_092319.1	528499	526926	0.00
NC_092319.1	528499	526951	0.00
NC_092319.1	528499	526976	0.00
NC_092319.1	528499	527001	0.00
NC_092319.1	528499	527026	0.00
NC_092319.1	528499	527051	0.00
NC_092319.1	528499	527076	0.00
NC_092319.1	528499	527101	0.00
NC_092319.1	528499	527126	0.00
NC_092319.1	528499	527151	0.00
NC_092319.1	528499	527176	0.00
NC_092319.1	528499	527201	0.00
NC_092319.1	528499	527226	0.00
NC_092319.1	528499	527251	0.00
NC_092319.1	528499	527276	0.00
NC_092319.1	528499	527301	0.00
NC_092319.1	528499	527326	0.00
NC_092319.1	528499	527351	0.00
NC_092319.1	528499	527376	0.00
NC_092319.1	528499	527401	0.00
NC_092319.1	528499	527426	0.00
NC_092319.1	528499	527451	0.00
NC_092319.1	528499	527476	0.00
NC_092319.1	528499	527501	0.00
NC_092319.1	528499	527526	0.00
NC_092319.1	528499	527551	0.00
NC_092319.1	528499	527576	0.00
NC_092319.1	528499	527601	0.00
NC_092319.1	528499	527626	0.00
NC_092319.1	528499	527651	0.00
NC_092319.1	528499	527676	0.00
NC_092319.1	528499	527701	0.00
NC_092319.1	528499	527726	0.00
NC_092319.1	528499	527751	0.00
NC_092319.1	528499	527776	0.00
NC_092319.1	528499	527801	0.00
NC_092319.1	528499	527826	0.00
NC_092319.1	528499	527851	0.00
NC_092319.1	528499	527876	0.00
NC_092319.1	528499	527901	0.00
NC_092319.1	528499	527926	0.00
NC_092319.1	528499	527951	0.00
NC_092319.1	528499	527976	0.00
NC_092319.1	528499	528001	0.00
NC_092319.1	528499	528026	0.00
NC_092319.1	528499	528051	0.00
NC_092319.1	528499	528076	0.00
NC_092319.1	528499	528101	0.00
NC_092319.1	528499	528126	0.00
NC_092319.1	528499	528151	0.00
NC_092319.1	528499	528176	0.00
NC_092319.1	528499	528201	0.00
NC_092319.1	528499	528226	0.00
NC_092319.1	528499	528251	0.00
NC_092319.1	528499	528276	0.00
NC_092319.1	528499	528301	0.00
NC_092319.1	528499	528326	0.00
NC_092319.1	528499	528351	0.00
NC_092319.1	528499	528376	0.00
NC_092319.1	528499	528401	0.00
NC_092319.1	528499	528426	0.00
NC_092319.1	528499	528451	0.76
NC_092319.1	528499	528476	1.00
NC_092319.1	528499	528501	1.00
NC_092319.1	528499	528526	1.00
NC_092319.1	528499	528551	1.00
NC_092319.1	528499	528576	1.00
NC_092319.1	528499	528601	0.24
NC_092319.1	528499	528626	0.00
NC_092319.1	528499	528651	0.00
NC_092319.1	528499	528676	0.00
NC_092319.1	528499	528701	0.00
NC_092319.1	528499	528726	0.00
NC_092319.1	528499	528751	0.00
NC_092319.1	528499	528776	0.00
NC_092319.1	528499	528801	0.00
NC_092319.1	528499	528826	0.00
NC_092319.1	528499	528851	0.00
NC_092319.1	528499	528876	0.00
NC_092319.1	528499	528901	0.00
NC_092319.1	528499	528926	0.00
NC_092319.1	528499	528951	0.00
NC_092319.1	528499	528976	0.00
NC_092319.1	528499	529001	0.00
NC_092319.1	528499	529026	0.00
NC_092319.1	528499	529051	0.00
NC_092319.1	528499	529076	0.00
NC_092319.1	528499	529101	0.00
NC_092319.1	528499	529126	0.00
NC_092319.1	528499	529151	0.00
NC_092319.1	528499	529176	0.00
NC_092319.1	528499	529201	0.00
NC_092319.1	528499	529226	0.00
NC_092319.1	528499	529251	0.00
NC_092319.1	528499	529276	0.00
NC_092319.1	528499	529301	0.00
NC_092319.1	528499	529326	0.00
NC_092319.1	528499	529351	0.00
NC_092319.1	528499	529376	0.00
NC_092319.1	528499	529401	0.00
NC_092319.1	528499	529426	0.00
NC_092319.1	528499	529451	0.00
NC_092319.1	528499	529476	0.00
NC_092319.1	528499	529501	0.00
NC_092319.1	528499	529526	0.00
NC_092319.1	528499	529551	0.00
NC_092319.1	528499	529576	0.00
NC_092319.1	528499	529601	0.00
NC_092319.1	528499	529626	0.00
NC_092319.1	528499	529651	0.00
NC_092319.1	528499	529676	0.00
NC_092319.1	528499	529701	0.00
NC_092319.1	528499	529726	0.00
NC_092319.1	528499	529751	0.00
NC_092319.1	528499	529776	0.00
NC_092319.1	528499	529801	0.00
NC_092319.1	528499	529826	0.00
NC_092319.1	528499	529851	0.00
NC_092319.1	528499	529876	0.00
NC_092319.1	528499	529901	0.00
NC_092319.1	528499	529926	0.00
NC_092319.1	528499	529951	0.00
NC_092319.1	528499	529976	0.00
NC_092319.1	528499	530001	0.00
NC_092319.1	528499	530026	0.00
NC_092319.1	528499	530051	0.00
NC_092319.1	528499	530076	0.00
NC_092319.1	528499	530101	0.00
NC_092319.1	528499	530126	0.00
NC_092319.1	528499	530151	0.00
NC_092319.1	528499	530176	0.00
NC_092319.1	528499	530201	0.00
NC_092319.1	528499	530226	0.00
NC_092319.1	528499	530251	0.00
NC_092319.1	528499	530276	0.00
NC_092319.1	528499	530301	0.00
NC_092319.1	528499	530326	0.00
NC_092319.1	528499	530351	0.00
NC_092319.1	528499	530376	0.00
NC_092319.1	528499	530401	0.00
NC_092319.1	528499	530426	0.00
NC_092319.1	528499	530451	0.00
NC_092319.1	528499	530476	0.00
NC_092319.1	528575	526551	0.00
NC_092319.1	528575	526576	0.00
NC_092319.1	528575	526601	0.00
NC_092319.1	528575	526626	0.00
NC_092319.1	528575	526651	0.00
NC_092319.1	528575	526676	0.00
NC_092319.1	528575	526701	0.00
NC_092319.1	528575	526726	0.00
NC_092319.1	528575	526751	0.00
NC_092319.1	528575	526776	0.00
NC_092319.1	528575	526801	0.00
NC_092319.1	528575	526826	0.00
NC_092319.1	528575	526851	0.00
NC_092319.1	528575	526876	0.00
NC_092319.1	528575	526901	0.00
NC_092319.1	528575	526926	0.00
NC_092319.1	528575	526951	0.00
NC_092319.1	528575	526976	0.00
NC_092319.1	528575	527001	0.00
NC_092319.1	528575	527026	0.00
NC_092319.1	528575	527051	0.00
NC_092319.1	528575	527076	0.00
NC_092319.1	528575	527101	0.00
NC_092319.1	528575	527126	0.00
NC_092319.1	528575	527151	0.00
NC_092319.1	528575	527176	0.00
NC_092319.1	528575	527201	0.00
NC_092319.1	528575	527226	0.00
NC_092319.1	528575	527251	0.00
NC_092319.1	528575	527276	0.00
NC_092319.1	528575	527301	0.00
NC_092319.1	528575	527326	0.00
NC_092319.1	528575	527351	0.00
NC_092319.1	528575	527376	0.00
NC_092319.1	528575	527401	0.00
NC_092319.1	528575	527426	0.00
NC_092319.1	528575	527451	0.00
NC_092319.1	528575	527476	0.00
NC_092319.1	528575	527501	0.00
NC_092319.1	528575	527526	0.00
NC_092319.1	528575	527551	0.00
NC_092319.1	528575	527576	0.00
NC_092319.1	528575	527601	0.00
NC_092319.1	528575	527626	0.00
NC_092319.1	528575	527651	0.00
NC_092319.1	528575	527676	0.00
NC_092319.1	528575	527701	0.00
NC_092319.1	528575	527726	0.00
NC_092319.1	528575	527751	0.00
NC_092319.1	528575	527776	0.00
NC_092319.1	528575	527801	0.00
NC_092319.1	528575	527826	0.00
NC_092319.1	528575	527851	0.00
NC_092319.1	528575	527876	0.00
NC_092319.1	528575	527901	0.00
NC_092319.1	528575	527926	0.00
NC_092319.1	528575	527951	0.00
NC_092319.1	528575	527976	0.00
NC_092319.1	528575	528001	0.00
NC_092319.1	528575	528026	0.00
NC_092319.1	528575	528051	0.00
NC_092319.1	528575	528076	0.00
NC_092319.1	528575	528101	0.00
NC_092319.1	528575	528126	0.00
NC_092319.1	528575	528151	0.00
NC_092319.1	528575	528176	0.00
NC_092319.1	528575	528201	0.00
NC_092319.1	528575	528226	0.00
NC_092319.1	528575	528251	0.00
NC_092319.1	528575	528276	0.00
NC_092319.1	528575	528301	0.00
NC_092319.1	528575	528326	0.00
NC_092319.1	528575	528351	0.00
NC_092319.1	528575	528376	0.00
NC_092319.1	528575	528401	0.00
NC_092319.1	528575	528426	0.00
NC_092319.1	528575	528451	0.76
NC_092319.1	528575	528476	1.00
NC_092319.1	528575	528501	1.00
NC_092319.1	528575	528526	1.00
NC_092319.1	528575	528551	1.00
NC_092319.1	528575	528576	1.00
NC_092319.1	528575	528601	0.24
NC_092319.1	528575	528626	0.00
NC_092319.1	528575	528651	0.00
NC_092319.1	528575	528676	0.00
NC_092319.1	528575	528701	0.00
NC_092319.1	528575	528726	0.00
NC_092319.1	528575	528751	0.00
NC_092319.1	528575	528776	0.00
NC_092319.1	528575	528801	0.00
NC_092319.1	528575	528826	0.00
NC_092319.1	528575	528851	0.00
NC_092319.1	528575	528876	0.00
NC_092319.1	528575	528901	0.00
NC_092319.1	528575	528926	0.00
NC_092319.1	528575	528951	0.00
NC_092319.1	528575	528976	0.00
NC_092319.1	528575	529001	0.00
NC_092319.1	528575	529026	0.00
NC_092319.1	528575	529051	0.00
NC_092319.1	528575	529076	0.00
NC_092319.1	528575	529101	0.00
NC_092319.1	528575	529126	0.00
NC_092319.1	528575	529151	0.00
NC_092319.1	528575	529176	0.00
NC_092319.1	528575	529201	0.00
NC_092319.1	528575	529226	0.00
NC_092319.1	528575	529251	0.00
NC_092319.1	528575	529276	0.00
NC_092319.1	528575	529301	0.00
NC_092319.1	528575	529326	0.00
NC_092319.1	528575	529351	0.00
NC_092319.1	528575	529376	0.00
NC_092319.1	528575	529401	0.00
NC_092319.1	528575	529426	0.00
NC_092319.1	528575	529451	0.00
NC_092319.1	528575	529476	0.00
NC_092319.1	528575	529501	0.00
NC_092319.1	528575	529526	0.00
NC_092319.1	528575	529551	0.00
NC_092319.1	528575	529576	0.00
NC_092319.1	528575	529601	0.00
NC_092319.1	528575	529626	0.00
NC_092319.1	528575	529651	0.00
NC_092319.1	528575	529676	0.00
NC_092319.1	528575	529701	0.00
NC_092319.1	528575	529726	0.00
NC_092319.1	528575	529751	0.00
NC_092319.1	528575	529776	0.00
NC_092319.1	528575	529801	0.00
NC_092319.1	528575	529826	0.00
NC_092319.1	528575	529851	0.00
NC_092319.1	528575	529876	0.00
NC_092319.1	528575	529901	0.00
NC_092319.1	528575	529926	0.00
NC_092319.1	528575	529951	0.00
NC_092319.1	528575	529976	0.00
NC_092319.1	528575	530001	0.00
NC_092319.1	528575	530026	0.00
NC_092319.1	528575	530051	0.00
NC_092319.1	528575	530076	0.00
NC_092319.1	528575	530101	0.00
NC_092319.1	528575	530126	0.00
NC_092319.1	528575	530151	0.00
NC_092319.1	528575	530176	0.00
NC_092319.1	528575	530201	0.00
NC_092319.1	528575	530226	0.00
NC_092319.1	528575	530251	0.00
NC_092319.1	528575	530276	0.00
NC_092319.1	528575	530301	0.00
NC_092319.1	528575	530326	0.00
NC_092319.1	528575	530351	0.00
NC_092319.1	528575	530376	0.00
NC_092319.1	528575	530401	0.00
NC_092319.1	528575	530426	0.00
NC_092319.1	528575	530451	0.00
NC_092319.1	528575	530476	0.00
NC_092319.1	528575	530501	0.00
NC_092319.1	528575	530526	0.00
NC_092319.1	528575	530551	0.00
NC_092319.1	2514586	2512576	0.00
NC_092319.1	2514586	2512601	0.00
NC_092319.1	2514586	2512626	0.00
NC_092319.1	2514586	2512651	0.00
NC_092319.1	2514586	2512676	0.00
NC_092319.1	2514586	2512701	0.00
NC_092319.1	2514586	2512726	0.00
NC_092319.1	2514586	2512751	0.00
NC_092319.1	2514586	2512776	0.00
NC_092319.1	2514586	2512801	0.00
NC_092319.1	2514586	2512826	0.00
NC_092319.1	2514586	2512851	0.00
NC_092319.1	2514586	2512876	0.00
NC_092319.1	2514586	2512901	0.00
NC_092319.1	2514586	2512926	0.00
NC_092319.1	2514586	2512951	0.00
NC_092319.1	2514586	2512976	0.00
NC_092319.1	2514586	2513001	0.00
NC_092319.1	2514586	2513026	0.00
NC_092319.1	2514586	2513051	0.00
NC_092319.1	2514586	2513076	0.00
NC_092319.1	2514586	2513101	0.00
NC_092319.1	2514586	2513126	0.00
NC_092319.1	2514586	2513151	0.00
NC_092319.1	2514586	2513176	0.00
NC_092319.1	2514586	2513201	0.00
NC_092319.1	2514586	2513226	0.00
NC_092319.1	2514586	2513251	0.00
NC_092319.1	2514586	2513276	0.00
NC_092319.1	2514586	2513301	0.00
NC_092319.1	2514586	2513326	0.00
NC_092319.1	2514586	2513351	0.00
NC_092319.1	2514586	2513376	0.00
NC_092319.1	2514586	2513401	0.00
NC_092319.1	2514586	2513426	0.00
NC_092319.1	2514586	2513451	0.00
NC_092319.1	2514586	2513476	0.00
NC_092319.1	2514586	2513501	0.00
NC_092319.1	2514586	2513526	0.00
NC_092319.1	2514586	2513551	0.00
NC_092319.1	2514586	2513576	0.00
NC_092319.1	2514586	2513601	0.00
NC_092319.1	2514586	2513626	0.00
NC_092319.1	2514586	2513651	0.00
NC_092319.1	2514586	2513676	0.00
NC_092319.1	2514586	2513701	0.00
NC_092319.1	2514586	2513726	0.00
NC_092319.1	2514586	2513751	0.00
NC_092319.1	2514586	2513776	0.00
NC_092319.1	2514586	2513801	0.00
NC_092319.1	2514586	2513826	0.00
NC_092319.1	2514586	2513851	0.00
NC_092319.1	2514586	2513876	0.00
NC_092319.1	2514586	2513901	0.00
NC_092319.1	2514586	2513926	0.00
NC_092319.1	2514586	2513951	0.00
NC_092319.1	2514586	2513976	0.00
NC_092319.1	2514586	2514001	0.00
NC_092319.1	2514586	2514026	0.00
NC_092319.1	2514586	2514051	0.00
NC_092319.1	2514586	2514076	0.00
NC_092319.1	2514586	2514101	0.00
NC_092319.1	2514586	2514126	0.00
NC_092319.1	2514586	2514151	0.00
NC_092319.1	2514586	2514176	0.00
NC_092319.1	2514586	2514201	0.00
NC_092319.1	2514586	2514226	0.00
NC_092319.1	2514586	2514251	0.00
NC_092319.1	2514586	2514276	0.00
NC_092319.1	2514586	2514301	0.00
NC_092319.1	2514586	2514326	0.64
NC_092319.1	2514586	2514351	1.00
NC_092319.1	2514586	2514376	1.00
NC_092319.1	2514586	2514401	1.00
NC_092319.1	2514586	2514426	1.00
NC_092319.1	2514586	2514451	1.00
NC_092319.1	2514586	2514476	0.40
NC_092319.1	2514586	2514501	1.00
NC_092319.1	2514586	2514526	1.00
NC_092319.1	2514586	2514551	1.00
NC_092319.1	2514586	2514576	1.00
NC_092319.1	2514586	2514601	1.00
NC_092319.1	2514586	2514626	0.96
NC_092319.1	2514586	2514651	0.00
NC_092319.1	2514586	2514676	0.00
NC_092319.1	2514586	2514701	0.00
NC_092319.1	2514586	2514726	0.00
NC_092319.1	2514586	2514751	0.00
NC_092319.1	2514586	2514776	0.00
NC_092319.1	2514586	2514801	0.00
NC_092319.1	2514586	2514826	0.00
NC_092319.1	2514586	2514851	0.00
NC_092319.1	2514586	2514876	0.00
NC_092319.1	2514586	2514901	0.00
NC_092319.1	2514586	2514926	0.00
NC_092319.1	2514586	2514951	0.00
NC_092319.1	2514586	2514976	0.00
NC_092319.1	2514586	2515001	0.00
NC_092319.1	2514586	2515026	0.00
NC_092319.1	2514586	2515051	0.00
NC_092319.1	2514586	2515076	0.00
NC_092319.1	2514586	2515101	0.00
NC_092319.1	2514586	2515126	0.00
NC_092319.1	2514586	2515151	0.00
NC_092319.1	2514586	2515176	0.00
NC_092319.1	2514586	2515201	0.00
NC_092319.1	2514586	2515226	0.00
NC_092319.1	2514586	2515251	0.00
NC_092319.1	2514586	2515276	0.00
NC_092319.1	2514586	2515301	0.00
NC_092319.1	2514586	2515326	0.00
NC_092319.1	2514586	2515351	0.00
NC_092319.1	2514586	2515376	0.00
NC_092319.1	2514586	2515401	0.00
NC_092319.1	2514586	2515426	0.00
NC_092319.1	2514586	2515451	0.00
NC_092319.1	2514586	2515476	0.00
NC_092319.1	2514586	2515501	0.00
NC_092319.1	2514586	2515526	0.00
NC_092319.1	2514586	2515551	0.00
NC_092319.1	2514586	2515576	0.00
NC_092319.1	2514586	2515601	0.00
NC_092319.1	2514586	2515626	0.00
NC_092319.1	2514586	2515651	0.00
NC_092319.1	2514586	2515676	0.00
NC_092319.1	2514586	2515701	0.00
NC_092319.1	2514586	2515726	0.00
NC_092319.1	2514586	2515751	0.00
NC_092319.1	2514586	2515776	0.00
NC_092319.1	2514586	2515801	0.00
NC_092319.1	2514586	2515826	0.00
NC_092319.1	2514586	2515851	0.00
NC_092319.1	2514586	2515876	0.00
NC_092319.1	2514586	2515901	0.00
NC_092319.1	2514586	2515926	0.00
NC_092319.1	2514586	2515951	0.00
NC_092319.1	2514586	2515976	0.00
NC_092319.1	2514586	2516001	0.00
NC_092319.1	2514586	2516026	0.00
NC_092319.1	2514586	2516051	0.00
NC_092319.1	2514586	2516076	0.00
NC_092319.1	2514586	2516101	0.00
NC_092319.1	2514586	2516126	0.00
NC_092319.1	2514586	2516151	0.00
NC_092319.1	2514586	2516176	0.00
NC_092319.1	2514586	2516201	0.00
NC_092319.1	2514586	2516226	0.00
NC_092319.1	2514586	2516251	0.00
NC_092319.1	2514586	2516276	0.00
NC_092319.1	2514586	2516301	0.00
NC_092319.1	2514586	2516326	0.00
NC_092319.1	2514586	2516351	0.00
NC_092319.1	2514586	2516376	0.00
NC_092319.1	2514586	2516401	0.00
NC_092319.1	2514586	2516426	0.00
NC_092319.1	2514586	2516451	0.00
NC_092319.1	2514586	2516476	0.00
NC_092319.1	2514586	2516501	0.00
NC_092319.1	2514586	2516526	0.00
NC_092319.1	2514586	2516551	0.00
NC_092319.1	2514586	2516576	0.00
NC_092319.1	8751924	8749901	0.00
NC_092319.1	8751924	8749926	0.00
NC_092319.1	8751924	8749951	0.00
NC_092319.1	8751924	8749976	0.00
NC_092319.1	8751924	8750001	0.00
NC_092319.1	8751924	8750026	0.00
NC_092319.1	8751924	8750051	0.00
NC_092319.1	8751924	8750076	0.00
NC_092319.1	8751924	8750101	0.00
NC_092319.1	8751924	8750126	0.00
NC_092319.1	8751924	8750151	0.00
NC_092319.1	8751924	8750176	0.00
NC_092319.1	8751924	8750201	0.00
NC_092319.1	8751924	8750226	0.00
NC_092319.1	8751924	8750251	0.00
NC_092319.1	8751924	8750276	0.00
NC_092319.1	8751924	8750301	0.00
NC_092319.1	8751924	8750326	0.00
NC_092319.1	8751924	8750351	0.00
NC_092319.1	8751924	8750376	0.00
NC_092319.1	8751924	8750401	0.00
NC_092319.1	8751924	8750426	0.00
NC_092319.1	8751924	8750451	0.00
NC_092319.1	8751924	8750476	0.00
NC_092319.1	8751924	8750501	0.00
NC_092319.1	8751924	8750526	0.00
NC_092319.1	8751924	8750551	0.00
NC_092319.1	8751924	8750576	0.00
NC_092319.1	8751924	8750601	0.00
NC_092319.1	8751924	8750626	0.00
NC_092319.1	8751924	8750651	0.00
NC_092319.1	8751924	8750676	0.00
NC_092319.1	8751924	8750701	0.00
NC_092319.1	8751924	8750726	0.00
NC_092319.1	8751924	8750751	0.00
NC_092319.1	8751924	8750776	0.00
NC_092319.1	8751924	8750801	0.00
NC_092319.1	8751924	8750826	0.00
NC_092319.1	8751924	8750851	0.00
NC_092319.1	8751924	8750876	0.00
NC_092319.1	8751924	8750901	0.00
NC_092319.1	8751924	8750926	0.00
NC_092319.1	8751924	8750951	0.00
NC_092319.1	8751924	8750976	0.00
NC_092319.1	8751924	8751001	0.00
NC_092319.1	8751924	8751026	0.00
NC_092319.1	8751924	8751051	0.00
NC_092319.1	8751924	8751076	0.00
NC_092319.1	8751924	8751101	0.00
NC_092319.1	8751924	8751126	0.00
NC_092319.1	8751924	8751151	0.00
NC_092319.1	8751924	8751176	0.00
NC_092319.1	8751924	8751201	0.00
NC_092319.1	8751924	8751226	0.00
NC_092319.1	8751924	8751251	0.00
NC_092319.1	8751924	8751276	0.00
NC_092319.1	8751924	8751301	0.00
NC_092319.1	8751924	8751326	0.00
NC_092319.1	8751924	8751351	0.00
NC_092319.1	8751924	8751376	0.00
NC_092319.1	8751924	8751401	0.00
NC_092319.1	8751924	8751426	0.00
NC_092319.1	8751924	8751451	0.00
NC_092319.1	8751924	8751476	0.00
NC_092319.1	8751924	8751501	0.00
NC_092319.1	8751924	8751526	0.00
NC_092319.1	8751924	8751551	0.00
NC_092319.1	8751924	8751576	0.00
NC_092319.1	8751924	8751601	0.00
NC_092319.1	8751924	8751626	0.00
NC_092319.1	8751924	8751651	0.00
NC_092319.1	8751924	8751676	0.00
NC_092319.1	8751924	8751701	0.00
NC_092319.1	8751924	8751726	0.00
NC_092319.1	8751924	8751751	0.00
NC_092319.1	8751924	8751776	0.00
NC_092319.1	8751924	8751801	0.00
NC_092319.1	8751924	8751826	0.00
NC_092319.1	8751924	8751851	0.00
NC_092319.1	8751924	8751876	0.00
NC_092319.1	8751924	8751901	0.68
NC_092319.1	8751924	8751926	1.00
NC_092319.1	8751924	8751951	1.00
NC_092319.1	8751924	8751976	1.00
NC_092319.1	8751924	8752001	1.00
NC_092319.1	8751924	8752026	1.08
NC_092319.1	8751924	8752051	1.32
NC_092319.1	8751924	8752076	1.00
NC_092319.1	8751924	8752101	1.00
NC_092319.1	8751924	8752126	1.00
NC_092319.1	8751924	8752151	1.00
NC_092319.1	8751924	8752176	0.92
NC_092319.1	8751924	8752201	0.00
NC_092319.1	8751924	8752226	0.00
NC_092319.1	8751924	8752251	0.00
NC_092319.1	8751924	8752276	0.00
NC_092319.1	8751924	8752301	0.00
NC_092319.1	8751924	8752326	0.00
NC_092319.1	8751924	8752351	0.00
NC_092319.1	8751924	8752376	0.00
NC_092319.1	8751924	8752401	0.00
NC_092319.1	8751924	8752426	0.00
NC_092319.1	8751924	8752451	0.00
NC_092319.1	8751924	8752476	0.00
NC_092319.1	8751924	8752501	0.00
NC_092319.1	8751924	8752526	0.00
NC_092319.1	8751924	8752551	0.00
NC_092319.1	8751924	8752576	0.00
NC_092319.1	8751924	8752601	0.00
NC_092319.1	8751924	8752626	0.00
NC_092319.1	8751924	8752651	0.00
NC_092319.1	8751924	8752676	0.00
NC_092319.1	8751924	8752701	0.00
NC_092319.1	8751924	8752726	0.00
NC_092319.1	8751924	8752751	0.00
NC_092319.1	8751924	8752776	0.00
NC_092319.1	8751924	8752801	0.00
NC_092319.1	8751924	8752826	0.00
NC_092319.1	8751924	8752851	0.00
NC_092319.1	8751924	8752876	0.00
NC_092319.1	8751924	8752901	0.00
NC_092319.1	8751924	8752926	0.00
NC_092319.1	8751924	8752951	0.00
NC_092319.1	8751924	8752976	0.00
NC_092319.1	8751924	8753001	0.00
NC_092319.1	8751924	8753026	0.00
NC_092319.1	8751924	8753051	0.00
NC_092319.1	8751924	8753076	0.00
NC_092319.1	8751924	8753101	0.00
NC_092319.1	8751924	8753126	0.00
NC_092319.1	8751924	8753151	0.00
NC_092319.1	8751924	8753176	0.00
NC_092319.1	8751924	8753201	0.00
NC_092319.1	8751924	8753226	0.00
NC_092319.1	8751924	8753251	0.00
NC_092319.1	8751924	8753276	0.00
NC_092319.1	8751924	8753301	0.00
NC_092319.1	8751924	8753326	0.00
NC_092319.1	8751924	8753351	0.00
NC_092319.1	8751924	8753376	0.00
NC_092319.1	8751924	8753401	0.00
NC_092319.1	8751924	8753426	0.00
NC_092319.1	8751924	8753451	0.00
NC_092319.1	8751924	8753476	0.00
NC_092319.1	8751924	8753501	0.00
NC_092319.1	8751924	8753526	0.00
NC_092319.1	8751924	8753551	0.00
NC_092319.1	8751924	8753576	0.00
NC_092319.1	8751924	8753601	0.00
NC_092319.1	8751924	8753626	0.00
NC_092319.1	8751924	8753651	0.00
NC_092319.1	8751924	8753676	0.00
NC_092319.1	8751924	8753701	0.00
NC_092319.1	8751924	8753726	0.00
NC_092319.1	8751924	8753751	0.00
NC_092319.1	8751924	8753776	0.00
NC_092319.1	8751924	8753801	0.00
NC_092319.1	8751924	8753826	0.00
NC_092319.1	8751924	8753851	0.00
NC_092319.1	8751924	8753876	0.00
NC_092319.1	8751924	8753901	0.00
NC_092319.1	16818020	16816001	0.00
NC_092319.1	16818020	16816026	0.00
NC_092319.1	16818020	16816051	0.00
NC_092319.1	16818020	16816076	0.00
NC_092319.1	16818020	16816101	0.00
NC_092319.1	16818020	16816126	0.00
NC_092319.1	16818020	16816151	0.00
NC_092319.1	16818020	16816176	0.00
NC_092319.1	16818020	16816201	0.00
NC_092319.1	16818020	16816226	0.00
NC_092319.1	16818020	16816251	0.00
NC_092319.1	16818020	16816276	0.00
NC_092319.1	16818020	16816301	0.00
NC_092319.1	16818020	16816326	0.00
NC_092319.1	16818020	16816351	0.00
NC_092319.1	16818020	16816376	0.00
NC_092319.1	16818020	16816401	0.00
NC_092319.1	16818020	16816426	0.00
NC_092319.1	16818020	16816451	0.00
NC_092319.1	16818020	16816476	0.00
NC_092319.1	16818020	16816501	0.00
NC_092319.1	16818020	16816526	0.00
NC_092319.1	16818020	16816551	0.00
NC_092319.1	16818020	16816576	0.00
NC_092319.1	16818020	16816601	0.00
NC_092319.1	16818020	16816626	0.00
NC_092319.1	16818020	16816651	0.00
NC_092319.1	16818020	16816676	0.00
NC_092319.1	16818020	16816701	0.00
NC_092319.1	16818020	16816726	0.00
NC_092319.1	16818020	16816751	0.00
NC_092319.1	16818020	16816776	0.00
NC_092319.1	16818020	16816801	0.00
NC_092319.1	16818020	16816826	0.00
NC_092319.1	16818020	16816851	0.00
NC_092319.1	16818020	16816876	0.00
NC_092319.1	16818020	16816901	0.00
NC_092319.1	16818020	16816926	0.00
NC_092319.1	16818020	16816951	0.00
NC_092319.1	16818020	16816976	0.00
NC_092319.1	16818020	16817001	0.00
NC_092319.1	16818020	16817026	0.00
NC_092319.1	16818020	16817051	0.00
NC_092319.1	16818020	16817076	0.00
NC_092319.1	16818020	16817101	0.00
NC_092319.1	16818020	16817126	0.00
NC_092319.1	16818020	16817151	0.00
NC_092319.1	16818020	16817176	0.00
NC_092319.1	16818020	16817201	0.00
NC_092319.1	16818020	16817226	0.00
NC_092319.1	16818020	16817251	0.00
NC_092319.1	16818020	16817276	0.00
NC_092319.1	16818020	16817301	0.00
NC_092319.1	16818020	16817326	0.00
NC_092319.1	16818020	16817351	0.00
NC_092319.1	16818020	16817376	0.00
NC_092319.1	16818020	16817401	0.00
NC_092319.1	16818020	16817426	0.00
NC_092319.1	16818020	16817451	0.00
NC_092319.1	16818020	16817476	0.00
NC_092319.1	16818020	16817501	0.00
NC_092319.1	16818020	16817526	0.00
NC_092319.1	16818020	16817551	0.00
NC_092319.1	16818020	16817576	0.00
NC_092319.1	16818020	16817601	0.00
NC_092319.1	16818020	16817626	0.00
NC_092319.1	16818020	16817651	0.00
NC_092319.1	16818020	16817676	0.00
NC_092319.1	16818020	16817701	0.00
NC_092319.1	16818020	16817726	0.00
NC_092319.1	16818020	16817751	0.00
NC_092319.1	16818020	16817776	0.48
NC_092319.1	16818020	16817801	1.00
NC_092319.1	16818020	16817826	1.00
NC_092319.1	16818020	16817851	1.00
NC_092319.1	16818020	16817876	1.00
NC_092319.1	16818020	16817901	1.00
NC_092319.1	16818020	16817926	1.04
NC_092319.1	16818020	16817951	1.00
NC_092319.1	16818020	16817976	1.00
NC_092319.1	16818020	16818001	1.00
NC_092319.1	16818020	16818026	1.00
NC_092319.1	16818020	16818051	1.00
NC_092319.1	16818020	16818076	0.48
NC_092319.1	16818020	16818101	0.00
NC_092319.1	16818020	16818126	0.00
NC_092319.1	16818020	16818151	0.00
NC_092319.1	16818020	16818176	0.00
NC_092319.1	16818020	16818201	0.00
NC_092319.1	16818020	16818226	0.00
NC_092319.1	16818020	16818251	0.00
NC_092319.1	16818020	16818276	0.00
NC_092319.1	16818020	16818301	0.00
NC_092319.1	16818020	16818326	0.00
NC_092319.1	16818020	16818351	0.00
NC_092319.1	16818020	16818376	0.00
NC_092319.1	16818020	16818401	0.00
NC_092319.1	16818020	16818426	0.00
NC_092319.1	16818020	16818451	0.00
NC_092319.1	16818020	16818476	0.00
NC_092319.1	16818020	16818501	0.00
NC_092319.1	16818020	16818526	0.00
NC_092319.1	16818020	16818551	0.00
NC_092319.1	16818020	16818576	0.00
NC_092319.1	16818020	16818601	0.00
NC_092319.1	16818020	16818626	0.00
NC_092319.1	16818020	16818651	0.00
NC_092319.1	16818020	16818676	0.00
NC_092319.1	16818020	16818701	0.00
NC_092319.1	16818020	16818726	0.00
NC_092319.1	16818020	16818751	0.00
NC_092319.1	16818020	16818776	0.00
NC_092319.1	16818020	16818801	0.00
NC_092319.1	16818020	16818826	0.00
NC_092319.1	16818020	16818851	0.00
NC_092319.1	16818020	16818876	0.00
NC_092319.1	16818020	16818901	0.00
NC_092319.1	16818020	16818926	0.00
NC_092319.1	16818020	16818951	0.00
NC_092319.1	16818020	16818976	0.00
NC_092319.1	16818020	16819001	0.00
NC_092319.1	16818020	16819026	0.00
NC_092319.1	16818020	16819051	0.00
NC_092319.1	16818020	16819076	0.00
NC_092319.1	16818020	16819101	0.00
NC_092319.1	16818020	16819126	0.00
NC_092319.1	16818020	16819151	0.00
NC_092319.1	16818020	16819176	0.00
NC_092319.1	16818020	16819201	0.00
NC_092319.1	16818020	16819226	0.00
NC_092319.1	16818020	16819251	0.00
NC_092319.1	16818020	16819276	0.00
NC_092319.1	16818020	16819301	0.00
NC_092319.1	16818020	16819326	0.00
NC_092319.1	16818020	16819351	0.00
NC_092319.1	16818020	16819376	0.00
NC_092319.1	16818020	16819401	0.00
NC_092319.1	16818020	16819426	0.00
NC_092319.1	16818020	16819451	0.00
NC_092319.1	16818020	16819476	0.00
NC_092319.1	16818020	16819501	0.00
NC_092319.1	16818020	16819526	0.00
NC_092319.1	16818020	16819551	0.00
NC_092319.1	16818020	16819576	0.00
NC_092319.1	16818020	16819601	0.00
NC_092319.1	16818020	16819626	0.00
NC_092319.1	16818020	16819651	0.00
NC_092319.1	16818020	16819676	0.00
NC_092319.1	16818020	16819701	0.00
NC_092319.1	16818020	16819726	0.00
NC_092319.1	16818020	16819751	0.00
NC_092319.1	16818020	16819776	0.00
NC_092319.1	16818020	16819801	0.00
NC_092319.1	16818020	16819826	0.00
NC_092319.1	16818020	16819851	0.00
NC_092319.1	16818020	16819876	0.00
NC_092319.1	16818020	16819901	0.00
NC_092319.1	16818020	16819926	0.00
NC_092319.1	16818020	16819951	0.00
NC_092319.1	16818020	16819976	0.00
NC_092319.1	16818020	16820001	0.00
NC_092319.1	29840814	29838801	0.00
NC_092319.1	29840814	29838826	0.00
NC_092319.1	29840814	29838851	0.00
NC_092319.1	29840814	29838876	0.00
NC_092319.1	29840814	29838901	0.00
NC_092319.1	29840814	29838926	0.00
NC_092319.1	29840814	29838951	0.00
NC_092319.1	29840814	29838976	0.00
NC_092319.1	29840814	29839001	0.00
NC_092319.1	29840814	29839026	0.00
NC_092319.1	29840814	29839051	0.00
NC_092319.1	29840814	29839076	0.00
NC_092319.1	29840814	29839101	0.00
NC_092319.1	29840814	29839126	0.00
NC_092319.1	29840814	29839151	0.00
NC_092319.1	29840814	29839176	0.00
NC_092319.1	29840814	29839201	0.00
NC_092319.1	29840814	29839226	0.00
NC_092319.1	29840814	29839251	0.00
NC_092319.1	29840814	29839276	0.00
NC_092319.1	29840814	29839301	0.00
NC_092319.1	29840814	29839326	0.00
NC_092319.1	29840814	29839351	0.00
NC_092319.1	29840814	29839376	0.00
NC_092319.1	29840814	29839401	0.00
NC_092319.1	29840814	29839426	0.00
NC_092319.1	29840814	29839451	0.00
NC_092319.1	29840814	29839476	0.00
NC_092319.1	29840814	29839501	0.00
NC_092319.1	29840814	29839526	0.00
NC_092319.1	29840814	29839551	0.00
NC_092319.1	29840814	29839576	0.00
NC_092319.1	29840814	29839601	0.00
NC_092319.1	29840814	29839626	0.00
NC_092319.1	29840814	29839651	0.00
NC_092319.1	29840814	29839676	0.00
NC_092319.1	29840814	29839701	0.00
NC_092319.1	29840814	29839726	0.00
NC_092319.1	29840814	29839751	0.00
NC_092319.1	29840814	29839776	0.00
NC_092319.1	29840814	29839801	0.00
NC_092319.1	29840814	29839826	0.00
NC_092319.1	29840814	29839851	0.00
NC_092319.1	29840814	29839876	0.00
NC_092319.1	29840814	29839901	0.00
NC_092319.1	29840814	29839926	0.00
NC_092319.1	29840814	29839951	0.00
NC_092319.1	29840814	29839976	0.00
NC_092319.1	29840814	29840001	0.00
NC_092319.1	29840814	29840026	0.00
NC_092319.1	29840814	29840051	0.00
NC_092319.1	29840814	29840076	0.00
NC_092319.1	29840814	29840101	0.00
NC_092319.1	29840814	29840126	0.00
NC_092319.1	29840814	29840151	0.00
NC_092319.1	29840814	29840176	0.00
NC_092319.1	29840814	29840201	0.00
NC_092319.1	29840814	29840226	0.00
NC_092319.1	29840814	29840251	0.00
NC_092319.1	29840814	29840276	0.00
NC_092319.1	29840814	29840301	0.00
NC_092319.1	29840814	29840326	0.00
NC_092319.1	29840814	29840351	0.00
NC_092319.1	29840814	29840376	0.00
NC_092319.1	29840814	29840401	0.00
NC_092319.1	29840814	29840426	0.00
NC_092319.1	29840814	29840451	0.00
NC_092319.1	29840814	29840476	0.00
NC_092319.1	29840814	29840501	0.00
NC_092319.1	29840814	29840526	0.00
NC_092319.1	29840814	29840551	0.00
NC_092319.1	29840814	29840576	0.00
NC_092319.1	29840814	29840601	0.00
NC_092319.1	29840814	29840626	0.00
NC_092319.1	29840814	29840651	0.64
NC_092319.1	29840814	29840676	1.00
NC_092319.1	29840814	29840701	1.00
NC_092319.1	29840814	29840726	1.00
NC_092319.1	29840814	29840751	1.60
NC_092319.1	29840814	29840776	2.00
NC_092319.1	29840814	29840801	1.36
NC_092319.1	29840814	29840826	1.00
NC_092319.1	29840814	29840851	1.00
NC_092319.1	29840814	29840876	1.00
NC_092319.1	29840814	29840901	0.40
NC_092319.1	29840814	29840926	0.00
NC_092319.1	29840814	29840951	0.00
NC_092319.1	29840814	29840976	0.00
NC_092319.1	29840814	29841001	0.00
NC_092319.1	29840814	29841026	0.00
NC_092319.1	29840814	29841051	0.00
NC_092319.1	29840814	29841076	0.00
NC_092319.1	29840814	29841101	0.00
NC_092319.1	29840814	29841126	0.00
NC_092319.1	29840814	29841151	0.00
NC_092319.1	29840814	29841176	0.00
NC_092319.1	29840814	29841201	0.00
NC_092319.1	29840814	29841226	0.00
NC_092319.1	29840814	29841251	0.00
NC_092319.1	29840814	29841276	0.00
NC_092319.1	29840814	29841301	0.00
NC_092319.1	29840814	29841326	0.00
NC_092319.1	29840814	29841351	0.00
NC_092319.1	29840814	29841376	0.00
NC_092319.1	29840814	29841401	0.00
NC_092319.1	29840814	29841426	0.00
NC_092319.1	29840814	29841451	0.00
NC_092319.1	29840814	29841476	0.00
NC_092319.1	29840814	29841501	0.00
NC_092319.1	29840814	29841526	0.00
NC_092319.1	29840814	29841551	0.00
NC_092319.1	29840814	29841576	0.00
NC_092319.1	29840814	29841601	0.00
NC_092319.1	29840814	29841626	0.00
NC_092319.1	29840814	29841651	0.00
NC_092319.1	29840814	29841676	0.00
NC_092319.1	29840814	29841701	0.00
NC_092319.1	29840814	29841726	0.00
NC_092319.1	29840814	29841751	0.00
NC_092319.1	29840814	29841776	0.00
NC_092319.1	29840814	29841801	0.00
NC_092319.1	29840814	29841826	0.00
NC_092319.1	29840814	29841851	0.00
NC_092319.1	29840814	29841876	0.00
NC_092319.1	29840814	29841901	0.00
NC_092319.1	29840814	29841926	0.00
NC_092319.1	29840814	29841951	0.00
NC_092319.1	29840814	29841976	0.00
NC_092319.1	29840814	29842001	0.00
NC_092319.1	29840814	29842026	0.00
NC_092319.1	29840814	29842051	0.00
NC_092319.1	29840814	29842076	0.00
NC_092319.1	29840814	29842101	0.00
NC_092319.1	29840814	29842126	0.00
NC_092319.1	29840814	29842151	0.00
NC_092319.1	29840814	29842176	0.00
NC_092319.1	29840814	29842201	0.00
NC_092319.1	29840814	29842226	0.00
NC_092319.1	29840814	29842251	0.00
NC_092319.1	29840814	29842276	0.00
NC_092319.1	29840814	29842301	0.00
NC_092319.1	29840814	29842326	0.00
NC_092319.1	29840814	29842351	0.00
NC_092319.1	29840814	29842376	0.00
NC_092319.1	29840814	29842401	0.00
NC_092319.1	29840814	29842426	0.00
NC_092319.1	29840814	29842451	0.00
NC_092319.1	29840814	29842476	0.00
NC_092319.1	29840814	29842501	0.00
NC_092319.1	29840814	29842526	0.00
NC_092319.1	29840814	29842551	0.00
NC_092319.1	29840814	29842576	0.00
NC_092319.1	29840814	29842601	0.00
NC_092319.1	29840814	29842626	0.00
NC_092319.1	29840814	29842651	0.00
NC_092319.1	29840814	29842676	0.00
NC_092319.1	29840814	29842701	0.00
NC_092319.1	29840814	29842726	0.00
NC_092319.1	29840814	29842751	0.00
NC_092319.1	29840814	29842776	0.00
NC_092319.1	29840814	29842801	0.00
NC_092319.1	31720447	31718426	0.00
NC_092319.1	31720447	31718451	0.00
NC_092319.1	31720447	31718476	0.00
NC_092319.1	31720447	31718501	0.00
NC_092319.1	31720447	31718526	0.00
NC_092319.1	31720447	31718551	0.00
NC_092319.1	31720447	31718576	0.00
NC_092319.1	31720447	31718601	0.00
NC_092319.1	31720447	31718626	0.00
NC_092319.1	31720447	31718651	0.00
NC_092319.1	31720447	31718676	0.00
NC_092319.1	31720447	31718701	0.00
NC_092319.1	31720447	31718726	0.00
NC_092319.1	31720447	31718751	0.00
NC_092319.1	31720447	31718776	0.00
NC_092319.1	31720447	31718801	0.00
NC_092319.1	31720447	31718826	0.00
NC_092319.1	31720447	31718851	0.00
NC_092319.1	31720447	31718876	0.00
NC_092319.1	31720447	31718901	0.00
NC_092319.1	31720447	31718926	0.00
NC_092319.1	31720447	31718951	0.00
NC_092319.1	31720447	31718976	0.00
NC_092319.1	31720447	31719001	0.00
NC_092319.1	31720447	31719026	0.00
NC_092319.1	31720447	31719051	0.00
NC_092319.1	31720447	31719076	0.00
NC_092319.1	31720447	31719101	0.00
NC_092319.1	31720447	31719126	0.00
NC_092319.1	31720447	31719151	0.00
NC_092319.1	31720447	31719176	0.00
NC_092319.1	31720447	31719201	0.00
NC_092319.1	31720447	31719226	0.00
NC_092319.1	31720447	31719251	0.00
NC_092319.1	31720447	31719276	0.00
NC_092319.1	31720447	31719301	0.00
NC_092319.1	31720447	31719326	0.00
NC_092319.1	31720447	31719351	0.00
NC_092319.1	31720447	31719376	0.00
NC_092319.1	31720447	31719401	0.00
NC_092319.1	31720447	31719426	0.00
NC_092319.1	31720447	31719451	0.00
NC_092319.1	31720447	31719476	0.00
NC_092319.1	31720447	31719501	0.00
NC_092319.1	31720447	31719526	0.00
NC_092319.1	31720447	31719551	0.00
NC_092319.1	31720447	31719576	0.00
NC_092319.1	31720447	31719601	0.00
NC_092319.1	31720447	31719626	0.00
NC_092319.1	31720447	31719651	0.00
NC_092319.1	31720447	31719676	0.00
NC_092319.1	31720447	31719701	0.00
NC_092319.1	31720447	31719726	0.00
NC_092319.1	31720447	31719751	0.00
NC_092319.1	31720447	31719776	0.00
NC_092319.1	31720447	31719801	0.00
NC_092319.1	31720447	31719826	0.00
NC_092319.1	31720447	31719851	0.00
NC_092319.1	31720447	31719876	0.00
NC_092319.1	31720447	31719901	0.00
NC_092319.1	31720447	31719926	0.00
NC_092319.1	31720447	31719951	0.00
NC_092319.1	31720447	31719976	0.00
NC_092319.1	31720447	31720001	0.00
NC_092319.1	31720447	31720026	0.00
NC_092319.1	31720447	31720051	0.00
NC_092319.1	31720447	31720076	0.00
NC_092319.1	31720447	31720101	0.68
NC_092319.1	31720447	31720126	1.00
NC_092319.1	31720447	31720151	1.00
NC_092319.1	31720447	31720176	1.00
NC_092319.1	31720447	31720201	1.00
NC_092319.1	31720447	31720226	1.00
NC_092319.1	31720447	31720251	0.32
NC_092319.1	31720447	31720276	0.00
NC_092319.1	31720447	31720301	0.00
NC_092319.1	31720447	31720326	0.00
NC_092319.1	31720447	31720351	0.88
NC_092319.1	31720447	31720376	1.00
NC_092319.1	31720447	31720401	1.00
NC_092319.1	31720447	31720426	1.00
NC_092319.1	31720447	31720451	1.00
NC_092319.1	31720447	31720476	1.00
NC_092319.1	31720447	31720501	0.12
NC_092319.1	31720447	31720526	0.00
NC_092319.1	31720447	31720551	0.00
NC_092319.1	31720447	31720576	0.00
NC_092319.1	31720447	31720601	0.00
NC_092319.1	31720447	31720626	0.00
NC_092319.1	31720447	31720651	0.00
NC_092319.1	31720447	31720676	0.00
NC_092319.1	31720447	31720701	0.00
NC_092319.1	31720447	31720726	0.00
NC_092319.1	31720447	31720751	0.00
NC_092319.1	31720447	31720776	0.00
NC_092319.1	31720447	31720801	0.00
NC_092319.1	31720447	31720826	0.00
NC_092319.1	31720447	31720851	0.00
NC_092319.1	31720447	31720876	0.00
NC_092319.1	31720447	31720901	0.00
NC_092319.1	31720447	31720926	0.00
NC_092319.1	31720447	31720951	0.00
NC_092319.1	31720447	31720976	0.00
NC_092319.1	31720447	31721001	0.00
NC_092319.1	31720447	31721026	0.00
NC_092319.1	31720447	31721051	0.00
NC_092319.1	31720447	31721076	0.00
NC_092319.1	31720447	31721101	0.00
NC_092319.1	31720447	31721126	0.00
NC_092319.1	31720447	31721151	0.00
NC_092319.1	31720447	31721176	0.00
NC_092319.1	31720447	31721201	0.00
NC_092319.1	31720447	31721226	0.00
NC_092319.1	31720447	31721251	0.00
NC_092319.1	31720447	31721276	0.00
NC_092319.1	31720447	31721301	0.00
NC_092319.1	31720447	31721326	0.00
NC_092319.1	31720447	31721351	0.00
NC_092319.1	31720447	31721376	0.00
NC_092319.1	31720447	31721401	0.00
NC_092319.1	31720447	31721426	0.00
NC_092319.1	31720447	31721451	0.00
NC_092319.1	31720447	31721476	0.00
NC_092319.1	31720447	31721501	0.00
NC_092319.1	31720447	31721526	0.00
NC_092319.1	31720447	31721551	0.00
NC_092319.1	31720447	31721576	0.00
NC_092319.1	31720447	31721601	0.00
NC_092319.1	31720447	31721626	0.00
NC_092319.1	31720447	31721651	0.00
NC_092319.1	31720447	31721676	0.00
NC_092319.1	31720447	31721701	0.00
NC_092319.1	31720447	31721726	0.00
NC_092319.1	31720447	31721751	0.00
NC_092319.1	31720447	31721776	0.00
NC_092319.1	31720447	31721801	0.00
NC_092319.1	31720447	31721826	0.00
NC_092319.1	31720447	31721851	0.00
NC_092319.1	31720447	31721876	0.00
NC_092319.1	31720447	31721901	0.00
NC_092319.1	31720447	31721926	0.00
NC_092319.1	31720447	31721951	0.00
NC_092319.1	31720447	31721976	0.00
NC_092319.1	31720447	31722001	0.00
NC_092319.1	31720447	31722026	0.00
NC_092319.1	31720447	31722051	0.00
NC_092319.1	31720447	31722076	0.00
NC_092319.1	31720447	31722101	0.00
NC_092319.1	31720447	31722126	0.00
NC_092319.1	31720447	31722151	0.00
NC_092319.1	31720447	31722176	0.00
NC_092319.1	31720447	31722201	0.00
NC_092319.1	31720447	31722226	0.00
NC_092319.1	31720447	31722251	0.00
NC_092319.1	31720447	31722276	0.00
NC_092319.1	31720447	31722301	0.00
NC_092319.1	31720447	31722326	0.00
NC_092319.1	31720447	31722351	0.00
NC_092319.1	31720447	31722376	0.00
NC_092319.1	31720447	31722401	0.00
NC_092319.1	31720447	31722426	0.00
NC_092320.1	8318164	8316151	0.00
NC_092320.1	8318164	8316176	0.00
NC_092320.1	8318164	8316201	0.00
NC_092320.1	8318164	8316226	0.00
NC_092320.1	8318164	8316251	0.00
NC_092320.1	8318164	8316276	0.00
NC_092320.1	8318164	8316301	0.00
NC_092320.1	8318164	8316326	0.00
NC_092320.1	8318164	8316351	0.00
NC_092320.1	8318164	8316376	0.00
NC_092320.1	8318164	8316401	0.00
NC_092320.1	8318164	8316426	0.00
NC_092320.1	8318164	8316451	0.00
NC_092320.1	8318164	8316476	0.00
NC_092320.1	8318164	8316501	0.00
NC_092320.1	8318164	8316526	0.00
NC_092320.1	8318164	8316551	0.00
NC_092320.1	8318164	8316576	0.00
NC_092320.1	8318164	8316601	0.00
NC_092320.1	8318164	8316626	0.00
NC_092320.1	8318164	8316651	0.00
NC_092320.1	8318164	8316676	0.00
NC_092320.1	8318164	8316701	0.00
NC_092320.1	8318164	8316726	0.00
NC_092320.1	8318164	8316751	0.00
NC_092320.1	8318164	8316776	0.00
NC_092320.1	8318164	8316801	0.00
NC_092320.1	8318164	8316826	0.00
NC_092320.1	8318164	8316851	0.00
NC_092320.1	8318164	8316876	0.00
NC_092320.1	8318164	8316901	0.00
NC_092320.1	8318164	8316926	0.00
NC_092320.1	8318164	8316951	0.00
NC_092320.1	8318164	8316976	0.00
NC_092320.1	8318164	8317001	0.00
NC_092320.1	8318164	8317026	0.00
NC_092320.1	8318164	8317051	0.00
NC_092320.1	8318164	8317076	0.00
NC_092320.1	8318164	8317101	0.00
NC_092320.1	8318164	8317126	0.00
NC_092320.1	8318164	8317151	0.00
NC_092320.1	8318164	8317176	0.00
NC_092320.1	8318164	8317201	0.00
NC_092320.1	8318164	8317226	0.00
NC_092320.1	8318164	8317251	0.00
NC_092320.1	8318164	8317276	0.00
NC_092320.1	8318164	8317301	0.00
NC_092320.1	8318164	8317326	0.00
NC_092320.1	8318164	8317351	0.00
NC_092320.1	8318164	8317376	0.00
NC_092320.1	8318164	8317401	0.00
NC_092320.1	8318164	8317426	0.00
NC_092320.1	8318164	8317451	0.00
NC_092320.1	8318164	8317476	0.00
NC_092320.1	8318164	8317501	0.00
NC_092320.1	8318164	8317526	0.00
NC_092320.1	8318164	8317551	0.00
NC_092320.1	8318164	8317576	0.00
NC_092320.1	8318164	8317601	0.00
NC_092320.1	8318164	8317626	0.00
NC_092320.1	8318164	8317651	0.00
NC_092320.1	8318164	8317676	0.00
NC_092320.1	8318164	8317701	0.00
NC_092320.1	8318164	8317726	0.00
NC_092320.1	8318164	8317751	0.00
NC_092320.1	8318164	8317776	0.00
NC_092320.1	8318164	8317801	0.00
NC_092320.1	8318164	8317826	0.00
NC_092320.1	8318164	8317851	0.00
NC_092320.1	8318164	8317876	0.00
NC_092320.1	8318164	8317901	0.00
NC_092320.1	8318164	8317926	0.08
NC_092320.1	8318164	8317951	1.00
NC_092320.1	8318164	8317976	1.00
NC_092320.1	8318164	8318001	1.00
NC_092320.1	8318164	8318026	1.00
NC_092320.1	8318164	8318051	1.64
NC_092320.1	8318164	8318076	1.92
NC_092320.1	8318164	8318101	1.00
NC_092320.1	8318164	8318126	1.00
NC_092320.1	8318164	8318151	1.00
NC_092320.1	8318164	8318176	1.00
NC_092320.1	8318164	8318201	0.36
NC_092320.1	8318164	8318226	0.00
NC_092320.1	8318164	8318251	0.00
NC_092320.1	8318164	8318276	0.00
NC_092320.1	8318164	8318301	0.00
NC_092320.1	8318164	8318326	0.00
NC_092320.1	8318164	8318351	0.00
NC_092320.1	8318164	8318376	0.00
NC_092320.1	8318164	8318401	0.00
NC_092320.1	8318164	8318426	0.00
NC_092320.1	8318164	8318451	0.00
NC_092320.1	8318164	8318476	0.00
NC_092320.1	8318164	8318501	0.00
NC_092320.1	8318164	8318526	0.00
NC_092320.1	8318164	8318551	0.00
NC_092320.1	8318164	8318576	0.00
NC_092320.1	8318164	8318601	0.00
NC_092320.1	8318164	8318626	0.00
NC_092320.1	8318164	8318651	0.00
NC_092320.1	8318164	8318676	0.00
NC_092320.1	8318164	8318701	0.00
NC_092320.1	8318164	8318726	0.00
NC_092320.1	8318164	8318751	0.00
NC_092320.1	8318164	8318776	0.00
NC_092320.1	8318164	8318801	0.00
NC_092320.1	8318164	8318826	0.00
NC_092320.1	8318164	8318851	0.00
NC_092320.1	8318164	8318876	0.00
NC_092320.1	8318164	8318901	0.00
NC_092320.1	8318164	8318926	0.00
NC_092320.1	8318164	8318951	0.00
NC_092320.1	8318164	8318976	0.00
NC_092320.1	8318164	8319001	0.00
NC_092320.1	8318164	8319026	0.00
NC_092320.1	8318164	8319051	0.00
NC_092320.1	8318164	8319076	0.00
NC_092320.1	8318164	8319101	0.00
NC_092320.1	8318164	8319126	0.00
NC_092320.1	8318164	8319151	0.00
NC_092320.1	8318164	8319176	0.00
NC_092320.1	8318164	8319201	0.00
NC_092320.1	8318164	8319226	0.00
NC_092320.1	8318164	8319251	0.00
NC_092320.1	8318164	8319276	0.00
NC_092320.1	8318164	8319301	0.00
NC_092320.1	8318164	8319326	0.00
NC_092320.1	8318164	8319351	0.00
NC_092320.1	8318164	8319376	0.00
NC_092320.1	8318164	8319401	0.00
NC_092320.1	8318164	8319426	0.00
NC_092320.1	8318164	8319451	0.00
NC_092320.1	8318164	8319476	0.00
NC_092320.1	8318164	8319501	0.00
NC_092320.1	8318164	8319526	0.00
NC_092320.1	8318164	8319551	0.00
NC_092320.1	8318164	8319576	0.00
NC_092320.1	8318164	8319601	0.00
NC_092320.1	8318164	8319626	0.00
NC_092320.1	8318164	8319651	0.00
NC_092320.1	8318164	8319676	0.00
NC_092320.1	8318164	8319701	0.00
NC_092320.1	8318164	8319726	0.00
NC_092320.1	8318164	8319751	0.00
NC_092320.1	8318164	8319776	0.00
NC_092320.1	8318164	8319801	0.00
NC_092320.1	8318164	8319826	0.00
NC_092320.1	8318164	8319851	0.00
NC_092320.1	8318164	8319876	0.00
NC_092320.1	8318164	8319901	0.00
NC_092320.1	8318164	8319926	0.00
NC_092320.1	8318164	8319951	0.00
NC_092320.1	8318164	8319976	0.00
NC_092320.1	8318164	8320001	0.00
NC_092320.1	8318164	8320026	0.00
NC_092320.1	8318164	8320051	0.00
NC_092320.1	8318164	8320076	0.00
NC_092320.1	8318164	8320101	0.00
NC_092320.1	8318164	8320126	0.00
NC_092320.1	8318164	8320151	0.00
NC_092320.1	37648263	37646251	0.00
NC_092320.1	37648263	37646276	0.00
NC_092320.1	37648263	37646301	0.00
NC_092320.1	37648263	37646326	0.00
NC_092320.1	37648263	37646351	0.00
NC_092320.1	37648263	37646376	0.00
NC_092320.1	37648263	37646401	0.00
NC_092320.1	37648263	37646426	0.00
NC_092320.1	37648263	37646451	0.00
NC_092320.1	37648263	37646476	0.00
NC_092320.1	37648263	37646501	0.00
NC_092320.1	37648263	37646526	0.00
NC_092320.1	37648263	37646551	0.00
NC_092320.1	37648263	37646576	0.00
NC_092320.1	37648263	37646601	0.00
NC_092320.1	37648263	37646626	0.00
NC_092320.1	37648263	37646651	0.00
NC_092320.1	37648263	37646676	0.00
NC_092320.1	37648263	37646701	0.00
NC_092320.1	37648263	37646726	0.00
NC_092320.1	37648263	37646751	0.00
NC_092320.1	37648263	37646776	0.00
NC_092320.1	37648263	37646801	0.00
NC_092320.1	37648263	37646826	0.00
NC_092320.1	37648263	37646851	0.00
NC_092320.1	37648263	37646876	0.00
NC_092320.1	37648263	37646901	0.00
NC_092320.1	37648263	37646926	0.00
NC_092320.1	37648263	37646951	0.00
NC_092320.1	37648263	37646976	0.00
NC_092320.1	37648263	37647001	0.00
NC_092320.1	37648263	37647026	0.00
NC_092320.1	37648263	37647051	0.00
NC_092320.1	37648263	37647076	0.00
NC_092320.1	37648263	37647101	0.00
NC_092320.1	37648263	37647126	0.00
NC_092320.1	37648263	37647151	0.00
NC_092320.1	37648263	37647176	0.00
NC_092320.1	37648263	37647201	0.00
NC_092320.1	37648263	37647226	0.00
NC_092320.1	37648263	37647251	0.00
NC_092320.1	37648263	37647276	0.00
NC_092320.1	37648263	37647301	0.00
NC_092320.1	37648263	37647326	0.00
NC_092320.1	37648263	37647351	0.00
NC_092320.1	37648263	37647376	0.00
NC_092320.1	37648263	37647401	0.00
NC_092320.1	37648263	37647426	0.00
NC_092320.1	37648263	37647451	0.00
NC_092320.1	37648263	37647476	0.00
NC_092320.1	37648263	37647501	0.00
NC_092320.1	37648263	37647526	0.00
NC_092320.1	37648263	37647551	0.00
NC_092320.1	37648263	37647576	0.00
NC_092320.1	37648263	37647601	0.00
NC_092320.1	37648263	37647626	0.00
NC_092320.1	37648263	37647651	0.00
NC_092320.1	37648263	37647676	0.00
NC_092320.1	37648263	37647701	0.00
NC_092320.1	37648263	37647726	0.00
NC_092320.1	37648263	37647751	0.00
NC_092320.1	37648263	37647776	0.00
NC_092320.1	37648263	37647801	0.00
NC_092320.1	37648263	37647826	0.00
NC_092320.1	37648263	37647851	0.00
NC_092320.1	37648263	37647876	0.00
NC_092320.1	37648263	37647901	0.00
NC_092320.1	37648263	37647926	0.00
NC_092320.1	37648263	37647951	0.00
NC_092320.1	37648263	37647976	0.00
NC_092320.1	37648263	37648001	0.00
NC_092320.1	37648263	37648026	0.00
NC_092320.1	37648263	37648051	0.00
NC_092320.1	37648263	37648076	0.00
NC_092320.1	37648263	37648101	0.00
NC_092320.1	37648263	37648126	0.00
NC_092320.1	37648263	37648151	0.56
NC_092320.1	37648263	37648176	1.00
NC_092320.1	37648263	37648201	1.00
NC_092320.1	37648263	37648226	1.00
NC_092320.1	37648263	37648251	1.00
NC_092320.1	37648263	37648276	1.00
NC_092320.1	37648263	37648301	0.44
NC_092320.1	37648263	37648326	0.68
NC_092320.1	37648263	37648351	1.00
NC_092320.1	37648263	37648376	1.00
NC_092320.1	37648263	37648401	1.00
NC_092320.1	37648263	37648426	1.00
NC_092320.1	37648263	37648451	1.00
NC_092320.1	37648263	37648476	0.32
NC_092320.1	37648263	37648501	0.00
NC_092320.1	37648263	37648526	0.00
NC_092320.1	37648263	37648551	0.00
NC_092320.1	37648263	37648576	0.00
NC_092320.1	37648263	37648601	0.00
NC_092320.1	37648263	37648626	0.00
NC_092320.1	37648263	37648651	0.00
NC_092320.1	37648263	37648676	0.00
NC_092320.1	37648263	37648701	0.00
NC_092320.1	37648263	37648726	0.00
NC_092320.1	37648263	37648751	0.00
NC_092320.1	37648263	37648776	0.00
NC_092320.1	37648263	37648801	0.00
NC_092320.1	37648263	37648826	0.00
NC_092320.1	37648263	37648851	0.00
NC_092320.1	37648263	37648876	0.00
NC_092320.1	37648263	37648901	0.00
NC_092320.1	37648263	37648926	0.00
NC_092320.1	37648263	37648951	0.00
NC_092320.1	37648263	37648976	0.00
NC_092320.1	37648263	37649001	0.00
NC_092320.1	37648263	37649026	0.00
NC_092320.1	37648263	37649051	0.00
NC_092320.1	37648263	37649076	0.00
NC_092320.1	37648263	37649101	0.00
NC_092320.1	37648263	37649126	0.00
NC_092320.1	37648263	37649151	0.00
NC_092320.1	37648263	37649176	0.00
NC_092320.1	37648263	37649201	0.00
NC_092320.1	37648263	37649226	0.00
NC_092320.1	37648263	37649251	0.00
NC_092320.1	37648263	37649276	0.00
NC_092320.1	37648263	37649301	0.00
NC_092320.1	37648263	37649326	0.00
NC_092320.1	37648263	37649351	0.00
NC_092320.1	37648263	37649376	0.00
NC_092320.1	37648263	37649401	0.00
NC_092320.1	37648263	37649426	0.00
NC_092320.1	37648263	37649451	0.00
NC_092320.1	37648263	37649476	0.00
NC_092320.1	37648263	37649501	0.00
NC_092320.1	37648263	37649526	0.00
NC_092320.1	37648263	37649551	0.00
NC_092320.1	37648263	37649576	0.00
NC_092320.1	37648263	37649601	0.00
NC_092320.1	37648263	37649626	0.00
NC_092320.1	37648263	37649651	0.00
NC_092320.1	37648263	37649676	0.00
NC_092320.1	37648263	37649701	0.00
NC_092320.1	37648263	37649726	0.00
NC_092320.1	37648263	37649751	0.00
NC_092320.1	37648263	37649776	0.00
NC_092320.1	37648263	37649801	0.00
NC_092320.1	37648263	37649826	0.00
NC_092320.1	37648263	37649851	0.00
NC_092320.1	37648263	37649876	0.00
NC_092320.1	37648263	37649901	0.00
NC_092320.1	37648263	37649926	0.00
NC_092320.1	37648263	37649951	0.00
NC_092320.1	37648263	37649976	0.00
NC_092320.1	37648263	37650001	0.00
NC_092320.1	37648263	37650026	0.00
NC_092320.1	37648263	37650051	0.00
NC_092320.1	37648263	37650076	0.00
NC_092320.1	37648263	37650101	0.00
NC_092320.1	37648263	37650126	0.00
NC_092320.1	37648263	37650151	0.00
NC_092320.1	37648263	37650176	0.00
NC_092320.1	37648263	37650201	0.00
NC_092320.1	37648263	37650226	0.00
NC_092320.1	37648263	37650251	0.00
NC_092320.1	42242593	42240576	0.00
NC_092320.1	42242593	42240601	0.00
NC_092320.1	42242593	42240626	0.00
NC_092320.1	42242593	42240651	0.00
NC_092320.1	42242593	42240676	0.00
NC_092320.1	42242593	42240701	0.00
NC_092320.1	42242593	42240726	0.00
NC_092320.1	42242593	42240751	0.00
NC_092320.1	42242593	42240776	0.00
NC_092320.1	42242593	42240801	0.00
NC_092320.1	42242593	42240826	0.00
NC_092320.1	42242593	42240851	0.00
NC_092320.1	42242593	42240876	0.00
NC_092320.1	42242593	42240901	0.00
NC_092320.1	42242593	42240926	0.00
NC_092320.1	42242593	42240951	0.00
NC_092320.1	42242593	42240976	0.00
NC_092320.1	42242593	42241001	0.00
NC_092320.1	42242593	42241026	0.00
NC_092320.1	42242593	42241051	0.00
NC_092320.1	42242593	42241076	0.00
NC_092320.1	42242593	42241101	0.00
NC_092320.1	42242593	42241126	0.00
NC_092320.1	42242593	42241151	0.00
NC_092320.1	42242593	42241176	0.00
NC_092320.1	42242593	42241201	0.00
NC_092320.1	42242593	42241226	0.00
NC_092320.1	42242593	42241251	0.00
NC_092320.1	42242593	42241276	0.00
NC_092320.1	42242593	42241301	0.00
NC_092320.1	42242593	42241326	0.00
NC_092320.1	42242593	42241351	0.00
NC_092320.1	42242593	42241376	0.00
NC_092320.1	42242593	42241401	0.00
NC_092320.1	42242593	42241426	0.00
NC_092320.1	42242593	42241451	0.00
NC_092320.1	42242593	42241476	0.00
NC_092320.1	42242593	42241501	0.00
NC_092320.1	42242593	42241526	0.00
NC_092320.1	42242593	42241551	0.00
NC_092320.1	42242593	42241576	0.00
NC_092320.1	42242593	42241601	0.00
NC_092320.1	42242593	42241626	0.00
NC_092320.1	42242593	42241651	0.00
NC_092320.1	42242593	42241676	0.00
NC_092320.1	42242593	42241701	0.00
NC_092320.1	42242593	42241726	0.00
NC_092320.1	42242593	42241751	0.00
NC_092320.1	42242593	42241776	0.00
NC_092320.1	42242593	42241801	0.00
NC_092320.1	42242593	42241826	0.00
NC_092320.1	42242593	42241851	0.00
NC_092320.1	42242593	42241876	0.00
NC_092320.1	42242593	42241901	0.00
NC_092320.1	42242593	42241926	0.00
NC_092320.1	42242593	42241951	0.00
NC_092320.1	42242593	42241976	0.00
NC_092320.1	42242593	42242001	0.00
NC_092320.1	42242593	42242026	0.00
NC_092320.1	42242593	42242051	0.00
NC_092320.1	42242593	42242076	0.00
NC_092320.1	42242593	42242101	0.00
NC_092320.1	42242593	42242126	0.00
NC_092320.1	42242593	42242151	0.00
NC_092320.1	42242593	42242176	0.00
NC_092320.1	42242593	42242201	0.00
NC_092320.1	42242593	42242226	0.00
NC_092320.1	42242593	42242251	0.00
NC_092320.1	42242593	42242276	0.00
NC_092320.1	42242593	42242301	0.00
NC_092320.1	42242593	42242326	0.00
NC_092320.1	42242593	42242351	0.00
NC_092320.1	42242593	42242376	0.00
NC_092320.1	42242593	42242401	0.00
NC_092320.1	42242593	42242426	0.00
NC_092320.1	42242593	42242451	0.00
NC_092320.1	42242593	42242476	0.00
NC_092320.1	42242593	42242501	0.00
NC_092320.1	42242593	42242526	0.00
NC_092320.1	42242593	42242551	0.68
NC_092320.1	42242593	42242576	1.00
NC_092320.1	42242593	42242601	1.00
NC_092320.1	42242593	42242626	1.00
NC_092320.1	42242593	42242651	1.00
NC_092320.1	42242593	42242676	1.48
NC_092320.1	42242593	42242701	1.32
NC_092320.1	42242593	42242726	1.00
NC_092320.1	42242593	42242751	1.00
NC_092320.1	42242593	42242776	1.00
NC_092320.1	42242593	42242801	1.00
NC_092320.1	42242593	42242826	0.52
NC_092320.1	42242593	42242851	0.00
NC_092320.1	42242593	42242876	0.00
NC_092320.1	42242593	42242901	0.00
NC_092320.1	42242593	42242926	0.00
NC_092320.1	42242593	42242951	0.00
NC_092320.1	42242593	42242976	0.00
NC_092320.1	42242593	42243001	0.00
NC_092320.1	42242593	42243026	0.00
NC_092320.1	42242593	42243051	0.00
NC_092320.1	42242593	42243076	0.00
NC_092320.1	42242593	42243101	0.00
NC_092320.1	42242593	42243126	0.00
NC_092320.1	42242593	42243151	0.00
NC_092320.1	42242593	42243176	0.00
NC_092320.1	42242593	42243201	0.00
NC_092320.1	42242593	42243226	0.00
NC_092320.1	42242593	42243251	0.00
NC_092320.1	42242593	42243276	0.00
NC_092320.1	42242593	42243301	0.00
NC_092320.1	42242593	42243326	0.00
NC_092320.1	42242593	42243351	0.00
NC_092320.1	42242593	42243376	0.00
NC_092320.1	42242593	42243401	0.00
NC_092320.1	42242593	42243426	0.00
NC_092320.1	42242593	42243451	0.00
NC_092320.1	42242593	42243476	0.00
NC_092320.1	42242593	42243501	0.00
NC_092320.1	42242593	42243526	0.00
NC_092320.1	42242593	42243551	0.00
NC_092320.1	42242593	42243576	0.00
NC_092320.1	42242593	42243601	0.00
NC_092320.1	42242593	42243626	0.00
NC_092320.1	42242593	42243651	0.00
NC_092320.1	42242593	42243676	0.00
NC_092320.1	42242593	42243701	0.00
NC_092320.1	42242593	42243726	0.00
NC_092320.1	42242593	42243751	0.00
NC_092320.1	42242593	42243776	0.00
NC_092320.1	42242593	42243801	0.00
NC_092320.1	42242593	42243826	0.00
NC_092320.1	42242593	42243851	0.00
NC_092320.1	42242593	42243876	0.00
NC_092320.1	42242593	42243901	0.00
NC_092320.1	42242593	42243926	0.00
NC_092320.1	42242593	42243951	0.00
NC_092320.1	42242593	42243976	0.00
NC_092320.1	42242593	42244001	0.00
NC_092320.1	42242593	42244026	0.00
NC_092320.1	42242593	42244051	0.00
NC_092320.1	42242593	42244076	0.00
NC_092320.1	42242593	42244101	0.00
NC_092320.1	42242593	42244126	0.00
NC_092320.1	42242593	42244151	0.00
NC_092320.1	42242593	42244176	0.00
NC_092320.1	42242593	42244201	0.00
NC_092320.1	42242593	42244226	0.00
NC_092320.1	42242593	42244251	0.00
NC_092320.1	42242593	42244276	0.00
NC_092320.1	42242593	42244301	0.00
NC_092320.1	42242593	42244326	0.00
NC_092320.1	42242593	42244351	0.00
NC_092320.1	42242593	42244376	0.00
NC_092320.1	42242593	42244401	0.00
NC_092320.1	42242593	42244426	0.00
NC_092320.1	42242593	42244451	0.00
NC_092320.1	42242593	42244476	0.00
NC_092320.1	42242593	42244501	0.00
NC_092320.1	42242593	42244526	0.00
NC_092320.1	42242593	42244551	0.00
NC_092320.1	42242593	42244576	0.00
NC_092320.1	42242682	42240676	0.00
NC_092320.1	42242682	42240701	0.00
NC_092320.1	42242682	42240726	0.00
NC_092320.1	42242682	42240751	0.00
NC_092320.1	42242682	42240776	0.00
NC_092320.1	42242682	42240801	0.00
NC_092320.1	42242682	42240826	0.00
NC_092320.1	42242682	42240851	0.00
NC_092320.1	42242682	42240876	0.00
NC_092320.1	42242682	42240901	0.00
NC_092320.1	42242682	42240926	0.00
NC_092320.1	42242682	42240951	0.00
NC_092320.1	42242682	42240976	0.00
NC_092320.1	42242682	42241001	0.00
NC_092320.1	42242682	42241026	0.00
NC_092320.1	42242682	42241051	0.00
NC_092320.1	42242682	42241076	0.00
NC_092320.1	42242682	42241101	0.00
NC_092320.1	42242682	42241126	0.00
NC_092320.1	42242682	42241151	0.00
NC_092320.1	42242682	42241176	0.00
NC_092320.1	42242682	42241201	0.00
NC_092320.1	42242682	42241226	0.00
NC_092320.1	42242682	42241251	0.00
NC_092320.1	42242682	42241276	0.00
NC_092320.1	42242682	42241301	0.00
NC_092320.1	42242682	42241326	0.00
NC_092320.1	42242682	42241351	0.00
NC_092320.1	42242682	42241376	0.00
NC_092320.1	42242682	42241401	0.00
NC_092320.1	42242682	42241426	0.00
NC_092320.1	42242682	42241451	0.00
NC_092320.1	42242682	42241476	0.00
NC_092320.1	42242682	42241501	0.00
NC_092320.1	42242682	42241526	0.00
NC_092320.1	42242682	42241551	0.00
NC_092320.1	42242682	42241576	0.00
NC_092320.1	42242682	42241601	0.00
NC_092320.1	42242682	42241626	0.00
NC_092320.1	42242682	42241651	0.00
NC_092320.1	42242682	42241676	0.00
NC_092320.1	42242682	42241701	0.00
NC_092320.1	42242682	42241726	0.00
NC_092320.1	42242682	42241751	0.00
NC_092320.1	42242682	42241776	0.00
NC_092320.1	42242682	42241801	0.00
NC_092320.1	42242682	42241826	0.00
NC_092320.1	42242682	42241851	0.00
NC_092320.1	42242682	42241876	0.00
NC_092320.1	42242682	42241901	0.00
NC_092320.1	42242682	42241926	0.00
NC_092320.1	42242682	42241951	0.00
NC_092320.1	42242682	42241976	0.00
NC_092320.1	42242682	42242001	0.00
NC_092320.1	42242682	42242026	0.00
NC_092320.1	42242682	42242051	0.00
NC_092320.1	42242682	42242076	0.00
NC_092320.1	42242682	42242101	0.00
NC_092320.1	42242682	42242126	0.00
NC_092320.1	42242682	42242151	0.00
NC_092320.1	42242682	42242176	0.00
NC_092320.1	42242682	42242201	0.00
NC_092320.1	42242682	42242226	0.00
NC_092320.1	42242682	42242251	0.00
NC_092320.1	42242682	42242276	0.00
NC_092320.1	42242682	42242301	0.00
NC_092320.1	42242682	42242326	0.00
NC_092320.1	42242682	42242351	0.00
NC_092320.1	42242682	42242376	0.00
NC_092320.1	42242682	42242401	0.00
NC_092320.1	42242682	42242426	0.00
NC_092320.1	42242682	42242451	0.00
NC_092320.1	42242682	42242476	0.00
NC_092320.1	42242682	42242501	0.00
NC_092320.1	42242682	42242526	0.00
NC_092320.1	42242682	42242551	0.68
NC_092320.1	42242682	42242576	1.00
NC_092320.1	42242682	42242601	1.00
NC_092320.1	42242682	42242626	1.00
NC_092320.1	42242682	42242651	1.00
NC_092320.1	42242682	42242676	1.48
NC_092320.1	42242682	42242701	1.32
NC_092320.1	42242682	42242726	1.00
NC_092320.1	42242682	42242751	1.00
NC_092320.1	42242682	42242776	1.00
NC_092320.1	42242682	42242801	1.00
NC_092320.1	42242682	42242826	0.52
NC_092320.1	42242682	42242851	0.00
NC_092320.1	42242682	42242876	0.00
NC_092320.1	42242682	42242901	0.00
NC_092320.1	42242682	42242926	0.00
NC_092320.1	42242682	42242951	0.00
NC_092320.1	42242682	42242976	0.00
NC_092320.1	42242682	42243001	0.00
NC_092320.1	42242682	42243026	0.00
NC_092320.1	42242682	42243051	0.00
NC_092320.1	42242682	42243076	0.00
NC_092320.1	42242682	42243101	0.00
NC_092320.1	42242682	42243126	0.00
NC_092320.1	42242682	42243151	0.00
NC_092320.1	42242682	42243176	0.00
NC_092320.1	42242682	42243201	0.00
NC_092320.1	42242682	42243226	0.00
NC_092320.1	42242682	42243251	0.00
NC_092320.1	42242682	42243276	0.00
NC_092320.1	42242682	42243301	0.00
NC_092320.1	42242682	42243326	0.00
NC_092320.1	42242682	42243351	0.00
NC_092320.1	42242682	42243376	0.00
NC_092320.1	42242682	42243401	0.00
NC_092320.1	42242682	42243426	0.00
NC_092320.1	42242682	42243451	0.00
NC_092320.1	42242682	42243476	0.00
NC_092320.1	42242682	42243501	0.00
NC_092320.1	42242682	42243526	0.00
NC_092320.1	42242682	42243551	0.00
NC_092320.1	42242682	42243576	0.00
NC_092320.1	42242682	42243601	0.00
NC_092320.1	42242682	42243626	0.00
NC_092320.1	42242682	42243651	0.00
NC_092320.1	42242682	42243676	0.00
NC_092320.1	42242682	42243701	0.00
NC_092320.1	42242682	42243726	0.00
NC_092320.1	42242682	42243751	0.00
NC_092320.1	42242682	42243776	0.00
NC_092320.1	42242682	42243801	0.00
NC_092320.1	42242682	42243826	0.00
NC_092320.1	42242682	42243851	0.00
NC_092320.1	42242682	42243876	0.00
NC_092320.1	42242682	42243901	0.00
NC_092320.1	42242682	42243926	0.00
NC_092320.1	42242682	42243951	0.00
NC_092320.1	42242682	42243976	0.00
NC_092320.1	42242682	42244001	0.00
NC_092320.1	42242682	42244026	0.00
NC_092320.1	42242682	42244051	0.00
NC_092320.1	42242682	42244076	0.00
NC_092320.1	42242682	42244101	0.00
NC_092320.1	42242682	42244126	0.00
NC_092320.1	42242682	42244151	0.00
NC_092320.1	42242682	42244176	0.00
NC_092320.1	42242682	42244201	0.00
NC_092320.1	42242682	42244226	0.00
NC_092320.1	42242682	42244251	0.00
NC_092320.1	42242682	42244276	0.00
NC_092320.1	42242682	42244301	0.00
NC_092320.1	42242682	42244326	0.00
NC_092320.1	42242682	42244351	0.00
NC_092320.1	42242682	42244376	0.00
NC_092320.1	42242682	42244401	0.00
NC_092320.1	42242682	42244426	0.00
NC_092320.1	42242682	42244451	0.00
NC_092320.1	42242682	42244476	0.00
NC_092320.1	42242682	42244501	0.00
NC_092320.1	42242682	42244526	0.00
NC_092320.1	42242682	42244551	0.00
NC_092320.1	42242682	42244576	0.00
NC_092320.1	42242682	42244601	0.00
NC_092320.1	42242682	42244626	0.00
NC_092320.1	42242682	42244651	0.00
NC_092320.1	42242682	42244676	0.00
NC_092320.1	42242690	42240676	0.00
NC_092320.1	42242690	42240701	0.00
NC_092320.1	42242690	42240726	0.00
NC_092320.1	42242690	42240751	0.00
NC_092320.1	42242690	42240776	0.00
NC_092320.1	42242690	42240801	0.00
NC_092320.1	42242690	42240826	0.00
NC_092320.1	42242690	42240851	0.00
NC_092320.1	42242690	42240876	0.00
NC_092320.1	42242690	42240901	0.00
NC_092320.1	42242690	42240926	0.00
NC_092320.1	42242690	42240951	0.00
NC_092320.1	42242690	42240976	0.00
NC_092320.1	42242690	42241001	0.00
NC_092320.1	42242690	42241026	0.00
NC_092320.1	42242690	42241051	0.00
NC_092320.1	42242690	42241076	0.00
NC_092320.1	42242690	42241101	0.00
NC_092320.1	42242690	42241126	0.00
NC_092320.1	42242690	42241151	0.00
NC_092320.1	42242690	42241176	0.00
NC_092320.1	42242690	42241201	0.00
NC_092320.1	42242690	42241226	0.00
NC_092320.1	42242690	42241251	0.00
NC_092320.1	42242690	42241276	0.00
NC_092320.1	42242690	42241301	0.00
NC_092320.1	42242690	42241326	0.00
NC_092320.1	42242690	42241351	0.00
NC_092320.1	42242690	42241376	0.00
NC_092320.1	42242690	42241401	0.00
NC_092320.1	42242690	42241426	0.00
NC_092320.1	42242690	42241451	0.00
NC_092320.1	42242690	42241476	0.00
NC_092320.1	42242690	42241501	0.00
NC_092320.1	42242690	42241526	0.00
NC_092320.1	42242690	42241551	0.00
NC_092320.1	42242690	42241576	0.00
NC_092320.1	42242690	42241601	0.00
NC_092320.1	42242690	42241626	0.00
NC_092320.1	42242690	42241651	0.00
NC_092320.1	42242690	42241676	0.00
NC_092320.1	42242690	42241701	0.00
NC_092320.1	42242690	42241726	0.00
NC_092320.1	42242690	42241751	0.00
NC_092320.1	42242690	42241776	0.00
NC_092320.1	42242690	42241801	0.00
NC_092320.1	42242690	42241826	0.00
NC_092320.1	42242690	42241851	0.00
NC_092320.1	42242690	42241876	0.00
NC_092320.1	42242690	42241901	0.00
NC_092320.1	42242690	42241926	0.00
NC_092320.1	42242690	42241951	0.00
NC_092320.1	42242690	42241976	0.00
NC_092320.1	42242690	42242001	0.00
NC_092320.1	42242690	42242026	0.00
NC_092320.1	42242690	42242051	0.00
NC_092320.1	42242690	42242076	0.00
NC_092320.1	42242690	42242101	0.00
NC_092320.1	42242690	42242126	0.00
NC_092320.1	42242690	42242151	0.00
NC_092320.1	42242690	42242176	0.00
NC_092320.1	42242690	42242201	0.00
NC_092320.1	42242690	42242226	0.00
NC_092320.1	42242690	42242251	0.00
NC_092320.1	42242690	42242276	0.00
NC_092320.1	42242690	42242301	0.00
NC_092320.1	42242690	42242326	0.00
NC_092320.1	42242690	42242351	0.00
NC_092320.1	42242690	42242376	0.00
NC_092320.1	42242690	42242401	0.00
NC_092320.1	42242690	42242426	0.00
NC_092320.1	42242690	42242451	0.00
NC_092320.1	42242690	42242476	0.00
NC_092320.1	42242690	42242501	0.00
NC_092320.1	42242690	42242526	0.00
NC_092320.1	42242690	42242551	0.68
NC_092320.1	42242690	42242576	1.00
NC_092320.1	42242690	42242601	1.00
NC_092320.1	42242690	42242626	1.00
NC_092320.1	42242690	42242651	1.00
NC_092320.1	42242690	42242676	1.48
NC_092320.1	42242690	42242701	1.32
NC_092320.1	42242690	42242726	1.00
NC_092320.1	42242690	42242751	1.00
NC_092320.1	42242690	42242776	1.00
NC_092320.1	42242690	42242801	1.00
NC_092320.1	42242690	42242826	0.52
NC_092320.1	42242690	42242851	0.00
NC_092320.1	42242690	42242876	0.00
NC_092320.1	42242690	42242901	0.00
NC_092320.1	42242690	42242926	0.00
NC_092320.1	42242690	42242951	0.00
NC_092320.1	42242690	42242976	0.00
NC_092320.1	42242690	42243001	0.00
NC_092320.1	42242690	42243026	0.00
NC_092320.1	42242690	42243051	0.00
NC_092320.1	42242690	42243076	0.00
NC_092320.1	42242690	42243101	0.00
NC_092320.1	42242690	42243126	0.00
NC_092320.1	42242690	42243151	0.00
NC_092320.1	42242690	42243176	0.00
NC_092320.1	42242690	42243201	0.00
NC_092320.1	42242690	42243226	0.00
NC_092320.1	42242690	42243251	0.00
NC_092320.1	42242690	42243276	0.00
NC_092320.1	42242690	42243301	0.00
NC_092320.1	42242690	42243326	0.00
NC_092320.1	42242690	42243351	0.00
NC_092320.1	42242690	42243376	0.00
NC_092320.1	42242690	42243401	0.00
NC_092320.1	42242690	42243426	0.00
NC_092320.1	42242690	42243451	0.00
NC_092320.1	42242690	42243476	0.00
NC_092320.1	42242690	42243501	0.00
NC_092320.1	42242690	42243526	0.00
NC_092320.1	42242690	42243551	0.00
NC_092320.1	42242690	42243576	0.00
NC_092320.1	42242690	42243601	0.00
NC_092320.1	42242690	42243626	0.00
NC_092320.1	42242690	42243651	0.00
NC_092320.1	42242690	42243676	0.00
NC_092320.1	42242690	42243701	0.00
NC_092320.1	42242690	42243726	0.00
NC_092320.1	42242690	42243751	0.00
NC_092320.1	42242690	42243776	0.00
NC_092320.1	42242690	42243801	0.00
NC_092320.1	42242690	42243826	0.00
NC_092320.1	42242690	42243851	0.00
NC_092320.1	42242690	42243876	0.00
NC_092320.1	42242690	42243901	0.00
NC_092320.1	42242690	42243926	0.00
NC_092320.1	42242690	42243951	0.00
NC_092320.1	42242690	42243976	0.00
NC_092320.1	42242690	42244001	0.00
NC_092320.1	42242690	42244026	0.00
NC_092320.1	42242690	42244051	0.00
NC_092320.1	42242690	42244076	0.00
NC_092320.1	42242690	42244101	0.00
NC_092320.1	42242690	42244126	0.00
NC_092320.1	42242690	42244151	0.00
NC_092320.1	42242690	42244176	0.00
NC_092320.1	42242690	42244201	0.00
NC_092320.1	42242690	42244226	0.00
NC_092320.1	42242690	42244251	0.00
NC_092320.1	42242690	42244276	0.00
NC_092320.1	42242690	42244301	0.00
NC_092320.1	42242690	42244326	0.00
NC_092320.1	42242690	42244351	0.00
NC_092320.1	42242690	42244376	0.00
NC_092320.1	42242690	42244401	0.00
NC_092320.1	42242690	42244426	0.00
NC_092320.1	42242690	42244451	0.00
NC_092320.1	42242690	42244476	0.00
NC_092320.1	42242690	42244501	0.00
NC_092320.1	42242690	42244526	0.00
NC_092320.1	42242690	42244551	0.00
NC_092320.1	42242690	42244576	0.00
NC_092320.1	42242690	42244601	0.00
NC_092320.1	42242690	42244626	0.00
NC_092320.1	42242690	42244651	0.00
NC_092320.1	42242690	42244676	0.00
NC_092320.1	56741136	56739126	0.00
NC_092320.1	56741136	56739151	0.00
NC_092320.1	56741136	56739176	0.00
NC_092320.1	56741136	56739201	0.00
NC_092320.1	56741136	56739226	0.00
NC_092320.1	56741136	56739251	0.00
NC_092320.1	56741136	56739276	0.00
NC_092320.1	56741136	56739301	0.00
NC_092320.1	56741136	56739326	0.00
NC_092320.1	56741136	56739351	0.00
NC_092320.1	56741136	56739376	0.00
NC_092320.1	56741136	56739401	0.00
NC_092320.1	56741136	56739426	0.00
NC_092320.1	56741136	56739451	0.00
NC_092320.1	56741136	56739476	0.00
NC_092320.1	56741136	56739501	0.00
NC_092320.1	56741136	56739526	0.00
NC_092320.1	56741136	56739551	0.00
NC_092320.1	56741136	56739576	0.00
NC_092320.1	56741136	56739601	0.00
NC_092320.1	56741136	56739626	0.00
NC_092320.1	56741136	56739651	0.00
NC_092320.1	56741136	56739676	0.00
NC_092320.1	56741136	56739701	0.00
NC_092320.1	56741136	56739726	0.00
NC_092320.1	56741136	56739751	0.00
NC_092320.1	56741136	56739776	0.00
NC_092320.1	56741136	56739801	0.00
NC_092320.1	56741136	56739826	0.00
NC_092320.1	56741136	56739851	0.00
NC_092320.1	56741136	56739876	0.00
NC_092320.1	56741136	56739901	0.00
NC_092320.1	56741136	56739926	0.00
NC_092320.1	56741136	56739951	0.00
NC_092320.1	56741136	56739976	0.00
NC_092320.1	56741136	56740001	0.00
NC_092320.1	56741136	56740026	0.00
NC_092320.1	56741136	56740051	0.00
NC_092320.1	56741136	56740076	0.00
NC_092320.1	56741136	56740101	0.00
NC_092320.1	56741136	56740126	0.00
NC_092320.1	56741136	56740151	0.00
NC_092320.1	56741136	56740176	0.00
NC_092320.1	56741136	56740201	0.00
NC_092320.1	56741136	56740226	0.00
NC_092320.1	56741136	56740251	0.00
NC_092320.1	56741136	56740276	0.00
NC_092320.1	56741136	56740301	0.00
NC_092320.1	56741136	56740326	0.00
NC_092320.1	56741136	56740351	0.00
NC_092320.1	56741136	56740376	0.00
NC_092320.1	56741136	56740401	0.00
NC_092320.1	56741136	56740426	0.00
NC_092320.1	56741136	56740451	0.00
NC_092320.1	56741136	56740476	0.00
NC_092320.1	56741136	56740501	0.00
NC_092320.1	56741136	56740526	0.00
NC_092320.1	56741136	56740551	0.00
NC_092320.1	56741136	56740576	0.00
NC_092320.1	56741136	56740601	0.00
NC_092320.1	56741136	56740626	0.00
NC_092320.1	56741136	56740651	0.00
NC_092320.1	56741136	56740676	0.00
NC_092320.1	56741136	56740701	0.00
NC_092320.1	56741136	56740726	0.00
NC_092320.1	56741136	56740751	0.00
NC_092320.1	56741136	56740776	0.00
NC_092320.1	56741136	56740801	0.00
NC_092320.1	56741136	56740826	0.00
NC_092320.1	56741136	56740851	0.00
NC_092320.1	56741136	56740876	0.00
NC_092320.1	56741136	56740901	0.00
NC_092320.1	56741136	56740926	0.00
NC_092320.1	56741136	56740951	0.00
NC_092320.1	56741136	56740976	0.00
NC_092320.1	56741136	56741001	0.00
NC_092320.1	56741136	56741026	0.92
NC_092320.1	56741136	56741051	1.00
NC_092320.1	56741136	56741076	1.00
NC_092320.1	56741136	56741101	1.00
NC_092320.1	56741136	56741126	1.00
NC_092320.1	56741136	56741151	1.00
NC_092320.1	56741136	56741176	0.08
NC_092320.1	56741136	56741201	0.00
NC_092320.1	56741136	56741226	0.00
NC_092320.1	56741136	56741251	0.00
NC_092320.1	56741136	56741276	0.00
NC_092320.1	56741136	56741301	0.00
NC_092320.1	56741136	56741326	0.00
NC_092320.1	56741136	56741351	0.00
NC_092320.1	56741136	56741376	0.00
NC_092320.1	56741136	56741401	0.00
NC_092320.1	56741136	56741426	0.00
NC_092320.1	56741136	56741451	0.00
NC_092320.1	56741136	56741476	0.00
NC_092320.1	56741136	56741501	0.00
NC_092320.1	56741136	56741526	0.00
NC_092320.1	56741136	56741551	0.00
NC_092320.1	56741136	56741576	0.00
NC_092320.1	56741136	56741601	0.00
NC_092320.1	56741136	56741626	0.00
NC_092320.1	56741136	56741651	0.00
NC_092320.1	56741136	56741676	0.00
NC_092320.1	56741136	56741701	0.00
NC_092320.1	56741136	56741726	0.00
NC_092320.1	56741136	56741751	0.00
NC_092320.1	56741136	56741776	0.00
NC_092320.1	56741136	56741801	0.00
NC_092320.1	56741136	56741826	0.00
NC_092320.1	56741136	56741851	0.00
NC_092320.1	56741136	56741876	0.00
NC_092320.1	56741136	56741901	0.00
NC_092320.1	56741136	56741926	0.00
NC_092320.1	56741136	56741951	0.00
NC_092320.1	56741136	56741976	0.00
NC_092320.1	56741136	56742001	0.00
NC_092320.1	56741136	56742026	0.00
NC_092320.1	56741136	56742051	0.00
NC_092320.1	56741136	56742076	0.00
NC_092320.1	56741136	56742101	0.00
NC_092320.1	56741136	56742126	0.00
NC_092320.1	56741136	56742151	0.00
NC_092320.1	56741136	56742176	0.00
NC_092320.1	56741136	56742201	0.00
NC_092320.1	56741136	56742226	0.00
NC_092320.1	56741136	56742251	0.00
NC_092320.1	56741136	56742276	0.00
NC_092320.1	56741136	56742301	0.00
NC_092320.1	56741136	56742326	0.00
NC_092320.1	56741136	56742351	0.00
NC_092320.1	56741136	56742376	0.00
NC_092320.1	56741136	56742401	0.00
NC_092320.1	56741136	56742426	0.00
NC_092320.1	56741136	56742451	0.00
NC_092320.1	56741136	56742476	0.00
NC_092320.1	56741136	56742501	0.00
NC_092320.1	56741136	56742526	0.00
NC_092320.1	56741136	56742551	0.00
NC_092320.1	56741136	56742576	0.00
NC_092320.1	56741136	56742601	0.00
NC_092320.1	56741136	56742626	0.00
NC_092320.1	56741136	56742651	0.00
NC_092320.1	56741136	56742676	0.00
NC_092320.1	56741136	56742701	0.00
NC_092320.1	56741136	56742726	0.00
NC_092320.1	56741136	56742751	0.00
NC_092320.1	56741136	56742776	0.00
NC_092320.1	56741136	56742801	0.00
NC_092320.1	56741136	56742826	0.00
NC_092320.1	56741136	56742851	0.00
NC_092320.1	56741136	56742876	0.00
NC_092320.1	56741136	56742901	0.00
NC_092320.1	56741136	56742926	0.00
NC_092320.1	56741136	56742951	0.00
NC_092320.1	56741136	56742976	0.00
NC_092320.1	56741136	56743001	0.00
NC_092320.1	56741136	56743026	0.00
NC_092320.1	56741136	56743051	0.00
NC_092320.1	56741136	56743076	0.00
NC_092320.1	56741136	56743101	0.00
NC_092320.1	56741136	56743126	0.00
NC_092321.1	28313427	28311426	0.00
NC_092321.1	28313427	28311451	0.00
NC_092321.1	28313427	28311476	0.00
NC_092321.1	28313427	28311501	0.00
NC_092321.1	28313427	28311526	0.00
NC_092321.1	28313427	28311551	0.00
NC_092321.1	28313427	28311576	0.00
NC_092321.1	28313427	28311601	0.00
NC_092321.1	28313427	28311626	0.00
NC_092321.1	28313427	28311651	0.00
NC_092321.1	28313427	28311676	0.00
NC_092321.1	28313427	28311701	0.00
NC_092321.1	28313427	28311726	0.00
NC_092321.1	28313427	28311751	0.00
NC_092321.1	28313427	28311776	0.00
NC_092321.1	28313427	28311801	0.00
NC_092321.1	28313427	28311826	0.00
NC_092321.1	28313427	28311851	0.00
NC_092321.1	28313427	28311876	0.00
NC_092321.1	28313427	28311901	0.00
NC_092321.1	28313427	28311926	0.00
NC_092321.1	28313427	28311951	0.00
NC_092321.1	28313427	28311976	0.00
NC_092321.1	28313427	28312001	0.00
NC_092321.1	28313427	28312026	0.00
NC_092321.1	28313427	28312051	0.00
NC_092321.1	28313427	28312076	0.00
NC_092321.1	28313427	28312101	0.00
NC_092321.1	28313427	28312126	0.00
NC_092321.1	28313427	28312151	0.00
NC_092321.1	28313427	28312176	0.00
NC_092321.1	28313427	28312201	0.00
NC_092321.1	28313427	28312226	0.00
NC_092321.1	28313427	28312251	0.00
NC_092321.1	28313427	28312276	0.00
NC_092321.1	28313427	28312301	0.00
NC_092321.1	28313427	28312326	0.00
NC_092321.1	28313427	28312351	0.00
NC_092321.1	28313427	28312376	0.00
NC_092321.1	28313427	28312401	0.00
NC_092321.1	28313427	28312426	0.00
NC_092321.1	28313427	28312451	0.00
NC_092321.1	28313427	28312476	0.00
NC_092321.1	28313427	28312501	0.00
NC_092321.1	28313427	28312526	0.00
NC_092321.1	28313427	28312551	0.00
NC_092321.1	28313427	28312576	0.00
NC_092321.1	28313427	28312601	0.00
NC_092321.1	28313427	28312626	0.00
NC_092321.1	28313427	28312651	0.00
NC_092321.1	28313427	28312676	0.00
NC_092321.1	28313427	28312701	0.00
NC_092321.1	28313427	28312726	0.00
NC_092321.1	28313427	28312751	0.00
NC_092321.1	28313427	28312776	0.00
NC_092321.1	28313427	28312801	0.00
NC_092321.1	28313427	28312826	0.00
NC_092321.1	28313427	28312851	0.00
NC_092321.1	28313427	28312876	0.00
NC_092321.1	28313427	28312901	0.00
NC_092321.1	28313427	28312926	0.00
NC_092321.1	28313427	28312951	0.00
NC_092321.1	28313427	28312976	0.00
NC_092321.1	28313427	28313001	0.00
NC_092321.1	28313427	28313026	0.00
NC_092321.1	28313427	28313051	0.00
NC_092321.1	28313427	28313076	0.00
NC_092321.1	28313427	28313101	0.00
NC_092321.1	28313427	28313126	0.00
NC_092321.1	28313427	28313151	0.00
NC_092321.1	28313427	28313176	0.00
NC_092321.1	28313427	28313201	0.00
NC_092321.1	28313427	28313226	0.00
NC_092321.1	28313427	28313251	0.00
NC_092321.1	28313427	28313276	0.00
NC_092321.1	28313427	28313301	0.00
NC_092321.1	28313427	28313326	0.00
NC_092321.1	28313427	28313351	0.00
NC_092321.1	28313427	28313376	0.00
NC_092321.1	28313427	28313401	0.40
NC_092321.1	28313427	28313426	1.00
NC_092321.1	28313427	28313451	1.00
NC_092321.1	28313427	28313476	1.00
NC_092321.1	28313427	28313501	1.00
NC_092321.1	28313427	28313526	1.00
NC_092321.1	28313427	28313551	0.60
NC_092321.1	28313427	28313576	0.32
NC_092321.1	28313427	28313601	1.00
NC_092321.1	28313427	28313626	1.00
NC_092321.1	28313427	28313651	1.00
NC_092321.1	28313427	28313676	1.00
NC_092321.1	28313427	28313701	1.00
NC_092321.1	28313427	28313726	0.68
NC_092321.1	28313427	28313751	0.28
NC_092321.1	28313427	28313776	1.00
NC_092321.1	28313427	28313801	1.00
NC_092321.1	28313427	28313826	1.00
NC_092321.1	28313427	28313851	1.00
NC_092321.1	28313427	28313876	1.00
NC_092321.1	28313427	28313901	0.72
NC_092321.1	28313427	28313926	0.00
NC_092321.1	28313427	28313951	0.00
NC_092321.1	28313427	28313976	0.00
NC_092321.1	28313427	28314001	0.00
NC_092321.1	28313427	28314026	0.00
NC_092321.1	28313427	28314051	0.00
NC_092321.1	28313427	28314076	0.00
NC_092321.1	28313427	28314101	0.00
NC_092321.1	28313427	28314126	0.00
NC_092321.1	28313427	28314151	0.00
NC_092321.1	28313427	28314176	0.00
NC_092321.1	28313427	28314201	0.00
NC_092321.1	28313427	28314226	0.00
NC_092321.1	28313427	28314251	0.00
NC_092321.1	28313427	28314276	0.00
NC_092321.1	28313427	28314301	0.00
NC_092321.1	28313427	28314326	0.00
NC_092321.1	28313427	28314351	0.00
NC_092321.1	28313427	28314376	0.00
NC_092321.1	28313427	28314401	0.00
NC_092321.1	28313427	28314426	0.00
NC_092321.1	28313427	28314451	0.00
NC_092321.1	28313427	28314476	0.00
NC_092321.1	28313427	28314501	0.00
NC_092321.1	28313427	28314526	0.00
NC_092321.1	28313427	28314551	0.00
NC_092321.1	28313427	28314576	0.00
NC_092321.1	28313427	28314601	0.00
NC_092321.1	28313427	28314626	0.00
NC_092321.1	28313427	28314651	0.00
NC_092321.1	28313427	28314676	0.00
NC_092321.1	28313427	28314701	0.00
NC_092321.1	28313427	28314726	0.00
NC_092321.1	28313427	28314751	0.00
NC_092321.1	28313427	28314776	0.00
NC_092321.1	28313427	28314801	0.00
NC_092321.1	28313427	28314826	0.00
NC_092321.1	28313427	28314851	0.00
NC_092321.1	28313427	28314876	0.00
NC_092321.1	28313427	28314901	0.00
NC_092321.1	28313427	28314926	0.00
NC_092321.1	28313427	28314951	0.00
NC_092321.1	28313427	28314976	0.00
NC_092321.1	28313427	28315001	0.00
NC_092321.1	28313427	28315026	0.00
NC_092321.1	28313427	28315051	0.00
NC_092321.1	28313427	28315076	0.00
NC_092321.1	28313427	28315101	0.00
NC_092321.1	28313427	28315126	0.00
NC_092321.1	28313427	28315151	0.00
NC_092321.1	28313427	28315176	0.00
NC_092321.1	28313427	28315201	0.00
NC_092321.1	28313427	28315226	0.00
NC_092321.1	28313427	28315251	0.00
NC_092321.1	28313427	28315276	0.00
NC_092321.1	28313427	28315301	0.00
NC_092321.1	28313427	28315326	0.00
NC_092321.1	28313427	28315351	0.00
NC_092321.1	28313427	28315376	0.00
NC_092321.1	28313427	28315401	0.00
NC_092321.1	28313427	28315426	0.00
NC_092321.1	28313457	28311451	0.00
NC_092321.1	28313457	28311476	0.00
NC_092321.1	28313457	28311501	0.00
NC_092321.1	28313457	28311526	0.00
NC_092321.1	28313457	28311551	0.00
NC_092321.1	28313457	28311576	0.00
NC_092321.1	28313457	28311601	0.00
NC_092321.1	28313457	28311626	0.00
NC_092321.1	28313457	28311651	0.00
NC_092321.1	28313457	28311676	0.00
NC_092321.1	28313457	28311701	0.00
NC_092321.1	28313457	28311726	0.00
NC_092321.1	28313457	28311751	0.00
NC_092321.1	28313457	28311776	0.00
NC_092321.1	28313457	28311801	0.00
NC_092321.1	28313457	28311826	0.00
NC_092321.1	28313457	28311851	0.00
NC_092321.1	28313457	28311876	0.00
NC_092321.1	28313457	28311901	0.00
NC_092321.1	28313457	28311926	0.00
NC_092321.1	28313457	28311951	0.00
NC_092321.1	28313457	28311976	0.00
NC_092321.1	28313457	28312001	0.00
NC_092321.1	28313457	28312026	0.00
NC_092321.1	28313457	28312051	0.00
NC_092321.1	28313457	28312076	0.00
NC_092321.1	28313457	28312101	0.00
NC_092321.1	28313457	28312126	0.00
NC_092321.1	28313457	28312151	0.00
NC_092321.1	28313457	28312176	0.00
NC_092321.1	28313457	28312201	0.00
NC_092321.1	28313457	28312226	0.00
NC_092321.1	28313457	28312251	0.00
NC_092321.1	28313457	28312276	0.00
NC_092321.1	28313457	28312301	0.00
NC_092321.1	28313457	28312326	0.00
NC_092321.1	28313457	28312351	0.00
NC_092321.1	28313457	28312376	0.00
NC_092321.1	28313457	28312401	0.00
NC_092321.1	28313457	28312426	0.00
NC_092321.1	28313457	28312451	0.00
NC_092321.1	28313457	28312476	0.00
NC_092321.1	28313457	28312501	0.00
NC_092321.1	28313457	28312526	0.00
NC_092321.1	28313457	28312551	0.00
NC_092321.1	28313457	28312576	0.00
NC_092321.1	28313457	28312601	0.00
NC_092321.1	28313457	28312626	0.00
NC_092321.1	28313457	28312651	0.00
NC_092321.1	28313457	28312676	0.00
NC_092321.1	28313457	28312701	0.00
NC_092321.1	28313457	28312726	0.00
NC_092321.1	28313457	28312751	0.00
NC_092321.1	28313457	28312776	0.00
NC_092321.1	28313457	28312801	0.00
NC_092321.1	28313457	28312826	0.00
NC_092321.1	28313457	28312851	0.00
NC_092321.1	28313457	28312876	0.00
NC_092321.1	28313457	28312901	0.00
NC_092321.1	28313457	28312926	0.00
NC_092321.1	28313457	28312951	0.00
NC_092321.1	28313457	28312976	0.00
NC_092321.1	28313457	28313001	0.00
NC_092321.1	28313457	28313026	0.00
NC_092321.1	28313457	28313051	0.00
NC_092321.1	28313457	28313076	0.00
NC_092321.1	28313457	28313101	0.00
NC_092321.1	28313457	28313126	0.00
NC_092321.1	28313457	28313151	0.00
NC_092321.1	28313457	28313176	0.00
NC_092321.1	28313457	28313201	0.00
NC_092321.1	28313457	28313226	0.00
NC_092321.1	28313457	28313251	0.00
NC_092321.1	28313457	28313276	0.00
NC_092321.1	28313457	28313301	0.00
NC_092321.1	28313457	28313326	0.00
NC_092321.1	28313457	28313351	0.00
NC_092321.1	28313457	28313376	0.00
NC_092321.1	28313457	28313401	0.40
NC_092321.1	28313457	28313426	1.00
NC_092321.1	28313457	28313451	1.00
NC_092321.1	28313457	28313476	1.00
NC_092321.1	28313457	28313501	1.00
NC_092321.1	28313457	28313526	1.00
NC_092321.1	28313457	28313551	0.60
NC_092321.1	28313457	28313576	0.32
NC_092321.1	28313457	28313601	1.00
NC_092321.1	28313457	28313626	1.00
NC_092321.1	28313457	28313651	1.00
NC_092321.1	28313457	28313676	1.00
NC_092321.1	28313457	28313701	1.00
NC_092321.1	28313457	28313726	0.68
NC_092321.1	28313457	28313751	0.28
NC_092321.1	28313457	28313776	1.00
NC_092321.1	28313457	28313801	1.00
NC_092321.1	28313457	28313826	1.00
NC_092321.1	28313457	28313851	1.00
NC_092321.1	28313457	28313876	1.00
NC_092321.1	28313457	28313901	0.72
NC_092321.1	28313457	28313926	0.00
NC_092321.1	28313457	28313951	0.00
NC_092321.1	28313457	28313976	0.00
NC_092321.1	28313457	28314001	0.00
NC_092321.1	28313457	28314026	0.00
NC_092321.1	28313457	28314051	0.00
NC_092321.1	28313457	28314076	0.00
NC_092321.1	28313457	28314101	0.00
NC_092321.1	28313457	28314126	0.00
NC_092321.1	28313457	28314151	0.00
NC_092321.1	28313457	28314176	0.00
NC_092321.1	28313457	28314201	0.00
NC_092321.1	28313457	28314226	0.00
NC_092321.1	28313457	28314251	0.00
NC_092321.1	28313457	28314276	0.00
NC_092321.1	28313457	28314301	0.00
NC_092321.1	28313457	28314326	0.00
NC_092321.1	28313457	28314351	0.00
NC_092321.1	28313457	28314376	0.00
NC_092321.1	28313457	28314401	0.00
NC_092321.1	28313457	28314426	0.00
NC_092321.1	28313457	28314451	0.00
NC_092321.1	28313457	28314476	0.00
NC_092321.1	28313457	28314501	0.00
NC_092321.1	28313457	28314526	0.00
NC_092321.1	28313457	28314551	0.00
NC_092321.1	28313457	28314576	0.00
NC_092321.1	28313457	28314601	0.00
NC_092321.1	28313457	28314626	0.00
NC_092321.1	28313457	28314651	0.00
NC_092321.1	28313457	28314676	0.00
NC_092321.1	28313457	28314701	0.00
NC_092321.1	28313457	28314726	0.00
NC_092321.1	28313457	28314751	0.00
NC_092321.1	28313457	28314776	0.00
NC_092321.1	28313457	28314801	0.00
NC_092321.1	28313457	28314826	0.00
NC_092321.1	28313457	28314851	0.00
NC_092321.1	28313457	28314876	0.00
NC_092321.1	28313457	28314901	0.00
NC_092321.1	28313457	28314926	0.00
NC_092321.1	28313457	28314951	0.00
NC_092321.1	28313457	28314976	0.00
NC_092321.1	28313457	28315001	0.00
NC_092321.1	28313457	28315026	0.00
NC_092321.1	28313457	28315051	0.00
NC_092321.1	28313457	28315076	0.00
NC_092321.1	28313457	28315101	0.00
NC_092321.1	28313457	28315126	0.00
NC_092321.1	28313457	28315151	0.00
NC_092321.1	28313457	28315176	0.00
NC_092321.1	28313457	28315201	0.00
NC_092321.1	28313457	28315226	0.00
NC_092321.1	28313457	28315251	0.00
NC_092321.1	28313457	28315276	0.00
NC_092321.1	28313457	28315301	0.00
NC_092321.1	28313457	28315326	0.00
NC_092321.1	28313457	28315351	0.00
NC_092321.1	28313457	28315376	0.00
NC_092321.1	28313457	28315401	0.00
NC_092321.1	28313457	28315426	0.00
NC_092321.1	28313457	28315451	0.00
NC_092321.1	28313458	28311451	0.00
NC_092321.1	28313458	28311476	0.00
NC_092321.1	28313458	28311501	0.00
NC_092321.1	28313458	28311526	0.00
NC_092321.1	28313458	28311551	0.00
NC_092321.1	28313458	28311576	0.00
NC_092321.1	28313458	28311601	0.00
NC_092321.1	28313458	28311626	0.00
NC_092321.1	28313458	28311651	0.00
NC_092321.1	28313458	28311676	0.00
NC_092321.1	28313458	28311701	0.00
NC_092321.1	28313458	28311726	0.00
NC_092321.1	28313458	28311751	0.00
NC_092321.1	28313458	28311776	0.00
NC_092321.1	28313458	28311801	0.00
NC_092321.1	28313458	28311826	0.00
NC_092321.1	28313458	28311851	0.00
NC_092321.1	28313458	28311876	0.00
NC_092321.1	28313458	28311901	0.00
NC_092321.1	28313458	28311926	0.00
NC_092321.1	28313458	28311951	0.00
NC_092321.1	28313458	28311976	0.00
NC_092321.1	28313458	28312001	0.00
NC_092321.1	28313458	28312026	0.00
NC_092321.1	28313458	28312051	0.00
NC_092321.1	28313458	28312076	0.00
NC_092321.1	28313458	28312101	0.00
NC_092321.1	28313458	28312126	0.00
NC_092321.1	28313458	28312151	0.00
NC_092321.1	28313458	28312176	0.00
NC_092321.1	28313458	28312201	0.00
NC_092321.1	28313458	28312226	0.00
NC_092321.1	28313458	28312251	0.00
NC_092321.1	28313458	28312276	0.00
NC_092321.1	28313458	28312301	0.00
NC_092321.1	28313458	28312326	0.00
NC_092321.1	28313458	28312351	0.00
NC_092321.1	28313458	28312376	0.00
NC_092321.1	28313458	28312401	0.00
NC_092321.1	28313458	28312426	0.00
NC_092321.1	28313458	28312451	0.00
NC_092321.1	28313458	28312476	0.00
NC_092321.1	28313458	28312501	0.00
NC_092321.1	28313458	28312526	0.00
NC_092321.1	28313458	28312551	0.00
NC_092321.1	28313458	28312576	0.00
NC_092321.1	28313458	28312601	0.00
NC_092321.1	28313458	28312626	0.00
NC_092321.1	28313458	28312651	0.00
NC_092321.1	28313458	28312676	0.00
NC_092321.1	28313458	28312701	0.00
NC_092321.1	28313458	28312726	0.00
NC_092321.1	28313458	28312751	0.00
NC_092321.1	28313458	28312776	0.00
NC_092321.1	28313458	28312801	0.00
NC_092321.1	28313458	28312826	0.00
NC_092321.1	28313458	28312851	0.00
NC_092321.1	28313458	28312876	0.00
NC_092321.1	28313458	28312901	0.00
NC_092321.1	28313458	28312926	0.00
NC_092321.1	28313458	28312951	0.00
NC_092321.1	28313458	28312976	0.00
NC_092321.1	28313458	28313001	0.00
NC_092321.1	28313458	28313026	0.00
NC_092321.1	28313458	28313051	0.00
NC_092321.1	28313458	28313076	0.00
NC_092321.1	28313458	28313101	0.00
NC_092321.1	28313458	28313126	0.00
NC_092321.1	28313458	28313151	0.00
NC_092321.1	28313458	28313176	0.00
NC_092321.1	28313458	28313201	0.00
NC_092321.1	28313458	28313226	0.00
NC_092321.1	28313458	28313251	0.00
NC_092321.1	28313458	28313276	0.00
NC_092321.1	28313458	28313301	0.00
NC_092321.1	28313458	28313326	0.00
NC_092321.1	28313458	28313351	0.00
NC_092321.1	28313458	28313376	0.00
NC_092321.1	28313458	28313401	0.40
NC_092321.1	28313458	28313426	1.00
NC_092321.1	28313458	28313451	1.00
NC_092321.1	28313458	28313476	1.00
NC_092321.1	28313458	28313501	1.00
NC_092321.1	28313458	28313526	1.00
NC_092321.1	28313458	28313551	0.60
NC_092321.1	28313458	28313576	0.32
NC_092321.1	28313458	28313601	1.00
NC_092321.1	28313458	28313626	1.00
NC_092321.1	28313458	28313651	1.00
NC_092321.1	28313458	28313676	1.00
NC_092321.1	28313458	28313701	1.00
NC_092321.1	28313458	28313726	0.68
NC_092321.1	28313458	28313751	0.28
NC_092321.1	28313458	28313776	1.00
NC_092321.1	28313458	28313801	1.00
NC_092321.1	28313458	28313826	1.00
NC_092321.1	28313458	28313851	1.00
NC_092321.1	28313458	28313876	1.00
NC_092321.1	28313458	28313901	0.72
NC_092321.1	28313458	28313926	0.00
NC_092321.1	28313458	28313951	0.00
NC_092321.1	28313458	28313976	0.00
NC_092321.1	28313458	28314001	0.00
NC_092321.1	28313458	28314026	0.00
NC_092321.1	28313458	28314051	0.00
NC_092321.1	28313458	28314076	0.00
NC_092321.1	28313458	28314101	0.00
NC_092321.1	28313458	28314126	0.00
NC_092321.1	28313458	28314151	0.00
NC_092321.1	28313458	28314176	0.00
NC_092321.1	28313458	28314201	0.00
NC_092321.1	28313458	28314226	0.00
NC_092321.1	28313458	28314251	0.00
NC_092321.1	28313458	28314276	0.00
NC_092321.1	28313458	28314301	0.00
NC_092321.1	28313458	28314326	0.00
NC_092321.1	28313458	28314351	0.00
NC_092321.1	28313458	28314376	0.00
NC_092321.1	28313458	28314401	0.00
NC_092321.1	28313458	28314426	0.00
NC_092321.1	28313458	28314451	0.00
NC_092321.1	28313458	28314476	0.00
NC_092321.1	28313458	28314501	0.00
NC_092321.1	28313458	28314526	0.00
NC_092321.1	28313458	28314551	0.00
NC_092321.1	28313458	28314576	0.00
NC_092321.1	28313458	28314601	0.00
NC_092321.1	28313458	28314626	0.00
NC_092321.1	28313458	28314651	0.00
NC_092321.1	28313458	28314676	0.00
NC_092321.1	28313458	28314701	0.00
NC_092321.1	28313458	28314726	0.00
NC_092321.1	28313458	28314751	0.00
NC_092321.1	28313458	28314776	0.00
NC_092321.1	28313458	28314801	0.00
NC_092321.1	28313458	28314826	0.00
NC_092321.1	28313458	28314851	0.00
NC_092321.1	28313458	28314876	0.00
NC_092321.1	28313458	28314901	0.00
NC_092321.1	28313458	28314926	0.00
NC_092321.1	28313458	28314951	0.00
NC_092321.1	28313458	28314976	0.00
NC_092321.1	28313458	28315001	0.00
NC_092321.1	28313458	28315026	0.00
NC_092321.1	28313458	28315051	0.00
NC_092321.1	28313458	28315076	0.00
NC_092321.1	28313458	28315101	0.00
NC_092321.1	28313458	28315126	0.00
NC_092321.1	28313458	28315151	0.00
NC_092321.1	28313458	28315176	0.00
NC_092321.1	28313458	28315201	0.00
NC_092321.1	28313458	28315226	0.00
NC_092321.1	28313458	28315251	0.00
NC_092321.1	28313458	28315276	0.00
NC_092321.1	28313458	28315301	0.00
NC_092321.1	28313458	28315326	0.00
NC_092321.1	28313458	28315351	0.00
NC_092321.1	28313458	28315376	0.00
NC_092321.1	28313458	28315401	0.00
NC_092321.1	28313458	28315426	0.00
NC_092321.1	28313458	28315451	0.00
NC_092321.1	28313559	28311551	0.00
NC_092321.1	28313559	28311576	0.00
NC_092321.1	28313559	28311601	0.00
NC_092321.1	28313559	28311626	0.00
NC_092321.1	28313559	28311651	0.00
NC_092321.1	28313559	28311676	0.00
NC_092321.1	28313559	28311701	0.00
NC_092321.1	28313559	28311726	0.00
NC_092321.1	28313559	28311751	0.00
NC_092321.1	28313559	28311776	0.00
NC_092321.1	28313559	28311801	0.00
NC_092321.1	28313559	28311826	0.00
NC_092321.1	28313559	28311851	0.00
NC_092321.1	28313559	28311876	0.00
NC_092321.1	28313559	28311901	0.00
NC_092321.1	28313559	28311926	0.00
NC_092321.1	28313559	28311951	0.00
NC_092321.1	28313559	28311976	0.00
NC_092321.1	28313559	28312001	0.00
NC_092321.1	28313559	28312026	0.00
NC_092321.1	28313559	28312051	0.00
NC_092321.1	28313559	28312076	0.00
NC_092321.1	28313559	28312101	0.00
NC_092321.1	28313559	28312126	0.00
NC_092321.1	28313559	28312151	0.00
NC_092321.1	28313559	28312176	0.00
NC_092321.1	28313559	28312201	0.00
NC_092321.1	28313559	28312226	0.00
NC_092321.1	28313559	28312251	0.00
NC_092321.1	28313559	28312276	0.00
NC_092321.1	28313559	28312301	0.00
NC_092321.1	28313559	28312326	0.00
NC_092321.1	28313559	28312351	0.00
NC_092321.1	28313559	28312376	0.00
NC_092321.1	28313559	28312401	0.00
NC_092321.1	28313559	28312426	0.00
NC_092321.1	28313559	28312451	0.00
NC_092321.1	28313559	28312476	0.00
NC_092321.1	28313559	28312501	0.00
NC_092321.1	28313559	28312526	0.00
NC_092321.1	28313559	28312551	0.00
NC_092321.1	28313559	28312576	0.00
NC_092321.1	28313559	28312601	0.00
NC_092321.1	28313559	28312626	0.00
NC_092321.1	28313559	28312651	0.00
NC_092321.1	28313559	28312676	0.00
NC_092321.1	28313559	28312701	0.00
NC_092321.1	28313559	28312726	0.00
NC_092321.1	28313559	28312751	0.00
NC_092321.1	28313559	28312776	0.00
NC_092321.1	28313559	28312801	0.00
NC_092321.1	28313559	28312826	0.00
NC_092321.1	28313559	28312851	0.00
NC_092321.1	28313559	28312876	0.00
NC_092321.1	28313559	28312901	0.00
NC_092321.1	28313559	28312926	0.00
NC_092321.1	28313559	28312951	0.00
NC_092321.1	28313559	28312976	0.00
NC_092321.1	28313559	28313001	0.00
NC_092321.1	28313559	28313026	0.00
NC_092321.1	28313559	28313051	0.00
NC_092321.1	28313559	28313076	0.00
NC_092321.1	28313559	28313101	0.00
NC_092321.1	28313559	28313126	0.00
NC_092321.1	28313559	28313151	0.00
NC_092321.1	28313559	28313176	0.00
NC_092321.1	28313559	28313201	0.00
NC_092321.1	28313559	28313226	0.00
NC_092321.1	28313559	28313251	0.00
NC_092321.1	28313559	28313276	0.00
NC_092321.1	28313559	28313301	0.00
NC_092321.1	28313559	28313326	0.00
NC_092321.1	28313559	28313351	0.00
NC_092321.1	28313559	28313376	0.00
NC_092321.1	28313559	28313401	0.40
NC_092321.1	28313559	28313426	1.00
NC_092321.1	28313559	28313451	1.00
NC_092321.1	28313559	28313476	1.00
NC_092321.1	28313559	28313501	1.00
NC_092321.1	28313559	28313526	1.00
NC_092321.1	28313559	28313551	0.60
NC_092321.1	28313559	28313576	0.32
NC_092321.1	28313559	28313601	1.00
NC_092321.1	28313559	28313626	1.00
NC_092321.1	28313559	28313651	1.00
NC_092321.1	28313559	28313676	1.00
NC_092321.1	28313559	28313701	1.00
NC_092321.1	28313559	28313726	0.68
NC_092321.1	28313559	28313751	0.28
NC_092321.1	28313559	28313776	1.00
NC_092321.1	28313559	28313801	1.00
NC_092321.1	28313559	28313826	1.00
NC_092321.1	28313559	28313851	1.00
NC_092321.1	28313559	28313876	1.00
NC_092321.1	28313559	28313901	0.72
NC_092321.1	28313559	28313926	0.00
NC_092321.1	28313559	28313951	0.00
NC_092321.1	28313559	28313976	0.00
NC_092321.1	28313559	28314001	0.00
NC_092321.1	28313559	28314026	0.00
NC_092321.1	28313559	28314051	0.00
NC_092321.1	28313559	28314076	0.00
NC_092321.1	28313559	28314101	0.00
NC_092321.1	28313559	28314126	0.00
NC_092321.1	28313559	28314151	0.00
NC_092321.1	28313559	28314176	0.00
NC_092321.1	28313559	28314201	0.00
NC_092321.1	28313559	28314226	0.00
NC_092321.1	28313559	28314251	0.00
NC_092321.1	28313559	28314276	0.00
NC_092321.1	28313559	28314301	0.00
NC_092321.1	28313559	28314326	0.00
NC_092321.1	28313559	28314351	0.00
NC_092321.1	28313559	28314376	0.00
NC_092321.1	28313559	28314401	0.00
NC_092321.1	28313559	28314426	0.00
NC_092321.1	28313559	28314451	0.00
NC_092321.1	28313559	28314476	0.00
NC_092321.1	28313559	28314501	0.00
NC_092321.1	28313559	28314526	0.00
NC_092321.1	28313559	28314551	0.00
NC_092321.1	28313559	28314576	0.00
NC_092321.1	28313559	28314601	0.00
NC_092321.1	28313559	28314626	0.00
NC_092321.1	28313559	28314651	0.00
NC_092321.1	28313559	28314676	0.00
NC_092321.1	28313559	28314701	0.00
NC_092321.1	28313559	28314726	0.00
NC_092321.1	28313559	28314751	0.00
NC_092321.1	28313559	28314776	0.00
NC_092321.1	28313559	28314801	0.00
NC_092321.1	28313559	28314826	0.00
NC_092321.1	28313559	28314851	0.00
NC_092321.1	28313559	28314876	0.00
NC_092321.1	28313559	28314901	0.00
NC_092321.1	28313559	28314926	0.00
NC_092321.1	28313559	28314951	0.00
NC_092321.1	28313559	28314976	0.00
NC_092321.1	28313559	28315001	0.00
NC_092321.1	28313559	28315026	0.00
NC_092321.1	28313559	28315051	0.00
NC_092321.1	28313559	28315076	0.00
NC_092321.1	28313559	28315101	0.00
NC_092321.1	28313559	28315126	0.00
NC_092321.1	28313559	28315151	0.00
NC_092321.1	28313559	28315176	0.00
NC_092321.1	28313559	28315201	0.00
NC_092321.1	28313559	28315226	0.00
NC_092321.1	28313559	28315251	0.00
NC_092321.1	28313559	28315276	0.00
NC_092321.1	28313559	28315301	0.00
NC_092321.1	28313559	28315326	0.00
NC_092321.1	28313559	28315351	0.00
NC_092321.1	28313559	28315376	0.00
NC_092321.1	28313559	28315401	0.00
NC_092321.1	28313559	28315426	0.00
NC_092321.1	28313559	28315451	0.00
NC_092321.1	28313559	28315476	0.00
NC_092321.1	28313559	28315501	0.00
NC_092321.1	28313559	28315526	0.00
NC_092321.1	28313559	28315551	0.00
NC_092321.1	28313562	28311551	0.00
NC_092321.1	28313562	28311576	0.00
NC_092321.1	28313562	28311601	0.00
NC_092321.1	28313562	28311626	0.00
NC_092321.1	28313562	28311651	0.00
NC_092321.1	28313562	28311676	0.00
NC_092321.1	28313562	28311701	0.00
NC_092321.1	28313562	28311726	0.00
NC_092321.1	28313562	28311751	0.00
NC_092321.1	28313562	28311776	0.00
NC_092321.1	28313562	28311801	0.00
NC_092321.1	28313562	28311826	0.00
NC_092321.1	28313562	28311851	0.00
NC_092321.1	28313562	28311876	0.00
NC_092321.1	28313562	28311901	0.00
NC_092321.1	28313562	28311926	0.00
NC_092321.1	28313562	28311951	0.00
NC_092321.1	28313562	28311976	0.00
NC_092321.1	28313562	28312001	0.00
NC_092321.1	28313562	28312026	0.00
NC_092321.1	28313562	28312051	0.00
NC_092321.1	28313562	28312076	0.00
NC_092321.1	28313562	28312101	0.00
NC_092321.1	28313562	28312126	0.00
NC_092321.1	28313562	28312151	0.00
NC_092321.1	28313562	28312176	0.00
NC_092321.1	28313562	28312201	0.00
NC_092321.1	28313562	28312226	0.00
NC_092321.1	28313562	28312251	0.00
NC_092321.1	28313562	28312276	0.00
NC_092321.1	28313562	28312301	0.00
NC_092321.1	28313562	28312326	0.00
NC_092321.1	28313562	28312351	0.00
NC_092321.1	28313562	28312376	0.00
NC_092321.1	28313562	28312401	0.00
NC_092321.1	28313562	28312426	0.00
NC_092321.1	28313562	28312451	0.00
NC_092321.1	28313562	28312476	0.00
NC_092321.1	28313562	28312501	0.00
NC_092321.1	28313562	28312526	0.00
NC_092321.1	28313562	28312551	0.00
NC_092321.1	28313562	28312576	0.00
NC_092321.1	28313562	28312601	0.00
NC_092321.1	28313562	28312626	0.00
NC_092321.1	28313562	28312651	0.00
NC_092321.1	28313562	28312676	0.00
NC_092321.1	28313562	28312701	0.00
NC_092321.1	28313562	28312726	0.00
NC_092321.1	28313562	28312751	0.00
NC_092321.1	28313562	28312776	0.00
NC_092321.1	28313562	28312801	0.00
NC_092321.1	28313562	28312826	0.00
NC_092321.1	28313562	28312851	0.00
NC_092321.1	28313562	28312876	0.00
NC_092321.1	28313562	28312901	0.00
NC_092321.1	28313562	28312926	0.00
NC_092321.1	28313562	28312951	0.00
NC_092321.1	28313562	28312976	0.00
NC_092321.1	28313562	28313001	0.00
NC_092321.1	28313562	28313026	0.00
NC_092321.1	28313562	28313051	0.00
NC_092321.1	28313562	28313076	0.00
NC_092321.1	28313562	28313101	0.00
NC_092321.1	28313562	28313126	0.00
NC_092321.1	28313562	28313151	0.00
NC_092321.1	28313562	28313176	0.00
NC_092321.1	28313562	28313201	0.00
NC_092321.1	28313562	28313226	0.00
NC_092321.1	28313562	28313251	0.00
NC_092321.1	28313562	28313276	0.00
NC_092321.1	28313562	28313301	0.00
NC_092321.1	28313562	28313326	0.00
NC_092321.1	28313562	28313351	0.00
NC_092321.1	28313562	28313376	0.00
NC_092321.1	28313562	28313401	0.40
NC_092321.1	28313562	28313426	1.00
NC_092321.1	28313562	28313451	1.00
NC_092321.1	28313562	28313476	1.00
NC_092321.1	28313562	28313501	1.00
NC_092321.1	28313562	28313526	1.00
NC_092321.1	28313562	28313551	0.60
NC_092321.1	28313562	28313576	0.32
NC_092321.1	28313562	28313601	1.00
NC_092321.1	28313562	28313626	1.00
NC_092321.1	28313562	28313651	1.00
NC_092321.1	28313562	28313676	1.00
NC_092321.1	28313562	28313701	1.00
NC_092321.1	28313562	28313726	0.68
NC_092321.1	28313562	28313751	0.28
NC_092321.1	28313562	28313776	1.00
NC_092321.1	28313562	28313801	1.00
NC_092321.1	28313562	28313826	1.00
NC_092321.1	28313562	28313851	1.00
NC_092321.1	28313562	28313876	1.00
NC_092321.1	28313562	28313901	0.72
NC_092321.1	28313562	28313926	0.00
NC_092321.1	28313562	28313951	0.00
NC_092321.1	28313562	28313976	0.00
NC_092321.1	28313562	28314001	0.00
NC_092321.1	28313562	28314026	0.00
NC_092321.1	28313562	28314051	0.00
NC_092321.1	28313562	28314076	0.00
NC_092321.1	28313562	28314101	0.00
NC_092321.1	28313562	28314126	0.00
NC_092321.1	28313562	28314151	0.00
NC_092321.1	28313562	28314176	0.00
NC_092321.1	28313562	28314201	0.00
NC_092321.1	28313562	28314226	0.00
NC_092321.1	28313562	28314251	0.00
NC_092321.1	28313562	28314276	0.00
NC_092321.1	28313562	28314301	0.00
NC_092321.1	28313562	28314326	0.00
NC_092321.1	28313562	28314351	0.00
NC_092321.1	28313562	28314376	0.00
NC_092321.1	28313562	28314401	0.00
NC_092321.1	28313562	28314426	0.00
NC_092321.1	28313562	28314451	0.00
NC_092321.1	28313562	28314476	0.00
NC_092321.1	28313562	28314501	0.00
NC_092321.1	28313562	28314526	0.00
NC_092321.1	28313562	28314551	0.00
NC_092321.1	28313562	28314576	0.00
NC_092321.1	28313562	28314601	0.00
NC_092321.1	28313562	28314626	0.00
NC_092321.1	28313562	28314651	0.00
NC_092321.1	28313562	28314676	0.00
NC_092321.1	28313562	28314701	0.00
NC_092321.1	28313562	28314726	0.00
NC_092321.1	28313562	28314751	0.00
NC_092321.1	28313562	28314776	0.00
NC_092321.1	28313562	28314801	0.00
NC_092321.1	28313562	28314826	0.00
NC_092321.1	28313562	28314851	0.00
NC_092321.1	28313562	28314876	0.00
NC_092321.1	28313562	28314901	0.00
NC_092321.1	28313562	28314926	0.00
NC_092321.1	28313562	28314951	0.00
NC_092321.1	28313562	28314976	0.00
NC_092321.1	28313562	28315001	0.00
NC_092321.1	28313562	28315026	0.00
NC_092321.1	28313562	28315051	0.00
NC_092321.1	28313562	28315076	0.00
NC_092321.1	28313562	28315101	0.00
NC_092321.1	28313562	28315126	0.00
NC_092321.1	28313562	28315151	0.00
NC_092321.1	28313562	28315176	0.00
NC_092321.1	28313562	28315201	0.00
NC_092321.1	28313562	28315226	0.00
NC_092321.1	28313562	28315251	0.00
NC_092321.1	28313562	28315276	0.00
NC_092321.1	28313562	28315301	0.00
NC_092321.1	28313562	28315326	0.00
NC_092321.1	28313562	28315351	0.00
NC_092321.1	28313562	28315376	0.00
NC_092321.1	28313562	28315401	0.00
NC_092321.1	28313562	28315426	0.00
NC_092321.1	28313562	28315451	0.00
NC_092321.1	28313562	28315476	0.00
NC_092321.1	28313562	28315501	0.00
NC_092321.1	28313562	28315526	0.00
NC_092321.1	28313562	28315551	0.00
NC_092321.1	32192241	32190226	0.00
NC_092321.1	32192241	32190251	0.00
NC_092321.1	32192241	32190276	0.00
NC_092321.1	32192241	32190301	0.00
NC_092321.1	32192241	32190326	0.00
NC_092321.1	32192241	32190351	0.00
NC_092321.1	32192241	32190376	0.00
NC_092321.1	32192241	32190401	0.00
NC_092321.1	32192241	32190426	0.00
NC_092321.1	32192241	32190451	0.00
NC_092321.1	32192241	32190476	0.00
NC_092321.1	32192241	32190501	0.00
NC_092321.1	32192241	32190526	0.00
NC_092321.1	32192241	32190551	0.00
NC_092321.1	32192241	32190576	0.00
NC_092321.1	32192241	32190601	0.00
NC_092321.1	32192241	32190626	0.00
NC_092321.1	32192241	32190651	0.00
NC_092321.1	32192241	32190676	0.00
NC_092321.1	32192241	32190701	0.00
NC_092321.1	32192241	32190726	0.00
NC_092321.1	32192241	32190751	0.00
NC_092321.1	32192241	32190776	0.00
NC_092321.1	32192241	32190801	0.00
NC_092321.1	32192241	32190826	0.00
NC_092321.1	32192241	32190851	0.00
NC_092321.1	32192241	32190876	0.00
NC_092321.1	32192241	32190901	0.00
NC_092321.1	32192241	32190926	0.00
NC_092321.1	32192241	32190951	0.00
NC_092321.1	32192241	32190976	0.00
NC_092321.1	32192241	32191001	0.00
NC_092321.1	32192241	32191026	0.00
NC_092321.1	32192241	32191051	0.00
NC_092321.1	32192241	32191076	0.00
NC_092321.1	32192241	32191101	0.00
NC_092321.1	32192241	32191126	0.00
NC_092321.1	32192241	32191151	0.00
NC_092321.1	32192241	32191176	0.00
NC_092321.1	32192241	32191201	0.00
NC_092321.1	32192241	32191226	0.00
NC_092321.1	32192241	32191251	0.00
NC_092321.1	32192241	32191276	0.00
NC_092321.1	32192241	32191301	0.00
NC_092321.1	32192241	32191326	0.00
NC_092321.1	32192241	32191351	0.00
NC_092321.1	32192241	32191376	0.00
NC_092321.1	32192241	32191401	0.00
NC_092321.1	32192241	32191426	0.00
NC_092321.1	32192241	32191451	0.00
NC_092321.1	32192241	32191476	0.00
NC_092321.1	32192241	32191501	0.00
NC_092321.1	32192241	32191526	0.00
NC_092321.1	32192241	32191551	0.00
NC_092321.1	32192241	32191576	0.00
NC_092321.1	32192241	32191601	0.00
NC_092321.1	32192241	32191626	0.00
NC_092321.1	32192241	32191651	0.00
NC_092321.1	32192241	32191676	0.00
NC_092321.1	32192241	32191701	0.00
NC_092321.1	32192241	32191726	0.00
NC_092321.1	32192241	32191751	0.00
NC_092321.1	32192241	32191776	0.00
NC_092321.1	32192241	32191801	0.00
NC_092321.1	32192241	32191826	0.00
NC_092321.1	32192241	32191851	0.00
NC_092321.1	32192241	32191876	0.00
NC_092321.1	32192241	32191901	0.00
NC_092321.1	32192241	32191926	0.00
NC_092321.1	32192241	32191951	0.00
NC_092321.1	32192241	32191976	0.00
NC_092321.1	32192241	32192001	0.00
NC_092321.1	32192241	32192026	0.00
NC_092321.1	32192241	32192051	0.00
NC_092321.1	32192241	32192076	1.00
NC_092321.1	32192241	32192101	1.00
NC_092321.1	32192241	32192126	1.00
NC_092321.1	32192241	32192151	1.00
NC_092321.1	32192241	32192176	1.52
NC_092321.1	32192241	32192201	2.00
NC_092321.1	32192241	32192226	1.00
NC_092321.1	32192241	32192251	1.00
NC_092321.1	32192241	32192276	1.00
NC_092321.1	32192241	32192301	1.00
NC_092321.1	32192241	32192326	0.48
NC_092321.1	32192241	32192351	0.00
NC_092321.1	32192241	32192376	0.00
NC_092321.1	32192241	32192401	0.00
NC_092321.1	32192241	32192426	0.00
NC_092321.1	32192241	32192451	0.00
NC_092321.1	32192241	32192476	0.00
NC_092321.1	32192241	32192501	0.00
NC_092321.1	32192241	32192526	0.00
NC_092321.1	32192241	32192551	0.00
NC_092321.1	32192241	32192576	0.00
NC_092321.1	32192241	32192601	0.00
NC_092321.1	32192241	32192626	0.00
NC_092321.1	32192241	32192651	0.00
NC_092321.1	32192241	32192676	0.00
NC_092321.1	32192241	32192701	0.00
NC_092321.1	32192241	32192726	0.00
NC_092321.1	32192241	32192751	0.00
NC_092321.1	32192241	32192776	0.00
NC_092321.1	32192241	32192801	0.00
NC_092321.1	32192241	32192826	0.00
NC_092321.1	32192241	32192851	0.00
NC_092321.1	32192241	32192876	0.00
NC_092321.1	32192241	32192901	0.00
NC_092321.1	32192241	32192926	0.00
NC_092321.1	32192241	32192951	0.00
NC_092321.1	32192241	32192976	0.00
NC_092321.1	32192241	32193001	0.00
NC_092321.1	32192241	32193026	0.00
NC_092321.1	32192241	32193051	0.00
NC_092321.1	32192241	32193076	0.00
NC_092321.1	32192241	32193101	0.00
NC_092321.1	32192241	32193126	0.00
NC_092321.1	32192241	32193151	0.00
NC_092321.1	32192241	32193176	0.00
NC_092321.1	32192241	32193201	0.00
NC_092321.1	32192241	32193226	0.00
NC_092321.1	32192241	32193251	0.00
NC_092321.1	32192241	32193276	0.00
NC_092321.1	32192241	32193301	0.00
NC_092321.1	32192241	32193326	0.00
NC_092321.1	32192241	32193351	0.00
NC_092321.1	32192241	32193376	0.00
NC_092321.1	32192241	32193401	0.00
NC_092321.1	32192241	32193426	0.00
NC_092321.1	32192241	32193451	0.00
NC_092321.1	32192241	32193476	0.00
NC_092321.1	32192241	32193501	0.00
NC_092321.1	32192241	32193526	0.00
NC_092321.1	32192241	32193551	0.00
NC_092321.1	32192241	32193576	0.00
NC_092321.1	32192241	32193601	0.00
NC_092321.1	32192241	32193626	0.00
NC_092321.1	32192241	32193651	0.00
NC_092321.1	32192241	32193676	0.00
NC_092321.1	32192241	32193701	0.00
NC_092321.1	32192241	32193726	0.00
NC_092321.1	32192241	32193751	0.00
NC_092321.1	32192241	32193776	0.00
NC_092321.1	32192241	32193801	0.00
NC_092321.1	32192241	32193826	0.00
NC_092321.1	32192241	32193851	0.00
NC_092321.1	32192241	32193876	0.00
NC_092321.1	32192241	32193901	0.00
NC_092321.1	32192241	32193926	0.00
NC_092321.1	32192241	32193951	0.00
NC_092321.1	32192241	32193976	0.00
NC_092321.1	32192241	32194001	0.00
NC_092321.1	32192241	32194026	0.00
NC_092321.1	32192241	32194051	0.00
NC_092321.1	32192241	32194076	0.00
NC_092321.1	32192241	32194101	0.00
NC_092321.1	32192241	32194126	0.00
NC_092321.1	32192241	32194151	0.00
NC_092321.1	32192241	32194176	0.00
NC_092321.1	32192241	32194201	0.00
NC_092321.1	32192241	32194226	0.00
NC_092321.1	36526427	36524426	0.00
NC_092321.1	36526427	36524451	0.00
NC_092321.1	36526427	36524476	0.00
NC_092321.1	36526427	36524501	0.00
NC_092321.1	36526427	36524526	0.00
NC_092321.1	36526427	36524551	0.00
NC_092321.1	36526427	36524576	0.00
NC_092321.1	36526427	36524601	0.00
NC_092321.1	36526427	36524626	0.00
NC_092321.1	36526427	36524651	0.00
NC_092321.1	36526427	36524676	0.00
NC_092321.1	36526427	36524701	0.00
NC_092321.1	36526427	36524726	0.00
NC_092321.1	36526427	36524751	0.00
NC_092321.1	36526427	36524776	0.00
NC_092321.1	36526427	36524801	0.00
NC_092321.1	36526427	36524826	0.00
NC_092321.1	36526427	36524851	0.00
NC_092321.1	36526427	36524876	0.00
NC_092321.1	36526427	36524901	0.00
NC_092321.1	36526427	36524926	0.00
NC_092321.1	36526427	36524951	0.00
NC_092321.1	36526427	36524976	0.00
NC_092321.1	36526427	36525001	0.00
NC_092321.1	36526427	36525026	0.00
NC_092321.1	36526427	36525051	0.00
NC_092321.1	36526427	36525076	0.00
NC_092321.1	36526427	36525101	0.00
NC_092321.1	36526427	36525126	0.00
NC_092321.1	36526427	36525151	0.00
NC_092321.1	36526427	36525176	0.00
NC_092321.1	36526427	36525201	0.00
NC_092321.1	36526427	36525226	0.00
NC_092321.1	36526427	36525251	0.00
NC_092321.1	36526427	36525276	0.00
NC_092321.1	36526427	36525301	0.00
NC_092321.1	36526427	36525326	0.00
NC_092321.1	36526427	36525351	0.00
NC_092321.1	36526427	36525376	0.00
NC_092321.1	36526427	36525401	0.00
NC_092321.1	36526427	36525426	0.00
NC_092321.1	36526427	36525451	0.00
NC_092321.1	36526427	36525476	0.00
NC_092321.1	36526427	36525501	0.00
NC_092321.1	36526427	36525526	0.00
NC_092321.1	36526427	36525551	0.00
NC_092321.1	36526427	36525576	0.00
NC_092321.1	36526427	36525601	0.00
NC_092321.1	36526427	36525626	0.00
NC_092321.1	36526427	36525651	0.00
NC_092321.1	36526427	36525676	0.00
NC_092321.1	36526427	36525701	0.00
NC_092321.1	36526427	36525726	0.00
NC_092321.1	36526427	36525751	0.00
NC_092321.1	36526427	36525776	0.00
NC_092321.1	36526427	36525801	0.00
NC_092321.1	36526427	36525826	0.00
NC_092321.1	36526427	36525851	0.00
NC_092321.1	36526427	36525876	0.00
NC_092321.1	36526427	36525901	0.00
NC_092321.1	36526427	36525926	0.00
NC_092321.1	36526427	36525951	0.00
NC_092321.1	36526427	36525976	0.00
NC_092321.1	36526427	36526001	0.00
NC_092321.1	36526427	36526026	0.00
NC_092321.1	36526427	36526051	0.00
NC_092321.1	36526427	36526076	0.00
NC_092321.1	36526427	36526101	0.00
NC_092321.1	36526427	36526126	0.00
NC_092321.1	36526427	36526151	0.00
NC_092321.1	36526427	36526176	0.00
NC_092321.1	36526427	36526201	0.00
NC_092321.1	36526427	36526226	0.00
NC_092321.1	36526427	36526251	0.00
NC_092321.1	36526427	36526276	0.00
NC_092321.1	36526427	36526301	0.00
NC_092321.1	36526427	36526326	0.00
NC_092321.1	36526427	36526351	0.00
NC_092321.1	36526427	36526376	0.00
NC_092321.1	36526427	36526401	1.00
NC_092321.1	36526427	36526426	1.00
NC_092321.1	36526427	36526451	1.00
NC_092321.1	36526427	36526476	1.00
NC_092321.1	36526427	36526501	1.20
NC_092321.1	36526427	36526526	2.00
NC_092321.1	36526427	36526551	1.00
NC_092321.1	36526427	36526576	1.00
NC_092321.1	36526427	36526601	1.00
NC_092321.1	36526427	36526626	1.00
NC_092321.1	36526427	36526651	0.80
NC_092321.1	36526427	36526676	0.00
NC_092321.1	36526427	36526701	0.00
NC_092321.1	36526427	36526726	0.00
NC_092321.1	36526427	36526751	0.00
NC_092321.1	36526427	36526776	0.00
NC_092321.1	36526427	36526801	0.00
NC_092321.1	36526427	36526826	0.00
NC_092321.1	36526427	36526851	0.00
NC_092321.1	36526427	36526876	0.00
NC_092321.1	36526427	36526901	0.00
NC_092321.1	36526427	36526926	0.00
NC_092321.1	36526427	36526951	0.00
NC_092321.1	36526427	36526976	0.00
NC_092321.1	36526427	36527001	0.00
NC_092321.1	36526427	36527026	0.00
NC_092321.1	36526427	36527051	0.00
NC_092321.1	36526427	36527076	0.00
NC_092321.1	36526427	36527101	0.00
NC_092321.1	36526427	36527126	0.00
NC_092321.1	36526427	36527151	0.00
NC_092321.1	36526427	36527176	0.00
NC_092321.1	36526427	36527201	0.00
NC_092321.1	36526427	36527226	0.00
NC_092321.1	36526427	36527251	0.00
NC_092321.1	36526427	36527276	0.00
NC_092321.1	36526427	36527301	0.00
NC_092321.1	36526427	36527326	0.00
NC_092321.1	36526427	36527351	0.00
NC_092321.1	36526427	36527376	0.00
NC_092321.1	36526427	36527401	0.00
NC_092321.1	36526427	36527426	0.00
NC_092321.1	36526427	36527451	0.00
NC_092321.1	36526427	36527476	0.00
NC_092321.1	36526427	36527501	0.00
NC_092321.1	36526427	36527526	0.00
NC_092321.1	36526427	36527551	0.00
NC_092321.1	36526427	36527576	0.00
NC_092321.1	36526427	36527601	0.00
NC_092321.1	36526427	36527626	0.00
NC_092321.1	36526427	36527651	0.00
NC_092321.1	36526427	36527676	0.00
NC_092321.1	36526427	36527701	0.00
NC_092321.1	36526427	36527726	0.00
NC_092321.1	36526427	36527751	0.00
NC_092321.1	36526427	36527776	0.00
NC_092321.1	36526427	36527801	0.00
NC_092321.1	36526427	36527826	0.00
NC_092321.1	36526427	36527851	0.00
NC_092321.1	36526427	36527876	0.00
NC_092321.1	36526427	36527901	0.00
NC_092321.1	36526427	36527926	0.00
NC_092321.1	36526427	36527951	0.00
NC_092321.1	36526427	36527976	0.00
NC_092321.1	36526427	36528001	0.00
NC_092321.1	36526427	36528026	0.00
NC_092321.1	36526427	36528051	0.00
NC_092321.1	36526427	36528076	0.00
NC_092321.1	36526427	36528101	0.00
NC_092321.1	36526427	36528126	0.00
NC_092321.1	36526427	36528151	0.00
NC_092321.1	36526427	36528176	0.00
NC_092321.1	36526427	36528201	0.00
NC_092321.1	36526427	36528226	0.00
NC_092321.1	36526427	36528251	0.00
NC_092321.1	36526427	36528276	0.00
NC_092321.1	36526427	36528301	0.00
NC_092321.1	36526427	36528326	0.00
NC_092321.1	36526427	36528351	0.00
NC_092321.1	36526427	36528376	0.00
NC_092321.1	36526427	36528401	0.00
NC_092321.1	36526427	36528426	0.00
NC_092321.1	36526481	36524476	0.00
NC_092321.1	36526481	36524501	0.00
NC_092321.1	36526481	36524526	0.00
NC_092321.1	36526481	36524551	0.00
NC_092321.1	36526481	36524576	0.00
NC_092321.1	36526481	36524601	0.00
NC_092321.1	36526481	36524626	0.00
NC_092321.1	36526481	36524651	0.00
NC_092321.1	36526481	36524676	0.00
NC_092321.1	36526481	36524701	0.00
NC_092321.1	36526481	36524726	0.00
NC_092321.1	36526481	36524751	0.00
NC_092321.1	36526481	36524776	0.00
NC_092321.1	36526481	36524801	0.00
NC_092321.1	36526481	36524826	0.00
NC_092321.1	36526481	36524851	0.00
NC_092321.1	36526481	36524876	0.00
NC_092321.1	36526481	36524901	0.00
NC_092321.1	36526481	36524926	0.00
NC_092321.1	36526481	36524951	0.00
NC_092321.1	36526481	36524976	0.00
NC_092321.1	36526481	36525001	0.00
NC_092321.1	36526481	36525026	0.00
NC_092321.1	36526481	36525051	0.00
NC_092321.1	36526481	36525076	0.00
NC_092321.1	36526481	36525101	0.00
NC_092321.1	36526481	36525126	0.00
NC_092321.1	36526481	36525151	0.00
NC_092321.1	36526481	36525176	0.00
NC_092321.1	36526481	36525201	0.00
NC_092321.1	36526481	36525226	0.00
NC_092321.1	36526481	36525251	0.00
NC_092321.1	36526481	36525276	0.00
NC_092321.1	36526481	36525301	0.00
NC_092321.1	36526481	36525326	0.00
NC_092321.1	36526481	36525351	0.00
NC_092321.1	36526481	36525376	0.00
NC_092321.1	36526481	36525401	0.00
NC_092321.1	36526481	36525426	0.00
NC_092321.1	36526481	36525451	0.00
NC_092321.1	36526481	36525476	0.00
NC_092321.1	36526481	36525501	0.00
NC_092321.1	36526481	36525526	0.00
NC_092321.1	36526481	36525551	0.00
NC_092321.1	36526481	36525576	0.00
NC_092321.1	36526481	36525601	0.00
NC_092321.1	36526481	36525626	0.00
NC_092321.1	36526481	36525651	0.00
NC_092321.1	36526481	36525676	0.00
NC_092321.1	36526481	36525701	0.00
NC_092321.1	36526481	36525726	0.00
NC_092321.1	36526481	36525751	0.00
NC_092321.1	36526481	36525776	0.00
NC_092321.1	36526481	36525801	0.00
NC_092321.1	36526481	36525826	0.00
NC_092321.1	36526481	36525851	0.00
NC_092321.1	36526481	36525876	0.00
NC_092321.1	36526481	36525901	0.00
NC_092321.1	36526481	36525926	0.00
NC_092321.1	36526481	36525951	0.00
NC_092321.1	36526481	36525976	0.00
NC_092321.1	36526481	36526001	0.00
NC_092321.1	36526481	36526026	0.00
NC_092321.1	36526481	36526051	0.00
NC_092321.1	36526481	36526076	0.00
NC_092321.1	36526481	36526101	0.00
NC_092321.1	36526481	36526126	0.00
NC_092321.1	36526481	36526151	0.00
NC_092321.1	36526481	36526176	0.00
NC_092321.1	36526481	36526201	0.00
NC_092321.1	36526481	36526226	0.00
NC_092321.1	36526481	36526251	0.00
NC_092321.1	36526481	36526276	0.00
NC_092321.1	36526481	36526301	0.00
NC_092321.1	36526481	36526326	0.00
NC_092321.1	36526481	36526351	0.00
NC_092321.1	36526481	36526376	0.00
NC_092321.1	36526481	36526401	1.00
NC_092321.1	36526481	36526426	1.00
NC_092321.1	36526481	36526451	1.00
NC_092321.1	36526481	36526476	1.00
NC_092321.1	36526481	36526501	1.20
NC_092321.1	36526481	36526526	2.00
NC_092321.1	36526481	36526551	1.00
NC_092321.1	36526481	36526576	1.00
NC_092321.1	36526481	36526601	1.00
NC_092321.1	36526481	36526626	1.00
NC_092321.1	36526481	36526651	0.80
NC_092321.1	36526481	36526676	0.00
NC_092321.1	36526481	36526701	0.00
NC_092321.1	36526481	36526726	0.00
NC_092321.1	36526481	36526751	0.00
NC_092321.1	36526481	36526776	0.00
NC_092321.1	36526481	36526801	0.00
NC_092321.1	36526481	36526826	0.00
NC_092321.1	36526481	36526851	0.00
NC_092321.1	36526481	36526876	0.00
NC_092321.1	36526481	36526901	0.00
NC_092321.1	36526481	36526926	0.00
NC_092321.1	36526481	36526951	0.00
NC_092321.1	36526481	36526976	0.00
NC_092321.1	36526481	36527001	0.00
NC_092321.1	36526481	36527026	0.00
NC_092321.1	36526481	36527051	0.00
NC_092321.1	36526481	36527076	0.00
NC_092321.1	36526481	36527101	0.00
NC_092321.1	36526481	36527126	0.00
NC_092321.1	36526481	36527151	0.00
NC_092321.1	36526481	36527176	0.00
NC_092321.1	36526481	36527201	0.00
NC_092321.1	36526481	36527226	0.00
NC_092321.1	36526481	36527251	0.00
NC_092321.1	36526481	36527276	0.00
NC_092321.1	36526481	36527301	0.00
NC_092321.1	36526481	36527326	0.00
NC_092321.1	36526481	36527351	0.00
NC_092321.1	36526481	36527376	0.00
NC_092321.1	36526481	36527401	0.00
NC_092321.1	36526481	36527426	0.00
NC_092321.1	36526481	36527451	0.00
NC_092321.1	36526481	36527476	0.00
NC_092321.1	36526481	36527501	0.00
NC_092321.1	36526481	36527526	0.00
NC_092321.1	36526481	36527551	0.00
NC_092321.1	36526481	36527576	0.00
NC_092321.1	36526481	36527601	0.00
NC_092321.1	36526481	36527626	0.00
NC_092321.1	36526481	36527651	0.00
NC_092321.1	36526481	36527676	0.00
NC_092321.1	36526481	36527701	0.00
NC_092321.1	36526481	36527726	0.00
NC_092321.1	36526481	36527751	0.00
NC_092321.1	36526481	36527776	0.00
NC_092321.1	36526481	36527801	0.00
NC_092321.1	36526481	36527826	0.00
NC_092321.1	36526481	36527851	0.00
NC_092321.1	36526481	36527876	0.00
NC_092321.1	36526481	36527901	0.00
NC_092321.1	36526481	36527926	0.00
NC_092321.1	36526481	36527951	0.00
NC_092321.1	36526481	36527976	0.00
NC_092321.1	36526481	36528001	0.00
NC_092321.1	36526481	36528026	0.00
NC_092321.1	36526481	36528051	0.00
NC_092321.1	36526481	36528076	0.00
NC_092321.1	36526481	36528101	0.00
NC_092321.1	36526481	36528126	0.00
NC_092321.1	36526481	36528151	0.00
NC_092321.1	36526481	36528176	0.00
NC_092321.1	36526481	36528201	0.00
NC_092321.1	36526481	36528226	0.00
NC_092321.1	36526481	36528251	0.00
NC_092321.1	36526481	36528276	0.00
NC_092321.1	36526481	36528301	0.00
NC_092321.1	36526481	36528326	0.00
NC_092321.1	36526481	36528351	0.00
NC_092321.1	36526481	36528376	0.00
NC_092321.1	36526481	36528401	0.00
NC_092321.1	36526481	36528426	0.00
NC_092321.1	36526481	36528451	0.00
NC_092321.1	36526481	36528476	0.00
NC_092321.1	43812965	43810951	0.00
NC_092321.1	43812965	43810976	0.00
NC_092321.1	43812965	43811001	0.00
NC_092321.1	43812965	43811026	0.00
NC_092321.1	43812965	43811051	0.00
NC_092321.1	43812965	43811076	0.00
NC_092321.1	43812965	43811101	0.00
NC_092321.1	43812965	43811126	0.00
NC_092321.1	43812965	43811151	0.00
NC_092321.1	43812965	43811176	0.00
NC_092321.1	43812965	43811201	0.00
NC_092321.1	43812965	43811226	0.00
NC_092321.1	43812965	43811251	0.00
NC_092321.1	43812965	43811276	0.00
NC_092321.1	43812965	43811301	0.00
NC_092321.1	43812965	43811326	0.00
NC_092321.1	43812965	43811351	0.00
NC_092321.1	43812965	43811376	0.00
NC_092321.1	43812965	43811401	0.00
NC_092321.1	43812965	43811426	0.00
NC_092321.1	43812965	43811451	0.00
NC_092321.1	43812965	43811476	0.00
NC_092321.1	43812965	43811501	0.00
NC_092321.1	43812965	43811526	0.00
NC_092321.1	43812965	43811551	0.00
NC_092321.1	43812965	43811576	0.00
NC_092321.1	43812965	43811601	0.00
NC_092321.1	43812965	43811626	0.00
NC_092321.1	43812965	43811651	0.00
NC_092321.1	43812965	43811676	0.00
NC_092321.1	43812965	43811701	0.00
NC_092321.1	43812965	43811726	0.00
NC_092321.1	43812965	43811751	0.00
NC_092321.1	43812965	43811776	0.00
NC_092321.1	43812965	43811801	0.00
NC_092321.1	43812965	43811826	0.00
NC_092321.1	43812965	43811851	0.00
NC_092321.1	43812965	43811876	0.00
NC_092321.1	43812965	43811901	0.00
NC_092321.1	43812965	43811926	0.00
NC_092321.1	43812965	43811951	0.00
NC_092321.1	43812965	43811976	0.00
NC_092321.1	43812965	43812001	0.00
NC_092321.1	43812965	43812026	0.00
NC_092321.1	43812965	43812051	0.00
NC_092321.1	43812965	43812076	0.00
NC_092321.1	43812965	43812101	0.00
NC_092321.1	43812965	43812126	0.00
NC_092321.1	43812965	43812151	0.00
NC_092321.1	43812965	43812176	0.00
NC_092321.1	43812965	43812201	0.00
NC_092321.1	43812965	43812226	0.00
NC_092321.1	43812965	43812251	0.00
NC_092321.1	43812965	43812276	0.00
NC_092321.1	43812965	43812301	0.00
NC_092321.1	43812965	43812326	0.00
NC_092321.1	43812965	43812351	0.00
NC_092321.1	43812965	43812376	0.00
NC_092321.1	43812965	43812401	0.00
NC_092321.1	43812965	43812426	0.00
NC_092321.1	43812965	43812451	0.00
NC_092321.1	43812965	43812476	0.00
NC_092321.1	43812965	43812501	0.00
NC_092321.1	43812965	43812526	0.00
NC_092321.1	43812965	43812551	0.00
NC_092321.1	43812965	43812576	0.00
NC_092321.1	43812965	43812601	0.00
NC_092321.1	43812965	43812626	0.00
NC_092321.1	43812965	43812651	0.00
NC_092321.1	43812965	43812676	0.00
NC_092321.1	43812965	43812701	0.00
NC_092321.1	43812965	43812726	0.00
NC_092321.1	43812965	43812751	0.00
NC_092321.1	43812965	43812776	0.00
NC_092321.1	43812965	43812801	0.00
NC_092321.1	43812965	43812826	0.00
NC_092321.1	43812965	43812851	0.00
NC_092321.1	43812965	43812876	0.00
NC_092321.1	43812965	43812901	1.00
NC_092321.1	43812965	43812926	1.00
NC_092321.1	43812965	43812951	1.00
NC_092321.1	43812965	43812976	1.00
NC_092321.1	43812965	43813001	1.00
NC_092321.1	43812965	43813026	1.00
NC_092321.1	43812965	43813051	0.00
NC_092321.1	43812965	43813076	0.00
NC_092321.1	43812965	43813101	0.00
NC_092321.1	43812965	43813126	0.00
NC_092321.1	43812965	43813151	0.00
NC_092321.1	43812965	43813176	0.00
NC_092321.1	43812965	43813201	0.00
NC_092321.1	43812965	43813226	0.00
NC_092321.1	43812965	43813251	0.00
NC_092321.1	43812965	43813276	0.00
NC_092321.1	43812965	43813301	0.00
NC_092321.1	43812965	43813326	0.00
NC_092321.1	43812965	43813351	0.00
NC_092321.1	43812965	43813376	0.00
NC_092321.1	43812965	43813401	0.00
NC_092321.1	43812965	43813426	0.00
NC_092321.1	43812965	43813451	0.00
NC_092321.1	43812965	43813476	0.00
NC_092321.1	43812965	43813501	0.00
NC_092321.1	43812965	43813526	0.00
NC_092321.1	43812965	43813551	0.00
NC_092321.1	43812965	43813576	0.00
NC_092321.1	43812965	43813601	0.00
NC_092321.1	43812965	43813626	0.00
NC_092321.1	43812965	43813651	0.00
NC_092321.1	43812965	43813676	0.00
NC_092321.1	43812965	43813701	0.00
NC_092321.1	43812965	43813726	0.00
NC_092321.1	43812965	43813751	0.00
NC_092321.1	43812965	43813776	0.00
NC_092321.1	43812965	43813801	0.00
NC_092321.1	43812965	43813826	0.00
NC_092321.1	43812965	43813851	0.00
NC_092321.1	43812965	43813876	0.00
NC_092321.1	43812965	43813901	0.00
NC_092321.1	43812965	43813926	0.00
NC_092321.1	43812965	43813951	0.00
NC_092321.1	43812965	43813976	0.00
NC_092321.1	43812965	43814001	0.00
NC_092321.1	43812965	43814026	0.00
NC_092321.1	43812965	43814051	0.00
NC_092321.1	43812965	43814076	0.00
NC_092321.1	43812965	43814101	0.00
NC_092321.1	43812965	43814126	0.00
NC_092321.1	43812965	43814151	0.00
NC_092321.1	43812965	43814176	0.00
NC_092321.1	43812965	43814201	0.00
NC_092321.1	43812965	43814226	0.00
NC_092321.1	43812965	43814251	0.00
NC_092321.1	43812965	43814276	0.00
NC_092321.1	43812965	43814301	0.00
NC_092321.1	43812965	43814326	0.00
NC_092321.1	43812965	43814351	0.00
NC_092321.1	43812965	43814376	0.00
NC_092321.1	43812965	43814401	0.00
NC_092321.1	43812965	43814426	0.00
NC_092321.1	43812965	43814451	0.00
NC_092321.1	43812965	43814476	0.00
NC_092321.1	43812965	43814501	0.00
NC_092321.1	43812965	43814526	0.00
NC_092321.1	43812965	43814551	0.00
NC_092321.1	43812965	43814576	0.00
NC_092321.1	43812965	43814601	0.00
NC_092321.1	43812965	43814626	0.00
NC_092321.1	43812965	43814651	0.00
NC_092321.1	43812965	43814676	0.00
NC_092321.1	43812965	43814701	0.00
NC_092321.1	43812965	43814726	0.00
NC_092321.1	43812965	43814751	0.00
NC_092321.1	43812965	43814776	0.00
NC_092321.1	43812965	43814801	0.00
NC_092321.1	43812965	43814826	0.00
NC_092321.1	43812965	43814851	0.00
NC_092321.1	43812965	43814876	0.00
NC_092321.1	43812965	43814901	0.00
NC_092321.1	43812965	43814926	0.00
NC_092321.1	43812965	43814951	0.00
NC_092321.1	43812968	43810951	0.00
NC_092321.1	43812968	43810976	0.00
NC_092321.1	43812968	43811001	0.00
NC_092321.1	43812968	43811026	0.00
NC_092321.1	43812968	43811051	0.00
NC_092321.1	43812968	43811076	0.00
NC_092321.1	43812968	43811101	0.00
NC_092321.1	43812968	43811126	0.00
NC_092321.1	43812968	43811151	0.00
NC_092321.1	43812968	43811176	0.00
NC_092321.1	43812968	43811201	0.00
NC_092321.1	43812968	43811226	0.00
NC_092321.1	43812968	43811251	0.00
NC_092321.1	43812968	43811276	0.00
NC_092321.1	43812968	43811301	0.00
NC_092321.1	43812968	43811326	0.00
NC_092321.1	43812968	43811351	0.00
NC_092321.1	43812968	43811376	0.00
NC_092321.1	43812968	43811401	0.00
NC_092321.1	43812968	43811426	0.00
NC_092321.1	43812968	43811451	0.00
NC_092321.1	43812968	43811476	0.00
NC_092321.1	43812968	43811501	0.00
NC_092321.1	43812968	43811526	0.00
NC_092321.1	43812968	43811551	0.00
NC_092321.1	43812968	43811576	0.00
NC_092321.1	43812968	43811601	0.00
NC_092321.1	43812968	43811626	0.00
NC_092321.1	43812968	43811651	0.00
NC_092321.1	43812968	43811676	0.00
NC_092321.1	43812968	43811701	0.00
NC_092321.1	43812968	43811726	0.00
NC_092321.1	43812968	43811751	0.00
NC_092321.1	43812968	43811776	0.00
NC_092321.1	43812968	43811801	0.00
NC_092321.1	43812968	43811826	0.00
NC_092321.1	43812968	43811851	0.00
NC_092321.1	43812968	43811876	0.00
NC_092321.1	43812968	43811901	0.00
NC_092321.1	43812968	43811926	0.00
NC_092321.1	43812968	43811951	0.00
NC_092321.1	43812968	43811976	0.00
NC_092321.1	43812968	43812001	0.00
NC_092321.1	43812968	43812026	0.00
NC_092321.1	43812968	43812051	0.00
NC_092321.1	43812968	43812076	0.00
NC_092321.1	43812968	43812101	0.00
NC_092321.1	43812968	43812126	0.00
NC_092321.1	43812968	43812151	0.00
NC_092321.1	43812968	43812176	0.00
NC_092321.1	43812968	43812201	0.00
NC_092321.1	43812968	43812226	0.00
NC_092321.1	43812968	43812251	0.00
NC_092321.1	43812968	43812276	0.00
NC_092321.1	43812968	43812301	0.00
NC_092321.1	43812968	43812326	0.00
NC_092321.1	43812968	43812351	0.00
NC_092321.1	43812968	43812376	0.00
NC_092321.1	43812968	43812401	0.00
NC_092321.1	43812968	43812426	0.00
NC_092321.1	43812968	43812451	0.00
NC_092321.1	43812968	43812476	0.00
NC_092321.1	43812968	43812501	0.00
NC_092321.1	43812968	43812526	0.00
NC_092321.1	43812968	43812551	0.00
NC_092321.1	43812968	43812576	0.00
NC_092321.1	43812968	43812601	0.00
NC_092321.1	43812968	43812626	0.00
NC_092321.1	43812968	43812651	0.00
NC_092321.1	43812968	43812676	0.00
NC_092321.1	43812968	43812701	0.00
NC_092321.1	43812968	43812726	0.00
NC_092321.1	43812968	43812751	0.00
NC_092321.1	43812968	43812776	0.00
NC_092321.1	43812968	43812801	0.00
NC_092321.1	43812968	43812826	0.00
NC_092321.1	43812968	43812851	0.00
NC_092321.1	43812968	43812876	0.00
NC_092321.1	43812968	43812901	1.00
NC_092321.1	43812968	43812926	1.00
NC_092321.1	43812968	43812951	1.00
NC_092321.1	43812968	43812976	1.00
NC_092321.1	43812968	43813001	1.00
NC_092321.1	43812968	43813026	1.00
NC_092321.1	43812968	43813051	0.00
NC_092321.1	43812968	43813076	0.00
NC_092321.1	43812968	43813101	0.00
NC_092321.1	43812968	43813126	0.00
NC_092321.1	43812968	43813151	0.00
NC_092321.1	43812968	43813176	0.00
NC_092321.1	43812968	43813201	0.00
NC_092321.1	43812968	43813226	0.00
NC_092321.1	43812968	43813251	0.00
NC_092321.1	43812968	43813276	0.00
NC_092321.1	43812968	43813301	0.00
NC_092321.1	43812968	43813326	0.00
NC_092321.1	43812968	43813351	0.00
NC_092321.1	43812968	43813376	0.00
NC_092321.1	43812968	43813401	0.00
NC_092321.1	43812968	43813426	0.00
NC_092321.1	43812968	43813451	0.00
NC_092321.1	43812968	43813476	0.00
NC_092321.1	43812968	43813501	0.00
NC_092321.1	43812968	43813526	0.00
NC_092321.1	43812968	43813551	0.00
NC_092321.1	43812968	43813576	0.00
NC_092321.1	43812968	43813601	0.00
NC_092321.1	43812968	43813626	0.00
NC_092321.1	43812968	43813651	0.00
NC_092321.1	43812968	43813676	0.00
NC_092321.1	43812968	43813701	0.00
NC_092321.1	43812968	43813726	0.00
NC_092321.1	43812968	43813751	0.00
NC_092321.1	43812968	43813776	0.00
NC_092321.1	43812968	43813801	0.00
NC_092321.1	43812968	43813826	0.00
NC_092321.1	43812968	43813851	0.00
NC_092321.1	43812968	43813876	0.00
NC_092321.1	43812968	43813901	0.00
NC_092321.1	43812968	43813926	0.00
NC_092321.1	43812968	43813951	0.00
NC_092321.1	43812968	43813976	0.00
NC_092321.1	43812968	43814001	0.00
NC_092321.1	43812968	43814026	0.00
NC_092321.1	43812968	43814051	0.00
NC_092321.1	43812968	43814076	0.00
NC_092321.1	43812968	43814101	0.00
NC_092321.1	43812968	43814126	0.00
NC_092321.1	43812968	43814151	0.00
NC_092321.1	43812968	43814176	0.00
NC_092321.1	43812968	43814201	0.00
NC_092321.1	43812968	43814226	0.00
NC_092321.1	43812968	43814251	0.00
NC_092321.1	43812968	43814276	0.00
NC_092321.1	43812968	43814301	0.00
NC_092321.1	43812968	43814326	0.00
NC_092321.1	43812968	43814351	0.00
NC_092321.1	43812968	43814376	0.00
NC_092321.1	43812968	43814401	0.00
NC_092321.1	43812968	43814426	0.00
NC_092321.1	43812968	43814451	0.00
NC_092321.1	43812968	43814476	0.00
NC_092321.1	43812968	43814501	0.00
NC_092321.1	43812968	43814526	0.00
NC_092321.1	43812968	43814551	0.00
NC_092321.1	43812968	43814576	0.00
NC_092321.1	43812968	43814601	0.00
NC_092321.1	43812968	43814626	0.00
NC_092321.1	43812968	43814651	0.00
NC_092321.1	43812968	43814676	0.00
NC_092321.1	43812968	43814701	0.00
NC_092321.1	43812968	43814726	0.00
NC_092321.1	43812968	43814751	0.00
NC_092321.1	43812968	43814776	0.00
NC_092321.1	43812968	43814801	0.00
NC_092321.1	43812968	43814826	0.00
NC_092321.1	43812968	43814851	0.00
NC_092321.1	43812968	43814876	0.00
NC_092321.1	43812968	43814901	0.00
NC_092321.1	43812968	43814926	0.00
NC_092321.1	43812968	43814951	0.00
NC_092321.1	43812973	43810951	0.00
NC_092321.1	43812973	43810976	0.00
NC_092321.1	43812973	43811001	0.00
NC_092321.1	43812973	43811026	0.00
NC_092321.1	43812973	43811051	0.00
NC_092321.1	43812973	43811076	0.00
NC_092321.1	43812973	43811101	0.00
NC_092321.1	43812973	43811126	0.00
NC_092321.1	43812973	43811151	0.00
NC_092321.1	43812973	43811176	0.00
NC_092321.1	43812973	43811201	0.00
NC_092321.1	43812973	43811226	0.00
NC_092321.1	43812973	43811251	0.00
NC_092321.1	43812973	43811276	0.00
NC_092321.1	43812973	43811301	0.00
NC_092321.1	43812973	43811326	0.00
NC_092321.1	43812973	43811351	0.00
NC_092321.1	43812973	43811376	0.00
NC_092321.1	43812973	43811401	0.00
NC_092321.1	43812973	43811426	0.00
NC_092321.1	43812973	43811451	0.00
NC_092321.1	43812973	43811476	0.00
NC_092321.1	43812973	43811501	0.00
NC_092321.1	43812973	43811526	0.00
NC_092321.1	43812973	43811551	0.00
NC_092321.1	43812973	43811576	0.00
NC_092321.1	43812973	43811601	0.00
NC_092321.1	43812973	43811626	0.00
NC_092321.1	43812973	43811651	0.00
NC_092321.1	43812973	43811676	0.00
NC_092321.1	43812973	43811701	0.00
NC_092321.1	43812973	43811726	0.00
NC_092321.1	43812973	43811751	0.00
NC_092321.1	43812973	43811776	0.00
NC_092321.1	43812973	43811801	0.00
NC_092321.1	43812973	43811826	0.00
NC_092321.1	43812973	43811851	0.00
NC_092321.1	43812973	43811876	0.00
NC_092321.1	43812973	43811901	0.00
NC_092321.1	43812973	43811926	0.00
NC_092321.1	43812973	43811951	0.00
NC_092321.1	43812973	43811976	0.00
NC_092321.1	43812973	43812001	0.00
NC_092321.1	43812973	43812026	0.00
NC_092321.1	43812973	43812051	0.00
NC_092321.1	43812973	43812076	0.00
NC_092321.1	43812973	43812101	0.00
NC_092321.1	43812973	43812126	0.00
NC_092321.1	43812973	43812151	0.00
NC_092321.1	43812973	43812176	0.00
NC_092321.1	43812973	43812201	0.00
NC_092321.1	43812973	43812226	0.00
NC_092321.1	43812973	43812251	0.00
NC_092321.1	43812973	43812276	0.00
NC_092321.1	43812973	43812301	0.00
NC_092321.1	43812973	43812326	0.00
NC_092321.1	43812973	43812351	0.00
NC_092321.1	43812973	43812376	0.00
NC_092321.1	43812973	43812401	0.00
NC_092321.1	43812973	43812426	0.00
NC_092321.1	43812973	43812451	0.00
NC_092321.1	43812973	43812476	0.00
NC_092321.1	43812973	43812501	0.00
NC_092321.1	43812973	43812526	0.00
NC_092321.1	43812973	43812551	0.00
NC_092321.1	43812973	43812576	0.00
NC_092321.1	43812973	43812601	0.00
NC_092321.1	43812973	43812626	0.00
NC_092321.1	43812973	43812651	0.00
NC_092321.1	43812973	43812676	0.00
NC_092321.1	43812973	43812701	0.00
NC_092321.1	43812973	43812726	0.00
NC_092321.1	43812973	43812751	0.00
NC_092321.1	43812973	43812776	0.00
NC_092321.1	43812973	43812801	0.00
NC_092321.1	43812973	43812826	0.00
NC_092321.1	43812973	43812851	0.00
NC_092321.1	43812973	43812876	0.00
NC_092321.1	43812973	43812901	1.00
NC_092321.1	43812973	43812926	1.00
NC_092321.1	43812973	43812951	1.00
NC_092321.1	43812973	43812976	1.00
NC_092321.1	43812973	43813001	1.00
NC_092321.1	43812973	43813026	1.00
NC_092321.1	43812973	43813051	0.00
NC_092321.1	43812973	43813076	0.00
NC_092321.1	43812973	43813101	0.00
NC_092321.1	43812973	43813126	0.00
NC_092321.1	43812973	43813151	0.00
NC_092321.1	43812973	43813176	0.00
NC_092321.1	43812973	43813201	0.00
NC_092321.1	43812973	43813226	0.00
NC_092321.1	43812973	43813251	0.00
NC_092321.1	43812973	43813276	0.00
NC_092321.1	43812973	43813301	0.00
NC_092321.1	43812973	43813326	0.00
NC_092321.1	43812973	43813351	0.00
NC_092321.1	43812973	43813376	0.00
NC_092321.1	43812973	43813401	0.00
NC_092321.1	43812973	43813426	0.00
NC_092321.1	43812973	43813451	0.00
NC_092321.1	43812973	43813476	0.00
NC_092321.1	43812973	43813501	0.00
NC_092321.1	43812973	43813526	0.00
NC_092321.1	43812973	43813551	0.00
NC_092321.1	43812973	43813576	0.00
NC_092321.1	43812973	43813601	0.00
NC_092321.1	43812973	43813626	0.00
NC_092321.1	43812973	43813651	0.00
NC_092321.1	43812973	43813676	0.00
NC_092321.1	43812973	43813701	0.00
NC_092321.1	43812973	43813726	0.00
NC_092321.1	43812973	43813751	0.00
NC_092321.1	43812973	43813776	0.00
NC_092321.1	43812973	43813801	0.00
NC_092321.1	43812973	43813826	0.00
NC_092321.1	43812973	43813851	0.00
NC_092321.1	43812973	43813876	0.00
NC_092321.1	43812973	43813901	0.00
NC_092321.1	43812973	43813926	0.00
NC_092321.1	43812973	43813951	0.00
NC_092321.1	43812973	43813976	0.00
NC_092321.1	43812973	43814001	0.00
NC_092321.1	43812973	43814026	0.00
NC_092321.1	43812973	43814051	0.00
NC_092321.1	43812973	43814076	0.00
NC_092321.1	43812973	43814101	0.00
NC_092321.1	43812973	43814126	0.00
NC_092321.1	43812973	43814151	0.00
NC_092321.1	43812973	43814176	0.00
NC_092321.1	43812973	43814201	0.00
NC_092321.1	43812973	43814226	0.00
NC_092321.1	43812973	43814251	0.00
NC_092321.1	43812973	43814276	0.00
NC_092321.1	43812973	43814301	0.00
NC_092321.1	43812973	43814326	0.00
NC_092321.1	43812973	43814351	0.00
NC_092321.1	43812973	43814376	0.00
NC_092321.1	43812973	43814401	0.00
NC_092321.1	43812973	43814426	0.00
NC_092321.1	43812973	43814451	0.00
NC_092321.1	43812973	43814476	0.00
NC_092321.1	43812973	43814501	0.00
NC_092321.1	43812973	43814526	0.00
NC_092321.1	43812973	43814551	0.00
NC_092321.1	43812973	43814576	0.00
NC_092321.1	43812973	43814601	0.00
NC_092321.1	43812973	43814626	0.00
NC_092321.1	43812973	43814651	0.00
NC_092321.1	43812973	43814676	0.00
NC_092321.1	43812973	43814701	0.00
NC_092321.1	43812973	43814726	0.00
NC_092321.1	43812973	43814751	0.00
NC_092321.1	43812973	43814776	0.00
NC_092321.1	43812973	43814801	0.00
NC_092321.1	43812973	43814826	0.00
NC_092321.1	43812973	43814851	0.00
NC_092321.1	43812973	43814876	0.00
NC_092321.1	43812973	43814901	0.00
NC_092321.1	43812973	43814926	0.00
NC_092321.1	43812973	43814951	0.00
NC_092321.1	44733463	44731451	0.00
NC_092321.1	44733463	44731476	0.00
NC_092321.1	44733463	44731501	0.00
NC_092321.1	44733463	44731526	0.00
NC_092321.1	44733463	44731551	0.00
NC_092321.1	44733463	44731576	0.00
NC_092321.1	44733463	44731601	0.00
NC_092321.1	44733463	44731626	0.00
NC_092321.1	44733463	44731651	0.00
NC_092321.1	44733463	44731676	0.00
NC_092321.1	44733463	44731701	0.00
NC_092321.1	44733463	44731726	0.00
NC_092321.1	44733463	44731751	0.00
NC_092321.1	44733463	44731776	0.00
NC_092321.1	44733463	44731801	0.00
NC_092321.1	44733463	44731826	0.00
NC_092321.1	44733463	44731851	0.00
NC_092321.1	44733463	44731876	0.00
NC_092321.1	44733463	44731901	0.00
NC_092321.1	44733463	44731926	0.00
NC_092321.1	44733463	44731951	0.00
NC_092321.1	44733463	44731976	0.00
NC_092321.1	44733463	44732001	0.00
NC_092321.1	44733463	44732026	0.00
NC_092321.1	44733463	44732051	0.00
NC_092321.1	44733463	44732076	0.00
NC_092321.1	44733463	44732101	0.00
NC_092321.1	44733463	44732126	0.00
NC_092321.1	44733463	44732151	0.00
NC_092321.1	44733463	44732176	0.00
NC_092321.1	44733463	44732201	0.00
NC_092321.1	44733463	44732226	0.00
NC_092321.1	44733463	44732251	0.00
NC_092321.1	44733463	44732276	0.00
NC_092321.1	44733463	44732301	0.00
NC_092321.1	44733463	44732326	0.00
NC_092321.1	44733463	44732351	0.00
NC_092321.1	44733463	44732376	0.00
NC_092321.1	44733463	44732401	0.00
NC_092321.1	44733463	44732426	0.00
NC_092321.1	44733463	44732451	0.00
NC_092321.1	44733463	44732476	0.00
NC_092321.1	44733463	44732501	0.00
NC_092321.1	44733463	44732526	0.00
NC_092321.1	44733463	44732551	0.00
NC_092321.1	44733463	44732576	0.00
NC_092321.1	44733463	44732601	0.00
NC_092321.1	44733463	44732626	0.00
NC_092321.1	44733463	44732651	0.00
NC_092321.1	44733463	44732676	0.00
NC_092321.1	44733463	44732701	0.00
NC_092321.1	44733463	44732726	0.00
NC_092321.1	44733463	44732751	0.00
NC_092321.1	44733463	44732776	0.00
NC_092321.1	44733463	44732801	0.00
NC_092321.1	44733463	44732826	0.00
NC_092321.1	44733463	44732851	0.00
NC_092321.1	44733463	44732876	0.00
NC_092321.1	44733463	44732901	0.00
NC_092321.1	44733463	44732926	0.00
NC_092321.1	44733463	44732951	0.00
NC_092321.1	44733463	44732976	0.00
NC_092321.1	44733463	44733001	0.00
NC_092321.1	44733463	44733026	0.00
NC_092321.1	44733463	44733051	0.00
NC_092321.1	44733463	44733076	0.00
NC_092321.1	44733463	44733101	0.00
NC_092321.1	44733463	44733126	0.00
NC_092321.1	44733463	44733151	0.00
NC_092321.1	44733463	44733176	0.00
NC_092321.1	44733463	44733201	0.00
NC_092321.1	44733463	44733226	0.00
NC_092321.1	44733463	44733251	0.00
NC_092321.1	44733463	44733276	0.00
NC_092321.1	44733463	44733301	0.00
NC_092321.1	44733463	44733326	0.00
NC_092321.1	44733463	44733351	0.00
NC_092321.1	44733463	44733376	0.28
NC_092321.1	44733463	44733401	1.00
NC_092321.1	44733463	44733426	1.24
NC_092321.1	44733463	44733451	2.00
NC_092321.1	44733463	44733476	2.00
NC_092321.1	44733463	44733501	2.00
NC_092321.1	44733463	44733526	1.72
NC_092321.1	44733463	44733551	1.00
NC_092321.1	44733463	44733576	0.76
NC_092321.1	44733463	44733601	0.00
NC_092321.1	44733463	44733626	0.00
NC_092321.1	44733463	44733651	0.00
NC_092321.1	44733463	44733676	0.00
NC_092321.1	44733463	44733701	0.00
NC_092321.1	44733463	44733726	0.00
NC_092321.1	44733463	44733751	0.00
NC_092321.1	44733463	44733776	0.00
NC_092321.1	44733463	44733801	0.00
NC_092321.1	44733463	44733826	0.00
NC_092321.1	44733463	44733851	0.00
NC_092321.1	44733463	44733876	0.00
NC_092321.1	44733463	44733901	0.00
NC_092321.1	44733463	44733926	0.00
NC_092321.1	44733463	44733951	0.00
NC_092321.1	44733463	44733976	0.00
NC_092321.1	44733463	44734001	0.00
NC_092321.1	44733463	44734026	0.00
NC_092321.1	44733463	44734051	0.00
NC_092321.1	44733463	44734076	0.00
NC_092321.1	44733463	44734101	0.00
NC_092321.1	44733463	44734126	0.00
NC_092321.1	44733463	44734151	0.00
NC_092321.1	44733463	44734176	0.00
NC_092321.1	44733463	44734201	0.00
NC_092321.1	44733463	44734226	0.00
NC_092321.1	44733463	44734251	0.00
NC_092321.1	44733463	44734276	0.00
NC_092321.1	44733463	44734301	0.00
NC_092321.1	44733463	44734326	0.00
NC_092321.1	44733463	44734351	0.00
NC_092321.1	44733463	44734376	0.00
NC_092321.1	44733463	44734401	0.00
NC_092321.1	44733463	44734426	0.00
NC_092321.1	44733463	44734451	0.00
NC_092321.1	44733463	44734476	0.00
NC_092321.1	44733463	44734501	0.00
NC_092321.1	44733463	44734526	0.00
NC_092321.1	44733463	44734551	0.00
NC_092321.1	44733463	44734576	0.00
NC_092321.1	44733463	44734601	0.00
NC_092321.1	44733463	44734626	0.00
NC_092321.1	44733463	44734651	0.00
NC_092321.1	44733463	44734676	0.00
NC_092321.1	44733463	44734701	0.00
NC_092321.1	44733463	44734726	0.00
NC_092321.1	44733463	44734751	0.00
NC_092321.1	44733463	44734776	0.00
NC_092321.1	44733463	44734801	0.00
NC_092321.1	44733463	44734826	0.00
NC_092321.1	44733463	44734851	0.00
NC_092321.1	44733463	44734876	0.00
NC_092321.1	44733463	44734901	0.00
NC_092321.1	44733463	44734926	0.00
NC_092321.1	44733463	44734951	0.00
NC_092321.1	44733463	44734976	0.00
NC_092321.1	44733463	44735001	0.00
NC_092321.1	44733463	44735026	0.00
NC_092321.1	44733463	44735051	0.00
NC_092321.1	44733463	44735076	0.00
NC_092321.1	44733463	44735101	0.00
NC_092321.1	44733463	44735126	0.00
NC_092321.1	44733463	44735151	0.00
NC_092321.1	44733463	44735176	0.00
NC_092321.1	44733463	44735201	0.00
NC_092321.1	44733463	44735226	0.00
NC_092321.1	44733463	44735251	0.00
NC_092321.1	44733463	44735276	0.00
NC_092321.1	44733463	44735301	0.00
NC_092321.1	44733463	44735326	0.00
NC_092321.1	44733463	44735351	0.00
NC_092321.1	44733463	44735376	0.00
NC_092321.1	44733463	44735401	0.00
NC_092321.1	44733463	44735426	0.00
NC_092321.1	44733463	44735451	0.00
NC_092322.1	1638496	1636476	0.00
NC_092322.1	1638496	1636501	0.00
NC_092322.1	1638496	1636526	0.00
NC_092322.1	1638496	1636551	0.00
NC_092322.1	1638496	1636576	0.00
NC_092322.1	1638496	1636601	0.00
NC_092322.1	1638496	1636626	0.00
NC_092322.1	1638496	1636651	0.00
NC_092322.1	1638496	1636676	0.00
NC_092322.1	1638496	1636701	0.00
NC_092322.1	1638496	1636726	0.00
NC_092322.1	1638496	1636751	0.00
NC_092322.1	1638496	1636776	0.00
NC_092322.1	1638496	1636801	0.00
NC_092322.1	1638496	1636826	0.00
NC_092322.1	1638496	1636851	0.00
NC_092322.1	1638496	1636876	0.00
NC_092322.1	1638496	1636901	0.00
NC_092322.1	1638496	1636926	0.00
NC_092322.1	1638496	1636951	0.00
NC_092322.1	1638496	1636976	0.00
NC_092322.1	1638496	1637001	0.00
NC_092322.1	1638496	1637026	0.00
NC_092322.1	1638496	1637051	0.00
NC_092322.1	1638496	1637076	0.00
NC_092322.1	1638496	1637101	0.00
NC_092322.1	1638496	1637126	0.00
NC_092322.1	1638496	1637151	0.00
NC_092322.1	1638496	1637176	0.00
NC_092322.1	1638496	1637201	0.00
NC_092322.1	1638496	1637226	0.00
NC_092322.1	1638496	1637251	0.00
NC_092322.1	1638496	1637276	0.00
NC_092322.1	1638496	1637301	0.00
NC_092322.1	1638496	1637326	0.00
NC_092322.1	1638496	1637351	0.00
NC_092322.1	1638496	1637376	0.00
NC_092322.1	1638496	1637401	0.00
NC_092322.1	1638496	1637426	0.00
NC_092322.1	1638496	1637451	0.00
NC_092322.1	1638496	1637476	0.00
NC_092322.1	1638496	1637501	0.00
NC_092322.1	1638496	1637526	0.00
NC_092322.1	1638496	1637551	0.00
NC_092322.1	1638496	1637576	0.00
NC_092322.1	1638496	1637601	0.00
NC_092322.1	1638496	1637626	0.00
NC_092322.1	1638496	1637651	0.00
NC_092322.1	1638496	1637676	0.00
NC_092322.1	1638496	1637701	0.00
NC_092322.1	1638496	1637726	0.00
NC_092322.1	1638496	1637751	0.00
NC_092322.1	1638496	1637776	0.00
NC_092322.1	1638496	1637801	0.00
NC_092322.1	1638496	1637826	0.00
NC_092322.1	1638496	1637851	0.00
NC_092322.1	1638496	1637876	0.00
NC_092322.1	1638496	1637901	0.00
NC_092322.1	1638496	1637926	0.00
NC_092322.1	1638496	1637951	0.00
NC_092322.1	1638496	1637976	0.00
NC_092322.1	1638496	1638001	0.00
NC_092322.1	1638496	1638026	0.00
NC_092322.1	1638496	1638051	0.00
NC_092322.1	1638496	1638076	0.00
NC_092322.1	1638496	1638101	0.00
NC_092322.1	1638496	1638126	0.00
NC_092322.1	1638496	1638151	0.00
NC_092322.1	1638496	1638176	0.00
NC_092322.1	1638496	1638201	0.00
NC_092322.1	1638496	1638226	0.00
NC_092322.1	1638496	1638251	0.00
NC_092322.1	1638496	1638276	0.00
NC_092322.1	1638496	1638301	0.00
NC_092322.1	1638496	1638326	0.00
NC_092322.1	1638496	1638351	0.00
NC_092322.1	1638496	1638376	0.96
NC_092322.1	1638496	1638401	1.00
NC_092322.1	1638496	1638426	1.00
NC_092322.1	1638496	1638451	1.00
NC_092322.1	1638496	1638476	1.00
NC_092322.1	1638496	1638501	1.00
NC_092322.1	1638496	1638526	0.88
NC_092322.1	1638496	1638551	1.00
NC_092322.1	1638496	1638576	1.00
NC_092322.1	1638496	1638601	1.00
NC_092322.1	1638496	1638626	1.00
NC_092322.1	1638496	1638651	1.00
NC_092322.1	1638496	1638676	0.16
NC_092322.1	1638496	1638701	0.00
NC_092322.1	1638496	1638726	0.00
NC_092322.1	1638496	1638751	0.00
NC_092322.1	1638496	1638776	0.00
NC_092322.1	1638496	1638801	0.00
NC_092322.1	1638496	1638826	0.00
NC_092322.1	1638496	1638851	0.00
NC_092322.1	1638496	1638876	0.00
NC_092322.1	1638496	1638901	0.00
NC_092322.1	1638496	1638926	0.00
NC_092322.1	1638496	1638951	0.00
NC_092322.1	1638496	1638976	0.00
NC_092322.1	1638496	1639001	0.00
NC_092322.1	1638496	1639026	0.00
NC_092322.1	1638496	1639051	0.00
NC_092322.1	1638496	1639076	0.00
NC_092322.1	1638496	1639101	0.00
NC_092322.1	1638496	1639126	0.00
NC_092322.1	1638496	1639151	0.00
NC_092322.1	1638496	1639176	0.00
NC_092322.1	1638496	1639201	0.00
NC_092322.1	1638496	1639226	0.00
NC_092322.1	1638496	1639251	0.00
NC_092322.1	1638496	1639276	0.00
NC_092322.1	1638496	1639301	0.00
NC_092322.1	1638496	1639326	0.00
NC_092322.1	1638496	1639351	0.00
NC_092322.1	1638496	1639376	0.00
NC_092322.1	1638496	1639401	0.00
NC_092322.1	1638496	1639426	0.00
NC_092322.1	1638496	1639451	0.00
NC_092322.1	1638496	1639476	0.00
NC_092322.1	1638496	1639501	0.00
NC_092322.1	1638496	1639526	0.00
NC_092322.1	1638496	1639551	0.00
NC_092322.1	1638496	1639576	0.00
NC_092322.1	1638496	1639601	0.00
NC_092322.1	1638496	1639626	0.00
NC_092322.1	1638496	1639651	0.00
NC_092322.1	1638496	1639676	0.00
NC_092322.1	1638496	1639701	0.00
NC_092322.1	1638496	1639726	0.00
NC_092322.1	1638496	1639751	0.00
NC_092322.1	1638496	1639776	0.00
NC_092322.1	1638496	1639801	0.00
NC_092322.1	1638496	1639826	0.00
NC_092322.1	1638496	1639851	0.00
NC_092322.1	1638496	1639876	0.00
NC_092322.1	1638496	1639901	0.00
NC_092322.1	1638496	1639926	0.00
NC_092322.1	1638496	1639951	0.00
NC_092322.1	1638496	1639976	0.00
NC_092322.1	1638496	1640001	0.00
NC_092322.1	1638496	1640026	0.00
NC_092322.1	1638496	1640051	0.00
NC_092322.1	1638496	1640076	0.00
NC_092322.1	1638496	1640101	0.00
NC_092322.1	1638496	1640126	0.00
NC_092322.1	1638496	1640151	0.00
NC_092322.1	1638496	1640176	0.00
NC_092322.1	1638496	1640201	0.00
NC_092322.1	1638496	1640226	0.00
NC_092322.1	1638496	1640251	0.00
NC_092322.1	1638496	1640276	0.00
NC_092322.1	1638496	1640301	0.00
NC_092322.1	1638496	1640326	0.00
NC_092322.1	1638496	1640351	0.00
NC_092322.1	1638496	1640376	0.00
NC_092322.1	1638496	1640401	0.00
NC_092322.1	1638496	1640426	0.00
NC_092322.1	1638496	1640451	0.00
NC_092322.1	1638496	1640476	0.00
NC_092322.1	1638598	1636576	0.00
NC_092322.1	1638598	1636601	0.00
NC_092322.1	1638598	1636626	0.00
NC_092322.1	1638598	1636651	0.00
NC_092322.1	1638598	1636676	0.00
NC_092322.1	1638598	1636701	0.00
NC_092322.1	1638598	1636726	0.00
NC_092322.1	1638598	1636751	0.00
NC_092322.1	1638598	1636776	0.00
NC_092322.1	1638598	1636801	0.00
NC_092322.1	1638598	1636826	0.00
NC_092322.1	1638598	1636851	0.00
NC_092322.1	1638598	1636876	0.00
NC_092322.1	1638598	1636901	0.00
NC_092322.1	1638598	1636926	0.00
NC_092322.1	1638598	1636951	0.00
NC_092322.1	1638598	1636976	0.00
NC_092322.1	1638598	1637001	0.00
NC_092322.1	1638598	1637026	0.00
NC_092322.1	1638598	1637051	0.00
NC_092322.1	1638598	1637076	0.00
NC_092322.1	1638598	1637101	0.00
NC_092322.1	1638598	1637126	0.00
NC_092322.1	1638598	1637151	0.00
NC_092322.1	1638598	1637176	0.00
NC_092322.1	1638598	1637201	0.00
NC_092322.1	1638598	1637226	0.00
NC_092322.1	1638598	1637251	0.00
NC_092322.1	1638598	1637276	0.00
NC_092322.1	1638598	1637301	0.00
NC_092322.1	1638598	1637326	0.00
NC_092322.1	1638598	1637351	0.00
NC_092322.1	1638598	1637376	0.00
NC_092322.1	1638598	1637401	0.00
NC_092322.1	1638598	1637426	0.00
NC_092322.1	1638598	1637451	0.00
NC_092322.1	1638598	1637476	0.00
NC_092322.1	1638598	1637501	0.00
NC_092322.1	1638598	1637526	0.00
NC_092322.1	1638598	1637551	0.00
NC_092322.1	1638598	1637576	0.00
NC_092322.1	1638598	1637601	0.00
NC_092322.1	1638598	1637626	0.00
NC_092322.1	1638598	1637651	0.00
NC_092322.1	1638598	1637676	0.00
NC_092322.1	1638598	1637701	0.00
NC_092322.1	1638598	1637726	0.00
NC_092322.1	1638598	1637751	0.00
NC_092322.1	1638598	1637776	0.00
NC_092322.1	1638598	1637801	0.00
NC_092322.1	1638598	1637826	0.00
NC_092322.1	1638598	1637851	0.00
NC_092322.1	1638598	1637876	0.00
NC_092322.1	1638598	1637901	0.00
NC_092322.1	1638598	1637926	0.00
NC_092322.1	1638598	1637951	0.00
NC_092322.1	1638598	1637976	0.00
NC_092322.1	1638598	1638001	0.00
NC_092322.1	1638598	1638026	0.00
NC_092322.1	1638598	1638051	0.00
NC_092322.1	1638598	1638076	0.00
NC_092322.1	1638598	1638101	0.00
NC_092322.1	1638598	1638126	0.00
NC_092322.1	1638598	1638151	0.00
NC_092322.1	1638598	1638176	0.00
NC_092322.1	1638598	1638201	0.00
NC_092322.1	1638598	1638226	0.00
NC_092322.1	1638598	1638251	0.00
NC_092322.1	1638598	1638276	0.00
NC_092322.1	1638598	1638301	0.00
NC_092322.1	1638598	1638326	0.00
NC_092322.1	1638598	1638351	0.00
NC_092322.1	1638598	1638376	0.96
NC_092322.1	1638598	1638401	1.00
NC_092322.1	1638598	1638426	1.00
NC_092322.1	1638598	1638451	1.00
NC_092322.1	1638598	1638476	1.00
NC_092322.1	1638598	1638501	1.00
NC_092322.1	1638598	1638526	0.88
NC_092322.1	1638598	1638551	1.00
NC_092322.1	1638598	1638576	1.00
NC_092322.1	1638598	1638601	1.00
NC_092322.1	1638598	1638626	1.00
NC_092322.1	1638598	1638651	1.00
NC_092322.1	1638598	1638676	0.16
NC_092322.1	1638598	1638701	0.00
NC_092322.1	1638598	1638726	0.00
NC_092322.1	1638598	1638751	0.00
NC_092322.1	1638598	1638776	0.00
NC_092322.1	1638598	1638801	0.00
NC_092322.1	1638598	1638826	0.00
NC_092322.1	1638598	1638851	0.00
NC_092322.1	1638598	1638876	0.00
NC_092322.1	1638598	1638901	0.00
NC_092322.1	1638598	1638926	0.00
NC_092322.1	1638598	1638951	0.00
NC_092322.1	1638598	1638976	0.00
NC_092322.1	1638598	1639001	0.00
NC_092322.1	1638598	1639026	0.00
NC_092322.1	1638598	1639051	0.00
NC_092322.1	1638598	1639076	0.00
NC_092322.1	1638598	1639101	0.00
NC_092322.1	1638598	1639126	0.00
NC_092322.1	1638598	1639151	0.00
NC_092322.1	1638598	1639176	0.00
NC_092322.1	1638598	1639201	0.00
NC_092322.1	1638598	1639226	0.00
NC_092322.1	1638598	1639251	0.00
NC_092322.1	1638598	1639276	0.00
NC_092322.1	1638598	1639301	0.00
NC_092322.1	1638598	1639326	0.00
NC_092322.1	1638598	1639351	0.00
NC_092322.1	1638598	1639376	0.00
NC_092322.1	1638598	1639401	0.00
NC_092322.1	1638598	1639426	0.00
NC_092322.1	1638598	1639451	0.00
NC_092322.1	1638598	1639476	0.00
NC_092322.1	1638598	1639501	0.00
NC_092322.1	1638598	1639526	0.00
NC_092322.1	1638598	1639551	0.00
NC_092322.1	1638598	1639576	0.00
NC_092322.1	1638598	1639601	0.00
NC_092322.1	1638598	1639626	0.00
NC_092322.1	1638598	1639651	0.00
NC_092322.1	1638598	1639676	0.00
NC_092322.1	1638598	1639701	0.00
NC_092322.1	1638598	1639726	0.00
NC_092322.1	1638598	1639751	0.00
NC_092322.1	1638598	1639776	0.00
NC_092322.1	1638598	1639801	0.00
NC_092322.1	1638598	1639826	0.00
NC_092322.1	1638598	1639851	0.00
NC_092322.1	1638598	1639876	0.00
NC_092322.1	1638598	1639901	0.00
NC_092322.1	1638598	1639926	0.00
NC_092322.1	1638598	1639951	0.00
NC_092322.1	1638598	1639976	0.00
NC_092322.1	1638598	1640001	0.00
NC_092322.1	1638598	1640026	0.00
NC_092322.1	1638598	1640051	0.00
NC_092322.1	1638598	1640076	0.00
NC_092322.1	1638598	1640101	0.00
NC_092322.1	1638598	1640126	0.00
NC_092322.1	1638598	1640151	0.00
NC_092322.1	1638598	1640176	0.00
NC_092322.1	1638598	1640201	0.00
NC_092322.1	1638598	1640226	0.00
NC_092322.1	1638598	1640251	0.00
NC_092322.1	1638598	1640276	0.00
NC_092322.1	1638598	1640301	0.00
NC_092322.1	1638598	1640326	0.00
NC_092322.1	1638598	1640351	0.00
NC_092322.1	1638598	1640376	0.00
NC_092322.1	1638598	1640401	0.00
NC_092322.1	1638598	1640426	0.00
NC_092322.1	1638598	1640451	0.00
NC_092322.1	1638598	1640476	0.00
NC_092322.1	1638598	1640501	0.00
NC_092322.1	1638598	1640526	0.00
NC_092322.1	1638598	1640551	0.00
NC_092322.1	1638598	1640576	0.00
NC_092322.1	15591735	15589726	0.00
NC_092322.1	15591735	15589751	0.00
NC_092322.1	15591735	15589776	0.00
NC_092322.1	15591735	15589801	0.00
NC_092322.1	15591735	15589826	0.00
NC_092322.1	15591735	15589851	0.00
NC_092322.1	15591735	15589876	0.00
NC_092322.1	15591735	15589901	0.00
NC_092322.1	15591735	15589926	0.00
NC_092322.1	15591735	15589951	0.00
NC_092322.1	15591735	15589976	0.00
NC_092322.1	15591735	15590001	0.00
NC_092322.1	15591735	15590026	0.00
NC_092322.1	15591735	15590051	0.00
NC_092322.1	15591735	15590076	0.00
NC_092322.1	15591735	15590101	0.00
NC_092322.1	15591735	15590126	0.00
NC_092322.1	15591735	15590151	0.00
NC_092322.1	15591735	15590176	0.00
NC_092322.1	15591735	15590201	0.00
NC_092322.1	15591735	15590226	0.00
NC_092322.1	15591735	15590251	0.00
NC_092322.1	15591735	15590276	0.00
NC_092322.1	15591735	15590301	0.00
NC_092322.1	15591735	15590326	0.00
NC_092322.1	15591735	15590351	0.00
NC_092322.1	15591735	15590376	0.00
NC_092322.1	15591735	15590401	0.00
NC_092322.1	15591735	15590426	0.00
NC_092322.1	15591735	15590451	0.00
NC_092322.1	15591735	15590476	0.00
NC_092322.1	15591735	15590501	0.00
NC_092322.1	15591735	15590526	0.00
NC_092322.1	15591735	15590551	0.00
NC_092322.1	15591735	15590576	0.00
NC_092322.1	15591735	15590601	0.00
NC_092322.1	15591735	15590626	0.00
NC_092322.1	15591735	15590651	0.00
NC_092322.1	15591735	15590676	0.00
NC_092322.1	15591735	15590701	0.00
NC_092322.1	15591735	15590726	0.00
NC_092322.1	15591735	15590751	0.00
NC_092322.1	15591735	15590776	0.00
NC_092322.1	15591735	15590801	0.00
NC_092322.1	15591735	15590826	0.00
NC_092322.1	15591735	15590851	0.00
NC_092322.1	15591735	15590876	0.00
NC_092322.1	15591735	15590901	0.00
NC_092322.1	15591735	15590926	0.00
NC_092322.1	15591735	15590951	0.00
NC_092322.1	15591735	15590976	0.00
NC_092322.1	15591735	15591001	0.00
NC_092322.1	15591735	15591026	0.00
NC_092322.1	15591735	15591051	0.00
NC_092322.1	15591735	15591076	0.00
NC_092322.1	15591735	15591101	0.00
NC_092322.1	15591735	15591126	0.00
NC_092322.1	15591735	15591151	0.00
NC_092322.1	15591735	15591176	0.00
NC_092322.1	15591735	15591201	0.00
NC_092322.1	15591735	15591226	0.00
NC_092322.1	15591735	15591251	0.00
NC_092322.1	15591735	15591276	0.00
NC_092322.1	15591735	15591301	0.00
NC_092322.1	15591735	15591326	0.00
NC_092322.1	15591735	15591351	0.00
NC_092322.1	15591735	15591376	0.00
NC_092322.1	15591735	15591401	0.00
NC_092322.1	15591735	15591426	0.00
NC_092322.1	15591735	15591451	0.00
NC_092322.1	15591735	15591476	0.00
NC_092322.1	15591735	15591501	0.00
NC_092322.1	15591735	15591526	0.32
NC_092322.1	15591735	15591551	1.00
NC_092322.1	15591735	15591576	1.00
NC_092322.1	15591735	15591601	1.00
NC_092322.1	15591735	15591626	1.00
NC_092322.1	15591735	15591651	1.48
NC_092322.1	15591735	15591676	1.68
NC_092322.1	15591735	15591701	1.00
NC_092322.1	15591735	15591726	1.00
NC_092322.1	15591735	15591751	1.00
NC_092322.1	15591735	15591776	1.00
NC_092322.1	15591735	15591801	0.52
NC_092322.1	15591735	15591826	0.00
NC_092322.1	15591735	15591851	0.00
NC_092322.1	15591735	15591876	0.00
NC_092322.1	15591735	15591901	0.00
NC_092322.1	15591735	15591926	0.00
NC_092322.1	15591735	15591951	0.00
NC_092322.1	15591735	15591976	0.00
NC_092322.1	15591735	15592001	0.00
NC_092322.1	15591735	15592026	0.00
NC_092322.1	15591735	15592051	0.00
NC_092322.1	15591735	15592076	0.00
NC_092322.1	15591735	15592101	0.00
NC_092322.1	15591735	15592126	0.00
NC_092322.1	15591735	15592151	0.00
NC_092322.1	15591735	15592176	0.00
NC_092322.1	15591735	15592201	0.00
NC_092322.1	15591735	15592226	0.00
NC_092322.1	15591735	15592251	0.00
NC_092322.1	15591735	15592276	0.00
NC_092322.1	15591735	15592301	0.00
NC_092322.1	15591735	15592326	0.00
NC_092322.1	15591735	15592351	0.00
NC_092322.1	15591735	15592376	0.00
NC_092322.1	15591735	15592401	0.00
NC_092322.1	15591735	15592426	0.00
NC_092322.1	15591735	15592451	0.00
NC_092322.1	15591735	15592476	0.00
NC_092322.1	15591735	15592501	0.00
NC_092322.1	15591735	15592526	0.00
NC_092322.1	15591735	15592551	0.00
NC_092322.1	15591735	15592576	0.00
NC_092322.1	15591735	15592601	0.00
NC_092322.1	15591735	15592626	0.00
NC_092322.1	15591735	15592651	0.00
NC_092322.1	15591735	15592676	0.00
NC_092322.1	15591735	15592701	0.00
NC_092322.1	15591735	15592726	0.00
NC_092322.1	15591735	15592751	0.00
NC_092322.1	15591735	15592776	0.00
NC_092322.1	15591735	15592801	0.00
NC_092322.1	15591735	15592826	0.00
NC_092322.1	15591735	15592851	0.00
NC_092322.1	15591735	15592876	0.00
NC_092322.1	15591735	15592901	0.00
NC_092322.1	15591735	15592926	0.00
NC_092322.1	15591735	15592951	0.00
NC_092322.1	15591735	15592976	0.00
NC_092322.1	15591735	15593001	0.00
NC_092322.1	15591735	15593026	0.00
NC_092322.1	15591735	15593051	0.00
NC_092322.1	15591735	15593076	0.00
NC_092322.1	15591735	15593101	0.00
NC_092322.1	15591735	15593126	0.00
NC_092322.1	15591735	15593151	0.00
NC_092322.1	15591735	15593176	0.00
NC_092322.1	15591735	15593201	0.00
NC_092322.1	15591735	15593226	0.00
NC_092322.1	15591735	15593251	0.00
NC_092322.1	15591735	15593276	0.00
NC_092322.1	15591735	15593301	0.00
NC_092322.1	15591735	15593326	0.00
NC_092322.1	15591735	15593351	0.00
NC_092322.1	15591735	15593376	0.00
NC_092322.1	15591735	15593401	0.00
NC_092322.1	15591735	15593426	0.00
NC_092322.1	15591735	15593451	0.00
NC_092322.1	15591735	15593476	0.00
NC_092322.1	15591735	15593501	0.00
NC_092322.1	15591735	15593526	0.00
NC_092322.1	15591735	15593551	0.00
NC_092322.1	15591735	15593576	0.00
NC_092322.1	15591735	15593601	0.00
NC_092322.1	15591735	15593626	0.00
NC_092322.1	15591735	15593651	0.00
NC_092322.1	15591735	15593676	0.00
NC_092322.1	15591735	15593701	0.00
NC_092322.1	15591735	15593726	0.00
NC_092322.1	22810830	22808826	0.00
NC_092322.1	22810830	22808851	0.00
NC_092322.1	22810830	22808876	0.00
NC_092322.1	22810830	22808901	0.00
NC_092322.1	22810830	22808926	0.00
NC_092322.1	22810830	22808951	0.00
NC_092322.1	22810830	22808976	0.00
NC_092322.1	22810830	22809001	0.00
NC_092322.1	22810830	22809026	0.00
NC_092322.1	22810830	22809051	0.00
NC_092322.1	22810830	22809076	0.00
NC_092322.1	22810830	22809101	0.00
NC_092322.1	22810830	22809126	0.00
NC_092322.1	22810830	22809151	0.00
NC_092322.1	22810830	22809176	0.00
NC_092322.1	22810830	22809201	0.00
NC_092322.1	22810830	22809226	0.00
NC_092322.1	22810830	22809251	0.00
NC_092322.1	22810830	22809276	0.00
NC_092322.1	22810830	22809301	0.00
NC_092322.1	22810830	22809326	0.00
NC_092322.1	22810830	22809351	0.00
NC_092322.1	22810830	22809376	0.00
NC_092322.1	22810830	22809401	0.00
NC_092322.1	22810830	22809426	0.00
NC_092322.1	22810830	22809451	0.00
NC_092322.1	22810830	22809476	0.00
NC_092322.1	22810830	22809501	0.00
NC_092322.1	22810830	22809526	0.00
NC_092322.1	22810830	22809551	0.00
NC_092322.1	22810830	22809576	0.00
NC_092322.1	22810830	22809601	0.00
NC_092322.1	22810830	22809626	0.00
NC_092322.1	22810830	22809651	0.00
NC_092322.1	22810830	22809676	0.00
NC_092322.1	22810830	22809701	0.00
NC_092322.1	22810830	22809726	0.00
NC_092322.1	22810830	22809751	0.00
NC_092322.1	22810830	22809776	0.00
NC_092322.1	22810830	22809801	0.00
NC_092322.1	22810830	22809826	0.00
NC_092322.1	22810830	22809851	0.00
NC_092322.1	22810830	22809876	0.00
NC_092322.1	22810830	22809901	0.00
NC_092322.1	22810830	22809926	0.00
NC_092322.1	22810830	22809951	0.00
NC_092322.1	22810830	22809976	0.00
NC_092322.1	22810830	22810001	0.00
NC_092322.1	22810830	22810026	0.00
NC_092322.1	22810830	22810051	0.00
NC_092322.1	22810830	22810076	0.00
NC_092322.1	22810830	22810101	0.00
NC_092322.1	22810830	22810126	0.00
NC_092322.1	22810830	22810151	0.00
NC_092322.1	22810830	22810176	0.00
NC_092322.1	22810830	22810201	0.00
NC_092322.1	22810830	22810226	0.00
NC_092322.1	22810830	22810251	0.00
NC_092322.1	22810830	22810276	0.00
NC_092322.1	22810830	22810301	0.00
NC_092322.1	22810830	22810326	0.00
NC_092322.1	22810830	22810351	0.00
NC_092322.1	22810830	22810376	0.00
NC_092322.1	22810830	22810401	0.00
NC_092322.1	22810830	22810426	0.00
NC_092322.1	22810830	22810451	0.00
NC_092322.1	22810830	22810476	0.00
NC_092322.1	22810830	22810501	0.00
NC_092322.1	22810830	22810526	0.00
NC_092322.1	22810830	22810551	0.00
NC_092322.1	22810830	22810576	0.00
NC_092322.1	22810830	22810601	0.48
NC_092322.1	22810830	22810626	1.00
NC_092322.1	22810830	22810651	1.00
NC_092322.1	22810830	22810676	1.00
NC_092322.1	22810830	22810701	1.00
NC_092322.1	22810830	22810726	1.00
NC_092322.1	22810830	22810751	0.52
NC_092322.1	22810830	22810776	0.00
NC_092322.1	22810830	22810801	0.20
NC_092322.1	22810830	22810826	1.00
NC_092322.1	22810830	22810851	1.00
NC_092322.1	22810830	22810876	1.00
NC_092322.1	22810830	22810901	1.00
NC_092322.1	22810830	22810926	1.00
NC_092322.1	22810830	22810951	0.80
NC_092322.1	22810830	22810976	0.00
NC_092322.1	22810830	22811001	0.00
NC_092322.1	22810830	22811026	0.00
NC_092322.1	22810830	22811051	0.00
NC_092322.1	22810830	22811076	0.00
NC_092322.1	22810830	22811101	0.00
NC_092322.1	22810830	22811126	0.00
NC_092322.1	22810830	22811151	0.00
NC_092322.1	22810830	22811176	0.00
NC_092322.1	22810830	22811201	0.00
NC_092322.1	22810830	22811226	0.00
NC_092322.1	22810830	22811251	0.00
NC_092322.1	22810830	22811276	0.00
NC_092322.1	22810830	22811301	0.00
NC_092322.1	22810830	22811326	0.00
NC_092322.1	22810830	22811351	0.00
NC_092322.1	22810830	22811376	0.00
NC_092322.1	22810830	22811401	0.00
NC_092322.1	22810830	22811426	0.00
NC_092322.1	22810830	22811451	0.00
NC_092322.1	22810830	22811476	0.00
NC_092322.1	22810830	22811501	0.00
NC_092322.1	22810830	22811526	0.00
NC_092322.1	22810830	22811551	0.00
NC_092322.1	22810830	22811576	0.00
NC_092322.1	22810830	22811601	0.00
NC_092322.1	22810830	22811626	0.00
NC_092322.1	22810830	22811651	0.00
NC_092322.1	22810830	22811676	0.00
NC_092322.1	22810830	22811701	0.00
NC_092322.1	22810830	22811726	0.00
NC_092322.1	22810830	22811751	0.00
NC_092322.1	22810830	22811776	0.00
NC_092322.1	22810830	22811801	0.00
NC_092322.1	22810830	22811826	0.00
NC_092322.1	22810830	22811851	0.00
NC_092322.1	22810830	22811876	0.00
NC_092322.1	22810830	22811901	0.00
NC_092322.1	22810830	22811926	0.00
NC_092322.1	22810830	22811951	0.00
NC_092322.1	22810830	22811976	0.00
NC_092322.1	22810830	22812001	0.00
NC_092322.1	22810830	22812026	0.00
NC_092322.1	22810830	22812051	0.00
NC_092322.1	22810830	22812076	0.00
NC_092322.1	22810830	22812101	0.00
NC_092322.1	22810830	22812126	0.00
NC_092322.1	22810830	22812151	0.00
NC_092322.1	22810830	22812176	0.00
NC_092322.1	22810830	22812201	0.00
NC_092322.1	22810830	22812226	0.00
NC_092322.1	22810830	22812251	0.00
NC_092322.1	22810830	22812276	0.00
NC_092322.1	22810830	22812301	0.00
NC_092322.1	22810830	22812326	0.00
NC_092322.1	22810830	22812351	0.00
NC_092322.1	22810830	22812376	0.00
NC_092322.1	22810830	22812401	0.00
NC_092322.1	22810830	22812426	0.00
NC_092322.1	22810830	22812451	0.00
NC_092322.1	22810830	22812476	0.00
NC_092322.1	22810830	22812501	0.00
NC_092322.1	22810830	22812526	0.00
NC_092322.1	22810830	22812551	0.00
NC_092322.1	22810830	22812576	0.00
NC_092322.1	22810830	22812601	0.00
NC_092322.1	22810830	22812626	0.00
NC_092322.1	22810830	22812651	0.00
NC_092322.1	22810830	22812676	0.00
NC_092322.1	22810830	22812701	0.00
NC_092322.1	22810830	22812726	0.00
NC_092322.1	22810830	22812751	0.00
NC_092322.1	22810830	22812776	0.00
NC_092322.1	22810830	22812801	0.00
NC_092322.1	22810830	22812826	0.00
NC_092322.1	28322082	28320076	0.00
NC_092322.1	28322082	28320101	0.00
NC_092322.1	28322082	28320126	0.00
NC_092322.1	28322082	28320151	0.00
NC_092322.1	28322082	28320176	0.00
NC_092322.1	28322082	28320201	0.00
NC_092322.1	28322082	28320226	0.00
NC_092322.1	28322082	28320251	0.00
NC_092322.1	28322082	28320276	0.00
NC_092322.1	28322082	28320301	0.00
NC_092322.1	28322082	28320326	0.00
NC_092322.1	28322082	28320351	0.00
NC_092322.1	28322082	28320376	0.00
NC_092322.1	28322082	28320401	0.00
NC_092322.1	28322082	28320426	0.00
NC_092322.1	28322082	28320451	0.00
NC_092322.1	28322082	28320476	0.00
NC_092322.1	28322082	28320501	0.00
NC_092322.1	28322082	28320526	0.00
NC_092322.1	28322082	28320551	0.00
NC_092322.1	28322082	28320576	0.00
NC_092322.1	28322082	28320601	0.00
NC_092322.1	28322082	28320626	0.00
NC_092322.1	28322082	28320651	0.00
NC_092322.1	28322082	28320676	0.00
NC_092322.1	28322082	28320701	0.00
NC_092322.1	28322082	28320726	0.00
NC_092322.1	28322082	28320751	0.00
NC_092322.1	28322082	28320776	0.00
NC_092322.1	28322082	28320801	0.00
NC_092322.1	28322082	28320826	0.00
NC_092322.1	28322082	28320851	0.00
NC_092322.1	28322082	28320876	0.00
NC_092322.1	28322082	28320901	0.00
NC_092322.1	28322082	28320926	0.00
NC_092322.1	28322082	28320951	0.00
NC_092322.1	28322082	28320976	0.00
NC_092322.1	28322082	28321001	0.00
NC_092322.1	28322082	28321026	0.00
NC_092322.1	28322082	28321051	0.00
NC_092322.1	28322082	28321076	0.00
NC_092322.1	28322082	28321101	0.00
NC_092322.1	28322082	28321126	0.00
NC_092322.1	28322082	28321151	0.00
NC_092322.1	28322082	28321176	0.00
NC_092322.1	28322082	28321201	0.00
NC_092322.1	28322082	28321226	0.00
NC_092322.1	28322082	28321251	0.00
NC_092322.1	28322082	28321276	0.00
NC_092322.1	28322082	28321301	0.00
NC_092322.1	28322082	28321326	0.00
NC_092322.1	28322082	28321351	0.00
NC_092322.1	28322082	28321376	0.00
NC_092322.1	28322082	28321401	0.00
NC_092322.1	28322082	28321426	0.00
NC_092322.1	28322082	28321451	0.00
NC_092322.1	28322082	28321476	0.00
NC_092322.1	28322082	28321501	0.00
NC_092322.1	28322082	28321526	0.00
NC_092322.1	28322082	28321551	0.00
NC_092322.1	28322082	28321576	0.00
NC_092322.1	28322082	28321601	0.00
NC_092322.1	28322082	28321626	0.00
NC_092322.1	28322082	28321651	0.00
NC_092322.1	28322082	28321676	0.00
NC_092322.1	28322082	28321701	0.00
NC_092322.1	28322082	28321726	0.00
NC_092322.1	28322082	28321751	0.00
NC_092322.1	28322082	28321776	0.00
NC_092322.1	28322082	28321801	0.84
NC_092322.1	28322082	28321826	1.00
NC_092322.1	28322082	28321851	1.00
NC_092322.1	28322082	28321876	1.00
NC_092322.1	28322082	28321901	1.00
NC_092322.1	28322082	28321926	1.00
NC_092322.1	28322082	28321951	0.16
NC_092322.1	28322082	28321976	0.00
NC_092322.1	28322082	28322001	0.00
NC_092322.1	28322082	28322026	0.20
NC_092322.1	28322082	28322051	1.00
NC_092322.1	28322082	28322076	1.00
NC_092322.1	28322082	28322101	1.00
NC_092322.1	28322082	28322126	1.00
NC_092322.1	28322082	28322151	1.00
NC_092322.1	28322082	28322176	0.80
NC_092322.1	28322082	28322201	0.00
NC_092322.1	28322082	28322226	0.00
NC_092322.1	28322082	28322251	0.00
NC_092322.1	28322082	28322276	0.00
NC_092322.1	28322082	28322301	0.00
NC_092322.1	28322082	28322326	0.00
NC_092322.1	28322082	28322351	0.00
NC_092322.1	28322082	28322376	0.00
NC_092322.1	28322082	28322401	0.00
NC_092322.1	28322082	28322426	0.00
NC_092322.1	28322082	28322451	0.00
NC_092322.1	28322082	28322476	0.00
NC_092322.1	28322082	28322501	0.00
NC_092322.1	28322082	28322526	0.00
NC_092322.1	28322082	28322551	0.00
NC_092322.1	28322082	28322576	0.00
NC_092322.1	28322082	28322601	0.00
NC_092322.1	28322082	28322626	0.00
NC_092322.1	28322082	28322651	0.00
NC_092322.1	28322082	28322676	0.00
NC_092322.1	28322082	28322701	0.00
NC_092322.1	28322082	28322726	0.00
NC_092322.1	28322082	28322751	0.00
NC_092322.1	28322082	28322776	0.00
NC_092322.1	28322082	28322801	0.00
NC_092322.1	28322082	28322826	0.00
NC_092322.1	28322082	28322851	0.00
NC_092322.1	28322082	28322876	0.00
NC_092322.1	28322082	28322901	0.00
NC_092322.1	28322082	28322926	0.00
NC_092322.1	28322082	28322951	0.00
NC_092322.1	28322082	28322976	0.00
NC_092322.1	28322082	28323001	0.00
NC_092322.1	28322082	28323026	0.00
NC_092322.1	28322082	28323051	0.00
NC_092322.1	28322082	28323076	0.00
NC_092322.1	28322082	28323101	0.00
NC_092322.1	28322082	28323126	0.00
NC_092322.1	28322082	28323151	0.00
NC_092322.1	28322082	28323176	0.00
NC_092322.1	28322082	28323201	0.00
NC_092322.1	28322082	28323226	0.00
NC_092322.1	28322082	28323251	0.00
NC_092322.1	28322082	28323276	0.00
NC_092322.1	28322082	28323301	0.00
NC_092322.1	28322082	28323326	0.00
NC_092322.1	28322082	28323351	0.00
NC_092322.1	28322082	28323376	0.00
NC_092322.1	28322082	28323401	0.00
NC_092322.1	28322082	28323426	0.00
NC_092322.1	28322082	28323451	0.00
NC_092322.1	28322082	28323476	0.00
NC_092322.1	28322082	28323501	0.00
NC_092322.1	28322082	28323526	0.00
NC_092322.1	28322082	28323551	0.00
NC_092322.1	28322082	28323576	0.00
NC_092322.1	28322082	28323601	0.00
NC_092322.1	28322082	28323626	0.00
NC_092322.1	28322082	28323651	0.00
NC_092322.1	28322082	28323676	0.00
NC_092322.1	28322082	28323701	0.00
NC_092322.1	28322082	28323726	0.00
NC_092322.1	28322082	28323751	0.00
NC_092322.1	28322082	28323776	0.00
NC_092322.1	28322082	28323801	0.00
NC_092322.1	28322082	28323826	0.00
NC_092322.1	28322082	28323851	0.00
NC_092322.1	28322082	28323876	0.00
NC_092322.1	28322082	28323901	0.00
NC_092322.1	28322082	28323926	0.00
NC_092322.1	28322082	28323951	0.00
NC_092322.1	28322082	28323976	0.00
NC_092322.1	28322082	28324001	0.00
NC_092322.1	28322082	28324026	0.00
NC_092322.1	28322082	28324051	0.00
NC_092322.1	28322082	28324076	0.00
NC_092322.1	28322111	28320101	0.00
NC_092322.1	28322111	28320126	0.00
NC_092322.1	28322111	28320151	0.00
NC_092322.1	28322111	28320176	0.00
NC_092322.1	28322111	28320201	0.00
NC_092322.1	28322111	28320226	0.00
NC_092322.1	28322111	28320251	0.00
NC_092322.1	28322111	28320276	0.00
NC_092322.1	28322111	28320301	0.00
NC_092322.1	28322111	28320326	0.00
NC_092322.1	28322111	28320351	0.00
NC_092322.1	28322111	28320376	0.00
NC_092322.1	28322111	28320401	0.00
NC_092322.1	28322111	28320426	0.00
NC_092322.1	28322111	28320451	0.00
NC_092322.1	28322111	28320476	0.00
NC_092322.1	28322111	28320501	0.00
NC_092322.1	28322111	28320526	0.00
NC_092322.1	28322111	28320551	0.00
NC_092322.1	28322111	28320576	0.00
NC_092322.1	28322111	28320601	0.00
NC_092322.1	28322111	28320626	0.00
NC_092322.1	28322111	28320651	0.00
NC_092322.1	28322111	28320676	0.00
NC_092322.1	28322111	28320701	0.00
NC_092322.1	28322111	28320726	0.00
NC_092322.1	28322111	28320751	0.00
NC_092322.1	28322111	28320776	0.00
NC_092322.1	28322111	28320801	0.00
NC_092322.1	28322111	28320826	0.00
NC_092322.1	28322111	28320851	0.00
NC_092322.1	28322111	28320876	0.00
NC_092322.1	28322111	28320901	0.00
NC_092322.1	28322111	28320926	0.00
NC_092322.1	28322111	28320951	0.00
NC_092322.1	28322111	28320976	0.00
NC_092322.1	28322111	28321001	0.00
NC_092322.1	28322111	28321026	0.00
NC_092322.1	28322111	28321051	0.00
NC_092322.1	28322111	28321076	0.00
NC_092322.1	28322111	28321101	0.00
NC_092322.1	28322111	28321126	0.00
NC_092322.1	28322111	28321151	0.00
NC_092322.1	28322111	28321176	0.00
NC_092322.1	28322111	28321201	0.00
NC_092322.1	28322111	28321226	0.00
NC_092322.1	28322111	28321251	0.00
NC_092322.1	28322111	28321276	0.00
NC_092322.1	28322111	28321301	0.00
NC_092322.1	28322111	28321326	0.00
NC_092322.1	28322111	28321351	0.00
NC_092322.1	28322111	28321376	0.00
NC_092322.1	28322111	28321401	0.00
NC_092322.1	28322111	28321426	0.00
NC_092322.1	28322111	28321451	0.00
NC_092322.1	28322111	28321476	0.00
NC_092322.1	28322111	28321501	0.00
NC_092322.1	28322111	28321526	0.00
NC_092322.1	28322111	28321551	0.00
NC_092322.1	28322111	28321576	0.00
NC_092322.1	28322111	28321601	0.00
NC_092322.1	28322111	28321626	0.00
NC_092322.1	28322111	28321651	0.00
NC_092322.1	28322111	28321676	0.00
NC_092322.1	28322111	28321701	0.00
NC_092322.1	28322111	28321726	0.00
NC_092322.1	28322111	28321751	0.00
NC_092322.1	28322111	28321776	0.00
NC_092322.1	28322111	28321801	0.84
NC_092322.1	28322111	28321826	1.00
NC_092322.1	28322111	28321851	1.00
NC_092322.1	28322111	28321876	1.00
NC_092322.1	28322111	28321901	1.00
NC_092322.1	28322111	28321926	1.00
NC_092322.1	28322111	28321951	0.16
NC_092322.1	28322111	28321976	0.00
NC_092322.1	28322111	28322001	0.00
NC_092322.1	28322111	28322026	0.20
NC_092322.1	28322111	28322051	1.00
NC_092322.1	28322111	28322076	1.00
NC_092322.1	28322111	28322101	1.00
NC_092322.1	28322111	28322126	1.00
NC_092322.1	28322111	28322151	1.00
NC_092322.1	28322111	28322176	0.80
NC_092322.1	28322111	28322201	0.00
NC_092322.1	28322111	28322226	0.00
NC_092322.1	28322111	28322251	0.00
NC_092322.1	28322111	28322276	0.00
NC_092322.1	28322111	28322301	0.00
NC_092322.1	28322111	28322326	0.00
NC_092322.1	28322111	28322351	0.00
NC_092322.1	28322111	28322376	0.00
NC_092322.1	28322111	28322401	0.00
NC_092322.1	28322111	28322426	0.00
NC_092322.1	28322111	28322451	0.00
NC_092322.1	28322111	28322476	0.00
NC_092322.1	28322111	28322501	0.00
NC_092322.1	28322111	28322526	0.00
NC_092322.1	28322111	28322551	0.00
NC_092322.1	28322111	28322576	0.00
NC_092322.1	28322111	28322601	0.00
NC_092322.1	28322111	28322626	0.00
NC_092322.1	28322111	28322651	0.00
NC_092322.1	28322111	28322676	0.00
NC_092322.1	28322111	28322701	0.00
NC_092322.1	28322111	28322726	0.00
NC_092322.1	28322111	28322751	0.00
NC_092322.1	28322111	28322776	0.00
NC_092322.1	28322111	28322801	0.00
NC_092322.1	28322111	28322826	0.00
NC_092322.1	28322111	28322851	0.00
NC_092322.1	28322111	28322876	0.00
NC_092322.1	28322111	28322901	0.00
NC_092322.1	28322111	28322926	0.00
NC_092322.1	28322111	28322951	0.00
NC_092322.1	28322111	28322976	0.00
NC_092322.1	28322111	28323001	0.00
NC_092322.1	28322111	28323026	0.00
NC_092322.1	28322111	28323051	0.00
NC_092322.1	28322111	28323076	0.00
NC_092322.1	28322111	28323101	0.00
NC_092322.1	28322111	28323126	0.00
NC_092322.1	28322111	28323151	0.00
NC_092322.1	28322111	28323176	0.00
NC_092322.1	28322111	28323201	0.00
NC_092322.1	28322111	28323226	0.00
NC_092322.1	28322111	28323251	0.00
NC_092322.1	28322111	28323276	0.00
NC_092322.1	28322111	28323301	0.00
NC_092322.1	28322111	28323326	0.00
NC_092322.1	28322111	28323351	0.00
NC_092322.1	28322111	28323376	0.00
NC_092322.1	28322111	28323401	0.00
NC_092322.1	28322111	28323426	0.00
NC_092322.1	28322111	28323451	0.00
NC_092322.1	28322111	28323476	0.00
NC_092322.1	28322111	28323501	0.00
NC_092322.1	28322111	28323526	0.00
NC_092322.1	28322111	28323551	0.00
NC_092322.1	28322111	28323576	0.00
NC_092322.1	28322111	28323601	0.00
NC_092322.1	28322111	28323626	0.00
NC_092322.1	28322111	28323651	0.00
NC_092322.1	28322111	28323676	0.00
NC_092322.1	28322111	28323701	0.00
NC_092322.1	28322111	28323726	0.00
NC_092322.1	28322111	28323751	0.00
NC_092322.1	28322111	28323776	0.00
NC_092322.1	28322111	28323801	0.00
NC_092322.1	28322111	28323826	0.00
NC_092322.1	28322111	28323851	0.00
NC_092322.1	28322111	28323876	0.00
NC_092322.1	28322111	28323901	0.00
NC_092322.1	28322111	28323926	0.00
NC_092322.1	28322111	28323951	0.00
NC_092322.1	28322111	28323976	0.00
NC_092322.1	28322111	28324001	0.00
NC_092322.1	28322111	28324026	0.00
NC_092322.1	28322111	28324051	0.00
NC_092322.1	28322111	28324076	0.00
NC_092322.1	28322111	28324101	0.00
NC_092322.1	35114996	35112976	0.00
NC_092322.1	35114996	35113001	0.00
NC_092322.1	35114996	35113026	0.00
NC_092322.1	35114996	35113051	0.00
NC_092322.1	35114996	35113076	0.00
NC_092322.1	35114996	35113101	0.00
NC_092322.1	35114996	35113126	0.00
NC_092322.1	35114996	35113151	0.00
NC_092322.1	35114996	35113176	0.00
NC_092322.1	35114996	35113201	0.00
NC_092322.1	35114996	35113226	0.00
NC_092322.1	35114996	35113251	0.00
NC_092322.1	35114996	35113276	0.00
NC_092322.1	35114996	35113301	0.00
NC_092322.1	35114996	35113326	0.00
NC_092322.1	35114996	35113351	0.00
NC_092322.1	35114996	35113376	0.00
NC_092322.1	35114996	35113401	0.00
NC_092322.1	35114996	35113426	0.00
NC_092322.1	35114996	35113451	0.00
NC_092322.1	35114996	35113476	0.00
NC_092322.1	35114996	35113501	0.00
NC_092322.1	35114996	35113526	0.00
NC_092322.1	35114996	35113551	0.00
NC_092322.1	35114996	35113576	0.00
NC_092322.1	35114996	35113601	0.00
NC_092322.1	35114996	35113626	0.00
NC_092322.1	35114996	35113651	0.00
NC_092322.1	35114996	35113676	0.00
NC_092322.1	35114996	35113701	0.00
NC_092322.1	35114996	35113726	0.00
NC_092322.1	35114996	35113751	0.00
NC_092322.1	35114996	35113776	0.00
NC_092322.1	35114996	35113801	0.00
NC_092322.1	35114996	35113826	0.00
NC_092322.1	35114996	35113851	0.00
NC_092322.1	35114996	35113876	0.00
NC_092322.1	35114996	35113901	0.00
NC_092322.1	35114996	35113926	0.00
NC_092322.1	35114996	35113951	0.00
NC_092322.1	35114996	35113976	0.00
NC_092322.1	35114996	35114001	0.00
NC_092322.1	35114996	35114026	0.00
NC_092322.1	35114996	35114051	0.00
NC_092322.1	35114996	35114076	0.00
NC_092322.1	35114996	35114101	0.00
NC_092322.1	35114996	35114126	0.00
NC_092322.1	35114996	35114151	0.00
NC_092322.1	35114996	35114176	0.00
NC_092322.1	35114996	35114201	0.00
NC_092322.1	35114996	35114226	0.00
NC_092322.1	35114996	35114251	0.00
NC_092322.1	35114996	35114276	0.00
NC_092322.1	35114996	35114301	0.00
NC_092322.1	35114996	35114326	0.00
NC_092322.1	35114996	35114351	0.00
NC_092322.1	35114996	35114376	0.00
NC_092322.1	35114996	35114401	0.00
NC_092322.1	35114996	35114426	0.00
NC_092322.1	35114996	35114451	0.00
NC_092322.1	35114996	35114476	0.00
NC_092322.1	35114996	35114501	0.00
NC_092322.1	35114996	35114526	0.00
NC_092322.1	35114996	35114551	0.00
NC_092322.1	35114996	35114576	0.00
NC_092322.1	35114996	35114601	0.00
NC_092322.1	35114996	35114626	0.80
NC_092322.1	35114996	35114651	1.00
NC_092322.1	35114996	35114676	1.00
NC_092322.1	35114996	35114701	1.00
NC_092322.1	35114996	35114726	1.00
NC_092322.1	35114996	35114751	1.00
NC_092322.1	35114996	35114776	0.20
NC_092322.1	35114996	35114801	0.00
NC_092322.1	35114996	35114826	0.00
NC_092322.1	35114996	35114851	0.48
NC_092322.1	35114996	35114876	1.00
NC_092322.1	35114996	35114901	1.00
NC_092322.1	35114996	35114926	1.00
NC_092322.1	35114996	35114951	1.00
NC_092322.1	35114996	35114976	1.00
NC_092322.1	35114996	35115001	0.52
NC_092322.1	35114996	35115026	0.00
NC_092322.1	35114996	35115051	0.00
NC_092322.1	35114996	35115076	0.00
NC_092322.1	35114996	35115101	0.00
NC_092322.1	35114996	35115126	0.00
NC_092322.1	35114996	35115151	0.00
NC_092322.1	35114996	35115176	0.00
NC_092322.1	35114996	35115201	0.00
NC_092322.1	35114996	35115226	0.00
NC_092322.1	35114996	35115251	0.00
NC_092322.1	35114996	35115276	0.00
NC_092322.1	35114996	35115301	0.00
NC_092322.1	35114996	35115326	0.00
NC_092322.1	35114996	35115351	0.00
NC_092322.1	35114996	35115376	0.00
NC_092322.1	35114996	35115401	0.00
NC_092322.1	35114996	35115426	0.00
NC_092322.1	35114996	35115451	0.00
NC_092322.1	35114996	35115476	0.00
NC_092322.1	35114996	35115501	0.00
NC_092322.1	35114996	35115526	0.00
NC_092322.1	35114996	35115551	0.00
NC_092322.1	35114996	35115576	0.00
NC_092322.1	35114996	35115601	0.00
NC_092322.1	35114996	35115626	0.00
NC_092322.1	35114996	35115651	0.00
NC_092322.1	35114996	35115676	0.00
NC_092322.1	35114996	35115701	0.00
NC_092322.1	35114996	35115726	0.00
NC_092322.1	35114996	35115751	0.00
NC_092322.1	35114996	35115776	0.00
NC_092322.1	35114996	35115801	0.00
NC_092322.1	35114996	35115826	0.00
NC_092322.1	35114996	35115851	0.00
NC_092322.1	35114996	35115876	0.00
NC_092322.1	35114996	35115901	0.00
NC_092322.1	35114996	35115926	0.00
NC_092322.1	35114996	35115951	0.00
NC_092322.1	35114996	35115976	0.00
NC_092322.1	35114996	35116001	0.00
NC_092322.1	35114996	35116026	0.00
NC_092322.1	35114996	35116051	0.00
NC_092322.1	35114996	35116076	0.00
NC_092322.1	35114996	35116101	0.00
NC_092322.1	35114996	35116126	0.00
NC_092322.1	35114996	35116151	0.00
NC_092322.1	35114996	35116176	0.00
NC_092322.1	35114996	35116201	0.00
NC_092322.1	35114996	35116226	0.00
NC_092322.1	35114996	35116251	0.00
NC_092322.1	35114996	35116276	0.00
NC_092322.1	35114996	35116301	0.00
NC_092322.1	35114996	35116326	0.00
NC_092322.1	35114996	35116351	0.00
NC_092322.1	35114996	35116376	0.00
NC_092322.1	35114996	35116401	0.00
NC_092322.1	35114996	35116426	0.00
NC_092322.1	35114996	35116451	0.00
NC_092322.1	35114996	35116476	0.00
NC_092322.1	35114996	35116501	0.00
NC_092322.1	35114996	35116526	0.00
NC_092322.1	35114996	35116551	0.00
NC_092322.1	35114996	35116576	0.00
NC_092322.1	35114996	35116601	0.00
NC_092322.1	35114996	35116626	0.00
NC_092322.1	35114996	35116651	0.00
NC_092322.1	35114996	35116676	0.00
NC_092322.1	35114996	35116701	0.00
NC_092322.1	35114996	35116726	0.00
NC_092322.1	35114996	35116751	0.00
NC_092322.1	35114996	35116776	0.00
NC_092322.1	35114996	35116801	0.00
NC_092322.1	35114996	35116826	0.00
NC_092322.1	35114996	35116851	0.00
NC_092322.1	35114996	35116876	0.00
NC_092322.1	35114996	35116901	0.00
NC_092322.1	35114996	35116926	0.00
NC_092322.1	35114996	35116951	0.00
NC_092322.1	35114996	35116976	0.00
NC_092323.1	28574663	28572651	0.00
NC_092323.1	28574663	28572676	0.00
NC_092323.1	28574663	28572701	0.00
NC_092323.1	28574663	28572726	0.00
NC_092323.1	28574663	28572751	0.00
NC_092323.1	28574663	28572776	0.00
NC_092323.1	28574663	28572801	0.00
NC_092323.1	28574663	28572826	0.00
NC_092323.1	28574663	28572851	0.00
NC_092323.1	28574663	28572876	0.00
NC_092323.1	28574663	28572901	0.00
NC_092323.1	28574663	28572926	0.00
NC_092323.1	28574663	28572951	0.00
NC_092323.1	28574663	28572976	0.00
NC_092323.1	28574663	28573001	0.00
NC_092323.1	28574663	28573026	0.00
NC_092323.1	28574663	28573051	0.00
NC_092323.1	28574663	28573076	0.00
NC_092323.1	28574663	28573101	0.00
NC_092323.1	28574663	28573126	0.00
NC_092323.1	28574663	28573151	0.00
NC_092323.1	28574663	28573176	0.00
NC_092323.1	28574663	28573201	0.00
NC_092323.1	28574663	28573226	0.00
NC_092323.1	28574663	28573251	0.00
NC_092323.1	28574663	28573276	0.00
NC_092323.1	28574663	28573301	0.00
NC_092323.1	28574663	28573326	0.00
NC_092323.1	28574663	28573351	0.00
NC_092323.1	28574663	28573376	0.00
NC_092323.1	28574663	28573401	0.00
NC_092323.1	28574663	28573426	0.00
NC_092323.1	28574663	28573451	0.00
NC_092323.1	28574663	28573476	0.00
NC_092323.1	28574663	28573501	0.00
NC_092323.1	28574663	28573526	0.00
NC_092323.1	28574663	28573551	0.00
NC_092323.1	28574663	28573576	0.00
NC_092323.1	28574663	28573601	0.00
NC_092323.1	28574663	28573626	0.00
NC_092323.1	28574663	28573651	0.00
NC_092323.1	28574663	28573676	0.00
NC_092323.1	28574663	28573701	0.00
NC_092323.1	28574663	28573726	0.00
NC_092323.1	28574663	28573751	0.00
NC_092323.1	28574663	28573776	0.00
NC_092323.1	28574663	28573801	0.00
NC_092323.1	28574663	28573826	0.00
NC_092323.1	28574663	28573851	0.00
NC_092323.1	28574663	28573876	0.00
NC_092323.1	28574663	28573901	0.00
NC_092323.1	28574663	28573926	0.00
NC_092323.1	28574663	28573951	0.00
NC_092323.1	28574663	28573976	0.00
NC_092323.1	28574663	28574001	0.00
NC_092323.1	28574663	28574026	0.00
NC_092323.1	28574663	28574051	0.00
NC_092323.1	28574663	28574076	0.00
NC_092323.1	28574663	28574101	0.00
NC_092323.1	28574663	28574126	0.00
NC_092323.1	28574663	28574151	0.00
NC_092323.1	28574663	28574176	0.00
NC_092323.1	28574663	28574201	0.00
NC_092323.1	28574663	28574226	0.00
NC_092323.1	28574663	28574251	0.00
NC_092323.1	28574663	28574276	0.00
NC_092323.1	28574663	28574301	0.00
NC_092323.1	28574663	28574326	0.00
NC_092323.1	28574663	28574351	0.00
NC_092323.1	28574663	28574376	0.00
NC_092323.1	28574663	28574401	0.00
NC_092323.1	28574663	28574426	0.00
NC_092323.1	28574663	28574451	0.00
NC_092323.1	28574663	28574476	0.00
NC_092323.1	28574663	28574501	0.00
NC_092323.1	28574663	28574526	0.04
NC_092323.1	28574663	28574551	1.00
NC_092323.1	28574663	28574576	1.00
NC_092323.1	28574663	28574601	0.96
NC_092323.1	28574663	28574626	1.00
NC_092323.1	28574663	28574651	1.00
NC_092323.1	28574663	28574676	1.00
NC_092323.1	28574663	28574701	0.00
NC_092323.1	28574663	28574726	0.00
NC_092323.1	28574663	28574751	0.84
NC_092323.1	28574663	28574776	1.00
NC_092323.1	28574663	28574801	1.00
NC_092323.1	28574663	28574826	1.00
NC_092323.1	28574663	28574851	1.00
NC_092323.1	28574663	28574876	1.00
NC_092323.1	28574663	28574901	0.16
NC_092323.1	28574663	28574926	0.00
NC_092323.1	28574663	28574951	0.00
NC_092323.1	28574663	28574976	0.00
NC_092323.1	28574663	28575001	0.00
NC_092323.1	28574663	28575026	0.00
NC_092323.1	28574663	28575051	0.00
NC_092323.1	28574663	28575076	0.00
NC_092323.1	28574663	28575101	0.00
NC_092323.1	28574663	28575126	0.00
NC_092323.1	28574663	28575151	0.00
NC_092323.1	28574663	28575176	0.00
NC_092323.1	28574663	28575201	0.00
NC_092323.1	28574663	28575226	0.00
NC_092323.1	28574663	28575251	0.00
NC_092323.1	28574663	28575276	0.00
NC_092323.1	28574663	28575301	0.00
NC_092323.1	28574663	28575326	0.00
NC_092323.1	28574663	28575351	0.00
NC_092323.1	28574663	28575376	0.00
NC_092323.1	28574663	28575401	0.00
NC_092323.1	28574663	28575426	0.00
NC_092323.1	28574663	28575451	0.00
NC_092323.1	28574663	28575476	0.00
NC_092323.1	28574663	28575501	0.00
NC_092323.1	28574663	28575526	0.00
NC_092323.1	28574663	28575551	0.00
NC_092323.1	28574663	28575576	0.00
NC_092323.1	28574663	28575601	0.00
NC_092323.1	28574663	28575626	0.00
NC_092323.1	28574663	28575651	0.00
NC_092323.1	28574663	28575676	0.00
NC_092323.1	28574663	28575701	0.00
NC_092323.1	28574663	28575726	0.00
NC_092323.1	28574663	28575751	0.00
NC_092323.1	28574663	28575776	0.00
NC_092323.1	28574663	28575801	0.00
NC_092323.1	28574663	28575826	0.00
NC_092323.1	28574663	28575851	0.00
NC_092323.1	28574663	28575876	0.00
NC_092323.1	28574663	28575901	0.00
NC_092323.1	28574663	28575926	0.00
NC_092323.1	28574663	28575951	0.00
NC_092323.1	28574663	28575976	0.00
NC_092323.1	28574663	28576001	0.00
NC_092323.1	28574663	28576026	0.00
NC_092323.1	28574663	28576051	0.00
NC_092323.1	28574663	28576076	0.00
NC_092323.1	28574663	28576101	0.00
NC_092323.1	28574663	28576126	0.00
NC_092323.1	28574663	28576151	0.00
NC_092323.1	28574663	28576176	0.00
NC_092323.1	28574663	28576201	0.00
NC_092323.1	28574663	28576226	0.00
NC_092323.1	28574663	28576251	0.00
NC_092323.1	28574663	28576276	0.00
NC_092323.1	28574663	28576301	0.00
NC_092323.1	28574663	28576326	0.00
NC_092323.1	28574663	28576351	0.00
NC_092323.1	28574663	28576376	0.00
NC_092323.1	28574663	28576401	0.00
NC_092323.1	28574663	28576426	0.00
NC_092323.1	28574663	28576451	0.00
NC_092323.1	28574663	28576476	0.00
NC_092323.1	28574663	28576501	0.00
NC_092323.1	28574663	28576526	0.00
NC_092323.1	28574663	28576551	0.00
NC_092323.1	28574663	28576576	0.00
NC_092323.1	28574663	28576601	0.00
NC_092323.1	28574663	28576626	0.00
NC_092323.1	28574663	28576651	0.00
NC_092323.1	35529671	35527651	0.00
NC_092323.1	35529671	35527676	0.00
NC_092323.1	35529671	35527701	0.00
NC_092323.1	35529671	35527726	0.00
NC_092323.1	35529671	35527751	0.00
NC_092323.1	35529671	35527776	0.00
NC_092323.1	35529671	35527801	0.00
NC_092323.1	35529671	35527826	0.00
NC_092323.1	35529671	35527851	0.00
NC_092323.1	35529671	35527876	0.00
NC_092323.1	35529671	35527901	0.00
NC_092323.1	35529671	35527926	0.00
NC_092323.1	35529671	35527951	0.00
NC_092323.1	35529671	35527976	0.00
NC_092323.1	35529671	35528001	0.00
NC_092323.1	35529671	35528026	0.00
NC_092323.1	35529671	35528051	0.00
NC_092323.1	35529671	35528076	0.00
NC_092323.1	35529671	35528101	0.00
NC_092323.1	35529671	35528126	0.00
NC_092323.1	35529671	35528151	0.00
NC_092323.1	35529671	35528176	0.00
NC_092323.1	35529671	35528201	0.00
NC_092323.1	35529671	35528226	0.00
NC_092323.1	35529671	35528251	0.00
NC_092323.1	35529671	35528276	0.00
NC_092323.1	35529671	35528301	0.00
NC_092323.1	35529671	35528326	0.00
NC_092323.1	35529671	35528351	0.00
NC_092323.1	35529671	35528376	0.00
NC_092323.1	35529671	35528401	0.00
NC_092323.1	35529671	35528426	0.00
NC_092323.1	35529671	35528451	0.00
NC_092323.1	35529671	35528476	0.00
NC_092323.1	35529671	35528501	0.00
NC_092323.1	35529671	35528526	0.00
NC_092323.1	35529671	35528551	0.00
NC_092323.1	35529671	35528576	0.00
NC_092323.1	35529671	35528601	0.00
NC_092323.1	35529671	35528626	0.00
NC_092323.1	35529671	35528651	0.00
NC_092323.1	35529671	35528676	0.00
NC_092323.1	35529671	35528701	0.00
NC_092323.1	35529671	35528726	0.00
NC_092323.1	35529671	35528751	0.00
NC_092323.1	35529671	35528776	0.00
NC_092323.1	35529671	35528801	0.00
NC_092323.1	35529671	35528826	0.00
NC_092323.1	35529671	35528851	0.00
NC_092323.1	35529671	35528876	0.00
NC_092323.1	35529671	35528901	0.00
NC_092323.1	35529671	35528926	0.00
NC_092323.1	35529671	35528951	0.00
NC_092323.1	35529671	35528976	0.00
NC_092323.1	35529671	35529001	0.00
NC_092323.1	35529671	35529026	0.00
NC_092323.1	35529671	35529051	0.00
NC_092323.1	35529671	35529076	0.00
NC_092323.1	35529671	35529101	0.00
NC_092323.1	35529671	35529126	0.00
NC_092323.1	35529671	35529151	0.00
NC_092323.1	35529671	35529176	0.00
NC_092323.1	35529671	35529201	0.00
NC_092323.1	35529671	35529226	0.00
NC_092323.1	35529671	35529251	0.00
NC_092323.1	35529671	35529276	0.00
NC_092323.1	35529671	35529301	0.00
NC_092323.1	35529671	35529326	0.00
NC_092323.1	35529671	35529351	0.00
NC_092323.1	35529671	35529376	0.00
NC_092323.1	35529671	35529401	0.00
NC_092323.1	35529671	35529426	0.00
NC_092323.1	35529671	35529451	0.00
NC_092323.1	35529671	35529476	0.00
NC_092323.1	35529671	35529501	0.00
NC_092323.1	35529671	35529526	0.00
NC_092323.1	35529671	35529551	0.00
NC_092323.1	35529671	35529576	0.00
NC_092323.1	35529671	35529601	0.00
NC_092323.1	35529671	35529626	0.80
NC_092323.1	35529671	35529651	1.00
NC_092323.1	35529671	35529676	1.28
NC_092323.1	35529671	35529701	2.00
NC_092323.1	35529671	35529726	2.00
NC_092323.1	35529671	35529751	2.00
NC_092323.1	35529671	35529776	1.20
NC_092323.1	35529671	35529801	1.00
NC_092323.1	35529671	35529826	0.72
NC_092323.1	35529671	35529851	0.00
NC_092323.1	35529671	35529876	0.00
NC_092323.1	35529671	35529901	0.00
NC_092323.1	35529671	35529926	0.00
NC_092323.1	35529671	35529951	0.00
NC_092323.1	35529671	35529976	0.00
NC_092323.1	35529671	35530001	0.00
NC_092323.1	35529671	35530026	0.00
NC_092323.1	35529671	35530051	0.00
NC_092323.1	35529671	35530076	0.00
NC_092323.1	35529671	35530101	0.00
NC_092323.1	35529671	35530126	0.00
NC_092323.1	35529671	35530151	0.00
NC_092323.1	35529671	35530176	0.00
NC_092323.1	35529671	35530201	0.00
NC_092323.1	35529671	35530226	0.00
NC_092323.1	35529671	35530251	0.00
NC_092323.1	35529671	35530276	0.00
NC_092323.1	35529671	35530301	0.00
NC_092323.1	35529671	35530326	0.00
NC_092323.1	35529671	35530351	0.00
NC_092323.1	35529671	35530376	0.00
NC_092323.1	35529671	35530401	0.00
NC_092323.1	35529671	35530426	0.00
NC_092323.1	35529671	35530451	0.00
NC_092323.1	35529671	35530476	0.00
NC_092323.1	35529671	35530501	0.00
NC_092323.1	35529671	35530526	0.00
NC_092323.1	35529671	35530551	0.00
NC_092323.1	35529671	35530576	0.00
NC_092323.1	35529671	35530601	0.00
NC_092323.1	35529671	35530626	0.00
NC_092323.1	35529671	35530651	0.00
NC_092323.1	35529671	35530676	0.00
NC_092323.1	35529671	35530701	0.00
NC_092323.1	35529671	35530726	0.00
NC_092323.1	35529671	35530751	0.00
NC_092323.1	35529671	35530776	0.00
NC_092323.1	35529671	35530801	0.00
NC_092323.1	35529671	35530826	0.00
NC_092323.1	35529671	35530851	0.00
NC_092323.1	35529671	35530876	0.00
NC_092323.1	35529671	35530901	0.00
NC_092323.1	35529671	35530926	0.00
NC_092323.1	35529671	35530951	0.00
NC_092323.1	35529671	35530976	0.00
NC_092323.1	35529671	35531001	0.00
NC_092323.1	35529671	35531026	0.00
NC_092323.1	35529671	35531051	0.00
NC_092323.1	35529671	35531076	0.00
NC_092323.1	35529671	35531101	0.00
NC_092323.1	35529671	35531126	0.00
NC_092323.1	35529671	35531151	0.00
NC_092323.1	35529671	35531176	0.00
NC_092323.1	35529671	35531201	0.00
NC_092323.1	35529671	35531226	0.00
NC_092323.1	35529671	35531251	0.00
NC_092323.1	35529671	35531276	0.00
NC_092323.1	35529671	35531301	0.00
NC_092323.1	35529671	35531326	0.00
NC_092323.1	35529671	35531351	0.00
NC_092323.1	35529671	35531376	0.00
NC_092323.1	35529671	35531401	0.00
NC_092323.1	35529671	35531426	0.00
NC_092323.1	35529671	35531451	0.00
NC_092323.1	35529671	35531476	0.00
NC_092323.1	35529671	35531501	0.00
NC_092323.1	35529671	35531526	0.00
NC_092323.1	35529671	35531551	0.00
NC_092323.1	35529671	35531576	0.00
NC_092323.1	35529671	35531601	0.00
NC_092323.1	35529671	35531626	0.00
NC_092323.1	35529671	35531651	0.00
NC_092323.1	36848730	36846726	0.00
NC_092323.1	36848730	36846751	0.00
NC_092323.1	36848730	36846776	0.00
NC_092323.1	36848730	36846801	0.00
NC_092323.1	36848730	36846826	0.00
NC_092323.1	36848730	36846851	0.00
NC_092323.1	36848730	36846876	0.00
NC_092323.1	36848730	36846901	0.00
NC_092323.1	36848730	36846926	0.00
NC_092323.1	36848730	36846951	0.00
NC_092323.1	36848730	36846976	0.00
NC_092323.1	36848730	36847001	0.00
NC_092323.1	36848730	36847026	0.00
NC_092323.1	36848730	36847051	0.00
NC_092323.1	36848730	36847076	0.00
NC_092323.1	36848730	36847101	0.00
NC_092323.1	36848730	36847126	0.00
NC_092323.1	36848730	36847151	0.00
NC_092323.1	36848730	36847176	0.00
NC_092323.1	36848730	36847201	0.00
NC_092323.1	36848730	36847226	0.00
NC_092323.1	36848730	36847251	0.00
NC_092323.1	36848730	36847276	0.00
NC_092323.1	36848730	36847301	0.00
NC_092323.1	36848730	36847326	0.00
NC_092323.1	36848730	36847351	0.00
NC_092323.1	36848730	36847376	0.00
NC_092323.1	36848730	36847401	0.00
NC_092323.1	36848730	36847426	0.00
NC_092323.1	36848730	36847451	0.00
NC_092323.1	36848730	36847476	0.00
NC_092323.1	36848730	36847501	0.00
NC_092323.1	36848730	36847526	0.00
NC_092323.1	36848730	36847551	0.00
NC_092323.1	36848730	36847576	0.00
NC_092323.1	36848730	36847601	0.00
NC_092323.1	36848730	36847626	0.00
NC_092323.1	36848730	36847651	0.00
NC_092323.1	36848730	36847676	0.00
NC_092323.1	36848730	36847701	0.00
NC_092323.1	36848730	36847726	0.00
NC_092323.1	36848730	36847751	0.00
NC_092323.1	36848730	36847776	0.00
NC_092323.1	36848730	36847801	0.00
NC_092323.1	36848730	36847826	0.00
NC_092323.1	36848730	36847851	0.00
NC_092323.1	36848730	36847876	0.00
NC_092323.1	36848730	36847901	0.00
NC_092323.1	36848730	36847926	0.00
NC_092323.1	36848730	36847951	0.00
NC_092323.1	36848730	36847976	0.00
NC_092323.1	36848730	36848001	0.00
NC_092323.1	36848730	36848026	0.00
NC_092323.1	36848730	36848051	0.00
NC_092323.1	36848730	36848076	0.00
NC_092323.1	36848730	36848101	0.00
NC_092323.1	36848730	36848126	0.00
NC_092323.1	36848730	36848151	0.00
NC_092323.1	36848730	36848176	0.00
NC_092323.1	36848730	36848201	0.00
NC_092323.1	36848730	36848226	0.00
NC_092323.1	36848730	36848251	0.00
NC_092323.1	36848730	36848276	0.00
NC_092323.1	36848730	36848301	0.00
NC_092323.1	36848730	36848326	0.00
NC_092323.1	36848730	36848351	0.00
NC_092323.1	36848730	36848376	0.00
NC_092323.1	36848730	36848401	0.00
NC_092323.1	36848730	36848426	0.00
NC_092323.1	36848730	36848451	0.00
NC_092323.1	36848730	36848476	0.00
NC_092323.1	36848730	36848501	0.00
NC_092323.1	36848730	36848526	0.00
NC_092323.1	36848730	36848551	0.00
NC_092323.1	36848730	36848576	0.00
NC_092323.1	36848730	36848601	0.00
NC_092323.1	36848730	36848626	0.00
NC_092323.1	36848730	36848651	0.00
NC_092323.1	36848730	36848676	0.00
NC_092323.1	36848730	36848701	0.00
NC_092323.1	36848730	36848726	1.00
NC_092323.1	36848730	36848751	1.00
NC_092323.1	36848730	36848776	1.00
NC_092323.1	36848730	36848801	1.00
NC_092323.1	36848730	36848826	1.00
NC_092323.1	36848730	36848851	1.00
NC_092323.1	36848730	36848876	0.52
NC_092323.1	36848730	36848901	1.00
NC_092323.1	36848730	36848926	1.00
NC_092323.1	36848730	36848951	1.00
NC_092323.1	36848730	36848976	1.00
NC_092323.1	36848730	36849001	1.00
NC_092323.1	36848730	36849026	0.48
NC_092323.1	36848730	36849051	0.00
NC_092323.1	36848730	36849076	0.00
NC_092323.1	36848730	36849101	0.00
NC_092323.1	36848730	36849126	0.00
NC_092323.1	36848730	36849151	0.00
NC_092323.1	36848730	36849176	0.00
NC_092323.1	36848730	36849201	0.00
NC_092323.1	36848730	36849226	0.00
NC_092323.1	36848730	36849251	0.00
NC_092323.1	36848730	36849276	0.00
NC_092323.1	36848730	36849301	0.00
NC_092323.1	36848730	36849326	0.00
NC_092323.1	36848730	36849351	0.00
NC_092323.1	36848730	36849376	0.00
NC_092323.1	36848730	36849401	0.00
NC_092323.1	36848730	36849426	0.00
NC_092323.1	36848730	36849451	0.00
NC_092323.1	36848730	36849476	0.00
NC_092323.1	36848730	36849501	0.00
NC_092323.1	36848730	36849526	0.00
NC_092323.1	36848730	36849551	0.00
NC_092323.1	36848730	36849576	0.00
NC_092323.1	36848730	36849601	0.00
NC_092323.1	36848730	36849626	0.00
NC_092323.1	36848730	36849651	0.00
NC_092323.1	36848730	36849676	0.00
NC_092323.1	36848730	36849701	0.00
NC_092323.1	36848730	36849726	0.00
NC_092323.1	36848730	36849751	0.00
NC_092323.1	36848730	36849776	0.00
NC_092323.1	36848730	36849801	0.00
NC_092323.1	36848730	36849826	0.00
NC_092323.1	36848730	36849851	0.00
NC_092323.1	36848730	36849876	0.00
NC_092323.1	36848730	36849901	0.00
NC_092323.1	36848730	36849926	0.00
NC_092323.1	36848730	36849951	0.00
NC_092323.1	36848730	36849976	0.00
NC_092323.1	36848730	36850001	0.00
NC_092323.1	36848730	36850026	0.00
NC_092323.1	36848730	36850051	0.00
NC_092323.1	36848730	36850076	0.00
NC_092323.1	36848730	36850101	0.00
NC_092323.1	36848730	36850126	0.00
NC_092323.1	36848730	36850151	0.00
NC_092323.1	36848730	36850176	0.00
NC_092323.1	36848730	36850201	0.00
NC_092323.1	36848730	36850226	0.00
NC_092323.1	36848730	36850251	0.00
NC_092323.1	36848730	36850276	0.00
NC_092323.1	36848730	36850301	0.00
NC_092323.1	36848730	36850326	0.00
NC_092323.1	36848730	36850351	0.00
NC_092323.1	36848730	36850376	0.00
NC_092323.1	36848730	36850401	0.00
NC_092323.1	36848730	36850426	0.00
NC_092323.1	36848730	36850451	0.00
NC_092323.1	36848730	36850476	0.00
NC_092323.1	36848730	36850501	0.00
NC_092323.1	36848730	36850526	0.00
NC_092323.1	36848730	36850551	0.00
NC_092323.1	36848730	36850576	0.00
NC_092323.1	36848730	36850601	0.00
NC_092323.1	36848730	36850626	0.00
NC_092323.1	36848730	36850651	0.00
NC_092323.1	36848730	36850676	0.00
NC_092323.1	36848730	36850701	0.00
NC_092323.1	36848730	36850726	0.00
NC_092323.1	46370960	46368951	0.00
NC_092323.1	46370960	46368976	0.00
NC_092323.1	46370960	46369001	0.00
NC_092323.1	46370960	46369026	0.00
NC_092323.1	46370960	46369051	0.00
NC_092323.1	46370960	46369076	0.00
NC_092323.1	46370960	46369101	0.00
NC_092323.1	46370960	46369126	0.00
NC_092323.1	46370960	46369151	0.00
NC_092323.1	46370960	46369176	0.00
NC_092323.1	46370960	46369201	0.00
NC_092323.1	46370960	46369226	0.00
NC_092323.1	46370960	46369251	0.00
NC_092323.1	46370960	46369276	0.00
NC_092323.1	46370960	46369301	0.00
NC_092323.1	46370960	46369326	0.00
NC_092323.1	46370960	46369351	0.00
NC_092323.1	46370960	46369376	0.00
NC_092323.1	46370960	46369401	0.00
NC_092323.1	46370960	46369426	0.00
NC_092323.1	46370960	46369451	0.00
NC_092323.1	46370960	46369476	0.00
NC_092323.1	46370960	46369501	0.00
NC_092323.1	46370960	46369526	0.00
NC_092323.1	46370960	46369551	0.00
NC_092323.1	46370960	46369576	0.00
NC_092323.1	46370960	46369601	0.00
NC_092323.1	46370960	46369626	0.00
NC_092323.1	46370960	46369651	0.00
NC_092323.1	46370960	46369676	0.00
NC_092323.1	46370960	46369701	0.00
NC_092323.1	46370960	46369726	0.00
NC_092323.1	46370960	46369751	0.00
NC_092323.1	46370960	46369776	0.00
NC_092323.1	46370960	46369801	0.00
NC_092323.1	46370960	46369826	0.00
NC_092323.1	46370960	46369851	0.00
NC_092323.1	46370960	46369876	0.00
NC_092323.1	46370960	46369901	0.00
NC_092323.1	46370960	46369926	0.00
NC_092323.1	46370960	46369951	0.00
NC_092323.1	46370960	46369976	0.00
NC_092323.1	46370960	46370001	0.00
NC_092323.1	46370960	46370026	0.00
NC_092323.1	46370960	46370051	0.00
NC_092323.1	46370960	46370076	0.00
NC_092323.1	46370960	46370101	0.00
NC_092323.1	46370960	46370126	0.00
NC_092323.1	46370960	46370151	0.00
NC_092323.1	46370960	46370176	0.00
NC_092323.1	46370960	46370201	0.00
NC_092323.1	46370960	46370226	0.00
NC_092323.1	46370960	46370251	0.00
NC_092323.1	46370960	46370276	0.00
NC_092323.1	46370960	46370301	0.00
NC_092323.1	46370960	46370326	0.00
NC_092323.1	46370960	46370351	0.00
NC_092323.1	46370960	46370376	0.00
NC_092323.1	46370960	46370401	0.00
NC_092323.1	46370960	46370426	0.00
NC_092323.1	46370960	46370451	0.00
NC_092323.1	46370960	46370476	0.00
NC_092323.1	46370960	46370501	0.00
NC_092323.1	46370960	46370526	0.00
NC_092323.1	46370960	46370551	0.00
NC_092323.1	46370960	46370576	0.00
NC_092323.1	46370960	46370601	0.00
NC_092323.1	46370960	46370626	0.00
NC_092323.1	46370960	46370651	0.40
NC_092323.1	46370960	46370676	1.00
NC_092323.1	46370960	46370701	1.00
NC_092323.1	46370960	46370726	1.00
NC_092323.1	46370960	46370751	1.00
NC_092323.1	46370960	46370776	1.00
NC_092323.1	46370960	46370801	0.60
NC_092323.1	46370960	46370826	0.00
NC_092323.1	46370960	46370851	0.00
NC_092323.1	46370960	46370876	0.40
NC_092323.1	46370960	46370901	1.00
NC_092323.1	46370960	46370926	1.00
NC_092323.1	46370960	46370951	1.00
NC_092323.1	46370960	46370976	1.00
NC_092323.1	46370960	46371001	1.00
NC_092323.1	46370960	46371026	0.60
NC_092323.1	46370960	46371051	0.00
NC_092323.1	46370960	46371076	0.00
NC_092323.1	46370960	46371101	0.00
NC_092323.1	46370960	46371126	0.00
NC_092323.1	46370960	46371151	0.00
NC_092323.1	46370960	46371176	0.00
NC_092323.1	46370960	46371201	0.00
NC_092323.1	46370960	46371226	0.00
NC_092323.1	46370960	46371251	0.00
NC_092323.1	46370960	46371276	0.00
NC_092323.1	46370960	46371301	0.00
NC_092323.1	46370960	46371326	0.00
NC_092323.1	46370960	46371351	0.00
NC_092323.1	46370960	46371376	0.00
NC_092323.1	46370960	46371401	0.00
NC_092323.1	46370960	46371426	0.00
NC_092323.1	46370960	46371451	0.00
NC_092323.1	46370960	46371476	0.00
NC_092323.1	46370960	46371501	0.00
NC_092323.1	46370960	46371526	0.00
NC_092323.1	46370960	46371551	0.00
NC_092323.1	46370960	46371576	0.00
NC_092323.1	46370960	46371601	0.00
NC_092323.1	46370960	46371626	0.00
NC_092323.1	46370960	46371651	0.00
NC_092323.1	46370960	46371676	0.00
NC_092323.1	46370960	46371701	0.00
NC_092323.1	46370960	46371726	0.00
NC_092323.1	46370960	46371751	0.00
NC_092323.1	46370960	46371776	0.00
NC_092323.1	46370960	46371801	0.00
NC_092323.1	46370960	46371826	0.00
NC_092323.1	46370960	46371851	0.00
NC_092323.1	46370960	46371876	0.00
NC_092323.1	46370960	46371901	0.00
NC_092323.1	46370960	46371926	0.00
NC_092323.1	46370960	46371951	0.00
NC_092323.1	46370960	46371976	0.00
NC_092323.1	46370960	46372001	0.00
NC_092323.1	46370960	46372026	0.00
NC_092323.1	46370960	46372051	0.00
NC_092323.1	46370960	46372076	0.00
NC_092323.1	46370960	46372101	0.00
NC_092323.1	46370960	46372126	0.00
NC_092323.1	46370960	46372151	0.00
NC_092323.1	46370960	46372176	0.00
NC_092323.1	46370960	46372201	0.00
NC_092323.1	46370960	46372226	0.00
NC_092323.1	46370960	46372251	0.00
NC_092323.1	46370960	46372276	0.00
NC_092323.1	46370960	46372301	0.00
NC_092323.1	46370960	46372326	0.00
NC_092323.1	46370960	46372351	0.00
NC_092323.1	46370960	46372376	0.00
NC_092323.1	46370960	46372401	0.00
NC_092323.1	46370960	46372426	0.00
NC_092323.1	46370960	46372451	0.00
NC_092323.1	46370960	46372476	0.00
NC_092323.1	46370960	46372501	0.00
NC_092323.1	46370960	46372526	0.00
NC_092323.1	46370960	46372551	0.00
NC_092323.1	46370960	46372576	0.00
NC_092323.1	46370960	46372601	0.00
NC_092323.1	46370960	46372626	0.00
NC_092323.1	46370960	46372651	0.00
NC_092323.1	46370960	46372676	0.00
NC_092323.1	46370960	46372701	0.00
NC_092323.1	46370960	46372726	0.00
NC_092323.1	46370960	46372751	0.00
NC_092323.1	46370960	46372776	0.00
NC_092323.1	46370960	46372801	0.00
NC_092323.1	46370960	46372826	0.00
NC_092323.1	46370960	46372851	0.00
NC_092323.1	46370960	46372876	0.00
NC_092323.1	46370960	46372901	0.00
NC_092323.1	46370960	46372926	0.00
NC_092323.1	46370960	46372951	0.00
NC_092323.1	46370985	46368976	0.00
NC_092323.1	46370985	46369001	0.00
NC_092323.1	46370985	46369026	0.00
NC_092323.1	46370985	46369051	0.00
NC_092323.1	46370985	46369076	0.00
NC_092323.1	46370985	46369101	0.00
NC_092323.1	46370985	46369126	0.00
NC_092323.1	46370985	46369151	0.00
NC_092323.1	46370985	46369176	0.00
NC_092323.1	46370985	46369201	0.00
NC_092323.1	46370985	46369226	0.00
NC_092323.1	46370985	46369251	0.00
NC_092323.1	46370985	46369276	0.00
NC_092323.1	46370985	46369301	0.00
NC_092323.1	46370985	46369326	0.00
NC_092323.1	46370985	46369351	0.00
NC_092323.1	46370985	46369376	0.00
NC_092323.1	46370985	46369401	0.00
NC_092323.1	46370985	46369426	0.00
NC_092323.1	46370985	46369451	0.00
NC_092323.1	46370985	46369476	0.00
NC_092323.1	46370985	46369501	0.00
NC_092323.1	46370985	46369526	0.00
NC_092323.1	46370985	46369551	0.00
NC_092323.1	46370985	46369576	0.00
NC_092323.1	46370985	46369601	0.00
NC_092323.1	46370985	46369626	0.00
NC_092323.1	46370985	46369651	0.00
NC_092323.1	46370985	46369676	0.00
NC_092323.1	46370985	46369701	0.00
NC_092323.1	46370985	46369726	0.00
NC_092323.1	46370985	46369751	0.00
NC_092323.1	46370985	46369776	0.00
NC_092323.1	46370985	46369801	0.00
NC_092323.1	46370985	46369826	0.00
NC_092323.1	46370985	46369851	0.00
NC_092323.1	46370985	46369876	0.00
NC_092323.1	46370985	46369901	0.00
NC_092323.1	46370985	46369926	0.00
NC_092323.1	46370985	46369951	0.00
NC_092323.1	46370985	46369976	0.00
NC_092323.1	46370985	46370001	0.00
NC_092323.1	46370985	46370026	0.00
NC_092323.1	46370985	46370051	0.00
NC_092323.1	46370985	46370076	0.00
NC_092323.1	46370985	46370101	0.00
NC_092323.1	46370985	46370126	0.00
NC_092323.1	46370985	46370151	0.00
NC_092323.1	46370985	46370176	0.00
NC_092323.1	46370985	46370201	0.00
NC_092323.1	46370985	46370226	0.00
NC_092323.1	46370985	46370251	0.00
NC_092323.1	46370985	46370276	0.00
NC_092323.1	46370985	46370301	0.00
NC_092323.1	46370985	46370326	0.00
NC_092323.1	46370985	46370351	0.00
NC_092323.1	46370985	46370376	0.00
NC_092323.1	46370985	46370401	0.00
NC_092323.1	46370985	46370426	0.00
NC_092323.1	46370985	46370451	0.00
NC_092323.1	46370985	46370476	0.00
NC_092323.1	46370985	46370501	0.00
NC_092323.1	46370985	46370526	0.00
NC_092323.1	46370985	46370551	0.00
NC_092323.1	46370985	46370576	0.00
NC_092323.1	46370985	46370601	0.00
NC_092323.1	46370985	46370626	0.00
NC_092323.1	46370985	46370651	0.40
NC_092323.1	46370985	46370676	1.00
NC_092323.1	46370985	46370701	1.00
NC_092323.1	46370985	46370726	1.00
NC_092323.1	46370985	46370751	1.00
NC_092323.1	46370985	46370776	1.00
NC_092323.1	46370985	46370801	0.60
NC_092323.1	46370985	46370826	0.00
NC_092323.1	46370985	46370851	0.00
NC_092323.1	46370985	46370876	0.40
NC_092323.1	46370985	46370901	1.00
NC_092323.1	46370985	46370926	1.00
NC_092323.1	46370985	46370951	1.00
NC_092323.1	46370985	46370976	1.00
NC_092323.1	46370985	46371001	1.00
NC_092323.1	46370985	46371026	0.60
NC_092323.1	46370985	46371051	0.00
NC_092323.1	46370985	46371076	0.00
NC_092323.1	46370985	46371101	0.00
NC_092323.1	46370985	46371126	0.00
NC_092323.1	46370985	46371151	0.00
NC_092323.1	46370985	46371176	0.00
NC_092323.1	46370985	46371201	0.00
NC_092323.1	46370985	46371226	0.00
NC_092323.1	46370985	46371251	0.00
NC_092323.1	46370985	46371276	0.00
NC_092323.1	46370985	46371301	0.00
NC_092323.1	46370985	46371326	0.00
NC_092323.1	46370985	46371351	0.00
NC_092323.1	46370985	46371376	0.00
NC_092323.1	46370985	46371401	0.00
NC_092323.1	46370985	46371426	0.00
NC_092323.1	46370985	46371451	0.00
NC_092323.1	46370985	46371476	0.00
NC_092323.1	46370985	46371501	0.00
NC_092323.1	46370985	46371526	0.00
NC_092323.1	46370985	46371551	0.00
NC_092323.1	46370985	46371576	0.00
NC_092323.1	46370985	46371601	0.00
NC_092323.1	46370985	46371626	0.00
NC_092323.1	46370985	46371651	0.00
NC_092323.1	46370985	46371676	0.00
NC_092323.1	46370985	46371701	0.00
NC_092323.1	46370985	46371726	0.00
NC_092323.1	46370985	46371751	0.00
NC_092323.1	46370985	46371776	0.00
NC_092323.1	46370985	46371801	0.00
NC_092323.1	46370985	46371826	0.00
NC_092323.1	46370985	46371851	0.00
NC_092323.1	46370985	46371876	0.00
NC_092323.1	46370985	46371901	0.00
NC_092323.1	46370985	46371926	0.00
NC_092323.1	46370985	46371951	0.00
NC_092323.1	46370985	46371976	0.00
NC_092323.1	46370985	46372001	0.00
NC_092323.1	46370985	46372026	0.00
NC_092323.1	46370985	46372051	0.00
NC_092323.1	46370985	46372076	0.00
NC_092323.1	46370985	46372101	0.00
NC_092323.1	46370985	46372126	0.00
NC_092323.1	46370985	46372151	0.00
NC_092323.1	46370985	46372176	0.00
NC_092323.1	46370985	46372201	0.00
NC_092323.1	46370985	46372226	0.00
NC_092323.1	46370985	46372251	0.00
NC_092323.1	46370985	46372276	0.00
NC_092323.1	46370985	46372301	0.00
NC_092323.1	46370985	46372326	0.00
NC_092323.1	46370985	46372351	0.00
NC_092323.1	46370985	46372376	0.00
NC_092323.1	46370985	46372401	0.00
NC_092323.1	46370985	46372426	0.00
NC_092323.1	46370985	46372451	0.00
NC_092323.1	46370985	46372476	0.00
NC_092323.1	46370985	46372501	0.00
NC_092323.1	46370985	46372526	0.00
NC_092323.1	46370985	46372551	0.00
NC_092323.1	46370985	46372576	0.00
NC_092323.1	46370985	46372601	0.00
NC_092323.1	46370985	46372626	0.00
NC_092323.1	46370985	46372651	0.00
NC_092323.1	46370985	46372676	0.00
NC_092323.1	46370985	46372701	0.00
NC_092323.1	46370985	46372726	0.00
NC_092323.1	46370985	46372751	0.00
NC_092323.1	46370985	46372776	0.00
NC_092323.1	46370985	46372801	0.00
NC_092323.1	46370985	46372826	0.00
NC_092323.1	46370985	46372851	0.00
NC_092323.1	46370985	46372876	0.00
NC_092323.1	46370985	46372901	0.00
NC_092323.1	46370985	46372926	0.00
NC_092323.1	46370985	46372951	0.00
NC_092323.1	46370985	46372976	0.00
NC_092323.1	46370986	46368976	0.00
NC_092323.1	46370986	46369001	0.00
NC_092323.1	46370986	46369026	0.00
NC_092323.1	46370986	46369051	0.00
NC_092323.1	46370986	46369076	0.00
NC_092323.1	46370986	46369101	0.00
NC_092323.1	46370986	46369126	0.00
NC_092323.1	46370986	46369151	0.00
NC_092323.1	46370986	46369176	0.00
NC_092323.1	46370986	46369201	0.00
NC_092323.1	46370986	46369226	0.00
NC_092323.1	46370986	46369251	0.00
NC_092323.1	46370986	46369276	0.00
NC_092323.1	46370986	46369301	0.00
NC_092323.1	46370986	46369326	0.00
NC_092323.1	46370986	46369351	0.00
NC_092323.1	46370986	46369376	0.00
NC_092323.1	46370986	46369401	0.00
NC_092323.1	46370986	46369426	0.00
NC_092323.1	46370986	46369451	0.00
NC_092323.1	46370986	46369476	0.00
NC_092323.1	46370986	46369501	0.00
NC_092323.1	46370986	46369526	0.00
NC_092323.1	46370986	46369551	0.00
NC_092323.1	46370986	46369576	0.00
NC_092323.1	46370986	46369601	0.00
NC_092323.1	46370986	46369626	0.00
NC_092323.1	46370986	46369651	0.00
NC_092323.1	46370986	46369676	0.00
NC_092323.1	46370986	46369701	0.00
NC_092323.1	46370986	46369726	0.00
NC_092323.1	46370986	46369751	0.00
NC_092323.1	46370986	46369776	0.00
NC_092323.1	46370986	46369801	0.00
NC_092323.1	46370986	46369826	0.00
NC_092323.1	46370986	46369851	0.00
NC_092323.1	46370986	46369876	0.00
NC_092323.1	46370986	46369901	0.00
NC_092323.1	46370986	46369926	0.00
NC_092323.1	46370986	46369951	0.00
NC_092323.1	46370986	46369976	0.00
NC_092323.1	46370986	46370001	0.00
NC_092323.1	46370986	46370026	0.00
NC_092323.1	46370986	46370051	0.00
NC_092323.1	46370986	46370076	0.00
NC_092323.1	46370986	46370101	0.00
NC_092323.1	46370986	46370126	0.00
NC_092323.1	46370986	46370151	0.00
NC_092323.1	46370986	46370176	0.00
NC_092323.1	46370986	46370201	0.00
NC_092323.1	46370986	46370226	0.00
NC_092323.1	46370986	46370251	0.00
NC_092323.1	46370986	46370276	0.00
NC_092323.1	46370986	46370301	0.00
NC_092323.1	46370986	46370326	0.00
NC_092323.1	46370986	46370351	0.00
NC_092323.1	46370986	46370376	0.00
NC_092323.1	46370986	46370401	0.00
NC_092323.1	46370986	46370426	0.00
NC_092323.1	46370986	46370451	0.00
NC_092323.1	46370986	46370476	0.00
NC_092323.1	46370986	46370501	0.00
NC_092323.1	46370986	46370526	0.00
NC_092323.1	46370986	46370551	0.00
NC_092323.1	46370986	46370576	0.00
NC_092323.1	46370986	46370601	0.00
NC_092323.1	46370986	46370626	0.00
NC_092323.1	46370986	46370651	0.40
NC_092323.1	46370986	46370676	1.00
NC_092323.1	46370986	46370701	1.00
NC_092323.1	46370986	46370726	1.00
NC_092323.1	46370986	46370751	1.00
NC_092323.1	46370986	46370776	1.00
NC_092323.1	46370986	46370801	0.60
NC_092323.1	46370986	46370826	0.00
NC_092323.1	46370986	46370851	0.00
NC_092323.1	46370986	46370876	0.40
NC_092323.1	46370986	46370901	1.00
NC_092323.1	46370986	46370926	1.00
NC_092323.1	46370986	46370951	1.00
NC_092323.1	46370986	46370976	1.00
NC_092323.1	46370986	46371001	1.00
NC_092323.1	46370986	46371026	0.60
NC_092323.1	46370986	46371051	0.00
NC_092323.1	46370986	46371076	0.00
NC_092323.1	46370986	46371101	0.00
NC_092323.1	46370986	46371126	0.00
NC_092323.1	46370986	46371151	0.00
NC_092323.1	46370986	46371176	0.00
NC_092323.1	46370986	46371201	0.00
NC_092323.1	46370986	46371226	0.00
NC_092323.1	46370986	46371251	0.00
NC_092323.1	46370986	46371276	0.00
NC_092323.1	46370986	46371301	0.00
NC_092323.1	46370986	46371326	0.00
NC_092323.1	46370986	46371351	0.00
NC_092323.1	46370986	46371376	0.00
NC_092323.1	46370986	46371401	0.00
NC_092323.1	46370986	46371426	0.00
NC_092323.1	46370986	46371451	0.00
NC_092323.1	46370986	46371476	0.00
NC_092323.1	46370986	46371501	0.00
NC_092323.1	46370986	46371526	0.00
NC_092323.1	46370986	46371551	0.00
NC_092323.1	46370986	46371576	0.00
NC_092323.1	46370986	46371601	0.00
NC_092323.1	46370986	46371626	0.00
NC_092323.1	46370986	46371651	0.00
NC_092323.1	46370986	46371676	0.00
NC_092323.1	46370986	46371701	0.00
NC_092323.1	46370986	46371726	0.00
NC_092323.1	46370986	46371751	0.00
NC_092323.1	46370986	46371776	0.00
NC_092323.1	46370986	46371801	0.00
NC_092323.1	46370986	46371826	0.00
NC_092323.1	46370986	46371851	0.00
NC_092323.1	46370986	46371876	0.00
NC_092323.1	46370986	46371901	0.00
NC_092323.1	46370986	46371926	0.00
NC_092323.1	46370986	46371951	0.00
NC_092323.1	46370986	46371976	0.00
NC_092323.1	46370986	46372001	0.00
NC_092323.1	46370986	46372026	0.00
NC_092323.1	46370986	46372051	0.00
NC_092323.1	46370986	46372076	0.00
NC_092323.1	46370986	46372101	0.00
NC_092323.1	46370986	46372126	0.00
NC_092323.1	46370986	46372151	0.00
NC_092323.1	46370986	46372176	0.00
NC_092323.1	46370986	46372201	0.00
NC_092323.1	46370986	46372226	0.00
NC_092323.1	46370986	46372251	0.00
NC_092323.1	46370986	46372276	0.00
NC_092323.1	46370986	46372301	0.00
NC_092323.1	46370986	46372326	0.00
NC_092323.1	46370986	46372351	0.00
NC_092323.1	46370986	46372376	0.00
NC_092323.1	46370986	46372401	0.00
NC_092323.1	46370986	46372426	0.00
NC_092323.1	46370986	46372451	0.00
NC_092323.1	46370986	46372476	0.00
NC_092323.1	46370986	46372501	0.00
NC_092323.1	46370986	46372526	0.00
NC_092323.1	46370986	46372551	0.00
NC_092323.1	46370986	46372576	0.00
NC_092323.1	46370986	46372601	0.00
NC_092323.1	46370986	46372626	0.00
NC_092323.1	46370986	46372651	0.00
NC_092323.1	46370986	46372676	0.00
NC_092323.1	46370986	46372701	0.00
NC_092323.1	46370986	46372726	0.00
NC_092323.1	46370986	46372751	0.00
NC_092323.1	46370986	46372776	0.00
NC_092323.1	46370986	46372801	0.00
NC_092323.1	46370986	46372826	0.00
NC_092323.1	46370986	46372851	0.00
NC_092323.1	46370986	46372876	0.00
NC_092323.1	46370986	46372901	0.00
NC_092323.1	46370986	46372926	0.00
NC_092323.1	46370986	46372951	0.00
NC_092323.1	46370986	46372976	0.00
NC_092323.1	46371018	46369001	0.00
NC_092323.1	46371018	46369026	0.00
NC_092323.1	46371018	46369051	0.00
NC_092323.1	46371018	46369076	0.00
NC_092323.1	46371018	46369101	0.00
NC_092323.1	46371018	46369126	0.00
NC_092323.1	46371018	46369151	0.00
NC_092323.1	46371018	46369176	0.00
NC_092323.1	46371018	46369201	0.00
NC_092323.1	46371018	46369226	0.00
NC_092323.1	46371018	46369251	0.00
NC_092323.1	46371018	46369276	0.00
NC_092323.1	46371018	46369301	0.00
NC_092323.1	46371018	46369326	0.00
NC_092323.1	46371018	46369351	0.00
NC_092323.1	46371018	46369376	0.00
NC_092323.1	46371018	46369401	0.00
NC_092323.1	46371018	46369426	0.00
NC_092323.1	46371018	46369451	0.00
NC_092323.1	46371018	46369476	0.00
NC_092323.1	46371018	46369501	0.00
NC_092323.1	46371018	46369526	0.00
NC_092323.1	46371018	46369551	0.00
NC_092323.1	46371018	46369576	0.00
NC_092323.1	46371018	46369601	0.00
NC_092323.1	46371018	46369626	0.00
NC_092323.1	46371018	46369651	0.00
NC_092323.1	46371018	46369676	0.00
NC_092323.1	46371018	46369701	0.00
NC_092323.1	46371018	46369726	0.00
NC_092323.1	46371018	46369751	0.00
NC_092323.1	46371018	46369776	0.00
NC_092323.1	46371018	46369801	0.00
NC_092323.1	46371018	46369826	0.00
NC_092323.1	46371018	46369851	0.00
NC_092323.1	46371018	46369876	0.00
NC_092323.1	46371018	46369901	0.00
NC_092323.1	46371018	46369926	0.00
NC_092323.1	46371018	46369951	0.00
NC_092323.1	46371018	46369976	0.00
NC_092323.1	46371018	46370001	0.00
NC_092323.1	46371018	46370026	0.00
NC_092323.1	46371018	46370051	0.00
NC_092323.1	46371018	46370076	0.00
NC_092323.1	46371018	46370101	0.00
NC_092323.1	46371018	46370126	0.00
NC_092323.1	46371018	46370151	0.00
NC_092323.1	46371018	46370176	0.00
NC_092323.1	46371018	46370201	0.00
NC_092323.1	46371018	46370226	0.00
NC_092323.1	46371018	46370251	0.00
NC_092323.1	46371018	46370276	0.00
NC_092323.1	46371018	46370301	0.00
NC_092323.1	46371018	46370326	0.00
NC_092323.1	46371018	46370351	0.00
NC_092323.1	46371018	46370376	0.00
NC_092323.1	46371018	46370401	0.00
NC_092323.1	46371018	46370426	0.00
NC_092323.1	46371018	46370451	0.00
NC_092323.1	46371018	46370476	0.00
NC_092323.1	46371018	46370501	0.00
NC_092323.1	46371018	46370526	0.00
NC_092323.1	46371018	46370551	0.00
NC_092323.1	46371018	46370576	0.00
NC_092323.1	46371018	46370601	0.00
NC_092323.1	46371018	46370626	0.00
NC_092323.1	46371018	46370651	0.40
NC_092323.1	46371018	46370676	1.00
NC_092323.1	46371018	46370701	1.00
NC_092323.1	46371018	46370726	1.00
NC_092323.1	46371018	46370751	1.00
NC_092323.1	46371018	46370776	1.00
NC_092323.1	46371018	46370801	0.60
NC_092323.1	46371018	46370826	0.00
NC_092323.1	46371018	46370851	0.00
NC_092323.1	46371018	46370876	0.40
NC_092323.1	46371018	46370901	1.00
NC_092323.1	46371018	46370926	1.00
NC_092323.1	46371018	46370951	1.00
NC_092323.1	46371018	46370976	1.00
NC_092323.1	46371018	46371001	1.00
NC_092323.1	46371018	46371026	0.60
NC_092323.1	46371018	46371051	0.00
NC_092323.1	46371018	46371076	0.00
NC_092323.1	46371018	46371101	0.00
NC_092323.1	46371018	46371126	0.00
NC_092323.1	46371018	46371151	0.00
NC_092323.1	46371018	46371176	0.00
NC_092323.1	46371018	46371201	0.00
NC_092323.1	46371018	46371226	0.00
NC_092323.1	46371018	46371251	0.00
NC_092323.1	46371018	46371276	0.00
NC_092323.1	46371018	46371301	0.00
NC_092323.1	46371018	46371326	0.00
NC_092323.1	46371018	46371351	0.00
NC_092323.1	46371018	46371376	0.00
NC_092323.1	46371018	46371401	0.00
NC_092323.1	46371018	46371426	0.00
NC_092323.1	46371018	46371451	0.00
NC_092323.1	46371018	46371476	0.00
NC_092323.1	46371018	46371501	0.00
NC_092323.1	46371018	46371526	0.00
NC_092323.1	46371018	46371551	0.00
NC_092323.1	46371018	46371576	0.00
NC_092323.1	46371018	46371601	0.00
NC_092323.1	46371018	46371626	0.00
NC_092323.1	46371018	46371651	0.00
NC_092323.1	46371018	46371676	0.00
NC_092323.1	46371018	46371701	0.00
NC_092323.1	46371018	46371726	0.00
NC_092323.1	46371018	46371751	0.00
NC_092323.1	46371018	46371776	0.00
NC_092323.1	46371018	46371801	0.00
NC_092323.1	46371018	46371826	0.00
NC_092323.1	46371018	46371851	0.00
NC_092323.1	46371018	46371876	0.00
NC_092323.1	46371018	46371901	0.00
NC_092323.1	46371018	46371926	0.00
NC_092323.1	46371018	46371951	0.00
NC_092323.1	46371018	46371976	0.00
NC_092323.1	46371018	46372001	0.00
NC_092323.1	46371018	46372026	0.00
NC_092323.1	46371018	46372051	0.00
NC_092323.1	46371018	46372076	0.00
NC_092323.1	46371018	46372101	0.00
NC_092323.1	46371018	46372126	0.00
NC_092323.1	46371018	46372151	0.00
NC_092323.1	46371018	46372176	0.00
NC_092323.1	46371018	46372201	0.00
NC_092323.1	46371018	46372226	0.00
NC_092323.1	46371018	46372251	0.00
NC_092323.1	46371018	46372276	0.00
NC_092323.1	46371018	46372301	0.00
NC_092323.1	46371018	46372326	0.00
NC_092323.1	46371018	46372351	0.00
NC_092323.1	46371018	46372376	0.00
NC_092323.1	46371018	46372401	0.00
NC_092323.1	46371018	46372426	0.00
NC_092323.1	46371018	46372451	0.00
NC_092323.1	46371018	46372476	0.00
NC_092323.1	46371018	46372501	0.00
NC_092323.1	46371018	46372526	0.00
NC_092323.1	46371018	46372551	0.00
NC_092323.1	46371018	46372576	0.00
NC_092323.1	46371018	46372601	0.00
NC_092323.1	46371018	46372626	0.00
NC_092323.1	46371018	46372651	0.00
NC_092323.1	46371018	46372676	0.00
NC_092323.1	46371018	46372701	0.00
NC_092323.1	46371018	46372726	0.00
NC_092323.1	46371018	46372751	0.00
NC_092323.1	46371018	46372776	0.00
NC_092323.1	46371018	46372801	0.00
NC_092323.1	46371018	46372826	0.00
NC_092323.1	46371018	46372851	0.00
NC_092323.1	46371018	46372876	0.00
NC_092323.1	46371018	46372901	0.00
NC_092323.1	46371018	46372926	0.00
NC_092323.1	46371018	46372951	0.00
NC_092323.1	46371018	46372976	0.00
NC_092323.1	46371018	46373001	0.00
NC_092324.1	3164564	3162551	0.00
NC_092324.1	3164564	3162576	0.00
NC_092324.1	3164564	3162601	0.00
NC_092324.1	3164564	3162626	0.00
NC_092324.1	3164564	3162651	0.00
NC_092324.1	3164564	3162676	0.00
NC_092324.1	3164564	3162701	0.00
NC_092324.1	3164564	3162726	0.00
NC_092324.1	3164564	3162751	0.00
NC_092324.1	3164564	3162776	0.00
NC_092324.1	3164564	3162801	0.00
NC_092324.1	3164564	3162826	0.00
NC_092324.1	3164564	3162851	0.00
NC_092324.1	3164564	3162876	0.00
NC_092324.1	3164564	3162901	0.00
NC_092324.1	3164564	3162926	0.00
NC_092324.1	3164564	3162951	0.00
NC_092324.1	3164564	3162976	0.00
NC_092324.1	3164564	3163001	0.00
NC_092324.1	3164564	3163026	0.00
NC_092324.1	3164564	3163051	0.00
NC_092324.1	3164564	3163076	0.00
NC_092324.1	3164564	3163101	0.00
NC_092324.1	3164564	3163126	0.00
NC_092324.1	3164564	3163151	0.00
NC_092324.1	3164564	3163176	0.00
NC_092324.1	3164564	3163201	0.00
NC_092324.1	3164564	3163226	0.00
NC_092324.1	3164564	3163251	0.00
NC_092324.1	3164564	3163276	0.00
NC_092324.1	3164564	3163301	0.00
NC_092324.1	3164564	3163326	0.00
NC_092324.1	3164564	3163351	0.00
NC_092324.1	3164564	3163376	0.00
NC_092324.1	3164564	3163401	0.00
NC_092324.1	3164564	3163426	0.00
NC_092324.1	3164564	3163451	0.00
NC_092324.1	3164564	3163476	0.00
NC_092324.1	3164564	3163501	0.00
NC_092324.1	3164564	3163526	0.00
NC_092324.1	3164564	3163551	0.00
NC_092324.1	3164564	3163576	0.00
NC_092324.1	3164564	3163601	0.00
NC_092324.1	3164564	3163626	0.00
NC_092324.1	3164564	3163651	0.00
NC_092324.1	3164564	3163676	0.00
NC_092324.1	3164564	3163701	0.00
NC_092324.1	3164564	3163726	0.00
NC_092324.1	3164564	3163751	0.00
NC_092324.1	3164564	3163776	0.00
NC_092324.1	3164564	3163801	0.00
NC_092324.1	3164564	3163826	0.00
NC_092324.1	3164564	3163851	0.00
NC_092324.1	3164564	3163876	0.00
NC_092324.1	3164564	3163901	0.00
NC_092324.1	3164564	3163926	0.00
NC_092324.1	3164564	3163951	0.00
NC_092324.1	3164564	3163976	0.00
NC_092324.1	3164564	3164001	0.00
NC_092324.1	3164564	3164026	0.00
NC_092324.1	3164564	3164051	0.00
NC_092324.1	3164564	3164076	0.00
NC_092324.1	3164564	3164101	0.00
NC_092324.1	3164564	3164126	0.00
NC_092324.1	3164564	3164151	0.00
NC_092324.1	3164564	3164176	0.00
NC_092324.1	3164564	3164201	0.00
NC_092324.1	3164564	3164226	0.00
NC_092324.1	3164564	3164251	0.00
NC_092324.1	3164564	3164276	0.00
NC_092324.1	3164564	3164301	0.00
NC_092324.1	3164564	3164326	0.00
NC_092324.1	3164564	3164351	0.00
NC_092324.1	3164564	3164376	0.00
NC_092324.1	3164564	3164401	0.00
NC_092324.1	3164564	3164426	0.88
NC_092324.1	3164564	3164451	1.00
NC_092324.1	3164564	3164476	1.00
NC_092324.1	3164564	3164501	1.44
NC_092324.1	3164564	3164526	2.00
NC_092324.1	3164564	3164551	2.00
NC_092324.1	3164564	3164576	1.12
NC_092324.1	3164564	3164601	1.00
NC_092324.1	3164564	3164626	1.00
NC_092324.1	3164564	3164651	0.56
NC_092324.1	3164564	3164676	0.00
NC_092324.1	3164564	3164701	0.00
NC_092324.1	3164564	3164726	0.00
NC_092324.1	3164564	3164751	0.00
NC_092324.1	3164564	3164776	0.00
NC_092324.1	3164564	3164801	0.00
NC_092324.1	3164564	3164826	0.00
NC_092324.1	3164564	3164851	0.00
NC_092324.1	3164564	3164876	0.00
NC_092324.1	3164564	3164901	0.00
NC_092324.1	3164564	3164926	0.00
NC_092324.1	3164564	3164951	0.00
NC_092324.1	3164564	3164976	0.00
NC_092324.1	3164564	3165001	0.00
NC_092324.1	3164564	3165026	0.00
NC_092324.1	3164564	3165051	0.00
NC_092324.1	3164564	3165076	0.00
NC_092324.1	3164564	3165101	0.00
NC_092324.1	3164564	3165126	0.00
NC_092324.1	3164564	3165151	0.00
NC_092324.1	3164564	3165176	0.00
NC_092324.1	3164564	3165201	0.00
NC_092324.1	3164564	3165226	0.00
NC_092324.1	3164564	3165251	0.00
NC_092324.1	3164564	3165276	0.00
NC_092324.1	3164564	3165301	0.00
NC_092324.1	3164564	3165326	0.00
NC_092324.1	3164564	3165351	0.00
NC_092324.1	3164564	3165376	0.00
NC_092324.1	3164564	3165401	0.00
NC_092324.1	3164564	3165426	0.00
NC_092324.1	3164564	3165451	0.00
NC_092324.1	3164564	3165476	0.00
NC_092324.1	3164564	3165501	0.00
NC_092324.1	3164564	3165526	0.00
NC_092324.1	3164564	3165551	0.00
NC_092324.1	3164564	3165576	0.00
NC_092324.1	3164564	3165601	0.00
NC_092324.1	3164564	3165626	0.00
NC_092324.1	3164564	3165651	0.00
NC_092324.1	3164564	3165676	0.00
NC_092324.1	3164564	3165701	0.00
NC_092324.1	3164564	3165726	0.00
NC_092324.1	3164564	3165751	0.00
NC_092324.1	3164564	3165776	0.00
NC_092324.1	3164564	3165801	0.00
NC_092324.1	3164564	3165826	0.00
NC_092324.1	3164564	3165851	0.00
NC_092324.1	3164564	3165876	0.00
NC_092324.1	3164564	3165901	0.00
NC_092324.1	3164564	3165926	0.00
NC_092324.1	3164564	3165951	0.00
NC_092324.1	3164564	3165976	0.00
NC_092324.1	3164564	3166001	0.00
NC_092324.1	3164564	3166026	0.00
NC_092324.1	3164564	3166051	0.00
NC_092324.1	3164564	3166076	0.00
NC_092324.1	3164564	3166101	0.00
NC_092324.1	3164564	3166126	0.00
NC_092324.1	3164564	3166151	0.00
NC_092324.1	3164564	3166176	0.00
NC_092324.1	3164564	3166201	0.00
NC_092324.1	3164564	3166226	0.00
NC_092324.1	3164564	3166251	0.00
NC_092324.1	3164564	3166276	0.00
NC_092324.1	3164564	3166301	0.00
NC_092324.1	3164564	3166326	0.00
NC_092324.1	3164564	3166351	0.00
NC_092324.1	3164564	3166376	0.00
NC_092324.1	3164564	3166401	0.00
NC_092324.1	3164564	3166426	0.00
NC_092324.1	3164564	3166451	0.00
NC_092324.1	3164564	3166476	0.00
NC_092324.1	3164564	3166501	0.00
NC_092324.1	3164564	3166526	0.00
NC_092324.1	3164564	3166551	0.00
NC_092324.1	3928942	3926926	0.00
NC_092324.1	3928942	3926951	0.00
NC_092324.1	3928942	3926976	0.00
NC_092324.1	3928942	3927001	0.00
NC_092324.1	3928942	3927026	0.00
NC_092324.1	3928942	3927051	0.00
NC_092324.1	3928942	3927076	0.00
NC_092324.1	3928942	3927101	0.00
NC_092324.1	3928942	3927126	0.00
NC_092324.1	3928942	3927151	0.00
NC_092324.1	3928942	3927176	0.00
NC_092324.1	3928942	3927201	0.00
NC_092324.1	3928942	3927226	0.00
NC_092324.1	3928942	3927251	0.00
NC_092324.1	3928942	3927276	0.00
NC_092324.1	3928942	3927301	0.00
NC_092324.1	3928942	3927326	0.00
NC_092324.1	3928942	3927351	0.00
NC_092324.1	3928942	3927376	0.00
NC_092324.1	3928942	3927401	0.00
NC_092324.1	3928942	3927426	0.00
NC_092324.1	3928942	3927451	0.00
NC_092324.1	3928942	3927476	0.00
NC_092324.1	3928942	3927501	0.00
NC_092324.1	3928942	3927526	0.00
NC_092324.1	3928942	3927551	0.00
NC_092324.1	3928942	3927576	0.00
NC_092324.1	3928942	3927601	0.00
NC_092324.1	3928942	3927626	0.00
NC_092324.1	3928942	3927651	0.00
NC_092324.1	3928942	3927676	0.00
NC_092324.1	3928942	3927701	0.00
NC_092324.1	3928942	3927726	0.00
NC_092324.1	3928942	3927751	0.00
NC_092324.1	3928942	3927776	0.00
NC_092324.1	3928942	3927801	0.00
NC_092324.1	3928942	3927826	0.00
NC_092324.1	3928942	3927851	0.00
NC_092324.1	3928942	3927876	0.00
NC_092324.1	3928942	3927901	0.00
NC_092324.1	3928942	3927926	0.00
NC_092324.1	3928942	3927951	0.00
NC_092324.1	3928942	3927976	0.00
NC_092324.1	3928942	3928001	0.00
NC_092324.1	3928942	3928026	0.00
NC_092324.1	3928942	3928051	0.00
NC_092324.1	3928942	3928076	0.00
NC_092324.1	3928942	3928101	0.00
NC_092324.1	3928942	3928126	0.00
NC_092324.1	3928942	3928151	0.00
NC_092324.1	3928942	3928176	0.00
NC_092324.1	3928942	3928201	0.00
NC_092324.1	3928942	3928226	0.00
NC_092324.1	3928942	3928251	0.00
NC_092324.1	3928942	3928276	0.00
NC_092324.1	3928942	3928301	0.00
NC_092324.1	3928942	3928326	0.00
NC_092324.1	3928942	3928351	0.00
NC_092324.1	3928942	3928376	0.00
NC_092324.1	3928942	3928401	0.00
NC_092324.1	3928942	3928426	0.00
NC_092324.1	3928942	3928451	0.00
NC_092324.1	3928942	3928476	0.00
NC_092324.1	3928942	3928501	0.00
NC_092324.1	3928942	3928526	0.00
NC_092324.1	3928942	3928551	0.00
NC_092324.1	3928942	3928576	0.00
NC_092324.1	3928942	3928601	0.00
NC_092324.1	3928942	3928626	0.00
NC_092324.1	3928942	3928651	0.00
NC_092324.1	3928942	3928676	0.00
NC_092324.1	3928942	3928701	0.80
NC_092324.1	3928942	3928726	1.00
NC_092324.1	3928942	3928751	1.00
NC_092324.1	3928942	3928776	1.00
NC_092324.1	3928942	3928801	1.00
NC_092324.1	3928942	3928826	1.28
NC_092324.1	3928942	3928851	1.20
NC_092324.1	3928942	3928876	1.00
NC_092324.1	3928942	3928901	1.00
NC_092324.1	3928942	3928926	1.00
NC_092324.1	3928942	3928951	1.00
NC_092324.1	3928942	3928976	0.72
NC_092324.1	3928942	3929001	0.00
NC_092324.1	3928942	3929026	0.00
NC_092324.1	3928942	3929051	0.00
NC_092324.1	3928942	3929076	0.00
NC_092324.1	3928942	3929101	0.00
NC_092324.1	3928942	3929126	0.00
NC_092324.1	3928942	3929151	0.00
NC_092324.1	3928942	3929176	0.00
NC_092324.1	3928942	3929201	0.00
NC_092324.1	3928942	3929226	0.00
NC_092324.1	3928942	3929251	0.00
NC_092324.1	3928942	3929276	0.00
NC_092324.1	3928942	3929301	0.00
NC_092324.1	3928942	3929326	0.00
NC_092324.1	3928942	3929351	0.00
NC_092324.1	3928942	3929376	0.00
NC_092324.1	3928942	3929401	0.00
NC_092324.1	3928942	3929426	0.00
NC_092324.1	3928942	3929451	0.00
NC_092324.1	3928942	3929476	0.00
NC_092324.1	3928942	3929501	0.00
NC_092324.1	3928942	3929526	0.00
NC_092324.1	3928942	3929551	0.00
NC_092324.1	3928942	3929576	0.00
NC_092324.1	3928942	3929601	0.00
NC_092324.1	3928942	3929626	0.00
NC_092324.1	3928942	3929651	0.00
NC_092324.1	3928942	3929676	0.00
NC_092324.1	3928942	3929701	0.00
NC_092324.1	3928942	3929726	0.00
NC_092324.1	3928942	3929751	0.00
NC_092324.1	3928942	3929776	0.00
NC_092324.1	3928942	3929801	0.00
NC_092324.1	3928942	3929826	0.00
NC_092324.1	3928942	3929851	0.00
NC_092324.1	3928942	3929876	0.00
NC_092324.1	3928942	3929901	0.00
NC_092324.1	3928942	3929926	0.00
NC_092324.1	3928942	3929951	0.00
NC_092324.1	3928942	3929976	0.00
NC_092324.1	3928942	3930001	0.00
NC_092324.1	3928942	3930026	0.00
NC_092324.1	3928942	3930051	0.00
NC_092324.1	3928942	3930076	0.00
NC_092324.1	3928942	3930101	0.00
NC_092324.1	3928942	3930126	0.00
NC_092324.1	3928942	3930151	0.00
NC_092324.1	3928942	3930176	0.00
NC_092324.1	3928942	3930201	0.00
NC_092324.1	3928942	3930226	0.00
NC_092324.1	3928942	3930251	0.00
NC_092324.1	3928942	3930276	0.00
NC_092324.1	3928942	3930301	0.00
NC_092324.1	3928942	3930326	0.00
NC_092324.1	3928942	3930351	0.00
NC_092324.1	3928942	3930376	0.00
NC_092324.1	3928942	3930401	0.00
NC_092324.1	3928942	3930426	0.00
NC_092324.1	3928942	3930451	0.00
NC_092324.1	3928942	3930476	0.00
NC_092324.1	3928942	3930501	0.00
NC_092324.1	3928942	3930526	0.00
NC_092324.1	3928942	3930551	0.00
NC_092324.1	3928942	3930576	0.00
NC_092324.1	3928942	3930601	0.00
NC_092324.1	3928942	3930626	0.00
NC_092324.1	3928942	3930651	0.00
NC_092324.1	3928942	3930676	0.00
NC_092324.1	3928942	3930701	0.00
NC_092324.1	3928942	3930726	0.00
NC_092324.1	3928942	3930751	0.00
NC_092324.1	3928942	3930776	0.00
NC_092324.1	3928942	3930801	0.00
NC_092324.1	3928942	3930826	0.00
NC_092324.1	3928942	3930851	0.00
NC_092324.1	3928942	3930876	0.00
NC_092324.1	3928942	3930901	0.00
NC_092324.1	3928942	3930926	0.00
NC_092324.1	12501686	12499676	0.00
NC_092324.1	12501686	12499701	0.00
NC_092324.1	12501686	12499726	0.00
NC_092324.1	12501686	12499751	0.00
NC_092324.1	12501686	12499776	0.00
NC_092324.1	12501686	12499801	0.00
NC_092324.1	12501686	12499826	0.00
NC_092324.1	12501686	12499851	0.00
NC_092324.1	12501686	12499876	0.00
NC_092324.1	12501686	12499901	0.00
NC_092324.1	12501686	12499926	0.00
NC_092324.1	12501686	12499951	0.00
NC_092324.1	12501686	12499976	0.00
NC_092324.1	12501686	12500001	0.00
NC_092324.1	12501686	12500026	0.00
NC_092324.1	12501686	12500051	0.00
NC_092324.1	12501686	12500076	0.00
NC_092324.1	12501686	12500101	0.00
NC_092324.1	12501686	12500126	0.00
NC_092324.1	12501686	12500151	0.00
NC_092324.1	12501686	12500176	0.00
NC_092324.1	12501686	12500201	0.00
NC_092324.1	12501686	12500226	0.00
NC_092324.1	12501686	12500251	0.00
NC_092324.1	12501686	12500276	0.00
NC_092324.1	12501686	12500301	0.00
NC_092324.1	12501686	12500326	0.00
NC_092324.1	12501686	12500351	0.00
NC_092324.1	12501686	12500376	0.00
NC_092324.1	12501686	12500401	0.00
NC_092324.1	12501686	12500426	0.00
NC_092324.1	12501686	12500451	0.00
NC_092324.1	12501686	12500476	0.00
NC_092324.1	12501686	12500501	0.00
NC_092324.1	12501686	12500526	0.00
NC_092324.1	12501686	12500551	0.00
NC_092324.1	12501686	12500576	0.00
NC_092324.1	12501686	12500601	0.00
NC_092324.1	12501686	12500626	0.00
NC_092324.1	12501686	12500651	0.00
NC_092324.1	12501686	12500676	0.00
NC_092324.1	12501686	12500701	0.00
NC_092324.1	12501686	12500726	0.00
NC_092324.1	12501686	12500751	0.00
NC_092324.1	12501686	12500776	0.00
NC_092324.1	12501686	12500801	0.00
NC_092324.1	12501686	12500826	0.00
NC_092324.1	12501686	12500851	0.00
NC_092324.1	12501686	12500876	0.00
NC_092324.1	12501686	12500901	0.00
NC_092324.1	12501686	12500926	0.00
NC_092324.1	12501686	12500951	0.00
NC_092324.1	12501686	12500976	0.00
NC_092324.1	12501686	12501001	0.00
NC_092324.1	12501686	12501026	0.00
NC_092324.1	12501686	12501051	0.00
NC_092324.1	12501686	12501076	0.00
NC_092324.1	12501686	12501101	0.00
NC_092324.1	12501686	12501126	0.00
NC_092324.1	12501686	12501151	0.00
NC_092324.1	12501686	12501176	0.00
NC_092324.1	12501686	12501201	0.00
NC_092324.1	12501686	12501226	0.00
NC_092324.1	12501686	12501251	0.00
NC_092324.1	12501686	12501276	0.00
NC_092324.1	12501686	12501301	0.00
NC_092324.1	12501686	12501326	0.00
NC_092324.1	12501686	12501351	0.00
NC_092324.1	12501686	12501376	0.00
NC_092324.1	12501686	12501401	0.00
NC_092324.1	12501686	12501426	0.00
NC_092324.1	12501686	12501451	0.00
NC_092324.1	12501686	12501476	0.00
NC_092324.1	12501686	12501501	0.00
NC_092324.1	12501686	12501526	0.00
NC_092324.1	12501686	12501551	0.00
NC_092324.1	12501686	12501576	0.00
NC_092324.1	12501686	12501601	0.60
NC_092324.1	12501686	12501626	1.00
NC_092324.1	12501686	12501651	1.00
NC_092324.1	12501686	12501676	1.40
NC_092324.1	12501686	12501701	2.00
NC_092324.1	12501686	12501726	2.00
NC_092324.1	12501686	12501751	1.40
NC_092324.1	12501686	12501776	1.00
NC_092324.1	12501686	12501801	1.00
NC_092324.1	12501686	12501826	0.60
NC_092324.1	12501686	12501851	0.00
NC_092324.1	12501686	12501876	0.00
NC_092324.1	12501686	12501901	0.00
NC_092324.1	12501686	12501926	0.00
NC_092324.1	12501686	12501951	0.00
NC_092324.1	12501686	12501976	0.00
NC_092324.1	12501686	12502001	0.00
NC_092324.1	12501686	12502026	0.00
NC_092324.1	12501686	12502051	0.00
NC_092324.1	12501686	12502076	0.00
NC_092324.1	12501686	12502101	0.00
NC_092324.1	12501686	12502126	0.00
NC_092324.1	12501686	12502151	0.00
NC_092324.1	12501686	12502176	0.00
NC_092324.1	12501686	12502201	0.00
NC_092324.1	12501686	12502226	0.00
NC_092324.1	12501686	12502251	0.00
NC_092324.1	12501686	12502276	0.00
NC_092324.1	12501686	12502301	0.00
NC_092324.1	12501686	12502326	0.00
NC_092324.1	12501686	12502351	0.00
NC_092324.1	12501686	12502376	0.00
NC_092324.1	12501686	12502401	0.00
NC_092324.1	12501686	12502426	0.00
NC_092324.1	12501686	12502451	0.00
NC_092324.1	12501686	12502476	0.00
NC_092324.1	12501686	12502501	0.00
NC_092324.1	12501686	12502526	0.00
NC_092324.1	12501686	12502551	0.00
NC_092324.1	12501686	12502576	0.00
NC_092324.1	12501686	12502601	0.00
NC_092324.1	12501686	12502626	0.00
NC_092324.1	12501686	12502651	0.00
NC_092324.1	12501686	12502676	0.00
NC_092324.1	12501686	12502701	0.00
NC_092324.1	12501686	12502726	0.00
NC_092324.1	12501686	12502751	0.00
NC_092324.1	12501686	12502776	0.00
NC_092324.1	12501686	12502801	0.00
NC_092324.1	12501686	12502826	0.00
NC_092324.1	12501686	12502851	0.00
NC_092324.1	12501686	12502876	0.00
NC_092324.1	12501686	12502901	0.00
NC_092324.1	12501686	12502926	0.00
NC_092324.1	12501686	12502951	0.00
NC_092324.1	12501686	12502976	0.00
NC_092324.1	12501686	12503001	0.00
NC_092324.1	12501686	12503026	0.00
NC_092324.1	12501686	12503051	0.00
NC_092324.1	12501686	12503076	0.00
NC_092324.1	12501686	12503101	0.00
NC_092324.1	12501686	12503126	0.00
NC_092324.1	12501686	12503151	0.00
NC_092324.1	12501686	12503176	0.00
NC_092324.1	12501686	12503201	0.00
NC_092324.1	12501686	12503226	0.00
NC_092324.1	12501686	12503251	0.00
NC_092324.1	12501686	12503276	0.00
NC_092324.1	12501686	12503301	0.00
NC_092324.1	12501686	12503326	0.00
NC_092324.1	12501686	12503351	0.00
NC_092324.1	12501686	12503376	0.00
NC_092324.1	12501686	12503401	0.00
NC_092324.1	12501686	12503426	0.00
NC_092324.1	12501686	12503451	0.00
NC_092324.1	12501686	12503476	0.00
NC_092324.1	12501686	12503501	0.00
NC_092324.1	12501686	12503526	0.00
NC_092324.1	12501686	12503551	0.00
NC_092324.1	12501686	12503576	0.00
NC_092324.1	12501686	12503601	0.00
NC_092324.1	12501686	12503626	0.00
NC_092324.1	12501686	12503651	0.00
NC_092324.1	12501686	12503676	0.00
NC_092325.1	26602328	26600326	0.00
NC_092325.1	26602328	26600351	0.00
NC_092325.1	26602328	26600376	0.00
NC_092325.1	26602328	26600401	0.00
NC_092325.1	26602328	26600426	0.00
NC_092325.1	26602328	26600451	0.00
NC_092325.1	26602328	26600476	0.00
NC_092325.1	26602328	26600501	0.00
NC_092325.1	26602328	26600526	0.00
NC_092325.1	26602328	26600551	0.00
NC_092325.1	26602328	26600576	0.00
NC_092325.1	26602328	26600601	0.00
NC_092325.1	26602328	26600626	0.00
NC_092325.1	26602328	26600651	0.00
NC_092325.1	26602328	26600676	0.00
NC_092325.1	26602328	26600701	0.00
NC_092325.1	26602328	26600726	0.00
NC_092325.1	26602328	26600751	0.00
NC_092325.1	26602328	26600776	0.00
NC_092325.1	26602328	26600801	0.00
NC_092325.1	26602328	26600826	0.00
NC_092325.1	26602328	26600851	0.00
NC_092325.1	26602328	26600876	0.00
NC_092325.1	26602328	26600901	0.00
NC_092325.1	26602328	26600926	0.00
NC_092325.1	26602328	26600951	0.00
NC_092325.1	26602328	26600976	0.00
NC_092325.1	26602328	26601001	0.00
NC_092325.1	26602328	26601026	0.00
NC_092325.1	26602328	26601051	0.00
NC_092325.1	26602328	26601076	0.00
NC_092325.1	26602328	26601101	0.00
NC_092325.1	26602328	26601126	0.00
NC_092325.1	26602328	26601151	0.00
NC_092325.1	26602328	26601176	0.00
NC_092325.1	26602328	26601201	0.00
NC_092325.1	26602328	26601226	0.00
NC_092325.1	26602328	26601251	0.00
NC_092325.1	26602328	26601276	0.00
NC_092325.1	26602328	26601301	0.00
NC_092325.1	26602328	26601326	0.00
NC_092325.1	26602328	26601351	0.00
NC_092325.1	26602328	26601376	0.00
NC_092325.1	26602328	26601401	0.00
NC_092325.1	26602328	26601426	0.00
NC_092325.1	26602328	26601451	0.00
NC_092325.1	26602328	26601476	0.00
NC_092325.1	26602328	26601501	0.00
NC_092325.1	26602328	26601526	0.00
NC_092325.1	26602328	26601551	0.00
NC_092325.1	26602328	26601576	0.00
NC_092325.1	26602328	26601601	0.00
NC_092325.1	26602328	26601626	0.00
NC_092325.1	26602328	26601651	0.00
NC_092325.1	26602328	26601676	0.00
NC_092325.1	26602328	26601701	0.00
NC_092325.1	26602328	26601726	0.00
NC_092325.1	26602328	26601751	0.00
NC_092325.1	26602328	26601776	0.00
NC_092325.1	26602328	26601801	0.00
NC_092325.1	26602328	26601826	0.00
NC_092325.1	26602328	26601851	0.00
NC_092325.1	26602328	26601876	0.00
NC_092325.1	26602328	26601901	0.00
NC_092325.1	26602328	26601926	0.00
NC_092325.1	26602328	26601951	0.00
NC_092325.1	26602328	26601976	0.00
NC_092325.1	26602328	26602001	0.00
NC_092325.1	26602328	26602026	0.00
NC_092325.1	26602328	26602051	0.00
NC_092325.1	26602328	26602076	0.00
NC_092325.1	26602328	26602101	0.00
NC_092325.1	26602328	26602126	0.00
NC_092325.1	26602328	26602151	0.00
NC_092325.1	26602328	26602176	0.00
NC_092325.1	26602328	26602201	0.00
NC_092325.1	26602328	26602226	0.76
NC_092325.1	26602328	26602251	1.00
NC_092325.1	26602328	26602276	1.00
NC_092325.1	26602328	26602301	1.00
NC_092325.1	26602328	26602326	1.00
NC_092325.1	26602328	26602351	1.00
NC_092325.1	26602328	26602376	1.24
NC_092325.1	26602328	26602401	1.00
NC_092325.1	26602328	26602426	1.00
NC_092325.1	26602328	26602451	1.00
NC_092325.1	26602328	26602476	1.00
NC_092325.1	26602328	26602501	1.00
NC_092325.1	26602328	26602526	0.00
NC_092325.1	26602328	26602551	0.00
NC_092325.1	26602328	26602576	0.00
NC_092325.1	26602328	26602601	0.00
NC_092325.1	26602328	26602626	0.00
NC_092325.1	26602328	26602651	0.00
NC_092325.1	26602328	26602676	0.00
NC_092325.1	26602328	26602701	0.00
NC_092325.1	26602328	26602726	0.00
NC_092325.1	26602328	26602751	0.00
NC_092325.1	26602328	26602776	0.00
NC_092325.1	26602328	26602801	0.00
NC_092325.1	26602328	26602826	0.00
NC_092325.1	26602328	26602851	0.00
NC_092325.1	26602328	26602876	0.00
NC_092325.1	26602328	26602901	0.00
NC_092325.1	26602328	26602926	0.00
NC_092325.1	26602328	26602951	0.00
NC_092325.1	26602328	26602976	0.00
NC_092325.1	26602328	26603001	0.00
NC_092325.1	26602328	26603026	0.00
NC_092325.1	26602328	26603051	0.00
NC_092325.1	26602328	26603076	0.00
NC_092325.1	26602328	26603101	0.00
NC_092325.1	26602328	26603126	0.00
NC_092325.1	26602328	26603151	0.00
NC_092325.1	26602328	26603176	0.00
NC_092325.1	26602328	26603201	0.00
NC_092325.1	26602328	26603226	0.00
NC_092325.1	26602328	26603251	0.00
NC_092325.1	26602328	26603276	0.00
NC_092325.1	26602328	26603301	0.00
NC_092325.1	26602328	26603326	0.00
NC_092325.1	26602328	26603351	0.00
NC_092325.1	26602328	26603376	0.00
NC_092325.1	26602328	26603401	0.00
NC_092325.1	26602328	26603426	0.00
NC_092325.1	26602328	26603451	0.00
NC_092325.1	26602328	26603476	0.00
NC_092325.1	26602328	26603501	0.00
NC_092325.1	26602328	26603526	0.00
NC_092325.1	26602328	26603551	0.00
NC_092325.1	26602328	26603576	0.00
NC_092325.1	26602328	26603601	0.00
NC_092325.1	26602328	26603626	0.00
NC_092325.1	26602328	26603651	0.00
NC_092325.1	26602328	26603676	0.00
NC_092325.1	26602328	26603701	0.00
NC_092325.1	26602328	26603726	0.00
NC_092325.1	26602328	26603751	0.00
NC_092325.1	26602328	26603776	0.00
NC_092325.1	26602328	26603801	0.00
NC_092325.1	26602328	26603826	0.00
NC_092325.1	26602328	26603851	0.00
NC_092325.1	26602328	26603876	0.00
NC_092325.1	26602328	26603901	0.00
NC_092325.1	26602328	26603926	0.00
NC_092325.1	26602328	26603951	0.00
NC_092325.1	26602328	26603976	0.00
NC_092325.1	26602328	26604001	0.00
NC_092325.1	26602328	26604026	0.00
NC_092325.1	26602328	26604051	0.00
NC_092325.1	26602328	26604076	0.00
NC_092325.1	26602328	26604101	0.00
NC_092325.1	26602328	26604126	0.00
NC_092325.1	26602328	26604151	0.00
NC_092325.1	26602328	26604176	0.00
NC_092325.1	26602328	26604201	0.00
NC_092325.1	26602328	26604226	0.00
NC_092325.1	26602328	26604251	0.00
NC_092325.1	26602328	26604276	0.00
NC_092325.1	26602328	26604301	0.00
NC_092325.1	26602328	26604326	0.00
NC_092326.1	1058388	1056376	0.00
NC_092326.1	1058388	1056401	0.00
NC_092326.1	1058388	1056426	0.00
NC_092326.1	1058388	1056451	0.00
NC_092326.1	1058388	1056476	0.00
NC_092326.1	1058388	1056501	0.00
NC_092326.1	1058388	1056526	0.00
NC_092326.1	1058388	1056551	0.00
NC_092326.1	1058388	1056576	0.00
NC_092326.1	1058388	1056601	0.00
NC_092326.1	1058388	1056626	0.00
NC_092326.1	1058388	1056651	0.00
NC_092326.1	1058388	1056676	0.00
NC_092326.1	1058388	1056701	0.00
NC_092326.1	1058388	1056726	0.00
NC_092326.1	1058388	1056751	0.00
NC_092326.1	1058388	1056776	0.00
NC_092326.1	1058388	1056801	0.00
NC_092326.1	1058388	1056826	0.00
NC_092326.1	1058388	1056851	0.00
NC_092326.1	1058388	1056876	0.00
NC_092326.1	1058388	1056901	0.00
NC_092326.1	1058388	1056926	0.00
NC_092326.1	1058388	1056951	0.00
NC_092326.1	1058388	1056976	0.00
NC_092326.1	1058388	1057001	0.00
NC_092326.1	1058388	1057026	0.00
NC_092326.1	1058388	1057051	0.00
NC_092326.1	1058388	1057076	0.00
NC_092326.1	1058388	1057101	0.00
NC_092326.1	1058388	1057126	0.00
NC_092326.1	1058388	1057151	0.00
NC_092326.1	1058388	1057176	0.00
NC_092326.1	1058388	1057201	0.00
NC_092326.1	1058388	1057226	0.00
NC_092326.1	1058388	1057251	0.00
NC_092326.1	1058388	1057276	0.00
NC_092326.1	1058388	1057301	0.00
NC_092326.1	1058388	1057326	0.00
NC_092326.1	1058388	1057351	0.00
NC_092326.1	1058388	1057376	0.00
NC_092326.1	1058388	1057401	0.00
NC_092326.1	1058388	1057426	0.00
NC_092326.1	1058388	1057451	0.00
NC_092326.1	1058388	1057476	0.00
NC_092326.1	1058388	1057501	0.00
NC_092326.1	1058388	1057526	0.00
NC_092326.1	1058388	1057551	0.00
NC_092326.1	1058388	1057576	0.00
NC_092326.1	1058388	1057601	0.00
NC_092326.1	1058388	1057626	0.00
NC_092326.1	1058388	1057651	0.00
NC_092326.1	1058388	1057676	0.00
NC_092326.1	1058388	1057701	0.00
NC_092326.1	1058388	1057726	0.00
NC_092326.1	1058388	1057751	0.00
NC_092326.1	1058388	1057776	0.00
NC_092326.1	1058388	1057801	0.00
NC_092326.1	1058388	1057826	0.00
NC_092326.1	1058388	1057851	0.00
NC_092326.1	1058388	1057876	0.00
NC_092326.1	1058388	1057901	0.00
NC_092326.1	1058388	1057926	0.00
NC_092326.1	1058388	1057951	0.00
NC_092326.1	1058388	1057976	0.00
NC_092326.1	1058388	1058001	0.00
NC_092326.1	1058388	1058026	0.00
NC_092326.1	1058388	1058051	0.00
NC_092326.1	1058388	1058076	0.00
NC_092326.1	1058388	1058101	0.00
NC_092326.1	1058388	1058126	0.00
NC_092326.1	1058388	1058151	0.00
NC_092326.1	1058388	1058176	0.00
NC_092326.1	1058388	1058201	0.00
NC_092326.1	1058388	1058226	0.00
NC_092326.1	1058388	1058251	0.40
NC_092326.1	1058388	1058276	1.00
NC_092326.1	1058388	1058301	1.00
NC_092326.1	1058388	1058326	1.00
NC_092326.1	1058388	1058351	1.00
NC_092326.1	1058388	1058376	1.00
NC_092326.1	1058388	1058401	0.60
NC_092326.1	1058388	1058426	0.00
NC_092326.1	1058388	1058451	0.00
NC_092326.1	1058388	1058476	0.00
NC_092326.1	1058388	1058501	0.92
NC_092326.1	1058388	1058526	1.00
NC_092326.1	1058388	1058551	1.00
NC_092326.1	1058388	1058576	1.00
NC_092326.1	1058388	1058601	1.00
NC_092326.1	1058388	1058626	1.00
NC_092326.1	1058388	1058651	0.08
NC_092326.1	1058388	1058676	0.00
NC_092326.1	1058388	1058701	0.00
NC_092326.1	1058388	1058726	0.00
NC_092326.1	1058388	1058751	0.00
NC_092326.1	1058388	1058776	0.00
NC_092326.1	1058388	1058801	0.00
NC_092326.1	1058388	1058826	0.00
NC_092326.1	1058388	1058851	0.00
NC_092326.1	1058388	1058876	0.00
NC_092326.1	1058388	1058901	0.00
NC_092326.1	1058388	1058926	0.00
NC_092326.1	1058388	1058951	0.00
NC_092326.1	1058388	1058976	0.00
NC_092326.1	1058388	1059001	0.00
NC_092326.1	1058388	1059026	0.00
NC_092326.1	1058388	1059051	0.00
NC_092326.1	1058388	1059076	0.00
NC_092326.1	1058388	1059101	0.00
NC_092326.1	1058388	1059126	0.00
NC_092326.1	1058388	1059151	0.00
NC_092326.1	1058388	1059176	0.00
NC_092326.1	1058388	1059201	0.00
NC_092326.1	1058388	1059226	0.00
NC_092326.1	1058388	1059251	0.00
NC_092326.1	1058388	1059276	0.00
NC_092326.1	1058388	1059301	0.00
NC_092326.1	1058388	1059326	0.00
NC_092326.1	1058388	1059351	0.00
NC_092326.1	1058388	1059376	0.00
NC_092326.1	1058388	1059401	0.00
NC_092326.1	1058388	1059426	0.00
NC_092326.1	1058388	1059451	0.00
NC_092326.1	1058388	1059476	0.00
NC_092326.1	1058388	1059501	0.00
NC_092326.1	1058388	1059526	0.00
NC_092326.1	1058388	1059551	0.00
NC_092326.1	1058388	1059576	0.00
NC_092326.1	1058388	1059601	0.00
NC_092326.1	1058388	1059626	0.00
NC_092326.1	1058388	1059651	0.00
NC_092326.1	1058388	1059676	0.00
NC_092326.1	1058388	1059701	0.00
NC_092326.1	1058388	1059726	0.00
NC_092326.1	1058388	1059751	0.00
NC_092326.1	1058388	1059776	0.00
NC_092326.1	1058388	1059801	0.00
NC_092326.1	1058388	1059826	0.00
NC_092326.1	1058388	1059851	0.00
NC_092326.1	1058388	1059876	0.00
NC_092326.1	1058388	1059901	0.00
NC_092326.1	1058388	1059926	0.00
NC_092326.1	1058388	1059951	0.00
NC_092326.1	1058388	1059976	0.00
NC_092326.1	1058388	1060001	0.00
NC_092326.1	1058388	1060026	0.00
NC_092326.1	1058388	1060051	0.00
NC_092326.1	1058388	1060076	0.00
NC_092326.1	1058388	1060101	0.00
NC_092326.1	1058388	1060126	0.00
NC_092326.1	1058388	1060151	0.00
NC_092326.1	1058388	1060176	0.00
NC_092326.1	1058388	1060201	0.00
NC_092326.1	1058388	1060226	0.00
NC_092326.1	1058388	1060251	0.00
NC_092326.1	1058388	1060276	0.00
NC_092326.1	1058388	1060301	0.00
NC_092326.1	1058388	1060326	0.00
NC_092326.1	1058388	1060351	0.00
NC_092326.1	1058388	1060376	0.00
NC_092326.1	1058609	1056601	0.00
NC_092326.1	1058609	1056626	0.00
NC_092326.1	1058609	1056651	0.00
NC_092326.1	1058609	1056676	0.00
NC_092326.1	1058609	1056701	0.00
NC_092326.1	1058609	1056726	0.00
NC_092326.1	1058609	1056751	0.00
NC_092326.1	1058609	1056776	0.00
NC_092326.1	1058609	1056801	0.00
NC_092326.1	1058609	1056826	0.00
NC_092326.1	1058609	1056851	0.00
NC_092326.1	1058609	1056876	0.00
NC_092326.1	1058609	1056901	0.00
NC_092326.1	1058609	1056926	0.00
NC_092326.1	1058609	1056951	0.00
NC_092326.1	1058609	1056976	0.00
NC_092326.1	1058609	1057001	0.00
NC_092326.1	1058609	1057026	0.00
NC_092326.1	1058609	1057051	0.00
NC_092326.1	1058609	1057076	0.00
NC_092326.1	1058609	1057101	0.00
NC_092326.1	1058609	1057126	0.00
NC_092326.1	1058609	1057151	0.00
NC_092326.1	1058609	1057176	0.00
NC_092326.1	1058609	1057201	0.00
NC_092326.1	1058609	1057226	0.00
NC_092326.1	1058609	1057251	0.00
NC_092326.1	1058609	1057276	0.00
NC_092326.1	1058609	1057301	0.00
NC_092326.1	1058609	1057326	0.00
NC_092326.1	1058609	1057351	0.00
NC_092326.1	1058609	1057376	0.00
NC_092326.1	1058609	1057401	0.00
NC_092326.1	1058609	1057426	0.00
NC_092326.1	1058609	1057451	0.00
NC_092326.1	1058609	1057476	0.00
NC_092326.1	1058609	1057501	0.00
NC_092326.1	1058609	1057526	0.00
NC_092326.1	1058609	1057551	0.00
NC_092326.1	1058609	1057576	0.00
NC_092326.1	1058609	1057601	0.00
NC_092326.1	1058609	1057626	0.00
NC_092326.1	1058609	1057651	0.00
NC_092326.1	1058609	1057676	0.00
NC_092326.1	1058609	1057701	0.00
NC_092326.1	1058609	1057726	0.00
NC_092326.1	1058609	1057751	0.00
NC_092326.1	1058609	1057776	0.00
NC_092326.1	1058609	1057801	0.00
NC_092326.1	1058609	1057826	0.00
NC_092326.1	1058609	1057851	0.00
NC_092326.1	1058609	1057876	0.00
NC_092326.1	1058609	1057901	0.00
NC_092326.1	1058609	1057926	0.00
NC_092326.1	1058609	1057951	0.00
NC_092326.1	1058609	1057976	0.00
NC_092326.1	1058609	1058001	0.00
NC_092326.1	1058609	1058026	0.00
NC_092326.1	1058609	1058051	0.00
NC_092326.1	1058609	1058076	0.00
NC_092326.1	1058609	1058101	0.00
NC_092326.1	1058609	1058126	0.00
NC_092326.1	1058609	1058151	0.00
NC_092326.1	1058609	1058176	0.00
NC_092326.1	1058609	1058201	0.00
NC_092326.1	1058609	1058226	0.00
NC_092326.1	1058609	1058251	0.40
NC_092326.1	1058609	1058276	1.00
NC_092326.1	1058609	1058301	1.00
NC_092326.1	1058609	1058326	1.00
NC_092326.1	1058609	1058351	1.00
NC_092326.1	1058609	1058376	1.00
NC_092326.1	1058609	1058401	0.60
NC_092326.1	1058609	1058426	0.00
NC_092326.1	1058609	1058451	0.00
NC_092326.1	1058609	1058476	0.00
NC_092326.1	1058609	1058501	0.92
NC_092326.1	1058609	1058526	1.00
NC_092326.1	1058609	1058551	1.00
NC_092326.1	1058609	1058576	1.00
NC_092326.1	1058609	1058601	1.00
NC_092326.1	1058609	1058626	1.00
NC_092326.1	1058609	1058651	0.08
NC_092326.1	1058609	1058676	0.00
NC_092326.1	1058609	1058701	0.00
NC_092326.1	1058609	1058726	0.00
NC_092326.1	1058609	1058751	0.00
NC_092326.1	1058609	1058776	0.00
NC_092326.1	1058609	1058801	0.00
NC_092326.1	1058609	1058826	0.00
NC_092326.1	1058609	1058851	0.00
NC_092326.1	1058609	1058876	0.00
NC_092326.1	1058609	1058901	0.00
NC_092326.1	1058609	1058926	0.00
NC_092326.1	1058609	1058951	0.00
NC_092326.1	1058609	1058976	0.00
NC_092326.1	1058609	1059001	0.00
NC_092326.1	1058609	1059026	0.00
NC_092326.1	1058609	1059051	0.00
NC_092326.1	1058609	1059076	0.00
NC_092326.1	1058609	1059101	0.00
NC_092326.1	1058609	1059126	0.00
NC_092326.1	1058609	1059151	0.00
NC_092326.1	1058609	1059176	0.00
NC_092326.1	1058609	1059201	0.00
NC_092326.1	1058609	1059226	0.00
NC_092326.1	1058609	1059251	0.00
NC_092326.1	1058609	1059276	0.00
NC_092326.1	1058609	1059301	0.00
NC_092326.1	1058609	1059326	0.00
NC_092326.1	1058609	1059351	0.00
NC_092326.1	1058609	1059376	0.00
NC_092326.1	1058609	1059401	0.00
NC_092326.1	1058609	1059426	0.00
NC_092326.1	1058609	1059451	0.00
NC_092326.1	1058609	1059476	0.00
NC_092326.1	1058609	1059501	0.00
NC_092326.1	1058609	1059526	0.00
NC_092326.1	1058609	1059551	0.00
NC_092326.1	1058609	1059576	0.00
NC_092326.1	1058609	1059601	0.00
NC_092326.1	1058609	1059626	0.00
NC_092326.1	1058609	1059651	0.00
NC_092326.1	1058609	1059676	0.00
NC_092326.1	1058609	1059701	0.00
NC_092326.1	1058609	1059726	0.00
NC_092326.1	1058609	1059751	0.00
NC_092326.1	1058609	1059776	0.00
NC_092326.1	1058609	1059801	0.00
NC_092326.1	1058609	1059826	0.00
NC_092326.1	1058609	1059851	0.00
NC_092326.1	1058609	1059876	0.00
NC_092326.1	1058609	1059901	0.00
NC_092326.1	1058609	1059926	0.00
NC_092326.1	1058609	1059951	0.00
NC_092326.1	1058609	1059976	0.00
NC_092326.1	1058609	1060001	0.00
NC_092326.1	1058609	1060026	0.00
NC_092326.1	1058609	1060051	0.00
NC_092326.1	1058609	1060076	0.00
NC_092326.1	1058609	1060101	0.00
NC_092326.1	1058609	1060126	0.00
NC_092326.1	1058609	1060151	0.00
NC_092326.1	1058609	1060176	0.00
NC_092326.1	1058609	1060201	0.00
NC_092326.1	1058609	1060226	0.00
NC_092326.1	1058609	1060251	0.00
NC_092326.1	1058609	1060276	0.00
NC_092326.1	1058609	1060301	0.00
NC_092326.1	1058609	1060326	0.00
NC_092326.1	1058609	1060351	0.00
NC_092326.1	1058609	1060376	0.00
NC_092326.1	1058609	1060401	0.00
NC_092326.1	1058609	1060426	0.00
NC_092326.1	1058609	1060451	0.00
NC_092326.1	1058609	1060476	0.00
NC_092326.1	1058609	1060501	0.00
NC_092326.1	1058609	1060526	0.00
NC_092326.1	1058609	1060551	0.00
NC_092326.1	1058609	1060576	0.00
NC_092326.1	1058609	1060601	0.00
NC_092326.1	2985373	2983351	0.00
NC_092326.1	2985373	2983376	0.00
NC_092326.1	2985373	2983401	0.00
NC_092326.1	2985373	2983426	0.00
NC_092326.1	2985373	2983451	0.00
NC_092326.1	2985373	2983476	0.00
NC_092326.1	2985373	2983501	0.00
NC_092326.1	2985373	2983526	0.00
NC_092326.1	2985373	2983551	0.00
NC_092326.1	2985373	2983576	0.00
NC_092326.1	2985373	2983601	0.00
NC_092326.1	2985373	2983626	0.00
NC_092326.1	2985373	2983651	0.00
NC_092326.1	2985373	2983676	0.00
NC_092326.1	2985373	2983701	0.00
NC_092326.1	2985373	2983726	0.00
NC_092326.1	2985373	2983751	0.00
NC_092326.1	2985373	2983776	0.00
NC_092326.1	2985373	2983801	0.00
NC_092326.1	2985373	2983826	0.00
NC_092326.1	2985373	2983851	0.00
NC_092326.1	2985373	2983876	0.00
NC_092326.1	2985373	2983901	0.00
NC_092326.1	2985373	2983926	0.00
NC_092326.1	2985373	2983951	0.00
NC_092326.1	2985373	2983976	0.00
NC_092326.1	2985373	2984001	0.00
NC_092326.1	2985373	2984026	0.00
NC_092326.1	2985373	2984051	0.00
NC_092326.1	2985373	2984076	0.00
NC_092326.1	2985373	2984101	0.00
NC_092326.1	2985373	2984126	0.00
NC_092326.1	2985373	2984151	0.00
NC_092326.1	2985373	2984176	0.00
NC_092326.1	2985373	2984201	0.00
NC_092326.1	2985373	2984226	0.00
NC_092326.1	2985373	2984251	0.00
NC_092326.1	2985373	2984276	0.00
NC_092326.1	2985373	2984301	0.00
NC_092326.1	2985373	2984326	0.00
NC_092326.1	2985373	2984351	0.00
NC_092326.1	2985373	2984376	0.00
NC_092326.1	2985373	2984401	0.00
NC_092326.1	2985373	2984426	0.00
NC_092326.1	2985373	2984451	0.00
NC_092326.1	2985373	2984476	0.00
NC_092326.1	2985373	2984501	0.00
NC_092326.1	2985373	2984526	0.00
NC_092326.1	2985373	2984551	0.00
NC_092326.1	2985373	2984576	0.00
NC_092326.1	2985373	2984601	0.00
NC_092326.1	2985373	2984626	0.00
NC_092326.1	2985373	2984651	0.00
NC_092326.1	2985373	2984676	0.00
NC_092326.1	2985373	2984701	0.00
NC_092326.1	2985373	2984726	0.00
NC_092326.1	2985373	2984751	0.00
NC_092326.1	2985373	2984776	0.00
NC_092326.1	2985373	2984801	0.00
NC_092326.1	2985373	2984826	0.00
NC_092326.1	2985373	2984851	0.00
NC_092326.1	2985373	2984876	0.00
NC_092326.1	2985373	2984901	0.00
NC_092326.1	2985373	2984926	0.00
NC_092326.1	2985373	2984951	0.00
NC_092326.1	2985373	2984976	0.00
NC_092326.1	2985373	2985001	0.00
NC_092326.1	2985373	2985026	0.00
NC_092326.1	2985373	2985051	0.00
NC_092326.1	2985373	2985076	0.00
NC_092326.1	2985373	2985101	0.16
NC_092326.1	2985373	2985126	1.00
NC_092326.1	2985373	2985151	1.00
NC_092326.1	2985373	2985176	1.00
NC_092326.1	2985373	2985201	1.00
NC_092326.1	2985373	2985226	1.00
NC_092326.1	2985373	2985251	0.84
NC_092326.1	2985373	2985276	0.48
NC_092326.1	2985373	2985301	1.00
NC_092326.1	2985373	2985326	1.00
NC_092326.1	2985373	2985351	1.00
NC_092326.1	2985373	2985376	1.00
NC_092326.1	2985373	2985401	1.00
NC_092326.1	2985373	2985426	0.52
NC_092326.1	2985373	2985451	0.00
NC_092326.1	2985373	2985476	0.00
NC_092326.1	2985373	2985501	0.00
NC_092326.1	2985373	2985526	0.00
NC_092326.1	2985373	2985551	0.00
NC_092326.1	2985373	2985576	0.00
NC_092326.1	2985373	2985601	0.00
NC_092326.1	2985373	2985626	0.00
NC_092326.1	2985373	2985651	0.00
NC_092326.1	2985373	2985676	0.00
NC_092326.1	2985373	2985701	0.00
NC_092326.1	2985373	2985726	0.00
NC_092326.1	2985373	2985751	0.00
NC_092326.1	2985373	2985776	0.00
NC_092326.1	2985373	2985801	0.00
NC_092326.1	2985373	2985826	0.00
NC_092326.1	2985373	2985851	0.00
NC_092326.1	2985373	2985876	0.00
NC_092326.1	2985373	2985901	0.00
NC_092326.1	2985373	2985926	0.00
NC_092326.1	2985373	2985951	0.00
NC_092326.1	2985373	2985976	0.00
NC_092326.1	2985373	2986001	0.00
NC_092326.1	2985373	2986026	0.00
NC_092326.1	2985373	2986051	0.00
NC_092326.1	2985373	2986076	0.00
NC_092326.1	2985373	2986101	0.00
NC_092326.1	2985373	2986126	0.00
NC_092326.1	2985373	2986151	0.00
NC_092326.1	2985373	2986176	0.00
NC_092326.1	2985373	2986201	0.00
NC_092326.1	2985373	2986226	0.00
NC_092326.1	2985373	2986251	0.00
NC_092326.1	2985373	2986276	0.00
NC_092326.1	2985373	2986301	0.00
NC_092326.1	2985373	2986326	0.00
NC_092326.1	2985373	2986351	0.00
NC_092326.1	2985373	2986376	0.00
NC_092326.1	2985373	2986401	0.00
NC_092326.1	2985373	2986426	0.00
NC_092326.1	2985373	2986451	0.00
NC_092326.1	2985373	2986476	0.00
NC_092326.1	2985373	2986501	0.00
NC_092326.1	2985373	2986526	0.00
NC_092326.1	2985373	2986551	0.00
NC_092326.1	2985373	2986576	0.00
NC_092326.1	2985373	2986601	0.00
NC_092326.1	2985373	2986626	0.00
NC_092326.1	2985373	2986651	0.00
NC_092326.1	2985373	2986676	0.00
NC_092326.1	2985373	2986701	0.00
NC_092326.1	2985373	2986726	0.00
NC_092326.1	2985373	2986751	0.00
NC_092326.1	2985373	2986776	0.00
NC_092326.1	2985373	2986801	0.00
NC_092326.1	2985373	2986826	0.00
NC_092326.1	2985373	2986851	0.00
NC_092326.1	2985373	2986876	0.00
NC_092326.1	2985373	2986901	0.00
NC_092326.1	2985373	2986926	0.00
NC_092326.1	2985373	2986951	0.00
NC_092326.1	2985373	2986976	0.00
NC_092326.1	2985373	2987001	0.00
NC_092326.1	2985373	2987026	0.00
NC_092326.1	2985373	2987051	0.00
NC_092326.1	2985373	2987076	0.00
NC_092326.1	2985373	2987101	0.00
NC_092326.1	2985373	2987126	0.00
NC_092326.1	2985373	2987151	0.00
NC_092326.1	2985373	2987176	0.00
NC_092326.1	2985373	2987201	0.00
NC_092326.1	2985373	2987226	0.00
NC_092326.1	2985373	2987251	0.00
NC_092326.1	2985373	2987276	0.00
NC_092326.1	2985373	2987301	0.00
NC_092326.1	2985373	2987326	0.00
NC_092326.1	2985373	2987351	0.00
NC_092326.1	3743784	3741776	0.00
NC_092326.1	3743784	3741801	0.00
NC_092326.1	3743784	3741826	0.00
NC_092326.1	3743784	3741851	0.00
NC_092326.1	3743784	3741876	0.00
NC_092326.1	3743784	3741901	0.00
NC_092326.1	3743784	3741926	0.00
NC_092326.1	3743784	3741951	0.00
NC_092326.1	3743784	3741976	0.00
NC_092326.1	3743784	3742001	0.00
NC_092326.1	3743784	3742026	0.00
NC_092326.1	3743784	3742051	0.00
NC_092326.1	3743784	3742076	0.00
NC_092326.1	3743784	3742101	0.00
NC_092326.1	3743784	3742126	0.00
NC_092326.1	3743784	3742151	0.00
NC_092326.1	3743784	3742176	0.00
NC_092326.1	3743784	3742201	0.00
NC_092326.1	3743784	3742226	0.00
NC_092326.1	3743784	3742251	0.00
NC_092326.1	3743784	3742276	0.00
NC_092326.1	3743784	3742301	0.00
NC_092326.1	3743784	3742326	0.00
NC_092326.1	3743784	3742351	0.00
NC_092326.1	3743784	3742376	0.00
NC_092326.1	3743784	3742401	0.00
NC_092326.1	3743784	3742426	0.00
NC_092326.1	3743784	3742451	0.00
NC_092326.1	3743784	3742476	0.00
NC_092326.1	3743784	3742501	0.00
NC_092326.1	3743784	3742526	0.00
NC_092326.1	3743784	3742551	0.00
NC_092326.1	3743784	3742576	0.00
NC_092326.1	3743784	3742601	0.00
NC_092326.1	3743784	3742626	0.00
NC_092326.1	3743784	3742651	0.00
NC_092326.1	3743784	3742676	0.00
NC_092326.1	3743784	3742701	0.00
NC_092326.1	3743784	3742726	0.00
NC_092326.1	3743784	3742751	0.00
NC_092326.1	3743784	3742776	0.00
NC_092326.1	3743784	3742801	0.00
NC_092326.1	3743784	3742826	0.00
NC_092326.1	3743784	3742851	0.00
NC_092326.1	3743784	3742876	0.00
NC_092326.1	3743784	3742901	0.00
NC_092326.1	3743784	3742926	0.00
NC_092326.1	3743784	3742951	0.00
NC_092326.1	3743784	3742976	0.00
NC_092326.1	3743784	3743001	0.00
NC_092326.1	3743784	3743026	0.00
NC_092326.1	3743784	3743051	0.00
NC_092326.1	3743784	3743076	0.00
NC_092326.1	3743784	3743101	0.00
NC_092326.1	3743784	3743126	0.00
NC_092326.1	3743784	3743151	0.00
NC_092326.1	3743784	3743176	0.00
NC_092326.1	3743784	3743201	0.00
NC_092326.1	3743784	3743226	0.00
NC_092326.1	3743784	3743251	0.00
NC_092326.1	3743784	3743276	0.00
NC_092326.1	3743784	3743301	0.00
NC_092326.1	3743784	3743326	0.00
NC_092326.1	3743784	3743351	0.00
NC_092326.1	3743784	3743376	0.00
NC_092326.1	3743784	3743401	0.00
NC_092326.1	3743784	3743426	0.00
NC_092326.1	3743784	3743451	0.00
NC_092326.1	3743784	3743476	0.00
NC_092326.1	3743784	3743501	0.00
NC_092326.1	3743784	3743526	0.00
NC_092326.1	3743784	3743551	0.00
NC_092326.1	3743784	3743576	0.00
NC_092326.1	3743784	3743601	0.00
NC_092326.1	3743784	3743626	0.00
NC_092326.1	3743784	3743651	0.00
NC_092326.1	3743784	3743676	0.00
NC_092326.1	3743784	3743701	0.00
NC_092326.1	3743784	3743726	0.20
NC_092326.1	3743784	3743751	1.00
NC_092326.1	3743784	3743776	1.00
NC_092326.1	3743784	3743801	1.60
NC_092326.1	3743784	3743826	2.00
NC_092326.1	3743784	3743851	2.00
NC_092326.1	3743784	3743876	1.80
NC_092326.1	3743784	3743901	1.00
NC_092326.1	3743784	3743926	1.00
NC_092326.1	3743784	3743951	0.40
NC_092326.1	3743784	3743976	0.00
NC_092326.1	3743784	3744001	0.00
NC_092326.1	3743784	3744026	0.00
NC_092326.1	3743784	3744051	0.00
NC_092326.1	3743784	3744076	0.00
NC_092326.1	3743784	3744101	0.00
NC_092326.1	3743784	3744126	0.00
NC_092326.1	3743784	3744151	0.00
NC_092326.1	3743784	3744176	0.00
NC_092326.1	3743784	3744201	0.00
NC_092326.1	3743784	3744226	0.00
NC_092326.1	3743784	3744251	0.00
NC_092326.1	3743784	3744276	0.00
NC_092326.1	3743784	3744301	0.00
NC_092326.1	3743784	3744326	0.00
NC_092326.1	3743784	3744351	0.00
NC_092326.1	3743784	3744376	0.00
NC_092326.1	3743784	3744401	0.00
NC_092326.1	3743784	3744426	0.00
NC_092326.1	3743784	3744451	0.00
NC_092326.1	3743784	3744476	0.00
NC_092326.1	3743784	3744501	0.00
NC_092326.1	3743784	3744526	0.00
NC_092326.1	3743784	3744551	0.00
NC_092326.1	3743784	3744576	0.00
NC_092326.1	3743784	3744601	0.00
NC_092326.1	3743784	3744626	0.00
NC_092326.1	3743784	3744651	0.00
NC_092326.1	3743784	3744676	0.00
NC_092326.1	3743784	3744701	0.00
NC_092326.1	3743784	3744726	0.00
NC_092326.1	3743784	3744751	0.00
NC_092326.1	3743784	3744776	0.00
NC_092326.1	3743784	3744801	0.00
NC_092326.1	3743784	3744826	0.00
NC_092326.1	3743784	3744851	0.00
NC_092326.1	3743784	3744876	0.00
NC_092326.1	3743784	3744901	0.00
NC_092326.1	3743784	3744926	0.00
NC_092326.1	3743784	3744951	0.00
NC_092326.1	3743784	3744976	0.00
NC_092326.1	3743784	3745001	0.00
NC_092326.1	3743784	3745026	0.00
NC_092326.1	3743784	3745051	0.00
NC_092326.1	3743784	3745076	0.00
NC_092326.1	3743784	3745101	0.00
NC_092326.1	3743784	3745126	0.00
NC_092326.1	3743784	3745151	0.00
NC_092326.1	3743784	3745176	0.00
NC_092326.1	3743784	3745201	0.00
NC_092326.1	3743784	3745226	0.00
NC_092326.1	3743784	3745251	0.00
NC_092326.1	3743784	3745276	0.00
NC_092326.1	3743784	3745301	0.00
NC_092326.1	3743784	3745326	0.00
NC_092326.1	3743784	3745351	0.00
NC_092326.1	3743784	3745376	0.00
NC_092326.1	3743784	3745401	0.00
NC_092326.1	3743784	3745426	0.00
NC_092326.1	3743784	3745451	0.00
NC_092326.1	3743784	3745476	0.00
NC_092326.1	3743784	3745501	0.00
NC_092326.1	3743784	3745526	0.00
NC_092326.1	3743784	3745551	0.00
NC_092326.1	3743784	3745576	0.00
NC_092326.1	3743784	3745601	0.00
NC_092326.1	3743784	3745626	0.00
NC_092326.1	3743784	3745651	0.00
NC_092326.1	3743784	3745676	0.00
NC_092326.1	3743784	3745701	0.00
NC_092326.1	3743784	3745726	0.00
NC_092326.1	3743784	3745751	0.00
NC_092326.1	3743784	3745776	0.00
NC_092326.1	4453412	4451401	0.00
NC_092326.1	4453412	4451426	0.00
NC_092326.1	4453412	4451451	0.00
NC_092326.1	4453412	4451476	0.00
NC_092326.1	4453412	4451501	0.00
NC_092326.1	4453412	4451526	0.00
NC_092326.1	4453412	4451551	0.00
NC_092326.1	4453412	4451576	0.00
NC_092326.1	4453412	4451601	0.00
NC_092326.1	4453412	4451626	0.00
NC_092326.1	4453412	4451651	0.00
NC_092326.1	4453412	4451676	0.00
NC_092326.1	4453412	4451701	0.00
NC_092326.1	4453412	4451726	0.00
NC_092326.1	4453412	4451751	0.00
NC_092326.1	4453412	4451776	0.00
NC_092326.1	4453412	4451801	0.00
NC_092326.1	4453412	4451826	0.00
NC_092326.1	4453412	4451851	0.00
NC_092326.1	4453412	4451876	0.00
NC_092326.1	4453412	4451901	0.00
NC_092326.1	4453412	4451926	0.00
NC_092326.1	4453412	4451951	0.00
NC_092326.1	4453412	4451976	0.00
NC_092326.1	4453412	4452001	0.00
NC_092326.1	4453412	4452026	0.00
NC_092326.1	4453412	4452051	0.00
NC_092326.1	4453412	4452076	0.00
NC_092326.1	4453412	4452101	0.00
NC_092326.1	4453412	4452126	0.00
NC_092326.1	4453412	4452151	0.00
NC_092326.1	4453412	4452176	0.00
NC_092326.1	4453412	4452201	0.00
NC_092326.1	4453412	4452226	0.00
NC_092326.1	4453412	4452251	0.00
NC_092326.1	4453412	4452276	0.00
NC_092326.1	4453412	4452301	0.00
NC_092326.1	4453412	4452326	0.00
NC_092326.1	4453412	4452351	0.00
NC_092326.1	4453412	4452376	0.00
NC_092326.1	4453412	4452401	0.00
NC_092326.1	4453412	4452426	0.00
NC_092326.1	4453412	4452451	0.00
NC_092326.1	4453412	4452476	0.00
NC_092326.1	4453412	4452501	0.00
NC_092326.1	4453412	4452526	0.00
NC_092326.1	4453412	4452551	0.00
NC_092326.1	4453412	4452576	0.00
NC_092326.1	4453412	4452601	0.00
NC_092326.1	4453412	4452626	0.00
NC_092326.1	4453412	4452651	0.00
NC_092326.1	4453412	4452676	0.00
NC_092326.1	4453412	4452701	0.00
NC_092326.1	4453412	4452726	0.00
NC_092326.1	4453412	4452751	0.00
NC_092326.1	4453412	4452776	0.00
NC_092326.1	4453412	4452801	0.00
NC_092326.1	4453412	4452826	0.00
NC_092326.1	4453412	4452851	0.00
NC_092326.1	4453412	4452876	0.00
NC_092326.1	4453412	4452901	0.00
NC_092326.1	4453412	4452926	0.00
NC_092326.1	4453412	4452951	0.00
NC_092326.1	4453412	4452976	0.00
NC_092326.1	4453412	4453001	0.00
NC_092326.1	4453412	4453026	0.00
NC_092326.1	4453412	4453051	0.00
NC_092326.1	4453412	4453076	0.00
NC_092326.1	4453412	4453101	0.00
NC_092326.1	4453412	4453126	0.00
NC_092326.1	4453412	4453151	0.00
NC_092326.1	4453412	4453176	0.00
NC_092326.1	4453412	4453201	0.00
NC_092326.1	4453412	4453226	0.00
NC_092326.1	4453412	4453251	0.00
NC_092326.1	4453412	4453276	0.00
NC_092326.1	4453412	4453301	0.00
NC_092326.1	4453412	4453326	0.00
NC_092326.1	4453412	4453351	0.00
NC_092326.1	4453412	4453376	0.60
NC_092326.1	4453412	4453401	1.00
NC_092326.1	4453412	4453426	1.00
NC_092326.1	4453412	4453451	1.00
NC_092326.1	4453412	4453476	1.00
NC_092326.1	4453412	4453501	1.00
NC_092326.1	4453412	4453526	0.40
NC_092326.1	4453412	4453551	0.00
NC_092326.1	4453412	4453576	0.88
NC_092326.1	4453412	4453601	1.00
NC_092326.1	4453412	4453626	0.96
NC_092326.1	4453412	4453651	1.00
NC_092326.1	4453412	4453676	1.00
NC_092326.1	4453412	4453701	1.00
NC_092326.1	4453412	4453726	0.16
NC_092326.1	4453412	4453751	0.00
NC_092326.1	4453412	4453776	0.00
NC_092326.1	4453412	4453801	0.00
NC_092326.1	4453412	4453826	0.00
NC_092326.1	4453412	4453851	0.00
NC_092326.1	4453412	4453876	0.00
NC_092326.1	4453412	4453901	0.00
NC_092326.1	4453412	4453926	0.00
NC_092326.1	4453412	4453951	0.00
NC_092326.1	4453412	4453976	0.00
NC_092326.1	4453412	4454001	0.00
NC_092326.1	4453412	4454026	0.00
NC_092326.1	4453412	4454051	0.00
NC_092326.1	4453412	4454076	0.00
NC_092326.1	4453412	4454101	0.00
NC_092326.1	4453412	4454126	0.00
NC_092326.1	4453412	4454151	0.00
NC_092326.1	4453412	4454176	0.00
NC_092326.1	4453412	4454201	0.00
NC_092326.1	4453412	4454226	0.00
NC_092326.1	4453412	4454251	0.00
NC_092326.1	4453412	4454276	0.00
NC_092326.1	4453412	4454301	0.00
NC_092326.1	4453412	4454326	0.00
NC_092326.1	4453412	4454351	0.00
NC_092326.1	4453412	4454376	0.00
NC_092326.1	4453412	4454401	0.00
NC_092326.1	4453412	4454426	0.00
NC_092326.1	4453412	4454451	0.00
NC_092326.1	4453412	4454476	0.00
NC_092326.1	4453412	4454501	0.00
NC_092326.1	4453412	4454526	0.00
NC_092326.1	4453412	4454551	0.00
NC_092326.1	4453412	4454576	0.00
NC_092326.1	4453412	4454601	0.00
NC_092326.1	4453412	4454626	0.00
NC_092326.1	4453412	4454651	0.00
NC_092326.1	4453412	4454676	0.00
NC_092326.1	4453412	4454701	0.00
NC_092326.1	4453412	4454726	0.00
NC_092326.1	4453412	4454751	0.00
NC_092326.1	4453412	4454776	0.00
NC_092326.1	4453412	4454801	0.00
NC_092326.1	4453412	4454826	0.00
NC_092326.1	4453412	4454851	0.00
NC_092326.1	4453412	4454876	0.00
NC_092326.1	4453412	4454901	0.00
NC_092326.1	4453412	4454926	0.00
NC_092326.1	4453412	4454951	0.00
NC_092326.1	4453412	4454976	0.00
NC_092326.1	4453412	4455001	0.00
NC_092326.1	4453412	4455026	0.00
NC_092326.1	4453412	4455051	0.00
NC_092326.1	4453412	4455076	0.00
NC_092326.1	4453412	4455101	0.00
NC_092326.1	4453412	4455126	0.00
NC_092326.1	4453412	4455151	0.00
NC_092326.1	4453412	4455176	0.00
NC_092326.1	4453412	4455201	0.00
NC_092326.1	4453412	4455226	0.00
NC_092326.1	4453412	4455251	0.00
NC_092326.1	4453412	4455276	0.00
NC_092326.1	4453412	4455301	0.00
NC_092326.1	4453412	4455326	0.00
NC_092326.1	4453412	4455351	0.00
NC_092326.1	4453412	4455376	0.00
NC_092326.1	4453412	4455401	0.00
NC_092326.1	8262690	8260676	0.00
NC_092326.1	8262690	8260701	0.00
NC_092326.1	8262690	8260726	0.00
NC_092326.1	8262690	8260751	0.00
NC_092326.1	8262690	8260776	0.00
NC_092326.1	8262690	8260801	0.00
NC_092326.1	8262690	8260826	0.00
NC_092326.1	8262690	8260851	0.00
NC_092326.1	8262690	8260876	0.00
NC_092326.1	8262690	8260901	0.00
NC_092326.1	8262690	8260926	0.00
NC_092326.1	8262690	8260951	0.00
NC_092326.1	8262690	8260976	0.00
NC_092326.1	8262690	8261001	0.00
NC_092326.1	8262690	8261026	0.00
NC_092326.1	8262690	8261051	0.00
NC_092326.1	8262690	8261076	0.00
NC_092326.1	8262690	8261101	0.00
NC_092326.1	8262690	8261126	0.00
NC_092326.1	8262690	8261151	0.00
NC_092326.1	8262690	8261176	0.00
NC_092326.1	8262690	8261201	0.00
NC_092326.1	8262690	8261226	0.00
NC_092326.1	8262690	8261251	0.00
NC_092326.1	8262690	8261276	0.00
NC_092326.1	8262690	8261301	0.00
NC_092326.1	8262690	8261326	0.00
NC_092326.1	8262690	8261351	0.00
NC_092326.1	8262690	8261376	0.00
NC_092326.1	8262690	8261401	0.00
NC_092326.1	8262690	8261426	0.00
NC_092326.1	8262690	8261451	0.00
NC_092326.1	8262690	8261476	0.00
NC_092326.1	8262690	8261501	0.00
NC_092326.1	8262690	8261526	0.00
NC_092326.1	8262690	8261551	0.00
NC_092326.1	8262690	8261576	0.00
NC_092326.1	8262690	8261601	0.00
NC_092326.1	8262690	8261626	0.00
NC_092326.1	8262690	8261651	0.00
NC_092326.1	8262690	8261676	0.00
NC_092326.1	8262690	8261701	0.00
NC_092326.1	8262690	8261726	0.00
NC_092326.1	8262690	8261751	0.00
NC_092326.1	8262690	8261776	0.00
NC_092326.1	8262690	8261801	0.00
NC_092326.1	8262690	8261826	0.00
NC_092326.1	8262690	8261851	0.00
NC_092326.1	8262690	8261876	0.00
NC_092326.1	8262690	8261901	0.00
NC_092326.1	8262690	8261926	0.00
NC_092326.1	8262690	8261951	0.00
NC_092326.1	8262690	8261976	0.00
NC_092326.1	8262690	8262001	0.00
NC_092326.1	8262690	8262026	0.00
NC_092326.1	8262690	8262051	0.00
NC_092326.1	8262690	8262076	0.00
NC_092326.1	8262690	8262101	0.00
NC_092326.1	8262690	8262126	0.00
NC_092326.1	8262690	8262151	0.00
NC_092326.1	8262690	8262176	0.00
NC_092326.1	8262690	8262201	0.00
NC_092326.1	8262690	8262226	0.00
NC_092326.1	8262690	8262251	0.00
NC_092326.1	8262690	8262276	0.00
NC_092326.1	8262690	8262301	0.00
NC_092326.1	8262690	8262326	0.00
NC_092326.1	8262690	8262351	0.00
NC_092326.1	8262690	8262376	0.00
NC_092326.1	8262690	8262401	0.00
NC_092326.1	8262690	8262426	0.00
NC_092326.1	8262690	8262451	0.00
NC_092326.1	8262690	8262476	0.00
NC_092326.1	8262690	8262501	0.00
NC_092326.1	8262690	8262526	0.00
NC_092326.1	8262690	8262551	0.00
NC_092326.1	8262690	8262576	0.00
NC_092326.1	8262690	8262601	0.44
NC_092326.1	8262690	8262626	1.00
NC_092326.1	8262690	8262651	1.00
NC_092326.1	8262690	8262676	1.00
NC_092326.1	8262690	8262701	1.56
NC_092326.1	8262690	8262726	2.00
NC_092326.1	8262690	8262751	1.56
NC_092326.1	8262690	8262776	1.00
NC_092326.1	8262690	8262801	1.00
NC_092326.1	8262690	8262826	1.00
NC_092326.1	8262690	8262851	0.44
NC_092326.1	8262690	8262876	0.00
NC_092326.1	8262690	8262901	0.00
NC_092326.1	8262690	8262926	0.00
NC_092326.1	8262690	8262951	0.00
NC_092326.1	8262690	8262976	0.00
NC_092326.1	8262690	8263001	0.00
NC_092326.1	8262690	8263026	0.00
NC_092326.1	8262690	8263051	0.00
NC_092326.1	8262690	8263076	0.00
NC_092326.1	8262690	8263101	0.00
NC_092326.1	8262690	8263126	0.00
NC_092326.1	8262690	8263151	0.00
NC_092326.1	8262690	8263176	0.00
NC_092326.1	8262690	8263201	0.00
NC_092326.1	8262690	8263226	0.00
NC_092326.1	8262690	8263251	0.00
NC_092326.1	8262690	8263276	0.00
NC_092326.1	8262690	8263301	0.00
NC_092326.1	8262690	8263326	0.00
NC_092326.1	8262690	8263351	0.00
NC_092326.1	8262690	8263376	0.00
NC_092326.1	8262690	8263401	0.00
NC_092326.1	8262690	8263426	0.00
NC_092326.1	8262690	8263451	0.00
NC_092326.1	8262690	8263476	0.00
NC_092326.1	8262690	8263501	0.00
NC_092326.1	8262690	8263526	0.00
NC_092326.1	8262690	8263551	0.00
NC_092326.1	8262690	8263576	0.00
NC_092326.1	8262690	8263601	0.00
NC_092326.1	8262690	8263626	0.00
NC_092326.1	8262690	8263651	0.00
NC_092326.1	8262690	8263676	0.00
NC_092326.1	8262690	8263701	0.00
NC_092326.1	8262690	8263726	0.00
NC_092326.1	8262690	8263751	0.00
NC_092326.1	8262690	8263776	0.00
NC_092326.1	8262690	8263801	0.00
NC_092326.1	8262690	8263826	0.00
NC_092326.1	8262690	8263851	0.00
NC_092326.1	8262690	8263876	0.00
NC_092326.1	8262690	8263901	0.00
NC_092326.1	8262690	8263926	0.00
NC_092326.1	8262690	8263951	0.00
NC_092326.1	8262690	8263976	0.00
NC_092326.1	8262690	8264001	0.00
NC_092326.1	8262690	8264026	0.00
NC_092326.1	8262690	8264051	0.00
NC_092326.1	8262690	8264076	0.00
NC_092326.1	8262690	8264101	0.00
NC_092326.1	8262690	8264126	0.00
NC_092326.1	8262690	8264151	0.00
NC_092326.1	8262690	8264176	0.00
NC_092326.1	8262690	8264201	0.00
NC_092326.1	8262690	8264226	0.00
NC_092326.1	8262690	8264251	0.00
NC_092326.1	8262690	8264276	0.00
NC_092326.1	8262690	8264301	0.00
NC_092326.1	8262690	8264326	0.00
NC_092326.1	8262690	8264351	0.00
NC_092326.1	8262690	8264376	0.00
NC_092326.1	8262690	8264401	0.00
NC_092326.1	8262690	8264426	0.00
NC_092326.1	8262690	8264451	0.00
NC_092326.1	8262690	8264476	0.00
NC_092326.1	8262690	8264501	0.00
NC_092326.1	8262690	8264526	0.00
NC_092326.1	8262690	8264551	0.00
NC_092326.1	8262690	8264576	0.00
NC_092326.1	8262690	8264601	0.00
NC_092326.1	8262690	8264626	0.00
NC_092326.1	8262690	8264651	0.00
NC_092326.1	8262690	8264676	0.00
NC_092326.1	8262759	8260751	0.00
NC_092326.1	8262759	8260776	0.00
NC_092326.1	8262759	8260801	0.00
NC_092326.1	8262759	8260826	0.00
NC_092326.1	8262759	8260851	0.00
NC_092326.1	8262759	8260876	0.00
NC_092326.1	8262759	8260901	0.00
NC_092326.1	8262759	8260926	0.00
NC_092326.1	8262759	8260951	0.00
NC_092326.1	8262759	8260976	0.00
NC_092326.1	8262759	8261001	0.00
NC_092326.1	8262759	8261026	0.00
NC_092326.1	8262759	8261051	0.00
NC_092326.1	8262759	8261076	0.00
NC_092326.1	8262759	8261101	0.00
NC_092326.1	8262759	8261126	0.00
NC_092326.1	8262759	8261151	0.00
NC_092326.1	8262759	8261176	0.00
NC_092326.1	8262759	8261201	0.00
NC_092326.1	8262759	8261226	0.00
NC_092326.1	8262759	8261251	0.00
NC_092326.1	8262759	8261276	0.00
NC_092326.1	8262759	8261301	0.00
NC_092326.1	8262759	8261326	0.00
NC_092326.1	8262759	8261351	0.00
NC_092326.1	8262759	8261376	0.00
NC_092326.1	8262759	8261401	0.00
NC_092326.1	8262759	8261426	0.00
NC_092326.1	8262759	8261451	0.00
NC_092326.1	8262759	8261476	0.00
NC_092326.1	8262759	8261501	0.00
NC_092326.1	8262759	8261526	0.00
NC_092326.1	8262759	8261551	0.00
NC_092326.1	8262759	8261576	0.00
NC_092326.1	8262759	8261601	0.00
NC_092326.1	8262759	8261626	0.00
NC_092326.1	8262759	8261651	0.00
NC_092326.1	8262759	8261676	0.00
NC_092326.1	8262759	8261701	0.00
NC_092326.1	8262759	8261726	0.00
NC_092326.1	8262759	8261751	0.00
NC_092326.1	8262759	8261776	0.00
NC_092326.1	8262759	8261801	0.00
NC_092326.1	8262759	8261826	0.00
NC_092326.1	8262759	8261851	0.00
NC_092326.1	8262759	8261876	0.00
NC_092326.1	8262759	8261901	0.00
NC_092326.1	8262759	8261926	0.00
NC_092326.1	8262759	8261951	0.00
NC_092326.1	8262759	8261976	0.00
NC_092326.1	8262759	8262001	0.00
NC_092326.1	8262759	8262026	0.00
NC_092326.1	8262759	8262051	0.00
NC_092326.1	8262759	8262076	0.00
NC_092326.1	8262759	8262101	0.00
NC_092326.1	8262759	8262126	0.00
NC_092326.1	8262759	8262151	0.00
NC_092326.1	8262759	8262176	0.00
NC_092326.1	8262759	8262201	0.00
NC_092326.1	8262759	8262226	0.00
NC_092326.1	8262759	8262251	0.00
NC_092326.1	8262759	8262276	0.00
NC_092326.1	8262759	8262301	0.00
NC_092326.1	8262759	8262326	0.00
NC_092326.1	8262759	8262351	0.00
NC_092326.1	8262759	8262376	0.00
NC_092326.1	8262759	8262401	0.00
NC_092326.1	8262759	8262426	0.00
NC_092326.1	8262759	8262451	0.00
NC_092326.1	8262759	8262476	0.00
NC_092326.1	8262759	8262501	0.00
NC_092326.1	8262759	8262526	0.00
NC_092326.1	8262759	8262551	0.00
NC_092326.1	8262759	8262576	0.00
NC_092326.1	8262759	8262601	0.44
NC_092326.1	8262759	8262626	1.00
NC_092326.1	8262759	8262651	1.00
NC_092326.1	8262759	8262676	1.00
NC_092326.1	8262759	8262701	1.56
NC_092326.1	8262759	8262726	2.00
NC_092326.1	8262759	8262751	1.56
NC_092326.1	8262759	8262776	1.00
NC_092326.1	8262759	8262801	1.00
NC_092326.1	8262759	8262826	1.00
NC_092326.1	8262759	8262851	0.44
NC_092326.1	8262759	8262876	0.00
NC_092326.1	8262759	8262901	0.00
NC_092326.1	8262759	8262926	0.00
NC_092326.1	8262759	8262951	0.00
NC_092326.1	8262759	8262976	0.00
NC_092326.1	8262759	8263001	0.00
NC_092326.1	8262759	8263026	0.00
NC_092326.1	8262759	8263051	0.00
NC_092326.1	8262759	8263076	0.00
NC_092326.1	8262759	8263101	0.00
NC_092326.1	8262759	8263126	0.00
NC_092326.1	8262759	8263151	0.00
NC_092326.1	8262759	8263176	0.00
NC_092326.1	8262759	8263201	0.00
NC_092326.1	8262759	8263226	0.00
NC_092326.1	8262759	8263251	0.00
NC_092326.1	8262759	8263276	0.00
NC_092326.1	8262759	8263301	0.00
NC_092326.1	8262759	8263326	0.00
NC_092326.1	8262759	8263351	0.00
NC_092326.1	8262759	8263376	0.00
NC_092326.1	8262759	8263401	0.00
NC_092326.1	8262759	8263426	0.00
NC_092326.1	8262759	8263451	0.00
NC_092326.1	8262759	8263476	0.00
NC_092326.1	8262759	8263501	0.00
NC_092326.1	8262759	8263526	0.00
NC_092326.1	8262759	8263551	0.00
NC_092326.1	8262759	8263576	0.00
NC_092326.1	8262759	8263601	0.00
NC_092326.1	8262759	8263626	0.00
NC_092326.1	8262759	8263651	0.00
NC_092326.1	8262759	8263676	0.00
NC_092326.1	8262759	8263701	0.00
NC_092326.1	8262759	8263726	0.00
NC_092326.1	8262759	8263751	0.00
NC_092326.1	8262759	8263776	0.00
NC_092326.1	8262759	8263801	0.00
NC_092326.1	8262759	8263826	0.00
NC_092326.1	8262759	8263851	0.00
NC_092326.1	8262759	8263876	0.00
NC_092326.1	8262759	8263901	0.00
NC_092326.1	8262759	8263926	0.00
NC_092326.1	8262759	8263951	0.00
NC_092326.1	8262759	8263976	0.00
NC_092326.1	8262759	8264001	0.00
NC_092326.1	8262759	8264026	0.00
NC_092326.1	8262759	8264051	0.00
NC_092326.1	8262759	8264076	0.00
NC_092326.1	8262759	8264101	0.00
NC_092326.1	8262759	8264126	0.00
NC_092326.1	8262759	8264151	0.00
NC_092326.1	8262759	8264176	0.00
NC_092326.1	8262759	8264201	0.00
NC_092326.1	8262759	8264226	0.00
NC_092326.1	8262759	8264251	0.00
NC_092326.1	8262759	8264276	0.00
NC_092326.1	8262759	8264301	0.00
NC_092326.1	8262759	8264326	0.00
NC_092326.1	8262759	8264351	0.00
NC_092326.1	8262759	8264376	0.00
NC_092326.1	8262759	8264401	0.00
NC_092326.1	8262759	8264426	0.00
NC_092326.1	8262759	8264451	0.00
NC_092326.1	8262759	8264476	0.00
NC_092326.1	8262759	8264501	0.00
NC_092326.1	8262759	8264526	0.00
NC_092326.1	8262759	8264551	0.00
NC_092326.1	8262759	8264576	0.00
NC_092326.1	8262759	8264601	0.00
NC_092326.1	8262759	8264626	0.00
NC_092326.1	8262759	8264651	0.00
NC_092326.1	8262759	8264676	0.00
NC_092326.1	8262759	8264701	0.00
NC_092326.1	8262759	8264726	0.00
NC_092326.1	8262759	8264751	0.00
NC_092326.1	14831287	14829276	0.00
NC_092326.1	14831287	14829301	0.00
NC_092326.1	14831287	14829326	0.00
NC_092326.1	14831287	14829351	0.00
NC_092326.1	14831287	14829376	0.00
NC_092326.1	14831287	14829401	0.00
NC_092326.1	14831287	14829426	0.00
NC_092326.1	14831287	14829451	0.00
NC_092326.1	14831287	14829476	0.00
NC_092326.1	14831287	14829501	0.00
NC_092326.1	14831287	14829526	0.00
NC_092326.1	14831287	14829551	0.00
NC_092326.1	14831287	14829576	0.00
NC_092326.1	14831287	14829601	0.00
NC_092326.1	14831287	14829626	0.00
NC_092326.1	14831287	14829651	0.00
NC_092326.1	14831287	14829676	0.00
NC_092326.1	14831287	14829701	0.00
NC_092326.1	14831287	14829726	0.00
NC_092326.1	14831287	14829751	0.00
NC_092326.1	14831287	14829776	0.00
NC_092326.1	14831287	14829801	0.00
NC_092326.1	14831287	14829826	0.00
NC_092326.1	14831287	14829851	0.00
NC_092326.1	14831287	14829876	0.00
NC_092326.1	14831287	14829901	0.00
NC_092326.1	14831287	14829926	0.00
NC_092326.1	14831287	14829951	0.00
NC_092326.1	14831287	14829976	0.00
NC_092326.1	14831287	14830001	0.00
NC_092326.1	14831287	14830026	0.00
NC_092326.1	14831287	14830051	0.00
NC_092326.1	14831287	14830076	0.00
NC_092326.1	14831287	14830101	0.00
NC_092326.1	14831287	14830126	0.00
NC_092326.1	14831287	14830151	0.00
NC_092326.1	14831287	14830176	0.00
NC_092326.1	14831287	14830201	0.00
NC_092326.1	14831287	14830226	0.00
NC_092326.1	14831287	14830251	0.00
NC_092326.1	14831287	14830276	0.00
NC_092326.1	14831287	14830301	0.00
NC_092326.1	14831287	14830326	0.00
NC_092326.1	14831287	14830351	0.00
NC_092326.1	14831287	14830376	0.00
NC_092326.1	14831287	14830401	0.00
NC_092326.1	14831287	14830426	0.00
NC_092326.1	14831287	14830451	0.00
NC_092326.1	14831287	14830476	0.00
NC_092326.1	14831287	14830501	0.00
NC_092326.1	14831287	14830526	0.00
NC_092326.1	14831287	14830551	0.00
NC_092326.1	14831287	14830576	0.00
NC_092326.1	14831287	14830601	0.00
NC_092326.1	14831287	14830626	0.00
NC_092326.1	14831287	14830651	0.00
NC_092326.1	14831287	14830676	0.00
NC_092326.1	14831287	14830701	0.00
NC_092326.1	14831287	14830726	0.00
NC_092326.1	14831287	14830751	0.00
NC_092326.1	14831287	14830776	0.00
NC_092326.1	14831287	14830801	0.00
NC_092326.1	14831287	14830826	0.00
NC_092326.1	14831287	14830851	0.00
NC_092326.1	14831287	14830876	0.00
NC_092326.1	14831287	14830901	0.00
NC_092326.1	14831287	14830926	0.00
NC_092326.1	14831287	14830951	0.00
NC_092326.1	14831287	14830976	0.00
NC_092326.1	14831287	14831001	0.00
NC_092326.1	14831287	14831026	0.00
NC_092326.1	14831287	14831051	0.00
NC_092326.1	14831287	14831076	0.00
NC_092326.1	14831287	14831101	0.00
NC_092326.1	14831287	14831126	0.00
NC_092326.1	14831287	14831151	0.00
NC_092326.1	14831287	14831176	0.00
NC_092326.1	14831287	14831201	0.00
NC_092326.1	14831287	14831226	0.00
NC_092326.1	14831287	14831251	0.04
NC_092326.1	14831287	14831276	1.00
NC_092326.1	14831287	14831301	1.00
NC_092326.1	14831287	14831326	1.00
NC_092326.1	14831287	14831351	1.00
NC_092326.1	14831287	14831376	1.00
NC_092326.1	14831287	14831401	1.12
NC_092326.1	14831287	14831426	1.00
NC_092326.1	14831287	14831451	1.00
NC_092326.1	14831287	14831476	1.00
NC_092326.1	14831287	14831501	1.00
NC_092326.1	14831287	14831526	1.00
NC_092326.1	14831287	14831551	0.84
NC_092326.1	14831287	14831576	0.00
NC_092326.1	14831287	14831601	0.00
NC_092326.1	14831287	14831626	0.00
NC_092326.1	14831287	14831651	0.00
NC_092326.1	14831287	14831676	0.00
NC_092326.1	14831287	14831701	0.00
NC_092326.1	14831287	14831726	0.00
NC_092326.1	14831287	14831751	0.00
NC_092326.1	14831287	14831776	0.00
NC_092326.1	14831287	14831801	0.00
NC_092326.1	14831287	14831826	0.00
NC_092326.1	14831287	14831851	0.00
NC_092326.1	14831287	14831876	0.00
NC_092326.1	14831287	14831901	0.00
NC_092326.1	14831287	14831926	0.00
NC_092326.1	14831287	14831951	0.00
NC_092326.1	14831287	14831976	0.00
NC_092326.1	14831287	14832001	0.00
NC_092326.1	14831287	14832026	0.00
NC_092326.1	14831287	14832051	0.00
NC_092326.1	14831287	14832076	0.00
NC_092326.1	14831287	14832101	0.00
NC_092326.1	14831287	14832126	0.00
NC_092326.1	14831287	14832151	0.00
NC_092326.1	14831287	14832176	0.00
NC_092326.1	14831287	14832201	0.00
NC_092326.1	14831287	14832226	0.00
NC_092326.1	14831287	14832251	0.00
NC_092326.1	14831287	14832276	0.00
NC_092326.1	14831287	14832301	0.00
NC_092326.1	14831287	14832326	0.00
NC_092326.1	14831287	14832351	0.00
NC_092326.1	14831287	14832376	0.00
NC_092326.1	14831287	14832401	0.00
NC_092326.1	14831287	14832426	0.00
NC_092326.1	14831287	14832451	0.00
NC_092326.1	14831287	14832476	0.00
NC_092326.1	14831287	14832501	0.00
NC_092326.1	14831287	14832526	0.00
NC_092326.1	14831287	14832551	0.00
NC_092326.1	14831287	14832576	0.00
NC_092326.1	14831287	14832601	0.00
NC_092326.1	14831287	14832626	0.00
NC_092326.1	14831287	14832651	0.00
NC_092326.1	14831287	14832676	0.00
NC_092326.1	14831287	14832701	0.00
NC_092326.1	14831287	14832726	0.00
NC_092326.1	14831287	14832751	0.00
NC_092326.1	14831287	14832776	0.00
NC_092326.1	14831287	14832801	0.00
NC_092326.1	14831287	14832826	0.00
NC_092326.1	14831287	14832851	0.00
NC_092326.1	14831287	14832876	0.00
NC_092326.1	14831287	14832901	0.00
NC_092326.1	14831287	14832926	0.00
NC_092326.1	14831287	14832951	0.00
NC_092326.1	14831287	14832976	0.00
NC_092326.1	14831287	14833001	0.00
NC_092326.1	14831287	14833026	0.00
NC_092326.1	14831287	14833051	0.00
NC_092326.1	14831287	14833076	0.00
NC_092326.1	14831287	14833101	0.00
NC_092326.1	14831287	14833126	0.00
NC_092326.1	14831287	14833151	0.00
NC_092326.1	14831287	14833176	0.00
NC_092326.1	14831287	14833201	0.00
NC_092326.1	14831287	14833226	0.00
NC_092326.1	14831287	14833251	0.00
NC_092326.1	14831287	14833276	0.00
NC_092326.1	14831468	14829451	0.00
NC_092326.1	14831468	14829476	0.00
NC_092326.1	14831468	14829501	0.00
NC_092326.1	14831468	14829526	0.00
NC_092326.1	14831468	14829551	0.00
NC_092326.1	14831468	14829576	0.00
NC_092326.1	14831468	14829601	0.00
NC_092326.1	14831468	14829626	0.00
NC_092326.1	14831468	14829651	0.00
NC_092326.1	14831468	14829676	0.00
NC_092326.1	14831468	14829701	0.00
NC_092326.1	14831468	14829726	0.00
NC_092326.1	14831468	14829751	0.00
NC_092326.1	14831468	14829776	0.00
NC_092326.1	14831468	14829801	0.00
NC_092326.1	14831468	14829826	0.00
NC_092326.1	14831468	14829851	0.00
NC_092326.1	14831468	14829876	0.00
NC_092326.1	14831468	14829901	0.00
NC_092326.1	14831468	14829926	0.00
NC_092326.1	14831468	14829951	0.00
NC_092326.1	14831468	14829976	0.00
NC_092326.1	14831468	14830001	0.00
NC_092326.1	14831468	14830026	0.00
NC_092326.1	14831468	14830051	0.00
NC_092326.1	14831468	14830076	0.00
NC_092326.1	14831468	14830101	0.00
NC_092326.1	14831468	14830126	0.00
NC_092326.1	14831468	14830151	0.00
NC_092326.1	14831468	14830176	0.00
NC_092326.1	14831468	14830201	0.00
NC_092326.1	14831468	14830226	0.00
NC_092326.1	14831468	14830251	0.00
NC_092326.1	14831468	14830276	0.00
NC_092326.1	14831468	14830301	0.00
NC_092326.1	14831468	14830326	0.00
NC_092326.1	14831468	14830351	0.00
NC_092326.1	14831468	14830376	0.00
NC_092326.1	14831468	14830401	0.00
NC_092326.1	14831468	14830426	0.00
NC_092326.1	14831468	14830451	0.00
NC_092326.1	14831468	14830476	0.00
NC_092326.1	14831468	14830501	0.00
NC_092326.1	14831468	14830526	0.00
NC_092326.1	14831468	14830551	0.00
NC_092326.1	14831468	14830576	0.00
NC_092326.1	14831468	14830601	0.00
NC_092326.1	14831468	14830626	0.00
NC_092326.1	14831468	14830651	0.00
NC_092326.1	14831468	14830676	0.00
NC_092326.1	14831468	14830701	0.00
NC_092326.1	14831468	14830726	0.00
NC_092326.1	14831468	14830751	0.00
NC_092326.1	14831468	14830776	0.00
NC_092326.1	14831468	14830801	0.00
NC_092326.1	14831468	14830826	0.00
NC_092326.1	14831468	14830851	0.00
NC_092326.1	14831468	14830876	0.00
NC_092326.1	14831468	14830901	0.00
NC_092326.1	14831468	14830926	0.00
NC_092326.1	14831468	14830951	0.00
NC_092326.1	14831468	14830976	0.00
NC_092326.1	14831468	14831001	0.00
NC_092326.1	14831468	14831026	0.00
NC_092326.1	14831468	14831051	0.00
NC_092326.1	14831468	14831076	0.00
NC_092326.1	14831468	14831101	0.00
NC_092326.1	14831468	14831126	0.00
NC_092326.1	14831468	14831151	0.00
NC_092326.1	14831468	14831176	0.00
NC_092326.1	14831468	14831201	0.00
NC_092326.1	14831468	14831226	0.00
NC_092326.1	14831468	14831251	0.04
NC_092326.1	14831468	14831276	1.00
NC_092326.1	14831468	14831301	1.00
NC_092326.1	14831468	14831326	1.00
NC_092326.1	14831468	14831351	1.00
NC_092326.1	14831468	14831376	1.00
NC_092326.1	14831468	14831401	1.12
NC_092326.1	14831468	14831426	1.00
NC_092326.1	14831468	14831451	1.00
NC_092326.1	14831468	14831476	1.00
NC_092326.1	14831468	14831501	1.00
NC_092326.1	14831468	14831526	1.00
NC_092326.1	14831468	14831551	0.84
NC_092326.1	14831468	14831576	0.00
NC_092326.1	14831468	14831601	0.00
NC_092326.1	14831468	14831626	0.00
NC_092326.1	14831468	14831651	0.00
NC_092326.1	14831468	14831676	0.00
NC_092326.1	14831468	14831701	0.00
NC_092326.1	14831468	14831726	0.00
NC_092326.1	14831468	14831751	0.00
NC_092326.1	14831468	14831776	0.00
NC_092326.1	14831468	14831801	0.00
NC_092326.1	14831468	14831826	0.00
NC_092326.1	14831468	14831851	0.00
NC_092326.1	14831468	14831876	0.00
NC_092326.1	14831468	14831901	0.00
NC_092326.1	14831468	14831926	0.00
NC_092326.1	14831468	14831951	0.00
NC_092326.1	14831468	14831976	0.00
NC_092326.1	14831468	14832001	0.00
NC_092326.1	14831468	14832026	0.00
NC_092326.1	14831468	14832051	0.00
NC_092326.1	14831468	14832076	0.00
NC_092326.1	14831468	14832101	0.00
NC_092326.1	14831468	14832126	0.00
NC_092326.1	14831468	14832151	0.00
NC_092326.1	14831468	14832176	0.00
NC_092326.1	14831468	14832201	0.00
NC_092326.1	14831468	14832226	0.00
NC_092326.1	14831468	14832251	0.00
NC_092326.1	14831468	14832276	0.00
NC_092326.1	14831468	14832301	0.00
NC_092326.1	14831468	14832326	0.00
NC_092326.1	14831468	14832351	0.00
NC_092326.1	14831468	14832376	0.00
NC_092326.1	14831468	14832401	0.00
NC_092326.1	14831468	14832426	0.00
NC_092326.1	14831468	14832451	0.00
NC_092326.1	14831468	14832476	0.00
NC_092326.1	14831468	14832501	0.00
NC_092326.1	14831468	14832526	0.00
NC_092326.1	14831468	14832551	0.00
NC_092326.1	14831468	14832576	0.00
NC_092326.1	14831468	14832601	0.00
NC_092326.1	14831468	14832626	0.00
NC_092326.1	14831468	14832651	0.00
NC_092326.1	14831468	14832676	0.00
NC_092326.1	14831468	14832701	0.00
NC_092326.1	14831468	14832726	0.00
NC_092326.1	14831468	14832751	0.00
NC_092326.1	14831468	14832776	0.00
NC_092326.1	14831468	14832801	0.00
NC_092326.1	14831468	14832826	0.00
NC_092326.1	14831468	14832851	0.00
NC_092326.1	14831468	14832876	0.00
NC_092326.1	14831468	14832901	0.00
NC_092326.1	14831468	14832926	0.00
NC_092326.1	14831468	14832951	0.00
NC_092326.1	14831468	14832976	0.00
NC_092326.1	14831468	14833001	0.00
NC_092326.1	14831468	14833026	0.00
NC_092326.1	14831468	14833051	0.00
NC_092326.1	14831468	14833076	0.00
NC_092326.1	14831468	14833101	0.00
NC_092326.1	14831468	14833126	0.00
NC_092326.1	14831468	14833151	0.00
NC_092326.1	14831468	14833176	0.00
NC_092326.1	14831468	14833201	0.00
NC_092326.1	14831468	14833226	0.00
NC_092326.1	14831468	14833251	0.00
NC_092326.1	14831468	14833276	0.00
NC_092326.1	14831468	14833301	0.00
NC_092326.1	14831468	14833326	0.00
NC_092326.1	14831468	14833351	0.00
NC_092326.1	14831468	14833376	0.00
NC_092326.1	14831468	14833401	0.00
NC_092326.1	14831468	14833426	0.00
NC_092326.1	14831468	14833451	0.00
NC_092326.1	30095142	30093126	0.00
NC_092326.1	30095142	30093151	0.00
NC_092326.1	30095142	30093176	0.00
NC_092326.1	30095142	30093201	0.00
NC_092326.1	30095142	30093226	0.00
NC_092326.1	30095142	30093251	0.00
NC_092326.1	30095142	30093276	0.00
NC_092326.1	30095142	30093301	0.00
NC_092326.1	30095142	30093326	0.00
NC_092326.1	30095142	30093351	0.00
NC_092326.1	30095142	30093376	0.00
NC_092326.1	30095142	30093401	0.00
NC_092326.1	30095142	30093426	0.00
NC_092326.1	30095142	30093451	0.00
NC_092326.1	30095142	30093476	0.00
NC_092326.1	30095142	30093501	0.00
NC_092326.1	30095142	30093526	0.00
NC_092326.1	30095142	30093551	0.00
NC_092326.1	30095142	30093576	0.00
NC_092326.1	30095142	30093601	0.00
NC_092326.1	30095142	30093626	0.00
NC_092326.1	30095142	30093651	0.00
NC_092326.1	30095142	30093676	0.00
NC_092326.1	30095142	30093701	0.00
NC_092326.1	30095142	30093726	0.00
NC_092326.1	30095142	30093751	0.00
NC_092326.1	30095142	30093776	0.00
NC_092326.1	30095142	30093801	0.00
NC_092326.1	30095142	30093826	0.00
NC_092326.1	30095142	30093851	0.00
NC_092326.1	30095142	30093876	0.00
NC_092326.1	30095142	30093901	0.00
NC_092326.1	30095142	30093926	0.00
NC_092326.1	30095142	30093951	0.00
NC_092326.1	30095142	30093976	0.00
NC_092326.1	30095142	30094001	0.00
NC_092326.1	30095142	30094026	0.00
NC_092326.1	30095142	30094051	0.00
NC_092326.1	30095142	30094076	0.00
NC_092326.1	30095142	30094101	0.00
NC_092326.1	30095142	30094126	0.00
NC_092326.1	30095142	30094151	0.00
NC_092326.1	30095142	30094176	0.00
NC_092326.1	30095142	30094201	0.00
NC_092326.1	30095142	30094226	0.00
NC_092326.1	30095142	30094251	0.00
NC_092326.1	30095142	30094276	0.00
NC_092326.1	30095142	30094301	0.00
NC_092326.1	30095142	30094326	0.00
NC_092326.1	30095142	30094351	0.00
NC_092326.1	30095142	30094376	0.00
NC_092326.1	30095142	30094401	0.00
NC_092326.1	30095142	30094426	0.00
NC_092326.1	30095142	30094451	0.00
NC_092326.1	30095142	30094476	0.00
NC_092326.1	30095142	30094501	0.00
NC_092326.1	30095142	30094526	0.00
NC_092326.1	30095142	30094551	0.00
NC_092326.1	30095142	30094576	0.00
NC_092326.1	30095142	30094601	0.00
NC_092326.1	30095142	30094626	0.00
NC_092326.1	30095142	30094651	0.00
NC_092326.1	30095142	30094676	0.00
NC_092326.1	30095142	30094701	0.00
NC_092326.1	30095142	30094726	0.00
NC_092326.1	30095142	30094751	0.00
NC_092326.1	30095142	30094776	0.00
NC_092326.1	30095142	30094801	0.00
NC_092326.1	30095142	30094826	0.00
NC_092326.1	30095142	30094851	0.00
NC_092326.1	30095142	30094876	0.00
NC_092326.1	30095142	30094901	0.00
NC_092326.1	30095142	30094926	0.00
NC_092326.1	30095142	30094951	0.00
NC_092326.1	30095142	30094976	0.00
NC_092326.1	30095142	30095001	0.00
NC_092326.1	30095142	30095026	0.56
NC_092326.1	30095142	30095051	1.00
NC_092326.1	30095142	30095076	1.00
NC_092326.1	30095142	30095101	1.00
NC_092326.1	30095142	30095126	1.00
NC_092326.1	30095142	30095151	2.00
NC_092326.1	30095142	30095176	1.44
NC_092326.1	30095142	30095201	1.00
NC_092326.1	30095142	30095226	1.00
NC_092326.1	30095142	30095251	1.00
NC_092326.1	30095142	30095276	1.00
NC_092326.1	30095142	30095301	0.00
NC_092326.1	30095142	30095326	0.00
NC_092326.1	30095142	30095351	0.00
NC_092326.1	30095142	30095376	0.00
NC_092326.1	30095142	30095401	0.00
NC_092326.1	30095142	30095426	0.00
NC_092326.1	30095142	30095451	0.00
NC_092326.1	30095142	30095476	0.00
NC_092326.1	30095142	30095501	0.00
NC_092326.1	30095142	30095526	0.00
NC_092326.1	30095142	30095551	0.00
NC_092326.1	30095142	30095576	0.00
NC_092326.1	30095142	30095601	0.00
NC_092326.1	30095142	30095626	0.00
NC_092326.1	30095142	30095651	0.00
NC_092326.1	30095142	30095676	0.00
NC_092326.1	30095142	30095701	0.00
NC_092326.1	30095142	30095726	0.00
NC_092326.1	30095142	30095751	0.00
NC_092326.1	30095142	30095776	0.00
NC_092326.1	30095142	30095801	0.00
NC_092326.1	30095142	30095826	0.00
NC_092326.1	30095142	30095851	0.00
NC_092326.1	30095142	30095876	0.00
NC_092326.1	30095142	30095901	0.00
NC_092326.1	30095142	30095926	0.00
NC_092326.1	30095142	30095951	0.00
NC_092326.1	30095142	30095976	0.00
NC_092326.1	30095142	30096001	0.00
NC_092326.1	30095142	30096026	0.00
NC_092326.1	30095142	30096051	0.00
NC_092326.1	30095142	30096076	0.00
NC_092326.1	30095142	30096101	0.00
NC_092326.1	30095142	30096126	0.00
NC_092326.1	30095142	30096151	0.00
NC_092326.1	30095142	30096176	0.00
NC_092326.1	30095142	30096201	0.00
NC_092326.1	30095142	30096226	0.00
NC_092326.1	30095142	30096251	0.00
NC_092326.1	30095142	30096276	0.00
NC_092326.1	30095142	30096301	0.00
NC_092326.1	30095142	30096326	0.00
NC_092326.1	30095142	30096351	0.00
NC_092326.1	30095142	30096376	0.00
NC_092326.1	30095142	30096401	0.00
NC_092326.1	30095142	30096426	0.00
NC_092326.1	30095142	30096451	0.00
NC_092326.1	30095142	30096476	0.00
NC_092326.1	30095142	30096501	0.00
NC_092326.1	30095142	30096526	0.00
NC_092326.1	30095142	30096551	0.00
NC_092326.1	30095142	30096576	0.00
NC_092326.1	30095142	30096601	0.00
NC_092326.1	30095142	30096626	0.00
NC_092326.1	30095142	30096651	0.00
NC_092326.1	30095142	30096676	0.00
NC_092326.1	30095142	30096701	0.00
NC_092326.1	30095142	30096726	0.00
NC_092326.1	30095142	30096751	0.00
NC_092326.1	30095142	30096776	0.00
NC_092326.1	30095142	30096801	0.00
NC_092326.1	30095142	30096826	0.00
NC_092326.1	30095142	30096851	0.00
NC_092326.1	30095142	30096876	0.00
NC_092326.1	30095142	30096901	0.00
NC_092326.1	30095142	30096926	0.00
NC_092326.1	30095142	30096951	0.00
NC_092326.1	30095142	30096976	0.00
NC_092326.1	30095142	30097001	0.00
NC_092326.1	30095142	30097026	0.00
NC_092326.1	30095142	30097051	0.00
NC_092326.1	30095142	30097076	0.00
NC_092326.1	30095142	30097101	0.00
NC_092326.1	30095142	30097126	0.00
NC_092326.1	32529087	32527076	0.00
NC_092326.1	32529087	32527101	0.00
NC_092326.1	32529087	32527126	0.00
NC_092326.1	32529087	32527151	0.00
NC_092326.1	32529087	32527176	0.00
NC_092326.1	32529087	32527201	0.00
NC_092326.1	32529087	32527226	0.00
NC_092326.1	32529087	32527251	0.00
NC_092326.1	32529087	32527276	0.00
NC_092326.1	32529087	32527301	0.00
NC_092326.1	32529087	32527326	0.00
NC_092326.1	32529087	32527351	0.00
NC_092326.1	32529087	32527376	0.00
NC_092326.1	32529087	32527401	0.00
NC_092326.1	32529087	32527426	0.00
NC_092326.1	32529087	32527451	0.00
NC_092326.1	32529087	32527476	0.00
NC_092326.1	32529087	32527501	0.00
NC_092326.1	32529087	32527526	0.00
NC_092326.1	32529087	32527551	0.00
NC_092326.1	32529087	32527576	0.00
NC_092326.1	32529087	32527601	0.00
NC_092326.1	32529087	32527626	0.00
NC_092326.1	32529087	32527651	0.00
NC_092326.1	32529087	32527676	0.00
NC_092326.1	32529087	32527701	0.00
NC_092326.1	32529087	32527726	0.00
NC_092326.1	32529087	32527751	0.00
NC_092326.1	32529087	32527776	0.00
NC_092326.1	32529087	32527801	0.00
NC_092326.1	32529087	32527826	0.00
NC_092326.1	32529087	32527851	0.00
NC_092326.1	32529087	32527876	0.00
NC_092326.1	32529087	32527901	0.00
NC_092326.1	32529087	32527926	0.00
NC_092326.1	32529087	32527951	0.00
NC_092326.1	32529087	32527976	0.00
NC_092326.1	32529087	32528001	0.00
NC_092326.1	32529087	32528026	0.00
NC_092326.1	32529087	32528051	0.00
NC_092326.1	32529087	32528076	0.00
NC_092326.1	32529087	32528101	0.00
NC_092326.1	32529087	32528126	0.00
NC_092326.1	32529087	32528151	0.00
NC_092326.1	32529087	32528176	0.00
NC_092326.1	32529087	32528201	0.00
NC_092326.1	32529087	32528226	0.00
NC_092326.1	32529087	32528251	0.00
NC_092326.1	32529087	32528276	0.00
NC_092326.1	32529087	32528301	0.00
NC_092326.1	32529087	32528326	0.00
NC_092326.1	32529087	32528351	0.00
NC_092326.1	32529087	32528376	0.00
NC_092326.1	32529087	32528401	0.00
NC_092326.1	32529087	32528426	0.00
NC_092326.1	32529087	32528451	0.00
NC_092326.1	32529087	32528476	0.00
NC_092326.1	32529087	32528501	0.00
NC_092326.1	32529087	32528526	0.00
NC_092326.1	32529087	32528551	0.00
NC_092326.1	32529087	32528576	0.00
NC_092326.1	32529087	32528601	0.00
NC_092326.1	32529087	32528626	0.00
NC_092326.1	32529087	32528651	0.00
NC_092326.1	32529087	32528676	0.00
NC_092326.1	32529087	32528701	0.00
NC_092326.1	32529087	32528726	0.00
NC_092326.1	32529087	32528751	0.00
NC_092326.1	32529087	32528776	0.00
NC_092326.1	32529087	32528801	0.00
NC_092326.1	32529087	32528826	0.00
NC_092326.1	32529087	32528851	0.00
NC_092326.1	32529087	32528876	0.00
NC_092326.1	32529087	32528901	0.00
NC_092326.1	32529087	32528926	0.00
NC_092326.1	32529087	32528951	0.00
NC_092326.1	32529087	32528976	0.00
NC_092326.1	32529087	32529001	0.20
NC_092326.1	32529087	32529026	1.00
NC_092326.1	32529087	32529051	1.20
NC_092326.1	32529087	32529076	2.00
NC_092326.1	32529087	32529101	2.00
NC_092326.1	32529087	32529126	2.00
NC_092326.1	32529087	32529151	1.80
NC_092326.1	32529087	32529176	1.00
NC_092326.1	32529087	32529201	0.80
NC_092326.1	32529087	32529226	0.00
NC_092326.1	32529087	32529251	0.00
NC_092326.1	32529087	32529276	0.00
NC_092326.1	32529087	32529301	0.00
NC_092326.1	32529087	32529326	0.00
NC_092326.1	32529087	32529351	0.00
NC_092326.1	32529087	32529376	0.00
NC_092326.1	32529087	32529401	0.00
NC_092326.1	32529087	32529426	0.00
NC_092326.1	32529087	32529451	0.00
NC_092326.1	32529087	32529476	0.00
NC_092326.1	32529087	32529501	0.00
NC_092326.1	32529087	32529526	0.00
NC_092326.1	32529087	32529551	0.00
NC_092326.1	32529087	32529576	0.00
NC_092326.1	32529087	32529601	0.00
NC_092326.1	32529087	32529626	0.00
NC_092326.1	32529087	32529651	0.00
NC_092326.1	32529087	32529676	0.00
NC_092326.1	32529087	32529701	0.00
NC_092326.1	32529087	32529726	0.00
NC_092326.1	32529087	32529751	0.00
NC_092326.1	32529087	32529776	0.00
NC_092326.1	32529087	32529801	0.00
NC_092326.1	32529087	32529826	0.00
NC_092326.1	32529087	32529851	0.00
NC_092326.1	32529087	32529876	0.00
NC_092326.1	32529087	32529901	0.00
NC_092326.1	32529087	32529926	0.00
NC_092326.1	32529087	32529951	0.00
NC_092326.1	32529087	32529976	0.00
NC_092326.1	32529087	32530001	0.00
NC_092326.1	32529087	32530026	0.00
NC_092326.1	32529087	32530051	0.00
NC_092326.1	32529087	32530076	0.00
NC_092326.1	32529087	32530101	0.00
NC_092326.1	32529087	32530126	0.00
NC_092326.1	32529087	32530151	0.00
NC_092326.1	32529087	32530176	0.00
NC_092326.1	32529087	32530201	0.00
NC_092326.1	32529087	32530226	0.00
NC_092326.1	32529087	32530251	0.00
NC_092326.1	32529087	32530276	0.00
NC_092326.1	32529087	32530301	0.00
NC_092326.1	32529087	32530326	0.00
NC_092326.1	32529087	32530351	0.00
NC_092326.1	32529087	32530376	0.00
NC_092326.1	32529087	32530401	0.00
NC_092326.1	32529087	32530426	0.00
NC_092326.1	32529087	32530451	0.00
NC_092326.1	32529087	32530476	0.00
NC_092326.1	32529087	32530501	0.00
NC_092326.1	32529087	32530526	0.00
NC_092326.1	32529087	32530551	0.00
NC_092326.1	32529087	32530576	0.00
NC_092326.1	32529087	32530601	0.00
NC_092326.1	32529087	32530626	0.00
NC_092326.1	32529087	32530651	0.00
NC_092326.1	32529087	32530676	0.00
NC_092326.1	32529087	32530701	0.00
NC_092326.1	32529087	32530726	0.00
NC_092326.1	32529087	32530751	0.00
NC_092326.1	32529087	32530776	0.00
NC_092326.1	32529087	32530801	0.00
NC_092326.1	32529087	32530826	0.00
NC_092326.1	32529087	32530851	0.00
NC_092326.1	32529087	32530876	0.00
NC_092326.1	32529087	32530901	0.00
NC_092326.1	32529087	32530926	0.00
NC_092326.1	32529087	32530951	0.00
NC_092326.1	32529087	32530976	0.00
NC_092326.1	32529087	32531001	0.00
NC_092326.1	32529087	32531026	0.00
NC_092326.1	32529087	32531051	0.00
NC_092326.1	32529087	32531076	0.00
NC_092326.1	43713854	43711851	0.00
NC_092326.1	43713854	43711876	0.00
NC_092326.1	43713854	43711901	0.00
NC_092326.1	43713854	43711926	0.00
NC_092326.1	43713854	43711951	0.00
NC_092326.1	43713854	43711976	0.00
NC_092326.1	43713854	43712001	0.00
NC_092326.1	43713854	43712026	0.00
NC_092326.1	43713854	43712051	0.00
NC_092326.1	43713854	43712076	0.00
NC_092326.1	43713854	43712101	0.00
NC_092326.1	43713854	43712126	0.00
NC_092326.1	43713854	43712151	0.00
NC_092326.1	43713854	43712176	0.00
NC_092326.1	43713854	43712201	0.00
NC_092326.1	43713854	43712226	0.00
NC_092326.1	43713854	43712251	0.00
NC_092326.1	43713854	43712276	0.00
NC_092326.1	43713854	43712301	0.00
NC_092326.1	43713854	43712326	0.00
NC_092326.1	43713854	43712351	0.00
NC_092326.1	43713854	43712376	0.00
NC_092326.1	43713854	43712401	0.00
NC_092326.1	43713854	43712426	0.00
NC_092326.1	43713854	43712451	0.00
NC_092326.1	43713854	43712476	0.00
NC_092326.1	43713854	43712501	0.00
NC_092326.1	43713854	43712526	0.00
NC_092326.1	43713854	43712551	0.00
NC_092326.1	43713854	43712576	0.00
NC_092326.1	43713854	43712601	0.00
NC_092326.1	43713854	43712626	0.00
NC_092326.1	43713854	43712651	0.00
NC_092326.1	43713854	43712676	0.00
NC_092326.1	43713854	43712701	0.00
NC_092326.1	43713854	43712726	0.00
NC_092326.1	43713854	43712751	0.00
NC_092326.1	43713854	43712776	0.00
NC_092326.1	43713854	43712801	0.00
NC_092326.1	43713854	43712826	0.00
NC_092326.1	43713854	43712851	0.00
NC_092326.1	43713854	43712876	0.00
NC_092326.1	43713854	43712901	0.00
NC_092326.1	43713854	43712926	0.00
NC_092326.1	43713854	43712951	0.00
NC_092326.1	43713854	43712976	0.00
NC_092326.1	43713854	43713001	0.00
NC_092326.1	43713854	43713026	0.00
NC_092326.1	43713854	43713051	0.00
NC_092326.1	43713854	43713076	0.00
NC_092326.1	43713854	43713101	0.00
NC_092326.1	43713854	43713126	0.00
NC_092326.1	43713854	43713151	0.00
NC_092326.1	43713854	43713176	0.00
NC_092326.1	43713854	43713201	0.00
NC_092326.1	43713854	43713226	0.00
NC_092326.1	43713854	43713251	0.00
NC_092326.1	43713854	43713276	0.00
NC_092326.1	43713854	43713301	0.00
NC_092326.1	43713854	43713326	0.00
NC_092326.1	43713854	43713351	0.00
NC_092326.1	43713854	43713376	0.00
NC_092326.1	43713854	43713401	0.00
NC_092326.1	43713854	43713426	0.00
NC_092326.1	43713854	43713451	0.00
NC_092326.1	43713854	43713476	0.00
NC_092326.1	43713854	43713501	0.00
NC_092326.1	43713854	43713526	0.00
NC_092326.1	43713854	43713551	0.00
NC_092326.1	43713854	43713576	0.00
NC_092326.1	43713854	43713601	0.00
NC_092326.1	43713854	43713626	0.00
NC_092326.1	43713854	43713651	0.00
NC_092326.1	43713854	43713676	0.00
NC_092326.1	43713854	43713701	0.00
NC_092326.1	43713854	43713726	0.00
NC_092326.1	43713854	43713751	0.00
NC_092326.1	43713854	43713776	0.00
NC_092326.1	43713854	43713801	0.84
NC_092326.1	43713854	43713826	1.00
NC_092326.1	43713854	43713851	1.00
NC_092326.1	43713854	43713876	1.00
NC_092326.1	43713854	43713901	1.00
NC_092326.1	43713854	43713926	1.00
NC_092326.1	43713854	43713951	0.16
NC_092326.1	43713854	43713976	0.00
NC_092326.1	43713854	43714001	0.00
NC_092326.1	43713854	43714026	0.00
NC_092326.1	43713854	43714051	0.52
NC_092326.1	43713854	43714076	1.00
NC_092326.1	43713854	43714101	1.00
NC_092326.1	43713854	43714126	1.00
NC_092326.1	43713854	43714151	1.00
NC_092326.1	43713854	43714176	1.00
NC_092326.1	43713854	43714201	0.48
NC_092326.1	43713854	43714226	0.00
NC_092326.1	43713854	43714251	0.00
NC_092326.1	43713854	43714276	0.00
NC_092326.1	43713854	43714301	0.00
NC_092326.1	43713854	43714326	0.00
NC_092326.1	43713854	43714351	0.00
NC_092326.1	43713854	43714376	0.00
NC_092326.1	43713854	43714401	0.00
NC_092326.1	43713854	43714426	0.00
NC_092326.1	43713854	43714451	0.00
NC_092326.1	43713854	43714476	0.00
NC_092326.1	43713854	43714501	0.00
NC_092326.1	43713854	43714526	0.00
NC_092326.1	43713854	43714551	0.00
NC_092326.1	43713854	43714576	0.00
NC_092326.1	43713854	43714601	0.00
NC_092326.1	43713854	43714626	0.00
NC_092326.1	43713854	43714651	0.00
NC_092326.1	43713854	43714676	0.00
NC_092326.1	43713854	43714701	0.00
NC_092326.1	43713854	43714726	0.00
NC_092326.1	43713854	43714751	0.00
NC_092326.1	43713854	43714776	0.00
NC_092326.1	43713854	43714801	0.00
NC_092326.1	43713854	43714826	0.00
NC_092326.1	43713854	43714851	0.00
NC_092326.1	43713854	43714876	0.00
NC_092326.1	43713854	43714901	0.00
NC_092326.1	43713854	43714926	0.00
NC_092326.1	43713854	43714951	0.00
NC_092326.1	43713854	43714976	0.00
NC_092326.1	43713854	43715001	0.00
NC_092326.1	43713854	43715026	0.00
NC_092326.1	43713854	43715051	0.00
NC_092326.1	43713854	43715076	0.00
NC_092326.1	43713854	43715101	0.00
NC_092326.1	43713854	43715126	0.00
NC_092326.1	43713854	43715151	0.00
NC_092326.1	43713854	43715176	0.00
NC_092326.1	43713854	43715201	0.00
NC_092326.1	43713854	43715226	0.00
NC_092326.1	43713854	43715251	0.00
NC_092326.1	43713854	43715276	0.00
NC_092326.1	43713854	43715301	0.00
NC_092326.1	43713854	43715326	0.00
NC_092326.1	43713854	43715351	0.00
NC_092326.1	43713854	43715376	0.00
NC_092326.1	43713854	43715401	0.00
NC_092326.1	43713854	43715426	0.00
NC_092326.1	43713854	43715451	0.00
NC_092326.1	43713854	43715476	0.00
NC_092326.1	43713854	43715501	0.00
NC_092326.1	43713854	43715526	0.00
NC_092326.1	43713854	43715551	0.00
NC_092326.1	43713854	43715576	0.00
NC_092326.1	43713854	43715601	0.00
NC_092326.1	43713854	43715626	0.00
NC_092326.1	43713854	43715651	0.00
NC_092326.1	43713854	43715676	0.00
NC_092326.1	43713854	43715701	0.00
NC_092326.1	43713854	43715726	0.00
NC_092326.1	43713854	43715751	0.00
NC_092326.1	43713854	43715776	0.00
NC_092326.1	43713854	43715801	0.00
NC_092326.1	43713854	43715826	0.00
NC_092326.1	43713854	43715851	0.00
NC_092327.1	4297457	4295451	0.00
NC_092327.1	4297457	4295476	0.00
NC_092327.1	4297457	4295501	0.00
NC_092327.1	4297457	4295526	0.00
NC_092327.1	4297457	4295551	0.00
NC_092327.1	4297457	4295576	0.00
NC_092327.1	4297457	4295601	0.00
NC_092327.1	4297457	4295626	0.00
NC_092327.1	4297457	4295651	0.00
NC_092327.1	4297457	4295676	0.00
NC_092327.1	4297457	4295701	0.00
NC_092327.1	4297457	4295726	0.00
NC_092327.1	4297457	4295751	0.00
NC_092327.1	4297457	4295776	0.00
NC_092327.1	4297457	4295801	0.00
NC_092327.1	4297457	4295826	0.00
NC_092327.1	4297457	4295851	0.00
NC_092327.1	4297457	4295876	0.00
NC_092327.1	4297457	4295901	0.00
NC_092327.1	4297457	4295926	0.00
NC_092327.1	4297457	4295951	0.00
NC_092327.1	4297457	4295976	0.00
NC_092327.1	4297457	4296001	0.00
NC_092327.1	4297457	4296026	0.00
NC_092327.1	4297457	4296051	0.00
NC_092327.1	4297457	4296076	0.00
NC_092327.1	4297457	4296101	0.00
NC_092327.1	4297457	4296126	0.00
NC_092327.1	4297457	4296151	0.00
NC_092327.1	4297457	4296176	0.00
NC_092327.1	4297457	4296201	0.00
NC_092327.1	4297457	4296226	0.00
NC_092327.1	4297457	4296251	0.00
NC_092327.1	4297457	4296276	0.00
NC_092327.1	4297457	4296301	0.00
NC_092327.1	4297457	4296326	0.00
NC_092327.1	4297457	4296351	0.00
NC_092327.1	4297457	4296376	0.00
NC_092327.1	4297457	4296401	0.00
NC_092327.1	4297457	4296426	0.00
NC_092327.1	4297457	4296451	0.00
NC_092327.1	4297457	4296476	0.00
NC_092327.1	4297457	4296501	0.00
NC_092327.1	4297457	4296526	0.00
NC_092327.1	4297457	4296551	0.00
NC_092327.1	4297457	4296576	0.00
NC_092327.1	4297457	4296601	0.00
NC_092327.1	4297457	4296626	0.00
NC_092327.1	4297457	4296651	0.00
NC_092327.1	4297457	4296676	0.00
NC_092327.1	4297457	4296701	0.00
NC_092327.1	4297457	4296726	0.00
NC_092327.1	4297457	4296751	0.00
NC_092327.1	4297457	4296776	0.00
NC_092327.1	4297457	4296801	0.00
NC_092327.1	4297457	4296826	0.00
NC_092327.1	4297457	4296851	0.00
NC_092327.1	4297457	4296876	0.00
NC_092327.1	4297457	4296901	0.00
NC_092327.1	4297457	4296926	0.00
NC_092327.1	4297457	4296951	0.00
NC_092327.1	4297457	4296976	0.00
NC_092327.1	4297457	4297001	0.00
NC_092327.1	4297457	4297026	0.00
NC_092327.1	4297457	4297051	0.00
NC_092327.1	4297457	4297076	0.00
NC_092327.1	4297457	4297101	0.00
NC_092327.1	4297457	4297126	0.00
NC_092327.1	4297457	4297151	0.00
NC_092327.1	4297457	4297176	0.00
NC_092327.1	4297457	4297201	0.00
NC_092327.1	4297457	4297226	0.00
NC_092327.1	4297457	4297251	0.00
NC_092327.1	4297457	4297276	0.00
NC_092327.1	4297457	4297301	0.36
NC_092327.1	4297457	4297326	1.00
NC_092327.1	4297457	4297351	1.00
NC_092327.1	4297457	4297376	1.00
NC_092327.1	4297457	4297401	1.00
NC_092327.1	4297457	4297426	1.00
NC_092327.1	4297457	4297451	0.64
NC_092327.1	4297457	4297476	0.00
NC_092327.1	4297457	4297501	0.00
NC_092327.1	4297457	4297526	0.00
NC_092327.1	4297457	4297551	0.48
NC_092327.1	4297457	4297576	1.00
NC_092327.1	4297457	4297601	1.00
NC_092327.1	4297457	4297626	1.00
NC_092327.1	4297457	4297651	1.00
NC_092327.1	4297457	4297676	1.00
NC_092327.1	4297457	4297701	0.52
NC_092327.1	4297457	4297726	0.00
NC_092327.1	4297457	4297751	0.00
NC_092327.1	4297457	4297776	0.00
NC_092327.1	4297457	4297801	0.00
NC_092327.1	4297457	4297826	0.00
NC_092327.1	4297457	4297851	0.00
NC_092327.1	4297457	4297876	0.00
NC_092327.1	4297457	4297901	0.00
NC_092327.1	4297457	4297926	0.00
NC_092327.1	4297457	4297951	0.00
NC_092327.1	4297457	4297976	0.00
NC_092327.1	4297457	4298001	0.00
NC_092327.1	4297457	4298026	0.00
NC_092327.1	4297457	4298051	0.00
NC_092327.1	4297457	4298076	0.00
NC_092327.1	4297457	4298101	0.00
NC_092327.1	4297457	4298126	0.00
NC_092327.1	4297457	4298151	0.00
NC_092327.1	4297457	4298176	0.00
NC_092327.1	4297457	4298201	0.00
NC_092327.1	4297457	4298226	0.00
NC_092327.1	4297457	4298251	0.00
NC_092327.1	4297457	4298276	0.00
NC_092327.1	4297457	4298301	0.00
NC_092327.1	4297457	4298326	0.00
NC_092327.1	4297457	4298351	0.00
NC_092327.1	4297457	4298376	0.00
NC_092327.1	4297457	4298401	0.00
NC_092327.1	4297457	4298426	0.00
NC_092327.1	4297457	4298451	0.00
NC_092327.1	4297457	4298476	0.00
NC_092327.1	4297457	4298501	0.00
NC_092327.1	4297457	4298526	0.00
NC_092327.1	4297457	4298551	0.00
NC_092327.1	4297457	4298576	0.00
NC_092327.1	4297457	4298601	0.00
NC_092327.1	4297457	4298626	0.00
NC_092327.1	4297457	4298651	0.00
NC_092327.1	4297457	4298676	0.00
NC_092327.1	4297457	4298701	0.00
NC_092327.1	4297457	4298726	0.00
NC_092327.1	4297457	4298751	0.00
NC_092327.1	4297457	4298776	0.00
NC_092327.1	4297457	4298801	0.00
NC_092327.1	4297457	4298826	0.00
NC_092327.1	4297457	4298851	0.00
NC_092327.1	4297457	4298876	0.00
NC_092327.1	4297457	4298901	0.00
NC_092327.1	4297457	4298926	0.00
NC_092327.1	4297457	4298951	0.00
NC_092327.1	4297457	4298976	0.00
NC_092327.1	4297457	4299001	0.00
NC_092327.1	4297457	4299026	0.00
NC_092327.1	4297457	4299051	0.00
NC_092327.1	4297457	4299076	0.00
NC_092327.1	4297457	4299101	0.00
NC_092327.1	4297457	4299126	0.00
NC_092327.1	4297457	4299151	0.00
NC_092327.1	4297457	4299176	0.00
NC_092327.1	4297457	4299201	0.00
NC_092327.1	4297457	4299226	0.00
NC_092327.1	4297457	4299251	0.00
NC_092327.1	4297457	4299276	0.00
NC_092327.1	4297457	4299301	0.00
NC_092327.1	4297457	4299326	0.00
NC_092327.1	4297457	4299351	0.00
NC_092327.1	4297457	4299376	0.00
NC_092327.1	4297457	4299401	0.00
NC_092327.1	4297457	4299426	0.00
NC_092327.1	4297457	4299451	0.00
NC_092327.1	5615107	5613101	0.00
NC_092327.1	5615107	5613126	0.00
NC_092327.1	5615107	5613151	0.00
NC_092327.1	5615107	5613176	0.00
NC_092327.1	5615107	5613201	0.00
NC_092327.1	5615107	5613226	0.00
NC_092327.1	5615107	5613251	0.00
NC_092327.1	5615107	5613276	0.00
NC_092327.1	5615107	5613301	0.00
NC_092327.1	5615107	5613326	0.00
NC_092327.1	5615107	5613351	0.00
NC_092327.1	5615107	5613376	0.00
NC_092327.1	5615107	5613401	0.00
NC_092327.1	5615107	5613426	0.00
NC_092327.1	5615107	5613451	0.00
NC_092327.1	5615107	5613476	0.00
NC_092327.1	5615107	5613501	0.00
NC_092327.1	5615107	5613526	0.00
NC_092327.1	5615107	5613551	0.00
NC_092327.1	5615107	5613576	0.00
NC_092327.1	5615107	5613601	0.00
NC_092327.1	5615107	5613626	0.00
NC_092327.1	5615107	5613651	0.00
NC_092327.1	5615107	5613676	0.00
NC_092327.1	5615107	5613701	0.00
NC_092327.1	5615107	5613726	0.00
NC_092327.1	5615107	5613751	0.00
NC_092327.1	5615107	5613776	0.00
NC_092327.1	5615107	5613801	0.00
NC_092327.1	5615107	5613826	0.00
NC_092327.1	5615107	5613851	0.00
NC_092327.1	5615107	5613876	0.00
NC_092327.1	5615107	5613901	0.00
NC_092327.1	5615107	5613926	0.00
NC_092327.1	5615107	5613951	0.00
NC_092327.1	5615107	5613976	0.00
NC_092327.1	5615107	5614001	0.00
NC_092327.1	5615107	5614026	0.00
NC_092327.1	5615107	5614051	0.00
NC_092327.1	5615107	5614076	0.00
NC_092327.1	5615107	5614101	0.00
NC_092327.1	5615107	5614126	0.00
NC_092327.1	5615107	5614151	0.00
NC_092327.1	5615107	5614176	0.00
NC_092327.1	5615107	5614201	0.00
NC_092327.1	5615107	5614226	0.00
NC_092327.1	5615107	5614251	0.00
NC_092327.1	5615107	5614276	0.00
NC_092327.1	5615107	5614301	0.00
NC_092327.1	5615107	5614326	0.00
NC_092327.1	5615107	5614351	0.00
NC_092327.1	5615107	5614376	0.00
NC_092327.1	5615107	5614401	0.00
NC_092327.1	5615107	5614426	0.00
NC_092327.1	5615107	5614451	0.00
NC_092327.1	5615107	5614476	0.00
NC_092327.1	5615107	5614501	0.00
NC_092327.1	5615107	5614526	0.00
NC_092327.1	5615107	5614551	0.00
NC_092327.1	5615107	5614576	0.00
NC_092327.1	5615107	5614601	0.00
NC_092327.1	5615107	5614626	0.00
NC_092327.1	5615107	5614651	0.00
NC_092327.1	5615107	5614676	0.00
NC_092327.1	5615107	5614701	0.00
NC_092327.1	5615107	5614726	0.00
NC_092327.1	5615107	5614751	0.00
NC_092327.1	5615107	5614776	0.00
NC_092327.1	5615107	5614801	0.00
NC_092327.1	5615107	5614826	0.00
NC_092327.1	5615107	5614851	0.00
NC_092327.1	5615107	5614876	0.00
NC_092327.1	5615107	5614901	0.00
NC_092327.1	5615107	5614926	0.00
NC_092327.1	5615107	5614951	0.00
NC_092327.1	5615107	5614976	0.00
NC_092327.1	5615107	5615001	0.00
NC_092327.1	5615107	5615026	0.00
NC_092327.1	5615107	5615051	0.00
NC_092327.1	5615107	5615076	0.96
NC_092327.1	5615107	5615101	1.00
NC_092327.1	5615107	5615126	1.00
NC_092327.1	5615107	5615151	1.00
NC_092327.1	5615107	5615176	1.00
NC_092327.1	5615107	5615201	1.00
NC_092327.1	5615107	5615226	0.04
NC_092327.1	5615107	5615251	0.00
NC_092327.1	5615107	5615276	0.00
NC_092327.1	5615107	5615301	0.00
NC_092327.1	5615107	5615326	0.00
NC_092327.1	5615107	5615351	0.00
NC_092327.1	5615107	5615376	0.00
NC_092327.1	5615107	5615401	0.00
NC_092327.1	5615107	5615426	0.00
NC_092327.1	5615107	5615451	0.00
NC_092327.1	5615107	5615476	0.00
NC_092327.1	5615107	5615501	0.00
NC_092327.1	5615107	5615526	0.00
NC_092327.1	5615107	5615551	0.00
NC_092327.1	5615107	5615576	0.00
NC_092327.1	5615107	5615601	0.00
NC_092327.1	5615107	5615626	0.00
NC_092327.1	5615107	5615651	0.00
NC_092327.1	5615107	5615676	0.00
NC_092327.1	5615107	5615701	0.00
NC_092327.1	5615107	5615726	0.00
NC_092327.1	5615107	5615751	0.00
NC_092327.1	5615107	5615776	0.00
NC_092327.1	5615107	5615801	0.00
NC_092327.1	5615107	5615826	0.00
NC_092327.1	5615107	5615851	0.00
NC_092327.1	5615107	5615876	0.00
NC_092327.1	5615107	5615901	0.00
NC_092327.1	5615107	5615926	0.00
NC_092327.1	5615107	5615951	0.00
NC_092327.1	5615107	5615976	0.00
NC_092327.1	5615107	5616001	0.00
NC_092327.1	5615107	5616026	0.00
NC_092327.1	5615107	5616051	0.00
NC_092327.1	5615107	5616076	0.00
NC_092327.1	5615107	5616101	0.00
NC_092327.1	5615107	5616126	0.00
NC_092327.1	5615107	5616151	0.00
NC_092327.1	5615107	5616176	0.00
NC_092327.1	5615107	5616201	0.00
NC_092327.1	5615107	5616226	0.00
NC_092327.1	5615107	5616251	0.00
NC_092327.1	5615107	5616276	0.00
NC_092327.1	5615107	5616301	0.00
NC_092327.1	5615107	5616326	0.00
NC_092327.1	5615107	5616351	0.00
NC_092327.1	5615107	5616376	0.00
NC_092327.1	5615107	5616401	0.00
NC_092327.1	5615107	5616426	0.00
NC_092327.1	5615107	5616451	0.00
NC_092327.1	5615107	5616476	0.00
NC_092327.1	5615107	5616501	0.00
NC_092327.1	5615107	5616526	0.00
NC_092327.1	5615107	5616551	0.00
NC_092327.1	5615107	5616576	0.00
NC_092327.1	5615107	5616601	0.00
NC_092327.1	5615107	5616626	0.00
NC_092327.1	5615107	5616651	0.00
NC_092327.1	5615107	5616676	0.00
NC_092327.1	5615107	5616701	0.00
NC_092327.1	5615107	5616726	0.00
NC_092327.1	5615107	5616751	0.00
NC_092327.1	5615107	5616776	0.00
NC_092327.1	5615107	5616801	0.00
NC_092327.1	5615107	5616826	0.00
NC_092327.1	5615107	5616851	0.00
NC_092327.1	5615107	5616876	0.00
NC_092327.1	5615107	5616901	0.00
NC_092327.1	5615107	5616926	0.00
NC_092327.1	5615107	5616951	0.00
NC_092327.1	5615107	5616976	0.00
NC_092327.1	5615107	5617001	0.00
NC_092327.1	5615107	5617026	0.00
NC_092327.1	5615107	5617051	0.00
NC_092327.1	5615107	5617076	0.00
NC_092327.1	5615107	5617101	0.00
NC_092327.1	9587562	9585551	0.00
NC_092327.1	9587562	9585576	0.00
NC_092327.1	9587562	9585601	0.00
NC_092327.1	9587562	9585626	0.00
NC_092327.1	9587562	9585651	0.00
NC_092327.1	9587562	9585676	0.00
NC_092327.1	9587562	9585701	0.00
NC_092327.1	9587562	9585726	0.00
NC_092327.1	9587562	9585751	0.00
NC_092327.1	9587562	9585776	0.00
NC_092327.1	9587562	9585801	0.00
NC_092327.1	9587562	9585826	0.00
NC_092327.1	9587562	9585851	0.00
NC_092327.1	9587562	9585876	0.00
NC_092327.1	9587562	9585901	0.00
NC_092327.1	9587562	9585926	0.00
NC_092327.1	9587562	9585951	0.00
NC_092327.1	9587562	9585976	0.00
NC_092327.1	9587562	9586001	0.00
NC_092327.1	9587562	9586026	0.00
NC_092327.1	9587562	9586051	0.00
NC_092327.1	9587562	9586076	0.00
NC_092327.1	9587562	9586101	0.00
NC_092327.1	9587562	9586126	0.00
NC_092327.1	9587562	9586151	0.00
NC_092327.1	9587562	9586176	0.00
NC_092327.1	9587562	9586201	0.00
NC_092327.1	9587562	9586226	0.00
NC_092327.1	9587562	9586251	0.00
NC_092327.1	9587562	9586276	0.00
NC_092327.1	9587562	9586301	0.00
NC_092327.1	9587562	9586326	0.00
NC_092327.1	9587562	9586351	0.00
NC_092327.1	9587562	9586376	0.00
NC_092327.1	9587562	9586401	0.00
NC_092327.1	9587562	9586426	0.00
NC_092327.1	9587562	9586451	0.00
NC_092327.1	9587562	9586476	0.00
NC_092327.1	9587562	9586501	0.00
NC_092327.1	9587562	9586526	0.00
NC_092327.1	9587562	9586551	0.00
NC_092327.1	9587562	9586576	0.00
NC_092327.1	9587562	9586601	0.00
NC_092327.1	9587562	9586626	0.00
NC_092327.1	9587562	9586651	0.00
NC_092327.1	9587562	9586676	0.00
NC_092327.1	9587562	9586701	0.00
NC_092327.1	9587562	9586726	0.00
NC_092327.1	9587562	9586751	0.00
NC_092327.1	9587562	9586776	0.00
NC_092327.1	9587562	9586801	0.00
NC_092327.1	9587562	9586826	0.00
NC_092327.1	9587562	9586851	0.00
NC_092327.1	9587562	9586876	0.00
NC_092327.1	9587562	9586901	0.00
NC_092327.1	9587562	9586926	0.00
NC_092327.1	9587562	9586951	0.00
NC_092327.1	9587562	9586976	0.00
NC_092327.1	9587562	9587001	0.00
NC_092327.1	9587562	9587026	0.00
NC_092327.1	9587562	9587051	0.00
NC_092327.1	9587562	9587076	0.00
NC_092327.1	9587562	9587101	0.00
NC_092327.1	9587562	9587126	0.00
NC_092327.1	9587562	9587151	0.00
NC_092327.1	9587562	9587176	0.00
NC_092327.1	9587562	9587201	0.00
NC_092327.1	9587562	9587226	0.00
NC_092327.1	9587562	9587251	0.00
NC_092327.1	9587562	9587276	0.00
NC_092327.1	9587562	9587301	0.00
NC_092327.1	9587562	9587326	0.00
NC_092327.1	9587562	9587351	0.00
NC_092327.1	9587562	9587376	0.00
NC_092327.1	9587562	9587401	0.72
NC_092327.1	9587562	9587426	1.00
NC_092327.1	9587562	9587451	1.00
NC_092327.1	9587562	9587476	1.00
NC_092327.1	9587562	9587501	1.16
NC_092327.1	9587562	9587526	2.00
NC_092327.1	9587562	9587551	1.28
NC_092327.1	9587562	9587576	1.00
NC_092327.1	9587562	9587601	1.00
NC_092327.1	9587562	9587626	1.00
NC_092327.1	9587562	9587651	0.84
NC_092327.1	9587562	9587676	0.00
NC_092327.1	9587562	9587701	0.00
NC_092327.1	9587562	9587726	0.00
NC_092327.1	9587562	9587751	0.00
NC_092327.1	9587562	9587776	0.00
NC_092327.1	9587562	9587801	0.00
NC_092327.1	9587562	9587826	0.00
NC_092327.1	9587562	9587851	0.00
NC_092327.1	9587562	9587876	0.00
NC_092327.1	9587562	9587901	0.00
NC_092327.1	9587562	9587926	0.00
NC_092327.1	9587562	9587951	0.00
NC_092327.1	9587562	9587976	0.00
NC_092327.1	9587562	9588001	0.00
NC_092327.1	9587562	9588026	0.00
NC_092327.1	9587562	9588051	0.00
NC_092327.1	9587562	9588076	0.00
NC_092327.1	9587562	9588101	0.00
NC_092327.1	9587562	9588126	0.00
NC_092327.1	9587562	9588151	0.00
NC_092327.1	9587562	9588176	0.00
NC_092327.1	9587562	9588201	0.00
NC_092327.1	9587562	9588226	0.00
NC_092327.1	9587562	9588251	0.00
NC_092327.1	9587562	9588276	0.00
NC_092327.1	9587562	9588301	0.00
NC_092327.1	9587562	9588326	0.00
NC_092327.1	9587562	9588351	0.00
NC_092327.1	9587562	9588376	0.00
NC_092327.1	9587562	9588401	0.00
NC_092327.1	9587562	9588426	0.00
NC_092327.1	9587562	9588451	0.00
NC_092327.1	9587562	9588476	0.00
NC_092327.1	9587562	9588501	0.00
NC_092327.1	9587562	9588526	0.00
NC_092327.1	9587562	9588551	0.00
NC_092327.1	9587562	9588576	0.00
NC_092327.1	9587562	9588601	0.00
NC_092327.1	9587562	9588626	0.00
NC_092327.1	9587562	9588651	0.00
NC_092327.1	9587562	9588676	0.00
NC_092327.1	9587562	9588701	0.00
NC_092327.1	9587562	9588726	0.00
NC_092327.1	9587562	9588751	0.00
NC_092327.1	9587562	9588776	0.00
NC_092327.1	9587562	9588801	0.00
NC_092327.1	9587562	9588826	0.00
NC_092327.1	9587562	9588851	0.00
NC_092327.1	9587562	9588876	0.00
NC_092327.1	9587562	9588901	0.00
NC_092327.1	9587562	9588926	0.00
NC_092327.1	9587562	9588951	0.00
NC_092327.1	9587562	9588976	0.00
NC_092327.1	9587562	9589001	0.00
NC_092327.1	9587562	9589026	0.00
NC_092327.1	9587562	9589051	0.00
NC_092327.1	9587562	9589076	0.00
NC_092327.1	9587562	9589101	0.00
NC_092327.1	9587562	9589126	0.00
NC_092327.1	9587562	9589151	0.00
NC_092327.1	9587562	9589176	0.00
NC_092327.1	9587562	9589201	0.00
NC_092327.1	9587562	9589226	0.00
NC_092327.1	9587562	9589251	0.00
NC_092327.1	9587562	9589276	0.00
NC_092327.1	9587562	9589301	0.00
NC_092327.1	9587562	9589326	0.00
NC_092327.1	9587562	9589351	0.00
NC_092327.1	9587562	9589376	0.00
NC_092327.1	9587562	9589401	0.00
NC_092327.1	9587562	9589426	0.00
NC_092327.1	9587562	9589451	0.00
NC_092327.1	9587562	9589476	0.00
NC_092327.1	9587562	9589501	0.00
NC_092327.1	9587562	9589526	0.00
NC_092327.1	9587562	9589551	0.00
NC_092327.1	11568451	11566451	0.00
NC_092327.1	11568451	11566476	0.00
NC_092327.1	11568451	11566501	0.00
NC_092327.1	11568451	11566526	0.00
NC_092327.1	11568451	11566551	0.00
NC_092327.1	11568451	11566576	0.00
NC_092327.1	11568451	11566601	0.00
NC_092327.1	11568451	11566626	0.00
NC_092327.1	11568451	11566651	0.00
NC_092327.1	11568451	11566676	0.00
NC_092327.1	11568451	11566701	0.00
NC_092327.1	11568451	11566726	0.00
NC_092327.1	11568451	11566751	0.00
NC_092327.1	11568451	11566776	0.00
NC_092327.1	11568451	11566801	0.00
NC_092327.1	11568451	11566826	0.00
NC_092327.1	11568451	11566851	0.00
NC_092327.1	11568451	11566876	0.00
NC_092327.1	11568451	11566901	0.00
NC_092327.1	11568451	11566926	0.00
NC_092327.1	11568451	11566951	0.00
NC_092327.1	11568451	11566976	0.00
NC_092327.1	11568451	11567001	0.00
NC_092327.1	11568451	11567026	0.00
NC_092327.1	11568451	11567051	0.00
NC_092327.1	11568451	11567076	0.00
NC_092327.1	11568451	11567101	0.00
NC_092327.1	11568451	11567126	0.00
NC_092327.1	11568451	11567151	0.00
NC_092327.1	11568451	11567176	0.00
NC_092327.1	11568451	11567201	0.00
NC_092327.1	11568451	11567226	0.00
NC_092327.1	11568451	11567251	0.00
NC_092327.1	11568451	11567276	0.00
NC_092327.1	11568451	11567301	0.00
NC_092327.1	11568451	11567326	0.00
NC_092327.1	11568451	11567351	0.00
NC_092327.1	11568451	11567376	0.00
NC_092327.1	11568451	11567401	0.00
NC_092327.1	11568451	11567426	0.00
NC_092327.1	11568451	11567451	0.00
NC_092327.1	11568451	11567476	0.00
NC_092327.1	11568451	11567501	0.00
NC_092327.1	11568451	11567526	0.00
NC_092327.1	11568451	11567551	0.00
NC_092327.1	11568451	11567576	0.00
NC_092327.1	11568451	11567601	0.00
NC_092327.1	11568451	11567626	0.00
NC_092327.1	11568451	11567651	0.00
NC_092327.1	11568451	11567676	0.00
NC_092327.1	11568451	11567701	0.00
NC_092327.1	11568451	11567726	0.00
NC_092327.1	11568451	11567751	0.00
NC_092327.1	11568451	11567776	0.00
NC_092327.1	11568451	11567801	0.00
NC_092327.1	11568451	11567826	0.00
NC_092327.1	11568451	11567851	0.00
NC_092327.1	11568451	11567876	0.00
NC_092327.1	11568451	11567901	0.00
NC_092327.1	11568451	11567926	0.00
NC_092327.1	11568451	11567951	0.00
NC_092327.1	11568451	11567976	0.00
NC_092327.1	11568451	11568001	0.00
NC_092327.1	11568451	11568026	0.00
NC_092327.1	11568451	11568051	0.00
NC_092327.1	11568451	11568076	0.00
NC_092327.1	11568451	11568101	0.00
NC_092327.1	11568451	11568126	0.00
NC_092327.1	11568451	11568151	0.00
NC_092327.1	11568451	11568176	0.00
NC_092327.1	11568451	11568201	0.48
NC_092327.1	11568451	11568226	1.00
NC_092327.1	11568451	11568251	1.00
NC_092327.1	11568451	11568276	1.00
NC_092327.1	11568451	11568301	1.00
NC_092327.1	11568451	11568326	1.24
NC_092327.1	11568451	11568351	1.52
NC_092327.1	11568451	11568376	1.00
NC_092327.1	11568451	11568401	1.00
NC_092327.1	11568451	11568426	1.00
NC_092327.1	11568451	11568451	1.00
NC_092327.1	11568451	11568476	0.76
NC_092327.1	11568451	11568501	0.00
NC_092327.1	11568451	11568526	0.00
NC_092327.1	11568451	11568551	0.00
NC_092327.1	11568451	11568576	0.00
NC_092327.1	11568451	11568601	0.00
NC_092327.1	11568451	11568626	0.00
NC_092327.1	11568451	11568651	0.00
NC_092327.1	11568451	11568676	0.00
NC_092327.1	11568451	11568701	0.00
NC_092327.1	11568451	11568726	0.00
NC_092327.1	11568451	11568751	0.00
NC_092327.1	11568451	11568776	0.00
NC_092327.1	11568451	11568801	0.00
NC_092327.1	11568451	11568826	0.00
NC_092327.1	11568451	11568851	0.00
NC_092327.1	11568451	11568876	0.00
NC_092327.1	11568451	11568901	0.00
NC_092327.1	11568451	11568926	0.00
NC_092327.1	11568451	11568951	0.00
NC_092327.1	11568451	11568976	0.00
NC_092327.1	11568451	11569001	0.00
NC_092327.1	11568451	11569026	0.00
NC_092327.1	11568451	11569051	0.00
NC_092327.1	11568451	11569076	0.00
NC_092327.1	11568451	11569101	0.00
NC_092327.1	11568451	11569126	0.00
NC_092327.1	11568451	11569151	0.00
NC_092327.1	11568451	11569176	0.00
NC_092327.1	11568451	11569201	0.00
NC_092327.1	11568451	11569226	0.00
NC_092327.1	11568451	11569251	0.00
NC_092327.1	11568451	11569276	0.00
NC_092327.1	11568451	11569301	0.00
NC_092327.1	11568451	11569326	0.00
NC_092327.1	11568451	11569351	0.00
NC_092327.1	11568451	11569376	0.00
NC_092327.1	11568451	11569401	0.00
NC_092327.1	11568451	11569426	0.00
NC_092327.1	11568451	11569451	0.00
NC_092327.1	11568451	11569476	0.00
NC_092327.1	11568451	11569501	0.00
NC_092327.1	11568451	11569526	0.00
NC_092327.1	11568451	11569551	0.00
NC_092327.1	11568451	11569576	0.00
NC_092327.1	11568451	11569601	0.00
NC_092327.1	11568451	11569626	0.00
NC_092327.1	11568451	11569651	0.00
NC_092327.1	11568451	11569676	0.00
NC_092327.1	11568451	11569701	0.00
NC_092327.1	11568451	11569726	0.00
NC_092327.1	11568451	11569751	0.00
NC_092327.1	11568451	11569776	0.00
NC_092327.1	11568451	11569801	0.00
NC_092327.1	11568451	11569826	0.00
NC_092327.1	11568451	11569851	0.00
NC_092327.1	11568451	11569876	0.00
NC_092327.1	11568451	11569901	0.00
NC_092327.1	11568451	11569926	0.00
NC_092327.1	11568451	11569951	0.00
NC_092327.1	11568451	11569976	0.00
NC_092327.1	11568451	11570001	0.00
NC_092327.1	11568451	11570026	0.00
NC_092327.1	11568451	11570051	0.00
NC_092327.1	11568451	11570076	0.00
NC_092327.1	11568451	11570101	0.00
NC_092327.1	11568451	11570126	0.00
NC_092327.1	11568451	11570151	0.00
NC_092327.1	11568451	11570176	0.00
NC_092327.1	11568451	11570201	0.00
NC_092327.1	11568451	11570226	0.00
NC_092327.1	11568451	11570251	0.00
NC_092327.1	11568451	11570276	0.00
NC_092327.1	11568451	11570301	0.00
NC_092327.1	11568451	11570326	0.00
NC_092327.1	11568451	11570351	0.00
NC_092327.1	11568451	11570376	0.00
NC_092327.1	11568451	11570401	0.00
NC_092327.1	11568451	11570426	0.00
NC_092327.1	11568451	11570451	0.00
NC_092327.1	21704257	21702251	0.00
NC_092327.1	21704257	21702276	0.00
NC_092327.1	21704257	21702301	0.00
NC_092327.1	21704257	21702326	0.00
NC_092327.1	21704257	21702351	0.00
NC_092327.1	21704257	21702376	0.00
NC_092327.1	21704257	21702401	0.00
NC_092327.1	21704257	21702426	0.00
NC_092327.1	21704257	21702451	0.00
NC_092327.1	21704257	21702476	0.00
NC_092327.1	21704257	21702501	0.00
NC_092327.1	21704257	21702526	0.00
NC_092327.1	21704257	21702551	0.00
NC_092327.1	21704257	21702576	0.00
NC_092327.1	21704257	21702601	0.00
NC_092327.1	21704257	21702626	0.00
NC_092327.1	21704257	21702651	0.00
NC_092327.1	21704257	21702676	0.00
NC_092327.1	21704257	21702701	0.00
NC_092327.1	21704257	21702726	0.00
NC_092327.1	21704257	21702751	0.00
NC_092327.1	21704257	21702776	0.00
NC_092327.1	21704257	21702801	0.00
NC_092327.1	21704257	21702826	0.00
NC_092327.1	21704257	21702851	0.00
NC_092327.1	21704257	21702876	0.00
NC_092327.1	21704257	21702901	0.00
NC_092327.1	21704257	21702926	0.00
NC_092327.1	21704257	21702951	0.00
NC_092327.1	21704257	21702976	0.00
NC_092327.1	21704257	21703001	0.00
NC_092327.1	21704257	21703026	0.00
NC_092327.1	21704257	21703051	0.00
NC_092327.1	21704257	21703076	0.00
NC_092327.1	21704257	21703101	0.00
NC_092327.1	21704257	21703126	0.00
NC_092327.1	21704257	21703151	0.00
NC_092327.1	21704257	21703176	0.00
NC_092327.1	21704257	21703201	0.00
NC_092327.1	21704257	21703226	0.00
NC_092327.1	21704257	21703251	0.00
NC_092327.1	21704257	21703276	0.00
NC_092327.1	21704257	21703301	0.00
NC_092327.1	21704257	21703326	0.00
NC_092327.1	21704257	21703351	0.00
NC_092327.1	21704257	21703376	0.00
NC_092327.1	21704257	21703401	0.00
NC_092327.1	21704257	21703426	0.00
NC_092327.1	21704257	21703451	0.00
NC_092327.1	21704257	21703476	0.00
NC_092327.1	21704257	21703501	0.00
NC_092327.1	21704257	21703526	0.00
NC_092327.1	21704257	21703551	0.00
NC_092327.1	21704257	21703576	0.00
NC_092327.1	21704257	21703601	0.00
NC_092327.1	21704257	21703626	0.00
NC_092327.1	21704257	21703651	0.00
NC_092327.1	21704257	21703676	0.00
NC_092327.1	21704257	21703701	0.00
NC_092327.1	21704257	21703726	0.00
NC_092327.1	21704257	21703751	0.00
NC_092327.1	21704257	21703776	0.00
NC_092327.1	21704257	21703801	0.00
NC_092327.1	21704257	21703826	0.00
NC_092327.1	21704257	21703851	0.00
NC_092327.1	21704257	21703876	0.00
NC_092327.1	21704257	21703901	0.00
NC_092327.1	21704257	21703926	0.00
NC_092327.1	21704257	21703951	0.00
NC_092327.1	21704257	21703976	0.00
NC_092327.1	21704257	21704001	0.00
NC_092327.1	21704257	21704026	0.00
NC_092327.1	21704257	21704051	0.00
NC_092327.1	21704257	21704076	0.00
NC_092327.1	21704257	21704101	0.08
NC_092327.1	21704257	21704126	1.00
NC_092327.1	21704257	21704151	1.00
NC_092327.1	21704257	21704176	1.00
NC_092327.1	21704257	21704201	1.00
NC_092327.1	21704257	21704226	1.00
NC_092327.1	21704257	21704251	0.92
NC_092327.1	21704257	21704276	0.00
NC_092327.1	21704257	21704301	0.24
NC_092327.1	21704257	21704326	1.00
NC_092327.1	21704257	21704351	1.00
NC_092327.1	21704257	21704376	1.00
NC_092327.1	21704257	21704401	1.00
NC_092327.1	21704257	21704426	1.00
NC_092327.1	21704257	21704451	0.76
NC_092327.1	21704257	21704476	0.00
NC_092327.1	21704257	21704501	0.00
NC_092327.1	21704257	21704526	0.00
NC_092327.1	21704257	21704551	0.00
NC_092327.1	21704257	21704576	0.00
NC_092327.1	21704257	21704601	0.00
NC_092327.1	21704257	21704626	0.00
NC_092327.1	21704257	21704651	0.00
NC_092327.1	21704257	21704676	0.00
NC_092327.1	21704257	21704701	0.00
NC_092327.1	21704257	21704726	0.00
NC_092327.1	21704257	21704751	0.00
NC_092327.1	21704257	21704776	0.00
NC_092327.1	21704257	21704801	0.00
NC_092327.1	21704257	21704826	0.00
NC_092327.1	21704257	21704851	0.00
NC_092327.1	21704257	21704876	0.00
NC_092327.1	21704257	21704901	0.00
NC_092327.1	21704257	21704926	0.00
NC_092327.1	21704257	21704951	0.00
NC_092327.1	21704257	21704976	0.00
NC_092327.1	21704257	21705001	0.00
NC_092327.1	21704257	21705026	0.00
NC_092327.1	21704257	21705051	0.00
NC_092327.1	21704257	21705076	0.00
NC_092327.1	21704257	21705101	0.00
NC_092327.1	21704257	21705126	0.00
NC_092327.1	21704257	21705151	0.00
NC_092327.1	21704257	21705176	0.00
NC_092327.1	21704257	21705201	0.00
NC_092327.1	21704257	21705226	0.00
NC_092327.1	21704257	21705251	0.00
NC_092327.1	21704257	21705276	0.00
NC_092327.1	21704257	21705301	0.00
NC_092327.1	21704257	21705326	0.00
NC_092327.1	21704257	21705351	0.00
NC_092327.1	21704257	21705376	0.00
NC_092327.1	21704257	21705401	0.00
NC_092327.1	21704257	21705426	0.00
NC_092327.1	21704257	21705451	0.00
NC_092327.1	21704257	21705476	0.00
NC_092327.1	21704257	21705501	0.00
NC_092327.1	21704257	21705526	0.00
NC_092327.1	21704257	21705551	0.00
NC_092327.1	21704257	21705576	0.00
NC_092327.1	21704257	21705601	0.00
NC_092327.1	21704257	21705626	0.00
NC_092327.1	21704257	21705651	0.00
NC_092327.1	21704257	21705676	0.00
NC_092327.1	21704257	21705701	0.00
NC_092327.1	21704257	21705726	0.00
NC_092327.1	21704257	21705751	0.00
NC_092327.1	21704257	21705776	0.00
NC_092327.1	21704257	21705801	0.00
NC_092327.1	21704257	21705826	0.00
NC_092327.1	21704257	21705851	0.00
NC_092327.1	21704257	21705876	0.00
NC_092327.1	21704257	21705901	0.00
NC_092327.1	21704257	21705926	0.00
NC_092327.1	21704257	21705951	0.00
NC_092327.1	21704257	21705976	0.00
NC_092327.1	21704257	21706001	0.00
NC_092327.1	21704257	21706026	0.00
NC_092327.1	21704257	21706051	0.00
NC_092327.1	21704257	21706076	0.00
NC_092327.1	21704257	21706101	0.00
NC_092327.1	21704257	21706126	0.00
NC_092327.1	21704257	21706151	0.00
NC_092327.1	21704257	21706176	0.00
NC_092327.1	21704257	21706201	0.00
NC_092327.1	21704257	21706226	0.00
NC_092327.1	21704257	21706251	0.00
NC_092327.1	21704349	21702326	0.00
NC_092327.1	21704349	21702351	0.00
NC_092327.1	21704349	21702376	0.00
NC_092327.1	21704349	21702401	0.00
NC_092327.1	21704349	21702426	0.00
NC_092327.1	21704349	21702451	0.00
NC_092327.1	21704349	21702476	0.00
NC_092327.1	21704349	21702501	0.00
NC_092327.1	21704349	21702526	0.00
NC_092327.1	21704349	21702551	0.00
NC_092327.1	21704349	21702576	0.00
NC_092327.1	21704349	21702601	0.00
NC_092327.1	21704349	21702626	0.00
NC_092327.1	21704349	21702651	0.00
NC_092327.1	21704349	21702676	0.00
NC_092327.1	21704349	21702701	0.00
NC_092327.1	21704349	21702726	0.00
NC_092327.1	21704349	21702751	0.00
NC_092327.1	21704349	21702776	0.00
NC_092327.1	21704349	21702801	0.00
NC_092327.1	21704349	21702826	0.00
NC_092327.1	21704349	21702851	0.00
NC_092327.1	21704349	21702876	0.00
NC_092327.1	21704349	21702901	0.00
NC_092327.1	21704349	21702926	0.00
NC_092327.1	21704349	21702951	0.00
NC_092327.1	21704349	21702976	0.00
NC_092327.1	21704349	21703001	0.00
NC_092327.1	21704349	21703026	0.00
NC_092327.1	21704349	21703051	0.00
NC_092327.1	21704349	21703076	0.00
NC_092327.1	21704349	21703101	0.00
NC_092327.1	21704349	21703126	0.00
NC_092327.1	21704349	21703151	0.00
NC_092327.1	21704349	21703176	0.00
NC_092327.1	21704349	21703201	0.00
NC_092327.1	21704349	21703226	0.00
NC_092327.1	21704349	21703251	0.00
NC_092327.1	21704349	21703276	0.00
NC_092327.1	21704349	21703301	0.00
NC_092327.1	21704349	21703326	0.00
NC_092327.1	21704349	21703351	0.00
NC_092327.1	21704349	21703376	0.00
NC_092327.1	21704349	21703401	0.00
NC_092327.1	21704349	21703426	0.00
NC_092327.1	21704349	21703451	0.00
NC_092327.1	21704349	21703476	0.00
NC_092327.1	21704349	21703501	0.00
NC_092327.1	21704349	21703526	0.00
NC_092327.1	21704349	21703551	0.00
NC_092327.1	21704349	21703576	0.00
NC_092327.1	21704349	21703601	0.00
NC_092327.1	21704349	21703626	0.00
NC_092327.1	21704349	21703651	0.00
NC_092327.1	21704349	21703676	0.00
NC_092327.1	21704349	21703701	0.00
NC_092327.1	21704349	21703726	0.00
NC_092327.1	21704349	21703751	0.00
NC_092327.1	21704349	21703776	0.00
NC_092327.1	21704349	21703801	0.00
NC_092327.1	21704349	21703826	0.00
NC_092327.1	21704349	21703851	0.00
NC_092327.1	21704349	21703876	0.00
NC_092327.1	21704349	21703901	0.00
NC_092327.1	21704349	21703926	0.00
NC_092327.1	21704349	21703951	0.00
NC_092327.1	21704349	21703976	0.00
NC_092327.1	21704349	21704001	0.00
NC_092327.1	21704349	21704026	0.00
NC_092327.1	21704349	21704051	0.00
NC_092327.1	21704349	21704076	0.00
NC_092327.1	21704349	21704101	0.08
NC_092327.1	21704349	21704126	1.00
NC_092327.1	21704349	21704151	1.00
NC_092327.1	21704349	21704176	1.00
NC_092327.1	21704349	21704201	1.00
NC_092327.1	21704349	21704226	1.00
NC_092327.1	21704349	21704251	0.92
NC_092327.1	21704349	21704276	0.00
NC_092327.1	21704349	21704301	0.24
NC_092327.1	21704349	21704326	1.00
NC_092327.1	21704349	21704351	1.00
NC_092327.1	21704349	21704376	1.00
NC_092327.1	21704349	21704401	1.00
NC_092327.1	21704349	21704426	1.00
NC_092327.1	21704349	21704451	0.76
NC_092327.1	21704349	21704476	0.00
NC_092327.1	21704349	21704501	0.00
NC_092327.1	21704349	21704526	0.00
NC_092327.1	21704349	21704551	0.00
NC_092327.1	21704349	21704576	0.00
NC_092327.1	21704349	21704601	0.00
NC_092327.1	21704349	21704626	0.00
NC_092327.1	21704349	21704651	0.00
NC_092327.1	21704349	21704676	0.00
NC_092327.1	21704349	21704701	0.00
NC_092327.1	21704349	21704726	0.00
NC_092327.1	21704349	21704751	0.00
NC_092327.1	21704349	21704776	0.00
NC_092327.1	21704349	21704801	0.00
NC_092327.1	21704349	21704826	0.00
NC_092327.1	21704349	21704851	0.00
NC_092327.1	21704349	21704876	0.00
NC_092327.1	21704349	21704901	0.00
NC_092327.1	21704349	21704926	0.00
NC_092327.1	21704349	21704951	0.00
NC_092327.1	21704349	21704976	0.00
NC_092327.1	21704349	21705001	0.00
NC_092327.1	21704349	21705026	0.00
NC_092327.1	21704349	21705051	0.00
NC_092327.1	21704349	21705076	0.00
NC_092327.1	21704349	21705101	0.00
NC_092327.1	21704349	21705126	0.00
NC_092327.1	21704349	21705151	0.00
NC_092327.1	21704349	21705176	0.00
NC_092327.1	21704349	21705201	0.00
NC_092327.1	21704349	21705226	0.00
NC_092327.1	21704349	21705251	0.00
NC_092327.1	21704349	21705276	0.00
NC_092327.1	21704349	21705301	0.00
NC_092327.1	21704349	21705326	0.00
NC_092327.1	21704349	21705351	0.00
NC_092327.1	21704349	21705376	0.00
NC_092327.1	21704349	21705401	0.00
NC_092327.1	21704349	21705426	0.00
NC_092327.1	21704349	21705451	0.00
NC_092327.1	21704349	21705476	0.00
NC_092327.1	21704349	21705501	0.00
NC_092327.1	21704349	21705526	0.00
NC_092327.1	21704349	21705551	0.00
NC_092327.1	21704349	21705576	0.00
NC_092327.1	21704349	21705601	0.00
NC_092327.1	21704349	21705626	0.00
NC_092327.1	21704349	21705651	0.00
NC_092327.1	21704349	21705676	0.00
NC_092327.1	21704349	21705701	0.00
NC_092327.1	21704349	21705726	0.00
NC_092327.1	21704349	21705751	0.00
NC_092327.1	21704349	21705776	0.00
NC_092327.1	21704349	21705801	0.00
NC_092327.1	21704349	21705826	0.00
NC_092327.1	21704349	21705851	0.00
NC_092327.1	21704349	21705876	0.00
NC_092327.1	21704349	21705901	0.00
NC_092327.1	21704349	21705926	0.00
NC_092327.1	21704349	21705951	0.00
NC_092327.1	21704349	21705976	0.00
NC_092327.1	21704349	21706001	0.00
NC_092327.1	21704349	21706026	0.00
NC_092327.1	21704349	21706051	0.00
NC_092327.1	21704349	21706076	0.00
NC_092327.1	21704349	21706101	0.00
NC_092327.1	21704349	21706126	0.00
NC_092327.1	21704349	21706151	0.00
NC_092327.1	21704349	21706176	0.00
NC_092327.1	21704349	21706201	0.00
NC_092327.1	21704349	21706226	0.00
NC_092327.1	21704349	21706251	0.00
NC_092327.1	21704349	21706276	0.00
NC_092327.1	21704349	21706301	0.00
NC_092327.1	21704349	21706326	0.00
NC_092327.1	25390073	25388051	0.00
NC_092327.1	25390073	25388076	0.00
NC_092327.1	25390073	25388101	0.00
NC_092327.1	25390073	25388126	0.00
NC_092327.1	25390073	25388151	0.00
NC_092327.1	25390073	25388176	0.00
NC_092327.1	25390073	25388201	0.00
NC_092327.1	25390073	25388226	0.00
NC_092327.1	25390073	25388251	0.00
NC_092327.1	25390073	25388276	0.00
NC_092327.1	25390073	25388301	0.00
NC_092327.1	25390073	25388326	0.00
NC_092327.1	25390073	25388351	0.00
NC_092327.1	25390073	25388376	0.00
NC_092327.1	25390073	25388401	0.00
NC_092327.1	25390073	25388426	0.00
NC_092327.1	25390073	25388451	0.00
NC_092327.1	25390073	25388476	0.00
NC_092327.1	25390073	25388501	0.00
NC_092327.1	25390073	25388526	0.00
NC_092327.1	25390073	25388551	0.00
NC_092327.1	25390073	25388576	0.00
NC_092327.1	25390073	25388601	0.00
NC_092327.1	25390073	25388626	0.00
NC_092327.1	25390073	25388651	0.00
NC_092327.1	25390073	25388676	0.00
NC_092327.1	25390073	25388701	0.00
NC_092327.1	25390073	25388726	0.00
NC_092327.1	25390073	25388751	0.00
NC_092327.1	25390073	25388776	0.00
NC_092327.1	25390073	25388801	0.00
NC_092327.1	25390073	25388826	0.00
NC_092327.1	25390073	25388851	0.00
NC_092327.1	25390073	25388876	0.00
NC_092327.1	25390073	25388901	0.00
NC_092327.1	25390073	25388926	0.00
NC_092327.1	25390073	25388951	0.00
NC_092327.1	25390073	25388976	0.00
NC_092327.1	25390073	25389001	0.00
NC_092327.1	25390073	25389026	0.00
NC_092327.1	25390073	25389051	0.00
NC_092327.1	25390073	25389076	0.00
NC_092327.1	25390073	25389101	0.00
NC_092327.1	25390073	25389126	0.00
NC_092327.1	25390073	25389151	0.00
NC_092327.1	25390073	25389176	0.00
NC_092327.1	25390073	25389201	0.00
NC_092327.1	25390073	25389226	0.00
NC_092327.1	25390073	25389251	0.00
NC_092327.1	25390073	25389276	0.00
NC_092327.1	25390073	25389301	0.00
NC_092327.1	25390073	25389326	0.00
NC_092327.1	25390073	25389351	0.00
NC_092327.1	25390073	25389376	0.00
NC_092327.1	25390073	25389401	0.00
NC_092327.1	25390073	25389426	0.00
NC_092327.1	25390073	25389451	0.00
NC_092327.1	25390073	25389476	0.00
NC_092327.1	25390073	25389501	0.00
NC_092327.1	25390073	25389526	0.00
NC_092327.1	25390073	25389551	0.00
NC_092327.1	25390073	25389576	0.00
NC_092327.1	25390073	25389601	0.00
NC_092327.1	25390073	25389626	0.00
NC_092327.1	25390073	25389651	0.00
NC_092327.1	25390073	25389676	0.00
NC_092327.1	25390073	25389701	0.00
NC_092327.1	25390073	25389726	0.00
NC_092327.1	25390073	25389751	0.00
NC_092327.1	25390073	25389776	0.00
NC_092327.1	25390073	25389801	0.00
NC_092327.1	25390073	25389826	0.00
NC_092327.1	25390073	25389851	0.00
NC_092327.1	25390073	25389876	0.00
NC_092327.1	25390073	25389901	0.00
NC_092327.1	25390073	25389926	0.00
NC_092327.1	25390073	25389951	0.00
NC_092327.1	25390073	25389976	0.00
NC_092327.1	25390073	25390001	0.20
NC_092327.1	25390073	25390026	1.00
NC_092327.1	25390073	25390051	1.84
NC_092327.1	25390073	25390076	2.00
NC_092327.1	25390073	25390101	2.00
NC_092327.1	25390073	25390126	2.00
NC_092327.1	25390073	25390151	1.80
NC_092327.1	25390073	25390176	1.00
NC_092327.1	25390073	25390201	0.16
NC_092327.1	25390073	25390226	0.00
NC_092327.1	25390073	25390251	0.00
NC_092327.1	25390073	25390276	0.00
NC_092327.1	25390073	25390301	0.00
NC_092327.1	25390073	25390326	0.00
NC_092327.1	25390073	25390351	0.00
NC_092327.1	25390073	25390376	0.00
NC_092327.1	25390073	25390401	0.00
NC_092327.1	25390073	25390426	0.00
NC_092327.1	25390073	25390451	0.00
NC_092327.1	25390073	25390476	0.00
NC_092327.1	25390073	25390501	0.00
NC_092327.1	25390073	25390526	0.00
NC_092327.1	25390073	25390551	0.00
NC_092327.1	25390073	25390576	0.00
NC_092327.1	25390073	25390601	0.00
NC_092327.1	25390073	25390626	0.00
NC_092327.1	25390073	25390651	0.00
NC_092327.1	25390073	25390676	0.00
NC_092327.1	25390073	25390701	0.00
NC_092327.1	25390073	25390726	0.00
NC_092327.1	25390073	25390751	0.00
NC_092327.1	25390073	25390776	0.00
NC_092327.1	25390073	25390801	0.00
NC_092327.1	25390073	25390826	0.00
NC_092327.1	25390073	25390851	0.00
NC_092327.1	25390073	25390876	0.00
NC_092327.1	25390073	25390901	0.00
NC_092327.1	25390073	25390926	0.00
NC_092327.1	25390073	25390951	0.00
NC_092327.1	25390073	25390976	0.00
NC_092327.1	25390073	25391001	0.00
NC_092327.1	25390073	25391026	0.00
NC_092327.1	25390073	25391051	0.00
NC_092327.1	25390073	25391076	0.00
NC_092327.1	25390073	25391101	0.00
NC_092327.1	25390073	25391126	0.00
NC_092327.1	25390073	25391151	0.00
NC_092327.1	25390073	25391176	0.00
NC_092327.1	25390073	25391201	0.00
NC_092327.1	25390073	25391226	0.00
NC_092327.1	25390073	25391251	0.00
NC_092327.1	25390073	25391276	0.00
NC_092327.1	25390073	25391301	0.00
NC_092327.1	25390073	25391326	0.00
NC_092327.1	25390073	25391351	0.00
NC_092327.1	25390073	25391376	0.00
NC_092327.1	25390073	25391401	0.00
NC_092327.1	25390073	25391426	0.00
NC_092327.1	25390073	25391451	0.00
NC_092327.1	25390073	25391476	0.00
NC_092327.1	25390073	25391501	0.00
NC_092327.1	25390073	25391526	0.00
NC_092327.1	25390073	25391551	0.00
NC_092327.1	25390073	25391576	0.00
NC_092327.1	25390073	25391601	0.00
NC_092327.1	25390073	25391626	0.00
NC_092327.1	25390073	25391651	0.00
NC_092327.1	25390073	25391676	0.00
NC_092327.1	25390073	25391701	0.00
NC_092327.1	25390073	25391726	0.00
NC_092327.1	25390073	25391751	0.00
NC_092327.1	25390073	25391776	0.00
NC_092327.1	25390073	25391801	0.00
NC_092327.1	25390073	25391826	0.00
NC_092327.1	25390073	25391851	0.00
NC_092327.1	25390073	25391876	0.00
NC_092327.1	25390073	25391901	0.00
NC_092327.1	25390073	25391926	0.00
NC_092327.1	25390073	25391951	0.00
NC_092327.1	25390073	25391976	0.00
NC_092327.1	25390073	25392001	0.00
NC_092327.1	25390073	25392026	0.00
NC_092327.1	25390073	25392051	0.00
NC_092328.1	6524928	6522926	0.00
NC_092328.1	6524928	6522951	0.00
NC_092328.1	6524928	6522976	0.00
NC_092328.1	6524928	6523001	0.00
NC_092328.1	6524928	6523026	0.00
NC_092328.1	6524928	6523051	0.00
NC_092328.1	6524928	6523076	0.00
NC_092328.1	6524928	6523101	0.00
NC_092328.1	6524928	6523126	0.00
NC_092328.1	6524928	6523151	0.00
NC_092328.1	6524928	6523176	0.00
NC_092328.1	6524928	6523201	0.00
NC_092328.1	6524928	6523226	0.00
NC_092328.1	6524928	6523251	0.00
NC_092328.1	6524928	6523276	0.00
NC_092328.1	6524928	6523301	0.00
NC_092328.1	6524928	6523326	0.00
NC_092328.1	6524928	6523351	0.00
NC_092328.1	6524928	6523376	0.00
NC_092328.1	6524928	6523401	0.00
NC_092328.1	6524928	6523426	0.00
NC_092328.1	6524928	6523451	0.00
NC_092328.1	6524928	6523476	0.00
NC_092328.1	6524928	6523501	0.00
NC_092328.1	6524928	6523526	0.00
NC_092328.1	6524928	6523551	0.00
NC_092328.1	6524928	6523576	0.00
NC_092328.1	6524928	6523601	0.00
NC_092328.1	6524928	6523626	0.00
NC_092328.1	6524928	6523651	0.00
NC_092328.1	6524928	6523676	0.00
NC_092328.1	6524928	6523701	0.00
NC_092328.1	6524928	6523726	0.00
NC_092328.1	6524928	6523751	0.00
NC_092328.1	6524928	6523776	0.00
NC_092328.1	6524928	6523801	0.00
NC_092328.1	6524928	6523826	0.00
NC_092328.1	6524928	6523851	0.00
NC_092328.1	6524928	6523876	0.00
NC_092328.1	6524928	6523901	0.00
NC_092328.1	6524928	6523926	0.00
NC_092328.1	6524928	6523951	0.00
NC_092328.1	6524928	6523976	0.00
NC_092328.1	6524928	6524001	0.00
NC_092328.1	6524928	6524026	0.00
NC_092328.1	6524928	6524051	0.00
NC_092328.1	6524928	6524076	0.00
NC_092328.1	6524928	6524101	0.00
NC_092328.1	6524928	6524126	0.00
NC_092328.1	6524928	6524151	0.00
NC_092328.1	6524928	6524176	0.00
NC_092328.1	6524928	6524201	0.00
NC_092328.1	6524928	6524226	0.00
NC_092328.1	6524928	6524251	0.00
NC_092328.1	6524928	6524276	0.00
NC_092328.1	6524928	6524301	0.00
NC_092328.1	6524928	6524326	0.00
NC_092328.1	6524928	6524351	0.00
NC_092328.1	6524928	6524376	0.00
NC_092328.1	6524928	6524401	0.00
NC_092328.1	6524928	6524426	0.00
NC_092328.1	6524928	6524451	0.00
NC_092328.1	6524928	6524476	0.00
NC_092328.1	6524928	6524501	0.00
NC_092328.1	6524928	6524526	0.00
NC_092328.1	6524928	6524551	0.00
NC_092328.1	6524928	6524576	0.00
NC_092328.1	6524928	6524601	0.00
NC_092328.1	6524928	6524626	0.00
NC_092328.1	6524928	6524651	0.00
NC_092328.1	6524928	6524676	0.00
NC_092328.1	6524928	6524701	0.00
NC_092328.1	6524928	6524726	0.00
NC_092328.1	6524928	6524751	0.00
NC_092328.1	6524928	6524776	0.00
NC_092328.1	6524928	6524801	0.00
NC_092328.1	6524928	6524826	0.00
NC_092328.1	6524928	6524851	1.00
NC_092328.1	6524928	6524876	1.00
NC_092328.1	6524928	6524901	1.00
NC_092328.1	6524928	6524926	1.52
NC_092328.1	6524928	6524951	2.00
NC_092328.1	6524928	6524976	2.00
NC_092328.1	6524928	6525001	1.00
NC_092328.1	6524928	6525026	1.00
NC_092328.1	6524928	6525051	1.00
NC_092328.1	6524928	6525076	0.48
NC_092328.1	6524928	6525101	0.00
NC_092328.1	6524928	6525126	0.00
NC_092328.1	6524928	6525151	0.00
NC_092328.1	6524928	6525176	0.00
NC_092328.1	6524928	6525201	0.00
NC_092328.1	6524928	6525226	0.00
NC_092328.1	6524928	6525251	0.00
NC_092328.1	6524928	6525276	0.00
NC_092328.1	6524928	6525301	0.00
NC_092328.1	6524928	6525326	0.00
NC_092328.1	6524928	6525351	0.00
NC_092328.1	6524928	6525376	0.00
NC_092328.1	6524928	6525401	0.00
NC_092328.1	6524928	6525426	0.00
NC_092328.1	6524928	6525451	0.00
NC_092328.1	6524928	6525476	0.00
NC_092328.1	6524928	6525501	0.00
NC_092328.1	6524928	6525526	0.00
NC_092328.1	6524928	6525551	0.00
NC_092328.1	6524928	6525576	0.00
NC_092328.1	6524928	6525601	0.00
NC_092328.1	6524928	6525626	0.00
NC_092328.1	6524928	6525651	0.00
NC_092328.1	6524928	6525676	0.00
NC_092328.1	6524928	6525701	0.00
NC_092328.1	6524928	6525726	0.00
NC_092328.1	6524928	6525751	0.00
NC_092328.1	6524928	6525776	0.00
NC_092328.1	6524928	6525801	0.00
NC_092328.1	6524928	6525826	0.00
NC_092328.1	6524928	6525851	0.00
NC_092328.1	6524928	6525876	0.00
NC_092328.1	6524928	6525901	0.00
NC_092328.1	6524928	6525926	0.00
NC_092328.1	6524928	6525951	0.00
NC_092328.1	6524928	6525976	0.00
NC_092328.1	6524928	6526001	0.00
NC_092328.1	6524928	6526026	0.00
NC_092328.1	6524928	6526051	0.00
NC_092328.1	6524928	6526076	0.00
NC_092328.1	6524928	6526101	0.00
NC_092328.1	6524928	6526126	0.00
NC_092328.1	6524928	6526151	0.00
NC_092328.1	6524928	6526176	0.00
NC_092328.1	6524928	6526201	0.00
NC_092328.1	6524928	6526226	0.00
NC_092328.1	6524928	6526251	0.00
NC_092328.1	6524928	6526276	0.00
NC_092328.1	6524928	6526301	0.00
NC_092328.1	6524928	6526326	0.00
NC_092328.1	6524928	6526351	0.00
NC_092328.1	6524928	6526376	0.00
NC_092328.1	6524928	6526401	0.00
NC_092328.1	6524928	6526426	0.00
NC_092328.1	6524928	6526451	0.00
NC_092328.1	6524928	6526476	0.00
NC_092328.1	6524928	6526501	0.00
NC_092328.1	6524928	6526526	0.00
NC_092328.1	6524928	6526551	0.00
NC_092328.1	6524928	6526576	0.00
NC_092328.1	6524928	6526601	0.00
NC_092328.1	6524928	6526626	0.00
NC_092328.1	6524928	6526651	0.00
NC_092328.1	6524928	6526676	0.00
NC_092328.1	6524928	6526701	0.00
NC_092328.1	6524928	6526726	0.00
NC_092328.1	6524928	6526751	0.00
NC_092328.1	6524928	6526776	0.00
NC_092328.1	6524928	6526801	0.00
NC_092328.1	6524928	6526826	0.00
NC_092328.1	6524928	6526851	0.00
NC_092328.1	6524928	6526876	0.00
NC_092328.1	6524928	6526901	0.00
NC_092328.1	6524928	6526926	0.00
NC_092328.1	18061944	18059926	0.00
NC_092328.1	18061944	18059951	0.00
NC_092328.1	18061944	18059976	0.00
NC_092328.1	18061944	18060001	0.00
NC_092328.1	18061944	18060026	0.00
NC_092328.1	18061944	18060051	0.00
NC_092328.1	18061944	18060076	0.00
NC_092328.1	18061944	18060101	0.00
NC_092328.1	18061944	18060126	0.00
NC_092328.1	18061944	18060151	0.00
NC_092328.1	18061944	18060176	0.00
NC_092328.1	18061944	18060201	0.00
NC_092328.1	18061944	18060226	0.00
NC_092328.1	18061944	18060251	0.00
NC_092328.1	18061944	18060276	0.00
NC_092328.1	18061944	18060301	0.00
NC_092328.1	18061944	18060326	0.00
NC_092328.1	18061944	18060351	0.00
NC_092328.1	18061944	18060376	0.00
NC_092328.1	18061944	18060401	0.00
NC_092328.1	18061944	18060426	0.00
NC_092328.1	18061944	18060451	0.00
NC_092328.1	18061944	18060476	0.00
NC_092328.1	18061944	18060501	0.00
NC_092328.1	18061944	18060526	0.00
NC_092328.1	18061944	18060551	0.00
NC_092328.1	18061944	18060576	0.00
NC_092328.1	18061944	18060601	0.00
NC_092328.1	18061944	18060626	0.00
NC_092328.1	18061944	18060651	0.00
NC_092328.1	18061944	18060676	0.00
NC_092328.1	18061944	18060701	0.00
NC_092328.1	18061944	18060726	0.00
NC_092328.1	18061944	18060751	0.00
NC_092328.1	18061944	18060776	0.00
NC_092328.1	18061944	18060801	0.00
NC_092328.1	18061944	18060826	0.00
NC_092328.1	18061944	18060851	0.00
NC_092328.1	18061944	18060876	0.00
NC_092328.1	18061944	18060901	0.00
NC_092328.1	18061944	18060926	0.00
NC_092328.1	18061944	18060951	0.00
NC_092328.1	18061944	18060976	0.00
NC_092328.1	18061944	18061001	0.00
NC_092328.1	18061944	18061026	0.00
NC_092328.1	18061944	18061051	0.00
NC_092328.1	18061944	18061076	0.00
NC_092328.1	18061944	18061101	0.00
NC_092328.1	18061944	18061126	0.00
NC_092328.1	18061944	18061151	0.00
NC_092328.1	18061944	18061176	0.00
NC_092328.1	18061944	18061201	0.00
NC_092328.1	18061944	18061226	0.00
NC_092328.1	18061944	18061251	0.00
NC_092328.1	18061944	18061276	0.00
NC_092328.1	18061944	18061301	0.00
NC_092328.1	18061944	18061326	0.00
NC_092328.1	18061944	18061351	0.00
NC_092328.1	18061944	18061376	0.00
NC_092328.1	18061944	18061401	0.00
NC_092328.1	18061944	18061426	0.00
NC_092328.1	18061944	18061451	0.00
NC_092328.1	18061944	18061476	0.00
NC_092328.1	18061944	18061501	0.00
NC_092328.1	18061944	18061526	0.00
NC_092328.1	18061944	18061551	0.00
NC_092328.1	18061944	18061576	0.00
NC_092328.1	18061944	18061601	0.00
NC_092328.1	18061944	18061626	0.00
NC_092328.1	18061944	18061651	0.00
NC_092328.1	18061944	18061676	0.00
NC_092328.1	18061944	18061701	0.00
NC_092328.1	18061944	18061726	0.00
NC_092328.1	18061944	18061751	0.00
NC_092328.1	18061944	18061776	0.00
NC_092328.1	18061944	18061801	0.00
NC_092328.1	18061944	18061826	0.00
NC_092328.1	18061944	18061851	0.00
NC_092328.1	18061944	18061876	0.00
NC_092328.1	18061944	18061901	0.80
NC_092328.1	18061944	18061926	1.00
NC_092328.1	18061944	18061951	1.00
NC_092328.1	18061944	18061976	1.00
NC_092328.1	18061944	18062001	1.00
NC_092328.1	18061944	18062026	1.00
NC_092328.1	18061944	18062051	0.48
NC_092328.1	18061944	18062076	1.00
NC_092328.1	18061944	18062101	1.00
NC_092328.1	18061944	18062126	1.00
NC_092328.1	18061944	18062151	1.00
NC_092328.1	18061944	18062176	1.00
NC_092328.1	18061944	18062201	0.72
NC_092328.1	18061944	18062226	0.00
NC_092328.1	18061944	18062251	0.00
NC_092328.1	18061944	18062276	0.00
NC_092328.1	18061944	18062301	0.00
NC_092328.1	18061944	18062326	0.00
NC_092328.1	18061944	18062351	0.00
NC_092328.1	18061944	18062376	0.00
NC_092328.1	18061944	18062401	0.00
NC_092328.1	18061944	18062426	0.00
NC_092328.1	18061944	18062451	0.00
NC_092328.1	18061944	18062476	0.00
NC_092328.1	18061944	18062501	0.00
NC_092328.1	18061944	18062526	0.00
NC_092328.1	18061944	18062551	0.00
NC_092328.1	18061944	18062576	0.00
NC_092328.1	18061944	18062601	0.00
NC_092328.1	18061944	18062626	0.00
NC_092328.1	18061944	18062651	0.00
NC_092328.1	18061944	18062676	0.00
NC_092328.1	18061944	18062701	0.00
NC_092328.1	18061944	18062726	0.00
NC_092328.1	18061944	18062751	0.00
NC_092328.1	18061944	18062776	0.00
NC_092328.1	18061944	18062801	0.00
NC_092328.1	18061944	18062826	0.00
NC_092328.1	18061944	18062851	0.00
NC_092328.1	18061944	18062876	0.00
NC_092328.1	18061944	18062901	0.00
NC_092328.1	18061944	18062926	0.00
NC_092328.1	18061944	18062951	0.00
NC_092328.1	18061944	18062976	0.00
NC_092328.1	18061944	18063001	0.00
NC_092328.1	18061944	18063026	0.00
NC_092328.1	18061944	18063051	0.00
NC_092328.1	18061944	18063076	0.00
NC_092328.1	18061944	18063101	0.00
NC_092328.1	18061944	18063126	0.00
NC_092328.1	18061944	18063151	0.00
NC_092328.1	18061944	18063176	0.00
NC_092328.1	18061944	18063201	0.00
NC_092328.1	18061944	18063226	0.00
NC_092328.1	18061944	18063251	0.00
NC_092328.1	18061944	18063276	0.00
NC_092328.1	18061944	18063301	0.00
NC_092328.1	18061944	18063326	0.00
NC_092328.1	18061944	18063351	0.00
NC_092328.1	18061944	18063376	0.00
NC_092328.1	18061944	18063401	0.00
NC_092328.1	18061944	18063426	0.00
NC_092328.1	18061944	18063451	0.00
NC_092328.1	18061944	18063476	0.00
NC_092328.1	18061944	18063501	0.00
NC_092328.1	18061944	18063526	0.00
NC_092328.1	18061944	18063551	0.00
NC_092328.1	18061944	18063576	0.00
NC_092328.1	18061944	18063601	0.00
NC_092328.1	18061944	18063626	0.00
NC_092328.1	18061944	18063651	0.00
NC_092328.1	18061944	18063676	0.00
NC_092328.1	18061944	18063701	0.00
NC_092328.1	18061944	18063726	0.00
NC_092328.1	18061944	18063751	0.00
NC_092328.1	18061944	18063776	0.00
NC_092328.1	18061944	18063801	0.00
NC_092328.1	18061944	18063826	0.00
NC_092328.1	18061944	18063851	0.00
NC_092328.1	18061944	18063876	0.00
NC_092328.1	18061944	18063901	0.00
NC_092328.1	18061944	18063926	0.00
NC_092328.1	31855179	31853176	0.00
NC_092328.1	31855179	31853201	0.00
NC_092328.1	31855179	31853226	0.00
NC_092328.1	31855179	31853251	0.00
NC_092328.1	31855179	31853276	0.00
NC_092328.1	31855179	31853301	0.00
NC_092328.1	31855179	31853326	0.00
NC_092328.1	31855179	31853351	0.00
NC_092328.1	31855179	31853376	0.00
NC_092328.1	31855179	31853401	0.00
NC_092328.1	31855179	31853426	0.00
NC_092328.1	31855179	31853451	0.00
NC_092328.1	31855179	31853476	0.00
NC_092328.1	31855179	31853501	0.00
NC_092328.1	31855179	31853526	0.00
NC_092328.1	31855179	31853551	0.00
NC_092328.1	31855179	31853576	0.00
NC_092328.1	31855179	31853601	0.00
NC_092328.1	31855179	31853626	0.00
NC_092328.1	31855179	31853651	0.00
NC_092328.1	31855179	31853676	0.00
NC_092328.1	31855179	31853701	0.00
NC_092328.1	31855179	31853726	0.00
NC_092328.1	31855179	31853751	0.00
NC_092328.1	31855179	31853776	0.00
NC_092328.1	31855179	31853801	0.00
NC_092328.1	31855179	31853826	0.00
NC_092328.1	31855179	31853851	0.00
NC_092328.1	31855179	31853876	0.00
NC_092328.1	31855179	31853901	0.00
NC_092328.1	31855179	31853926	0.00
NC_092328.1	31855179	31853951	0.00
NC_092328.1	31855179	31853976	0.00
NC_092328.1	31855179	31854001	0.00
NC_092328.1	31855179	31854026	0.00
NC_092328.1	31855179	31854051	0.00
NC_092328.1	31855179	31854076	0.00
NC_092328.1	31855179	31854101	0.00
NC_092328.1	31855179	31854126	0.00
NC_092328.1	31855179	31854151	0.00
NC_092328.1	31855179	31854176	0.00
NC_092328.1	31855179	31854201	0.00
NC_092328.1	31855179	31854226	0.00
NC_092328.1	31855179	31854251	0.00
NC_092328.1	31855179	31854276	0.00
NC_092328.1	31855179	31854301	0.00
NC_092328.1	31855179	31854326	0.00
NC_092328.1	31855179	31854351	0.00
NC_092328.1	31855179	31854376	0.00
NC_092328.1	31855179	31854401	0.00
NC_092328.1	31855179	31854426	0.00
NC_092328.1	31855179	31854451	0.00
NC_092328.1	31855179	31854476	0.00
NC_092328.1	31855179	31854501	0.00
NC_092328.1	31855179	31854526	0.00
NC_092328.1	31855179	31854551	0.00
NC_092328.1	31855179	31854576	0.00
NC_092328.1	31855179	31854601	0.00
NC_092328.1	31855179	31854626	0.00
NC_092328.1	31855179	31854651	0.00
NC_092328.1	31855179	31854676	0.00
NC_092328.1	31855179	31854701	0.00
NC_092328.1	31855179	31854726	0.00
NC_092328.1	31855179	31854751	0.00
NC_092328.1	31855179	31854776	0.00
NC_092328.1	31855179	31854801	0.00
NC_092328.1	31855179	31854826	0.00
NC_092328.1	31855179	31854851	0.00
NC_092328.1	31855179	31854876	0.00
NC_092328.1	31855179	31854901	0.00
NC_092328.1	31855179	31854926	0.00
NC_092328.1	31855179	31854951	0.00
NC_092328.1	31855179	31854976	0.00
NC_092328.1	31855179	31855001	0.00
NC_092328.1	31855179	31855026	0.00
NC_092328.1	31855179	31855051	0.84
NC_092328.1	31855179	31855076	1.00
NC_092328.1	31855179	31855101	1.00
NC_092328.1	31855179	31855126	1.00
NC_092328.1	31855179	31855151	1.00
NC_092328.1	31855179	31855176	1.00
NC_092328.1	31855179	31855201	0.16
NC_092328.1	31855179	31855226	0.00
NC_092328.1	31855179	31855251	0.00
NC_092328.1	31855179	31855276	0.00
NC_092328.1	31855179	31855301	0.00
NC_092328.1	31855179	31855326	0.00
NC_092328.1	31855179	31855351	0.00
NC_092328.1	31855179	31855376	0.00
NC_092328.1	31855179	31855401	0.00
NC_092328.1	31855179	31855426	0.00
NC_092328.1	31855179	31855451	0.00
NC_092328.1	31855179	31855476	0.00
NC_092328.1	31855179	31855501	0.00
NC_092328.1	31855179	31855526	0.00
NC_092328.1	31855179	31855551	0.00
NC_092328.1	31855179	31855576	0.00
NC_092328.1	31855179	31855601	0.00
NC_092328.1	31855179	31855626	0.00
NC_092328.1	31855179	31855651	0.00
NC_092328.1	31855179	31855676	0.00
NC_092328.1	31855179	31855701	0.00
NC_092328.1	31855179	31855726	0.00
NC_092328.1	31855179	31855751	0.00
NC_092328.1	31855179	31855776	0.00
NC_092328.1	31855179	31855801	0.00
NC_092328.1	31855179	31855826	0.00
NC_092328.1	31855179	31855851	0.00
NC_092328.1	31855179	31855876	0.00
NC_092328.1	31855179	31855901	0.00
NC_092328.1	31855179	31855926	0.00
NC_092328.1	31855179	31855951	0.00
NC_092328.1	31855179	31855976	0.00
NC_092328.1	31855179	31856001	0.00
NC_092328.1	31855179	31856026	0.00
NC_092328.1	31855179	31856051	0.00
NC_092328.1	31855179	31856076	0.00
NC_092328.1	31855179	31856101	0.00
NC_092328.1	31855179	31856126	0.00
NC_092328.1	31855179	31856151	0.00
NC_092328.1	31855179	31856176	0.00
NC_092328.1	31855179	31856201	0.00
NC_092328.1	31855179	31856226	0.00
NC_092328.1	31855179	31856251	0.00
NC_092328.1	31855179	31856276	0.00
NC_092328.1	31855179	31856301	0.00
NC_092328.1	31855179	31856326	0.00
NC_092328.1	31855179	31856351	0.00
NC_092328.1	31855179	31856376	0.00
NC_092328.1	31855179	31856401	0.00
NC_092328.1	31855179	31856426	0.00
NC_092328.1	31855179	31856451	0.00
NC_092328.1	31855179	31856476	0.00
NC_092328.1	31855179	31856501	0.00
NC_092328.1	31855179	31856526	0.00
NC_092328.1	31855179	31856551	0.00
NC_092328.1	31855179	31856576	0.00
NC_092328.1	31855179	31856601	0.00
NC_092328.1	31855179	31856626	0.00
NC_092328.1	31855179	31856651	0.00
NC_092328.1	31855179	31856676	0.00
NC_092328.1	31855179	31856701	0.00
NC_092328.1	31855179	31856726	0.00
NC_092328.1	31855179	31856751	0.00
NC_092328.1	31855179	31856776	0.00
NC_092328.1	31855179	31856801	0.00
NC_092328.1	31855179	31856826	0.00
NC_092328.1	31855179	31856851	0.00
NC_092328.1	31855179	31856876	0.00
NC_092328.1	31855179	31856901	0.00
NC_092328.1	31855179	31856926	0.00
NC_092328.1	31855179	31856951	0.00
NC_092328.1	31855179	31856976	0.00
NC_092328.1	31855179	31857001	0.00
NC_092328.1	31855179	31857026	0.00
NC_092328.1	31855179	31857051	0.00
NC_092328.1	31855179	31857076	0.00
NC_092328.1	31855179	31857101	0.00
NC_092328.1	31855179	31857126	0.00
NC_092328.1	31855179	31857151	0.00
NC_092328.1	31855179	31857176	0.00
NC_092328.1	32931027	32929026	0.00
NC_092328.1	32931027	32929051	0.00
NC_092328.1	32931027	32929076	0.00
NC_092328.1	32931027	32929101	0.00
NC_092328.1	32931027	32929126	0.00
NC_092328.1	32931027	32929151	0.00
NC_092328.1	32931027	32929176	0.00
NC_092328.1	32931027	32929201	0.00
NC_092328.1	32931027	32929226	0.00
NC_092328.1	32931027	32929251	0.00
NC_092328.1	32931027	32929276	0.00
NC_092328.1	32931027	32929301	0.00
NC_092328.1	32931027	32929326	0.00
NC_092328.1	32931027	32929351	0.00
NC_092328.1	32931027	32929376	0.00
NC_092328.1	32931027	32929401	0.00
NC_092328.1	32931027	32929426	0.00
NC_092328.1	32931027	32929451	0.00
NC_092328.1	32931027	32929476	0.00
NC_092328.1	32931027	32929501	0.00
NC_092328.1	32931027	32929526	0.00
NC_092328.1	32931027	32929551	0.00
NC_092328.1	32931027	32929576	0.00
NC_092328.1	32931027	32929601	0.00
NC_092328.1	32931027	32929626	0.00
NC_092328.1	32931027	32929651	0.00
NC_092328.1	32931027	32929676	0.00
NC_092328.1	32931027	32929701	0.00
NC_092328.1	32931027	32929726	0.00
NC_092328.1	32931027	32929751	0.00
NC_092328.1	32931027	32929776	0.00
NC_092328.1	32931027	32929801	0.00
NC_092328.1	32931027	32929826	0.00
NC_092328.1	32931027	32929851	0.00
NC_092328.1	32931027	32929876	0.00
NC_092328.1	32931027	32929901	0.00
NC_092328.1	32931027	32929926	0.00
NC_092328.1	32931027	32929951	0.00
NC_092328.1	32931027	32929976	0.00
NC_092328.1	32931027	32930001	0.00
NC_092328.1	32931027	32930026	0.00
NC_092328.1	32931027	32930051	0.00
NC_092328.1	32931027	32930076	0.00
NC_092328.1	32931027	32930101	0.00
NC_092328.1	32931027	32930126	0.00
NC_092328.1	32931027	32930151	0.00
NC_092328.1	32931027	32930176	0.00
NC_092328.1	32931027	32930201	0.00
NC_092328.1	32931027	32930226	0.00
NC_092328.1	32931027	32930251	0.00
NC_092328.1	32931027	32930276	0.00
NC_092328.1	32931027	32930301	0.00
NC_092328.1	32931027	32930326	0.00
NC_092328.1	32931027	32930351	0.00
NC_092328.1	32931027	32930376	0.00
NC_092328.1	32931027	32930401	0.00
NC_092328.1	32931027	32930426	0.00
NC_092328.1	32931027	32930451	0.00
NC_092328.1	32931027	32930476	0.00
NC_092328.1	32931027	32930501	0.00
NC_092328.1	32931027	32930526	0.00
NC_092328.1	32931027	32930551	0.00
NC_092328.1	32931027	32930576	0.00
NC_092328.1	32931027	32930601	0.00
NC_092328.1	32931027	32930626	0.00
NC_092328.1	32931027	32930651	0.00
NC_092328.1	32931027	32930676	0.00
NC_092328.1	32931027	32930701	0.00
NC_092328.1	32931027	32930726	0.00
NC_092328.1	32931027	32930751	0.00
NC_092328.1	32931027	32930776	0.00
NC_092328.1	32931027	32930801	0.00
NC_092328.1	32931027	32930826	0.00
NC_092328.1	32931027	32930851	0.00
NC_092328.1	32931027	32930876	0.00
NC_092328.1	32931027	32930901	0.24
NC_092328.1	32931027	32930926	1.00
NC_092328.1	32931027	32930951	1.00
NC_092328.1	32931027	32930976	1.00
NC_092328.1	32931027	32931001	1.00
NC_092328.1	32931027	32931026	1.00
NC_092328.1	32931027	32931051	1.76
NC_092328.1	32931027	32931076	1.00
NC_092328.1	32931027	32931101	1.00
NC_092328.1	32931027	32931126	1.00
NC_092328.1	32931027	32931151	1.00
NC_092328.1	32931027	32931176	1.00
NC_092328.1	32931027	32931201	0.00
NC_092328.1	32931027	32931226	0.00
NC_092328.1	32931027	32931251	0.00
NC_092328.1	32931027	32931276	0.00
NC_092328.1	32931027	32931301	0.00
NC_092328.1	32931027	32931326	0.00
NC_092328.1	32931027	32931351	0.00
NC_092328.1	32931027	32931376	0.00
NC_092328.1	32931027	32931401	0.00
NC_092328.1	32931027	32931426	0.00
NC_092328.1	32931027	32931451	0.00
NC_092328.1	32931027	32931476	0.00
NC_092328.1	32931027	32931501	0.00
NC_092328.1	32931027	32931526	0.00
NC_092328.1	32931027	32931551	0.00
NC_092328.1	32931027	32931576	0.00
NC_092328.1	32931027	32931601	0.00
NC_092328.1	32931027	32931626	0.00
NC_092328.1	32931027	32931651	0.00
NC_092328.1	32931027	32931676	0.00
NC_092328.1	32931027	32931701	0.00
NC_092328.1	32931027	32931726	0.00
NC_092328.1	32931027	32931751	0.00
NC_092328.1	32931027	32931776	0.00
NC_092328.1	32931027	32931801	0.00
NC_092328.1	32931027	32931826	0.00
NC_092328.1	32931027	32931851	0.00
NC_092328.1	32931027	32931876	0.00
NC_092328.1	32931027	32931901	0.00
NC_092328.1	32931027	32931926	0.00
NC_092328.1	32931027	32931951	0.00
NC_092328.1	32931027	32931976	0.00
NC_092328.1	32931027	32932001	0.00
NC_092328.1	32931027	32932026	0.00
NC_092328.1	32931027	32932051	0.00
NC_092328.1	32931027	32932076	0.00
NC_092328.1	32931027	32932101	0.00
NC_092328.1	32931027	32932126	0.00
NC_092328.1	32931027	32932151	0.00
NC_092328.1	32931027	32932176	0.00
NC_092328.1	32931027	32932201	0.00
NC_092328.1	32931027	32932226	0.00
NC_092328.1	32931027	32932251	0.00
NC_092328.1	32931027	32932276	0.00
NC_092328.1	32931027	32932301	0.00
NC_092328.1	32931027	32932326	0.00
NC_092328.1	32931027	32932351	0.00
NC_092328.1	32931027	32932376	0.00
NC_092328.1	32931027	32932401	0.00
NC_092328.1	32931027	32932426	0.00
NC_092328.1	32931027	32932451	0.00
NC_092328.1	32931027	32932476	0.00
NC_092328.1	32931027	32932501	0.00
NC_092328.1	32931027	32932526	0.00
NC_092328.1	32931027	32932551	0.00
NC_092328.1	32931027	32932576	0.00
NC_092328.1	32931027	32932601	0.00
NC_092328.1	32931027	32932626	0.00
NC_092328.1	32931027	32932651	0.00
NC_092328.1	32931027	32932676	0.00
NC_092328.1	32931027	32932701	0.00
NC_092328.1	32931027	32932726	0.00
NC_092328.1	32931027	32932751	0.00
NC_092328.1	32931027	32932776	0.00
NC_092328.1	32931027	32932801	0.00
NC_092328.1	32931027	32932826	0.00
NC_092328.1	32931027	32932851	0.00
NC_092328.1	32931027	32932876	0.00
NC_092328.1	32931027	32932901	0.00
NC_092328.1	32931027	32932926	0.00
NC_092328.1	32931027	32932951	0.00
NC_092328.1	32931027	32932976	0.00
NC_092328.1	32931027	32933001	0.00
NC_092328.1	32931027	32933026	0.00
NC_092328.1	32931119	32929101	0.00
NC_092328.1	32931119	32929126	0.00
NC_092328.1	32931119	32929151	0.00
NC_092328.1	32931119	32929176	0.00
NC_092328.1	32931119	32929201	0.00
NC_092328.1	32931119	32929226	0.00
NC_092328.1	32931119	32929251	0.00
NC_092328.1	32931119	32929276	0.00
NC_092328.1	32931119	32929301	0.00
NC_092328.1	32931119	32929326	0.00
NC_092328.1	32931119	32929351	0.00
NC_092328.1	32931119	32929376	0.00
NC_092328.1	32931119	32929401	0.00
NC_092328.1	32931119	32929426	0.00
NC_092328.1	32931119	32929451	0.00
NC_092328.1	32931119	32929476	0.00
NC_092328.1	32931119	32929501	0.00
NC_092328.1	32931119	32929526	0.00
NC_092328.1	32931119	32929551	0.00
NC_092328.1	32931119	32929576	0.00
NC_092328.1	32931119	32929601	0.00
NC_092328.1	32931119	32929626	0.00
NC_092328.1	32931119	32929651	0.00
NC_092328.1	32931119	32929676	0.00
NC_092328.1	32931119	32929701	0.00
NC_092328.1	32931119	32929726	0.00
NC_092328.1	32931119	32929751	0.00
NC_092328.1	32931119	32929776	0.00
NC_092328.1	32931119	32929801	0.00
NC_092328.1	32931119	32929826	0.00
NC_092328.1	32931119	32929851	0.00
NC_092328.1	32931119	32929876	0.00
NC_092328.1	32931119	32929901	0.00
NC_092328.1	32931119	32929926	0.00
NC_092328.1	32931119	32929951	0.00
NC_092328.1	32931119	32929976	0.00
NC_092328.1	32931119	32930001	0.00
NC_092328.1	32931119	32930026	0.00
NC_092328.1	32931119	32930051	0.00
NC_092328.1	32931119	32930076	0.00
NC_092328.1	32931119	32930101	0.00
NC_092328.1	32931119	32930126	0.00
NC_092328.1	32931119	32930151	0.00
NC_092328.1	32931119	32930176	0.00
NC_092328.1	32931119	32930201	0.00
NC_092328.1	32931119	32930226	0.00
NC_092328.1	32931119	32930251	0.00
NC_092328.1	32931119	32930276	0.00
NC_092328.1	32931119	32930301	0.00
NC_092328.1	32931119	32930326	0.00
NC_092328.1	32931119	32930351	0.00
NC_092328.1	32931119	32930376	0.00
NC_092328.1	32931119	32930401	0.00
NC_092328.1	32931119	32930426	0.00
NC_092328.1	32931119	32930451	0.00
NC_092328.1	32931119	32930476	0.00
NC_092328.1	32931119	32930501	0.00
NC_092328.1	32931119	32930526	0.00
NC_092328.1	32931119	32930551	0.00
NC_092328.1	32931119	32930576	0.00
NC_092328.1	32931119	32930601	0.00
NC_092328.1	32931119	32930626	0.00
NC_092328.1	32931119	32930651	0.00
NC_092328.1	32931119	32930676	0.00
NC_092328.1	32931119	32930701	0.00
NC_092328.1	32931119	32930726	0.00
NC_092328.1	32931119	32930751	0.00
NC_092328.1	32931119	32930776	0.00
NC_092328.1	32931119	32930801	0.00
NC_092328.1	32931119	32930826	0.00
NC_092328.1	32931119	32930851	0.00
NC_092328.1	32931119	32930876	0.00
NC_092328.1	32931119	32930901	0.24
NC_092328.1	32931119	32930926	1.00
NC_092328.1	32931119	32930951	1.00
NC_092328.1	32931119	32930976	1.00
NC_092328.1	32931119	32931001	1.00
NC_092328.1	32931119	32931026	1.00
NC_092328.1	32931119	32931051	1.76
NC_092328.1	32931119	32931076	1.00
NC_092328.1	32931119	32931101	1.00
NC_092328.1	32931119	32931126	1.00
NC_092328.1	32931119	32931151	1.00
NC_092328.1	32931119	32931176	1.00
NC_092328.1	32931119	32931201	0.00
NC_092328.1	32931119	32931226	0.00
NC_092328.1	32931119	32931251	0.00
NC_092328.1	32931119	32931276	0.00
NC_092328.1	32931119	32931301	0.00
NC_092328.1	32931119	32931326	0.00
NC_092328.1	32931119	32931351	0.00
NC_092328.1	32931119	32931376	0.00
NC_092328.1	32931119	32931401	0.00
NC_092328.1	32931119	32931426	0.00
NC_092328.1	32931119	32931451	0.00
NC_092328.1	32931119	32931476	0.00
NC_092328.1	32931119	32931501	0.00
NC_092328.1	32931119	32931526	0.00
NC_092328.1	32931119	32931551	0.00
NC_092328.1	32931119	32931576	0.00
NC_092328.1	32931119	32931601	0.00
NC_092328.1	32931119	32931626	0.00
NC_092328.1	32931119	32931651	0.00
NC_092328.1	32931119	32931676	0.00
NC_092328.1	32931119	32931701	0.00
NC_092328.1	32931119	32931726	0.00
NC_092328.1	32931119	32931751	0.00
NC_092328.1	32931119	32931776	0.00
NC_092328.1	32931119	32931801	0.00
NC_092328.1	32931119	32931826	0.00
NC_092328.1	32931119	32931851	0.00
NC_092328.1	32931119	32931876	0.00
NC_092328.1	32931119	32931901	0.00
NC_092328.1	32931119	32931926	0.00
NC_092328.1	32931119	32931951	0.00
NC_092328.1	32931119	32931976	0.00
NC_092328.1	32931119	32932001	0.00
NC_092328.1	32931119	32932026	0.00
NC_092328.1	32931119	32932051	0.00
NC_092328.1	32931119	32932076	0.00
NC_092328.1	32931119	32932101	0.00
NC_092328.1	32931119	32932126	0.00
NC_092328.1	32931119	32932151	0.00
NC_092328.1	32931119	32932176	0.00
NC_092328.1	32931119	32932201	0.00
NC_092328.1	32931119	32932226	0.00
NC_092328.1	32931119	32932251	0.00
NC_092328.1	32931119	32932276	0.00
NC_092328.1	32931119	32932301	0.00
NC_092328.1	32931119	32932326	0.00
NC_092328.1	32931119	32932351	0.00
NC_092328.1	32931119	32932376	0.00
NC_092328.1	32931119	32932401	0.00
NC_092328.1	32931119	32932426	0.00
NC_092328.1	32931119	32932451	0.00
NC_092328.1	32931119	32932476	0.00
NC_092328.1	32931119	32932501	0.00
NC_092328.1	32931119	32932526	0.00
NC_092328.1	32931119	32932551	0.00
NC_092328.1	32931119	32932576	0.00
NC_092328.1	32931119	32932601	0.00
NC_092328.1	32931119	32932626	0.00
NC_092328.1	32931119	32932651	0.00
NC_092328.1	32931119	32932676	0.00
NC_092328.1	32931119	32932701	0.00
NC_092328.1	32931119	32932726	0.00
NC_092328.1	32931119	32932751	0.00
NC_092328.1	32931119	32932776	0.00
NC_092328.1	32931119	32932801	0.00
NC_092328.1	32931119	32932826	0.00
NC_092328.1	32931119	32932851	0.00
NC_092328.1	32931119	32932876	0.00
NC_092328.1	32931119	32932901	0.00
NC_092328.1	32931119	32932926	0.00
NC_092328.1	32931119	32932951	0.00
NC_092328.1	32931119	32932976	0.00
NC_092328.1	32931119	32933001	0.00
NC_092328.1	32931119	32933026	0.00
NC_092328.1	32931119	32933051	0.00
NC_092328.1	32931119	32933076	0.00
NC_092328.1	32931119	32933101	0.00
NC_092328.1	32931154	32929151	0.00
NC_092328.1	32931154	32929176	0.00
NC_092328.1	32931154	32929201	0.00
NC_092328.1	32931154	32929226	0.00
NC_092328.1	32931154	32929251	0.00
NC_092328.1	32931154	32929276	0.00
NC_092328.1	32931154	32929301	0.00
NC_092328.1	32931154	32929326	0.00
NC_092328.1	32931154	32929351	0.00
NC_092328.1	32931154	32929376	0.00
NC_092328.1	32931154	32929401	0.00
NC_092328.1	32931154	32929426	0.00
NC_092328.1	32931154	32929451	0.00
NC_092328.1	32931154	32929476	0.00
NC_092328.1	32931154	32929501	0.00
NC_092328.1	32931154	32929526	0.00
NC_092328.1	32931154	32929551	0.00
NC_092328.1	32931154	32929576	0.00
NC_092328.1	32931154	32929601	0.00
NC_092328.1	32931154	32929626	0.00
NC_092328.1	32931154	32929651	0.00
NC_092328.1	32931154	32929676	0.00
NC_092328.1	32931154	32929701	0.00
NC_092328.1	32931154	32929726	0.00
NC_092328.1	32931154	32929751	0.00
NC_092328.1	32931154	32929776	0.00
NC_092328.1	32931154	32929801	0.00
NC_092328.1	32931154	32929826	0.00
NC_092328.1	32931154	32929851	0.00
NC_092328.1	32931154	32929876	0.00
NC_092328.1	32931154	32929901	0.00
NC_092328.1	32931154	32929926	0.00
NC_092328.1	32931154	32929951	0.00
NC_092328.1	32931154	32929976	0.00
NC_092328.1	32931154	32930001	0.00
NC_092328.1	32931154	32930026	0.00
NC_092328.1	32931154	32930051	0.00
NC_092328.1	32931154	32930076	0.00
NC_092328.1	32931154	32930101	0.00
NC_092328.1	32931154	32930126	0.00
NC_092328.1	32931154	32930151	0.00
NC_092328.1	32931154	32930176	0.00
NC_092328.1	32931154	32930201	0.00
NC_092328.1	32931154	32930226	0.00
NC_092328.1	32931154	32930251	0.00
NC_092328.1	32931154	32930276	0.00
NC_092328.1	32931154	32930301	0.00
NC_092328.1	32931154	32930326	0.00
NC_092328.1	32931154	32930351	0.00
NC_092328.1	32931154	32930376	0.00
NC_092328.1	32931154	32930401	0.00
NC_092328.1	32931154	32930426	0.00
NC_092328.1	32931154	32930451	0.00
NC_092328.1	32931154	32930476	0.00
NC_092328.1	32931154	32930501	0.00
NC_092328.1	32931154	32930526	0.00
NC_092328.1	32931154	32930551	0.00
NC_092328.1	32931154	32930576	0.00
NC_092328.1	32931154	32930601	0.00
NC_092328.1	32931154	32930626	0.00
NC_092328.1	32931154	32930651	0.00
NC_092328.1	32931154	32930676	0.00
NC_092328.1	32931154	32930701	0.00
NC_092328.1	32931154	32930726	0.00
NC_092328.1	32931154	32930751	0.00
NC_092328.1	32931154	32930776	0.00
NC_092328.1	32931154	32930801	0.00
NC_092328.1	32931154	32930826	0.00
NC_092328.1	32931154	32930851	0.00
NC_092328.1	32931154	32930876	0.00
NC_092328.1	32931154	32930901	0.24
NC_092328.1	32931154	32930926	1.00
NC_092328.1	32931154	32930951	1.00
NC_092328.1	32931154	32930976	1.00
NC_092328.1	32931154	32931001	1.00
NC_092328.1	32931154	32931026	1.00
NC_092328.1	32931154	32931051	1.76
NC_092328.1	32931154	32931076	1.00
NC_092328.1	32931154	32931101	1.00
NC_092328.1	32931154	32931126	1.00
NC_092328.1	32931154	32931151	1.00
NC_092328.1	32931154	32931176	1.00
NC_092328.1	32931154	32931201	0.00
NC_092328.1	32931154	32931226	0.00
NC_092328.1	32931154	32931251	0.00
NC_092328.1	32931154	32931276	0.00
NC_092328.1	32931154	32931301	0.00
NC_092328.1	32931154	32931326	0.00
NC_092328.1	32931154	32931351	0.00
NC_092328.1	32931154	32931376	0.00
NC_092328.1	32931154	32931401	0.00
NC_092328.1	32931154	32931426	0.00
NC_092328.1	32931154	32931451	0.00
NC_092328.1	32931154	32931476	0.00
NC_092328.1	32931154	32931501	0.00
NC_092328.1	32931154	32931526	0.00
NC_092328.1	32931154	32931551	0.00
NC_092328.1	32931154	32931576	0.00
NC_092328.1	32931154	32931601	0.00
NC_092328.1	32931154	32931626	0.00
NC_092328.1	32931154	32931651	0.00
NC_092328.1	32931154	32931676	0.00
NC_092328.1	32931154	32931701	0.00
NC_092328.1	32931154	32931726	0.00
NC_092328.1	32931154	32931751	0.00
NC_092328.1	32931154	32931776	0.00
NC_092328.1	32931154	32931801	0.00
NC_092328.1	32931154	32931826	0.00
NC_092328.1	32931154	32931851	0.00
NC_092328.1	32931154	32931876	0.00
NC_092328.1	32931154	32931901	0.00
NC_092328.1	32931154	32931926	0.00
NC_092328.1	32931154	32931951	0.00
NC_092328.1	32931154	32931976	0.00
NC_092328.1	32931154	32932001	0.00
NC_092328.1	32931154	32932026	0.00
NC_092328.1	32931154	32932051	0.00
NC_092328.1	32931154	32932076	0.00
NC_092328.1	32931154	32932101	0.00
NC_092328.1	32931154	32932126	0.00
NC_092328.1	32931154	32932151	0.00
NC_092328.1	32931154	32932176	0.00
NC_092328.1	32931154	32932201	0.00
NC_092328.1	32931154	32932226	0.00
NC_092328.1	32931154	32932251	0.00
NC_092328.1	32931154	32932276	0.00
NC_092328.1	32931154	32932301	0.00
NC_092328.1	32931154	32932326	0.00
NC_092328.1	32931154	32932351	0.00
NC_092328.1	32931154	32932376	0.00
NC_092328.1	32931154	32932401	0.00
NC_092328.1	32931154	32932426	0.00
NC_092328.1	32931154	32932451	0.00
NC_092328.1	32931154	32932476	0.00
NC_092328.1	32931154	32932501	0.00
NC_092328.1	32931154	32932526	0.00
NC_092328.1	32931154	32932551	0.00
NC_092328.1	32931154	32932576	0.00
NC_092328.1	32931154	32932601	0.00
NC_092328.1	32931154	32932626	0.00
NC_092328.1	32931154	32932651	0.00
NC_092328.1	32931154	32932676	0.00
NC_092328.1	32931154	32932701	0.00
NC_092328.1	32931154	32932726	0.00
NC_092328.1	32931154	32932751	0.00
NC_092328.1	32931154	32932776	0.00
NC_092328.1	32931154	32932801	0.00
NC_092328.1	32931154	32932826	0.00
NC_092328.1	32931154	32932851	0.00
NC_092328.1	32931154	32932876	0.00
NC_092328.1	32931154	32932901	0.00
NC_092328.1	32931154	32932926	0.00
NC_092328.1	32931154	32932951	0.00
NC_092328.1	32931154	32932976	0.00
NC_092328.1	32931154	32933001	0.00
NC_092328.1	32931154	32933026	0.00
NC_092328.1	32931154	32933051	0.00
NC_092328.1	32931154	32933076	0.00
NC_092328.1	32931154	32933101	0.00
NC_092328.1	32931154	32933126	0.00
NC_092328.1	32931154	32933151	0.00
NC_092329.1	41528291	41526276	0.00
NC_092329.1	41528291	41526301	0.00
NC_092329.1	41528291	41526326	0.00
NC_092329.1	41528291	41526351	0.00
NC_092329.1	41528291	41526376	0.00
NC_092329.1	41528291	41526401	0.00
NC_092329.1	41528291	41526426	0.00
NC_092329.1	41528291	41526451	0.00
NC_092329.1	41528291	41526476	0.00
NC_092329.1	41528291	41526501	0.00
NC_092329.1	41528291	41526526	0.00
NC_092329.1	41528291	41526551	0.00
NC_092329.1	41528291	41526576	0.00
NC_092329.1	41528291	41526601	0.00
NC_092329.1	41528291	41526626	0.00
NC_092329.1	41528291	41526651	0.00
NC_092329.1	41528291	41526676	0.00
NC_092329.1	41528291	41526701	0.00
NC_092329.1	41528291	41526726	0.00
NC_092329.1	41528291	41526751	0.00
NC_092329.1	41528291	41526776	0.00
NC_092329.1	41528291	41526801	0.00
NC_092329.1	41528291	41526826	0.00
NC_092329.1	41528291	41526851	0.00
NC_092329.1	41528291	41526876	0.00
NC_092329.1	41528291	41526901	0.00
NC_092329.1	41528291	41526926	0.00
NC_092329.1	41528291	41526951	0.00
NC_092329.1	41528291	41526976	0.00
NC_092329.1	41528291	41527001	0.00
NC_092329.1	41528291	41527026	0.00
NC_092329.1	41528291	41527051	0.00
NC_092329.1	41528291	41527076	0.00
NC_092329.1	41528291	41527101	0.00
NC_092329.1	41528291	41527126	0.00
NC_092329.1	41528291	41527151	0.00
NC_092329.1	41528291	41527176	0.00
NC_092329.1	41528291	41527201	0.00
NC_092329.1	41528291	41527226	0.00
NC_092329.1	41528291	41527251	0.00
NC_092329.1	41528291	41527276	0.00
NC_092329.1	41528291	41527301	0.00
NC_092329.1	41528291	41527326	0.00
NC_092329.1	41528291	41527351	0.00
NC_092329.1	41528291	41527376	0.00
NC_092329.1	41528291	41527401	0.00
NC_092329.1	41528291	41527426	0.00
NC_092329.1	41528291	41527451	0.00
NC_092329.1	41528291	41527476	0.00
NC_092329.1	41528291	41527501	0.00
NC_092329.1	41528291	41527526	0.00
NC_092329.1	41528291	41527551	0.00
NC_092329.1	41528291	41527576	0.00
NC_092329.1	41528291	41527601	0.00
NC_092329.1	41528291	41527626	0.00
NC_092329.1	41528291	41527651	0.00
NC_092329.1	41528291	41527676	0.00
NC_092329.1	41528291	41527701	0.00
NC_092329.1	41528291	41527726	0.00
NC_092329.1	41528291	41527751	0.00
NC_092329.1	41528291	41527776	0.00
NC_092329.1	41528291	41527801	0.00
NC_092329.1	41528291	41527826	0.00
NC_092329.1	41528291	41527851	0.00
NC_092329.1	41528291	41527876	0.00
NC_092329.1	41528291	41527901	0.00
NC_092329.1	41528291	41527926	0.00
NC_092329.1	41528291	41527951	0.00
NC_092329.1	41528291	41527976	0.00
NC_092329.1	41528291	41528001	0.00
NC_092329.1	41528291	41528026	0.00
NC_092329.1	41528291	41528051	0.00
NC_092329.1	41528291	41528076	0.00
NC_092329.1	41528291	41528101	0.00
NC_092329.1	41528291	41528126	0.00
NC_092329.1	41528291	41528151	0.00
NC_092329.1	41528291	41528176	0.88
NC_092329.1	41528291	41528201	1.00
NC_092329.1	41528291	41528226	1.00
NC_092329.1	41528291	41528251	1.24
NC_092329.1	41528291	41528276	2.00
NC_092329.1	41528291	41528301	2.00
NC_092329.1	41528291	41528326	1.12
NC_092329.1	41528291	41528351	1.00
NC_092329.1	41528291	41528376	1.00
NC_092329.1	41528291	41528401	0.76
NC_092329.1	41528291	41528426	0.00
NC_092329.1	41528291	41528451	0.00
NC_092329.1	41528291	41528476	0.00
NC_092329.1	41528291	41528501	0.00
NC_092329.1	41528291	41528526	0.00
NC_092329.1	41528291	41528551	0.00
NC_092329.1	41528291	41528576	0.00
NC_092329.1	41528291	41528601	0.00
NC_092329.1	41528291	41528626	0.00
NC_092329.1	41528291	41528651	0.00
NC_092329.1	41528291	41528676	0.00
NC_092329.1	41528291	41528701	0.00
NC_092329.1	41528291	41528726	0.00
NC_092329.1	41528291	41528751	0.00
NC_092329.1	41528291	41528776	0.00
NC_092329.1	41528291	41528801	0.00
NC_092329.1	41528291	41528826	0.00
NC_092329.1	41528291	41528851	0.00
NC_092329.1	41528291	41528876	0.00
NC_092329.1	41528291	41528901	0.00
NC_092329.1	41528291	41528926	0.00
NC_092329.1	41528291	41528951	0.00
NC_092329.1	41528291	41528976	0.00
NC_092329.1	41528291	41529001	0.00
NC_092329.1	41528291	41529026	0.00
NC_092329.1	41528291	41529051	0.00
NC_092329.1	41528291	41529076	0.00
NC_092329.1	41528291	41529101	0.00
NC_092329.1	41528291	41529126	0.00
NC_092329.1	41528291	41529151	0.00
NC_092329.1	41528291	41529176	0.00
NC_092329.1	41528291	41529201	0.00
NC_092329.1	41528291	41529226	0.00
NC_092329.1	41528291	41529251	0.00
NC_092329.1	41528291	41529276	0.00
NC_092329.1	41528291	41529301	0.00
NC_092329.1	41528291	41529326	0.00
NC_092329.1	41528291	41529351	0.00
NC_092329.1	41528291	41529376	0.00
NC_092329.1	41528291	41529401	0.00
NC_092329.1	41528291	41529426	0.00
NC_092329.1	41528291	41529451	0.00
NC_092329.1	41528291	41529476	0.00
NC_092329.1	41528291	41529501	0.00
NC_092329.1	41528291	41529526	0.00
NC_092329.1	41528291	41529551	0.00
NC_092329.1	41528291	41529576	0.00
NC_092329.1	41528291	41529601	0.00
NC_092329.1	41528291	41529626	0.00
NC_092329.1	41528291	41529651	0.00
NC_092329.1	41528291	41529676	0.00
NC_092329.1	41528291	41529701	0.00
NC_092329.1	41528291	41529726	0.00
NC_092329.1	41528291	41529751	0.00
NC_092329.1	41528291	41529776	0.00
NC_092329.1	41528291	41529801	0.00
NC_092329.1	41528291	41529826	0.00
NC_092329.1	41528291	41529851	0.00
NC_092329.1	41528291	41529876	0.00
NC_092329.1	41528291	41529901	0.00
NC_092329.1	41528291	41529926	0.00
NC_092329.1	41528291	41529951	0.00
NC_092329.1	41528291	41529976	0.00
NC_092329.1	41528291	41530001	0.00
NC_092329.1	41528291	41530026	0.00
NC_092329.1	41528291	41530051	0.00
NC_092329.1	41528291	41530076	0.00
NC_092329.1	41528291	41530101	0.00
NC_092329.1	41528291	41530126	0.00
NC_092329.1	41528291	41530151	0.00
NC_092329.1	41528291	41530176	0.00
NC_092329.1	41528291	41530201	0.00
NC_092329.1	41528291	41530226	0.00
NC_092329.1	41528291	41530251	0.00
NC_092329.1	41528291	41530276	0.00
NC_092329.1	43276174	43274151	0.00
NC_092329.1	43276174	43274176	0.00
NC_092329.1	43276174	43274201	0.00
NC_092329.1	43276174	43274226	0.00
NC_092329.1	43276174	43274251	0.00
NC_092329.1	43276174	43274276	0.00
NC_092329.1	43276174	43274301	0.00
NC_092329.1	43276174	43274326	0.00
NC_092329.1	43276174	43274351	0.00
NC_092329.1	43276174	43274376	0.00
NC_092329.1	43276174	43274401	0.00
NC_092329.1	43276174	43274426	0.00
NC_092329.1	43276174	43274451	0.00
NC_092329.1	43276174	43274476	0.00
NC_092329.1	43276174	43274501	0.00
NC_092329.1	43276174	43274526	0.00
NC_092329.1	43276174	43274551	0.00
NC_092329.1	43276174	43274576	0.00
NC_092329.1	43276174	43274601	0.00
NC_092329.1	43276174	43274626	0.00
NC_092329.1	43276174	43274651	0.00
NC_092329.1	43276174	43274676	0.00
NC_092329.1	43276174	43274701	0.00
NC_092329.1	43276174	43274726	0.00
NC_092329.1	43276174	43274751	0.00
NC_092329.1	43276174	43274776	0.00
NC_092329.1	43276174	43274801	0.00
NC_092329.1	43276174	43274826	0.00
NC_092329.1	43276174	43274851	0.00
NC_092329.1	43276174	43274876	0.00
NC_092329.1	43276174	43274901	0.00
NC_092329.1	43276174	43274926	0.00
NC_092329.1	43276174	43274951	0.00
NC_092329.1	43276174	43274976	0.00
NC_092329.1	43276174	43275001	0.00
NC_092329.1	43276174	43275026	0.00
NC_092329.1	43276174	43275051	0.00
NC_092329.1	43276174	43275076	0.00
NC_092329.1	43276174	43275101	0.00
NC_092329.1	43276174	43275126	0.00
NC_092329.1	43276174	43275151	0.00
NC_092329.1	43276174	43275176	0.00
NC_092329.1	43276174	43275201	0.00
NC_092329.1	43276174	43275226	0.00
NC_092329.1	43276174	43275251	0.00
NC_092329.1	43276174	43275276	0.00
NC_092329.1	43276174	43275301	0.00
NC_092329.1	43276174	43275326	0.00
NC_092329.1	43276174	43275351	0.00
NC_092329.1	43276174	43275376	0.00
NC_092329.1	43276174	43275401	0.00
NC_092329.1	43276174	43275426	0.00
NC_092329.1	43276174	43275451	0.00
NC_092329.1	43276174	43275476	0.00
NC_092329.1	43276174	43275501	0.00
NC_092329.1	43276174	43275526	0.00
NC_092329.1	43276174	43275551	0.00
NC_092329.1	43276174	43275576	0.00
NC_092329.1	43276174	43275601	0.00
NC_092329.1	43276174	43275626	0.00
NC_092329.1	43276174	43275651	0.00
NC_092329.1	43276174	43275676	0.00
NC_092329.1	43276174	43275701	0.00
NC_092329.1	43276174	43275726	0.00
NC_092329.1	43276174	43275751	0.00
NC_092329.1	43276174	43275776	0.00
NC_092329.1	43276174	43275801	0.00
NC_092329.1	43276174	43275826	0.00
NC_092329.1	43276174	43275851	0.00
NC_092329.1	43276174	43275876	0.00
NC_092329.1	43276174	43275901	0.00
NC_092329.1	43276174	43275926	0.20
NC_092329.1	43276174	43275951	1.00
NC_092329.1	43276174	43275976	1.00
NC_092329.1	43276174	43276001	1.00
NC_092329.1	43276174	43276026	1.00
NC_092329.1	43276174	43276051	1.00
NC_092329.1	43276174	43276076	0.80
NC_092329.1	43276174	43276101	0.00
NC_092329.1	43276174	43276126	0.00
NC_092329.1	43276174	43276151	0.28
NC_092329.1	43276174	43276176	1.00
NC_092329.1	43276174	43276201	1.00
NC_092329.1	43276174	43276226	1.00
NC_092329.1	43276174	43276251	1.00
NC_092329.1	43276174	43276276	1.00
NC_092329.1	43276174	43276301	0.72
NC_092329.1	43276174	43276326	0.00
NC_092329.1	43276174	43276351	0.00
NC_092329.1	43276174	43276376	0.00
NC_092329.1	43276174	43276401	0.00
NC_092329.1	43276174	43276426	0.00
NC_092329.1	43276174	43276451	0.00
NC_092329.1	43276174	43276476	0.00
NC_092329.1	43276174	43276501	0.00
NC_092329.1	43276174	43276526	0.00
NC_092329.1	43276174	43276551	0.00
NC_092329.1	43276174	43276576	0.00
NC_092329.1	43276174	43276601	0.00
NC_092329.1	43276174	43276626	0.00
NC_092329.1	43276174	43276651	0.00
NC_092329.1	43276174	43276676	0.00
NC_092329.1	43276174	43276701	0.00
NC_092329.1	43276174	43276726	0.00
NC_092329.1	43276174	43276751	0.00
NC_092329.1	43276174	43276776	0.00
NC_092329.1	43276174	43276801	0.00
NC_092329.1	43276174	43276826	0.00
NC_092329.1	43276174	43276851	0.00
NC_092329.1	43276174	43276876	0.00
NC_092329.1	43276174	43276901	0.00
NC_092329.1	43276174	43276926	0.00
NC_092329.1	43276174	43276951	0.00
NC_092329.1	43276174	43276976	0.00
NC_092329.1	43276174	43277001	0.00
NC_092329.1	43276174	43277026	0.00
NC_092329.1	43276174	43277051	0.00
NC_092329.1	43276174	43277076	0.00
NC_092329.1	43276174	43277101	0.00
NC_092329.1	43276174	43277126	0.00
NC_092329.1	43276174	43277151	0.00
NC_092329.1	43276174	43277176	0.00
NC_092329.1	43276174	43277201	0.00
NC_092329.1	43276174	43277226	0.00
NC_092329.1	43276174	43277251	0.00
NC_092329.1	43276174	43277276	0.00
NC_092329.1	43276174	43277301	0.00
NC_092329.1	43276174	43277326	0.00
NC_092329.1	43276174	43277351	0.00
NC_092329.1	43276174	43277376	0.00
NC_092329.1	43276174	43277401	0.00
NC_092329.1	43276174	43277426	0.00
NC_092329.1	43276174	43277451	0.00
NC_092329.1	43276174	43277476	0.00
NC_092329.1	43276174	43277501	0.00
NC_092329.1	43276174	43277526	0.00
NC_092329.1	43276174	43277551	0.00
NC_092329.1	43276174	43277576	0.00
NC_092329.1	43276174	43277601	0.00
NC_092329.1	43276174	43277626	0.00
NC_092329.1	43276174	43277651	0.00
NC_092329.1	43276174	43277676	0.00
NC_092329.1	43276174	43277701	0.00
NC_092329.1	43276174	43277726	0.00
NC_092329.1	43276174	43277751	0.00
NC_092329.1	43276174	43277776	0.00
NC_092329.1	43276174	43277801	0.00
NC_092329.1	43276174	43277826	0.00
NC_092329.1	43276174	43277851	0.00
NC_092329.1	43276174	43277876	0.00
NC_092329.1	43276174	43277901	0.00
NC_092329.1	43276174	43277926	0.00
NC_092329.1	43276174	43277951	0.00
NC_092329.1	43276174	43277976	0.00
NC_092329.1	43276174	43278001	0.00
NC_092329.1	43276174	43278026	0.00
NC_092329.1	43276174	43278051	0.00
NC_092329.1	43276174	43278076	0.00
NC_092329.1	43276174	43278101	0.00
NC_092329.1	43276174	43278126	0.00
NC_092329.1	43276174	43278151	0.00
NC_092329.1	45483179	45481176	0.00
NC_092329.1	45483179	45481201	0.00
NC_092329.1	45483179	45481226	0.00
NC_092329.1	45483179	45481251	0.00
NC_092329.1	45483179	45481276	0.00
NC_092329.1	45483179	45481301	0.00
NC_092329.1	45483179	45481326	0.00
NC_092329.1	45483179	45481351	0.00
NC_092329.1	45483179	45481376	0.00
NC_092329.1	45483179	45481401	0.00
NC_092329.1	45483179	45481426	0.00
NC_092329.1	45483179	45481451	0.00
NC_092329.1	45483179	45481476	0.00
NC_092329.1	45483179	45481501	0.00
NC_092329.1	45483179	45481526	0.00
NC_092329.1	45483179	45481551	0.00
NC_092329.1	45483179	45481576	0.00
NC_092329.1	45483179	45481601	0.00
NC_092329.1	45483179	45481626	0.00
NC_092329.1	45483179	45481651	0.00
NC_092329.1	45483179	45481676	0.00
NC_092329.1	45483179	45481701	0.00
NC_092329.1	45483179	45481726	0.00
NC_092329.1	45483179	45481751	0.00
NC_092329.1	45483179	45481776	0.00
NC_092329.1	45483179	45481801	0.00
NC_092329.1	45483179	45481826	0.00
NC_092329.1	45483179	45481851	0.00
NC_092329.1	45483179	45481876	0.00
NC_092329.1	45483179	45481901	0.00
NC_092329.1	45483179	45481926	0.00
NC_092329.1	45483179	45481951	0.00
NC_092329.1	45483179	45481976	0.00
NC_092329.1	45483179	45482001	0.00
NC_092329.1	45483179	45482026	0.00
NC_092329.1	45483179	45482051	0.00
NC_092329.1	45483179	45482076	0.00
NC_092329.1	45483179	45482101	0.00
NC_092329.1	45483179	45482126	0.00
NC_092329.1	45483179	45482151	0.00
NC_092329.1	45483179	45482176	0.00
NC_092329.1	45483179	45482201	0.00
NC_092329.1	45483179	45482226	0.00
NC_092329.1	45483179	45482251	0.00
NC_092329.1	45483179	45482276	0.00
NC_092329.1	45483179	45482301	0.00
NC_092329.1	45483179	45482326	0.00
NC_092329.1	45483179	45482351	0.00
NC_092329.1	45483179	45482376	0.00
NC_092329.1	45483179	45482401	0.00
NC_092329.1	45483179	45482426	0.00
NC_092329.1	45483179	45482451	0.00
NC_092329.1	45483179	45482476	0.00
NC_092329.1	45483179	45482501	0.00
NC_092329.1	45483179	45482526	0.00
NC_092329.1	45483179	45482551	0.00
NC_092329.1	45483179	45482576	0.00
NC_092329.1	45483179	45482601	0.00
NC_092329.1	45483179	45482626	0.00
NC_092329.1	45483179	45482651	0.00
NC_092329.1	45483179	45482676	0.00
NC_092329.1	45483179	45482701	0.00
NC_092329.1	45483179	45482726	0.00
NC_092329.1	45483179	45482751	0.00
NC_092329.1	45483179	45482776	0.00
NC_092329.1	45483179	45482801	0.00
NC_092329.1	45483179	45482826	0.00
NC_092329.1	45483179	45482851	0.00
NC_092329.1	45483179	45482876	0.00
NC_092329.1	45483179	45482901	0.00
NC_092329.1	45483179	45482926	0.00
NC_092329.1	45483179	45482951	0.00
NC_092329.1	45483179	45482976	0.00
NC_092329.1	45483179	45483001	0.00
NC_092329.1	45483179	45483026	0.00
NC_092329.1	45483179	45483051	0.00
NC_092329.1	45483179	45483076	0.56
NC_092329.1	45483179	45483101	1.00
NC_092329.1	45483179	45483126	1.96
NC_092329.1	45483179	45483151	2.00
NC_092329.1	45483179	45483176	2.00
NC_092329.1	45483179	45483201	2.00
NC_092329.1	45483179	45483226	1.44
NC_092329.1	45483179	45483251	1.00
NC_092329.1	45483179	45483276	0.04
NC_092329.1	45483179	45483301	0.00
NC_092329.1	45483179	45483326	0.00
NC_092329.1	45483179	45483351	0.00
NC_092329.1	45483179	45483376	0.00
NC_092329.1	45483179	45483401	0.00
NC_092329.1	45483179	45483426	0.00
NC_092329.1	45483179	45483451	0.00
NC_092329.1	45483179	45483476	0.00
NC_092329.1	45483179	45483501	0.00
NC_092329.1	45483179	45483526	0.00
NC_092329.1	45483179	45483551	0.00
NC_092329.1	45483179	45483576	0.00
NC_092329.1	45483179	45483601	0.00
NC_092329.1	45483179	45483626	0.00
NC_092329.1	45483179	45483651	0.00
NC_092329.1	45483179	45483676	0.00
NC_092329.1	45483179	45483701	0.00
NC_092329.1	45483179	45483726	0.00
NC_092329.1	45483179	45483751	0.00
NC_092329.1	45483179	45483776	0.00
NC_092329.1	45483179	45483801	0.00
NC_092329.1	45483179	45483826	0.00
NC_092329.1	45483179	45483851	0.00
NC_092329.1	45483179	45483876	0.00
NC_092329.1	45483179	45483901	0.00
NC_092329.1	45483179	45483926	0.00
NC_092329.1	45483179	45483951	0.00
NC_092329.1	45483179	45483976	0.00
NC_092329.1	45483179	45484001	0.00
NC_092329.1	45483179	45484026	0.00
NC_092329.1	45483179	45484051	0.00
NC_092329.1	45483179	45484076	0.00
NC_092329.1	45483179	45484101	0.00
NC_092329.1	45483179	45484126	0.00
NC_092329.1	45483179	45484151	0.00
NC_092329.1	45483179	45484176	0.00
NC_092329.1	45483179	45484201	0.00
NC_092329.1	45483179	45484226	0.00
NC_092329.1	45483179	45484251	0.00
NC_092329.1	45483179	45484276	0.00
NC_092329.1	45483179	45484301	0.00
NC_092329.1	45483179	45484326	0.00
NC_092329.1	45483179	45484351	0.00
NC_092329.1	45483179	45484376	0.00
NC_092329.1	45483179	45484401	0.00
NC_092329.1	45483179	45484426	0.00
NC_092329.1	45483179	45484451	0.00
NC_092329.1	45483179	45484476	0.00
NC_092329.1	45483179	45484501	0.00
NC_092329.1	45483179	45484526	0.00
NC_092329.1	45483179	45484551	0.00
NC_092329.1	45483179	45484576	0.00
NC_092329.1	45483179	45484601	0.00
NC_092329.1	45483179	45484626	0.00
NC_092329.1	45483179	45484651	0.00
NC_092329.1	45483179	45484676	0.00
NC_092329.1	45483179	45484701	0.00
NC_092329.1	45483179	45484726	0.00
NC_092329.1	45483179	45484751	0.00
NC_092329.1	45483179	45484776	0.00
NC_092329.1	45483179	45484801	0.00
NC_092329.1	45483179	45484826	0.00
NC_092329.1	45483179	45484851	0.00
NC_092329.1	45483179	45484876	0.00
NC_092329.1	45483179	45484901	0.00
NC_092329.1	45483179	45484926	0.00
NC_092329.1	45483179	45484951	0.00
NC_092329.1	45483179	45484976	0.00
NC_092329.1	45483179	45485001	0.00
NC_092329.1	45483179	45485026	0.00
NC_092329.1	45483179	45485051	0.00
NC_092329.1	45483179	45485076	0.00
NC_092329.1	45483179	45485101	0.00
NC_092329.1	45483179	45485126	0.00
NC_092329.1	45483179	45485151	0.00
NC_092329.1	45483179	45485176	0.00
NC_092330.1	8759114	8757101	0.00
NC_092330.1	8759114	8757126	0.00
NC_092330.1	8759114	8757151	0.00
NC_092330.1	8759114	8757176	0.00
NC_092330.1	8759114	8757201	0.00
NC_092330.1	8759114	8757226	0.00
NC_092330.1	8759114	8757251	0.00
NC_092330.1	8759114	8757276	0.00
NC_092330.1	8759114	8757301	0.00
NC_092330.1	8759114	8757326	0.00
NC_092330.1	8759114	8757351	0.00
NC_092330.1	8759114	8757376	0.00
NC_092330.1	8759114	8757401	0.00
NC_092330.1	8759114	8757426	0.00
NC_092330.1	8759114	8757451	0.00
NC_092330.1	8759114	8757476	0.00
NC_092330.1	8759114	8757501	0.00
NC_092330.1	8759114	8757526	0.00
NC_092330.1	8759114	8757551	0.00
NC_092330.1	8759114	8757576	0.00
NC_092330.1	8759114	8757601	0.00
NC_092330.1	8759114	8757626	0.00
NC_092330.1	8759114	8757651	0.00
NC_092330.1	8759114	8757676	0.00
NC_092330.1	8759114	8757701	0.00
NC_092330.1	8759114	8757726	0.00
NC_092330.1	8759114	8757751	0.00
NC_092330.1	8759114	8757776	0.00
NC_092330.1	8759114	8757801	0.00
NC_092330.1	8759114	8757826	0.00
NC_092330.1	8759114	8757851	0.00
NC_092330.1	8759114	8757876	0.00
NC_092330.1	8759114	8757901	0.00
NC_092330.1	8759114	8757926	0.00
NC_092330.1	8759114	8757951	0.00
NC_092330.1	8759114	8757976	0.00
NC_092330.1	8759114	8758001	0.00
NC_092330.1	8759114	8758026	0.00
NC_092330.1	8759114	8758051	0.00
NC_092330.1	8759114	8758076	0.00
NC_092330.1	8759114	8758101	0.00
NC_092330.1	8759114	8758126	0.00
NC_092330.1	8759114	8758151	0.00
NC_092330.1	8759114	8758176	0.00
NC_092330.1	8759114	8758201	0.00
NC_092330.1	8759114	8758226	0.00
NC_092330.1	8759114	8758251	0.00
NC_092330.1	8759114	8758276	0.00
NC_092330.1	8759114	8758301	0.00
NC_092330.1	8759114	8758326	0.00
NC_092330.1	8759114	8758351	0.00
NC_092330.1	8759114	8758376	0.00
NC_092330.1	8759114	8758401	0.00
NC_092330.1	8759114	8758426	0.00
NC_092330.1	8759114	8758451	0.00
NC_092330.1	8759114	8758476	0.00
NC_092330.1	8759114	8758501	0.00
NC_092330.1	8759114	8758526	0.00
NC_092330.1	8759114	8758551	0.00
NC_092330.1	8759114	8758576	0.00
NC_092330.1	8759114	8758601	0.00
NC_092330.1	8759114	8758626	0.00
NC_092330.1	8759114	8758651	0.00
NC_092330.1	8759114	8758676	0.00
NC_092330.1	8759114	8758701	0.00
NC_092330.1	8759114	8758726	0.00
NC_092330.1	8759114	8758751	0.00
NC_092330.1	8759114	8758776	0.00
NC_092330.1	8759114	8758801	0.00
NC_092330.1	8759114	8758826	0.00
NC_092330.1	8759114	8758851	0.44
NC_092330.1	8759114	8758876	1.00
NC_092330.1	8759114	8758901	1.00
NC_092330.1	8759114	8758926	1.00
NC_092330.1	8759114	8758951	1.00
NC_092330.1	8759114	8758976	1.00
NC_092330.1	8759114	8759001	0.88
NC_092330.1	8759114	8759026	1.00
NC_092330.1	8759114	8759051	1.00
NC_092330.1	8759114	8759076	1.00
NC_092330.1	8759114	8759101	1.00
NC_092330.1	8759114	8759126	1.00
NC_092330.1	8759114	8759151	0.68
NC_092330.1	8759114	8759176	0.00
NC_092330.1	8759114	8759201	0.00
NC_092330.1	8759114	8759226	0.00
NC_092330.1	8759114	8759251	0.00
NC_092330.1	8759114	8759276	0.00
NC_092330.1	8759114	8759301	0.00
NC_092330.1	8759114	8759326	0.00
NC_092330.1	8759114	8759351	0.00
NC_092330.1	8759114	8759376	0.00
NC_092330.1	8759114	8759401	0.00
NC_092330.1	8759114	8759426	0.00
NC_092330.1	8759114	8759451	0.00
NC_092330.1	8759114	8759476	0.00
NC_092330.1	8759114	8759501	0.00
NC_092330.1	8759114	8759526	0.00
NC_092330.1	8759114	8759551	0.00
NC_092330.1	8759114	8759576	0.00
NC_092330.1	8759114	8759601	0.00
NC_092330.1	8759114	8759626	0.00
NC_092330.1	8759114	8759651	0.00
NC_092330.1	8759114	8759676	0.00
NC_092330.1	8759114	8759701	0.00
NC_092330.1	8759114	8759726	0.00
NC_092330.1	8759114	8759751	0.00
NC_092330.1	8759114	8759776	0.00
NC_092330.1	8759114	8759801	0.00
NC_092330.1	8759114	8759826	0.00
NC_092330.1	8759114	8759851	0.00
NC_092330.1	8759114	8759876	0.00
NC_092330.1	8759114	8759901	0.00
NC_092330.1	8759114	8759926	0.00
NC_092330.1	8759114	8759951	0.00
NC_092330.1	8759114	8759976	0.00
NC_092330.1	8759114	8760001	0.00
NC_092330.1	8759114	8760026	0.00
NC_092330.1	8759114	8760051	0.00
NC_092330.1	8759114	8760076	0.00
NC_092330.1	8759114	8760101	0.00
NC_092330.1	8759114	8760126	0.00
NC_092330.1	8759114	8760151	0.00
NC_092330.1	8759114	8760176	0.00
NC_092330.1	8759114	8760201	0.00
NC_092330.1	8759114	8760226	0.00
NC_092330.1	8759114	8760251	0.00
NC_092330.1	8759114	8760276	0.00
NC_092330.1	8759114	8760301	0.00
NC_092330.1	8759114	8760326	0.00
NC_092330.1	8759114	8760351	0.00
NC_092330.1	8759114	8760376	0.00
NC_092330.1	8759114	8760401	0.00
NC_092330.1	8759114	8760426	0.00
NC_092330.1	8759114	8760451	0.00
NC_092330.1	8759114	8760476	0.00
NC_092330.1	8759114	8760501	0.00
NC_092330.1	8759114	8760526	0.00
NC_092330.1	8759114	8760551	0.00
NC_092330.1	8759114	8760576	0.00
NC_092330.1	8759114	8760601	0.00
NC_092330.1	8759114	8760626	0.00
NC_092330.1	8759114	8760651	0.00
NC_092330.1	8759114	8760676	0.00
NC_092330.1	8759114	8760701	0.00
NC_092330.1	8759114	8760726	0.00
NC_092330.1	8759114	8760751	0.00
NC_092330.1	8759114	8760776	0.00
NC_092330.1	8759114	8760801	0.00
NC_092330.1	8759114	8760826	0.00
NC_092330.1	8759114	8760851	0.00
NC_092330.1	8759114	8760876	0.00
NC_092330.1	8759114	8760901	0.00
NC_092330.1	8759114	8760926	0.00
NC_092330.1	8759114	8760951	0.00
NC_092330.1	8759114	8760976	0.00
NC_092330.1	8759114	8761001	0.00
NC_092330.1	8759114	8761026	0.00
NC_092330.1	8759114	8761051	0.00
NC_092330.1	8759114	8761076	0.00
NC_092330.1	8759114	8761101	0.00
NC_092330.1	9852520	9850501	0.00
NC_092330.1	9852520	9850526	0.00
NC_092330.1	9852520	9850551	0.00
NC_092330.1	9852520	9850576	0.00
NC_092330.1	9852520	9850601	0.00
NC_092330.1	9852520	9850626	0.00
NC_092330.1	9852520	9850651	0.00
NC_092330.1	9852520	9850676	0.00
NC_092330.1	9852520	9850701	0.00
NC_092330.1	9852520	9850726	0.00
NC_092330.1	9852520	9850751	0.00
NC_092330.1	9852520	9850776	0.00
NC_092330.1	9852520	9850801	0.00
NC_092330.1	9852520	9850826	0.00
NC_092330.1	9852520	9850851	0.00
NC_092330.1	9852520	9850876	0.00
NC_092330.1	9852520	9850901	0.00
NC_092330.1	9852520	9850926	0.00
NC_092330.1	9852520	9850951	0.00
NC_092330.1	9852520	9850976	0.00
NC_092330.1	9852520	9851001	0.00
NC_092330.1	9852520	9851026	0.00
NC_092330.1	9852520	9851051	0.00
NC_092330.1	9852520	9851076	0.00
NC_092330.1	9852520	9851101	0.00
NC_092330.1	9852520	9851126	0.00
NC_092330.1	9852520	9851151	0.00
NC_092330.1	9852520	9851176	0.00
NC_092330.1	9852520	9851201	0.00
NC_092330.1	9852520	9851226	0.00
NC_092330.1	9852520	9851251	0.00
NC_092330.1	9852520	9851276	0.00
NC_092330.1	9852520	9851301	0.00
NC_092330.1	9852520	9851326	0.00
NC_092330.1	9852520	9851351	0.00
NC_092330.1	9852520	9851376	0.00
NC_092330.1	9852520	9851401	0.00
NC_092330.1	9852520	9851426	0.00
NC_092330.1	9852520	9851451	0.00
NC_092330.1	9852520	9851476	0.00
NC_092330.1	9852520	9851501	0.00
NC_092330.1	9852520	9851526	0.00
NC_092330.1	9852520	9851551	0.00
NC_092330.1	9852520	9851576	0.00
NC_092330.1	9852520	9851601	0.00
NC_092330.1	9852520	9851626	0.00
NC_092330.1	9852520	9851651	0.00
NC_092330.1	9852520	9851676	0.00
NC_092330.1	9852520	9851701	0.00
NC_092330.1	9852520	9851726	0.00
NC_092330.1	9852520	9851751	0.00
NC_092330.1	9852520	9851776	0.00
NC_092330.1	9852520	9851801	0.00
NC_092330.1	9852520	9851826	0.00
NC_092330.1	9852520	9851851	0.00
NC_092330.1	9852520	9851876	0.00
NC_092330.1	9852520	9851901	0.00
NC_092330.1	9852520	9851926	0.00
NC_092330.1	9852520	9851951	0.00
NC_092330.1	9852520	9851976	0.00
NC_092330.1	9852520	9852001	0.00
NC_092330.1	9852520	9852026	0.00
NC_092330.1	9852520	9852051	0.00
NC_092330.1	9852520	9852076	0.00
NC_092330.1	9852520	9852101	0.00
NC_092330.1	9852520	9852126	0.00
NC_092330.1	9852520	9852151	0.00
NC_092330.1	9852520	9852176	0.00
NC_092330.1	9852520	9852201	0.00
NC_092330.1	9852520	9852226	0.00
NC_092330.1	9852520	9852251	0.00
NC_092330.1	9852520	9852276	0.00
NC_092330.1	9852520	9852301	0.00
NC_092330.1	9852520	9852326	0.00
NC_092330.1	9852520	9852351	0.00
NC_092330.1	9852520	9852376	0.00
NC_092330.1	9852520	9852401	0.00
NC_092330.1	9852520	9852426	0.00
NC_092330.1	9852520	9852451	0.92
NC_092330.1	9852520	9852476	1.00
NC_092330.1	9852520	9852501	1.00
NC_092330.1	9852520	9852526	1.00
NC_092330.1	9852520	9852551	1.00
NC_092330.1	9852520	9852576	1.00
NC_092330.1	9852520	9852601	0.56
NC_092330.1	9852520	9852626	1.00
NC_092330.1	9852520	9852651	1.00
NC_092330.1	9852520	9852676	1.00
NC_092330.1	9852520	9852701	1.00
NC_092330.1	9852520	9852726	1.00
NC_092330.1	9852520	9852751	0.52
NC_092330.1	9852520	9852776	0.00
NC_092330.1	9852520	9852801	0.00
NC_092330.1	9852520	9852826	0.00
NC_092330.1	9852520	9852851	0.00
NC_092330.1	9852520	9852876	0.00
NC_092330.1	9852520	9852901	0.00
NC_092330.1	9852520	9852926	0.00
NC_092330.1	9852520	9852951	0.00
NC_092330.1	9852520	9852976	0.00
NC_092330.1	9852520	9853001	0.00
NC_092330.1	9852520	9853026	0.00
NC_092330.1	9852520	9853051	0.00
NC_092330.1	9852520	9853076	0.00
NC_092330.1	9852520	9853101	0.00
NC_092330.1	9852520	9853126	0.00
NC_092330.1	9852520	9853151	0.00
NC_092330.1	9852520	9853176	0.00
NC_092330.1	9852520	9853201	0.00
NC_092330.1	9852520	9853226	0.00
NC_092330.1	9852520	9853251	0.00
NC_092330.1	9852520	9853276	0.00
NC_092330.1	9852520	9853301	0.00
NC_092330.1	9852520	9853326	0.00
NC_092330.1	9852520	9853351	0.00
NC_092330.1	9852520	9853376	0.00
NC_092330.1	9852520	9853401	0.00
NC_092330.1	9852520	9853426	0.00
NC_092330.1	9852520	9853451	0.00
NC_092330.1	9852520	9853476	0.00
NC_092330.1	9852520	9853501	0.00
NC_092330.1	9852520	9853526	0.00
NC_092330.1	9852520	9853551	0.00
NC_092330.1	9852520	9853576	0.00
NC_092330.1	9852520	9853601	0.00
NC_092330.1	9852520	9853626	0.00
NC_092330.1	9852520	9853651	0.00
NC_092330.1	9852520	9853676	0.00
NC_092330.1	9852520	9853701	0.00
NC_092330.1	9852520	9853726	0.00
NC_092330.1	9852520	9853751	0.00
NC_092330.1	9852520	9853776	0.00
NC_092330.1	9852520	9853801	0.00
NC_092330.1	9852520	9853826	0.00
NC_092330.1	9852520	9853851	0.00
NC_092330.1	9852520	9853876	0.00
NC_092330.1	9852520	9853901	0.00
NC_092330.1	9852520	9853926	0.00
NC_092330.1	9852520	9853951	0.00
NC_092330.1	9852520	9853976	0.00
NC_092330.1	9852520	9854001	0.00
NC_092330.1	9852520	9854026	0.00
NC_092330.1	9852520	9854051	0.00
NC_092330.1	9852520	9854076	0.00
NC_092330.1	9852520	9854101	0.00
NC_092330.1	9852520	9854126	0.00
NC_092330.1	9852520	9854151	0.00
NC_092330.1	9852520	9854176	0.00
NC_092330.1	9852520	9854201	0.00
NC_092330.1	9852520	9854226	0.00
NC_092330.1	9852520	9854251	0.00
NC_092330.1	9852520	9854276	0.00
NC_092330.1	9852520	9854301	0.00
NC_092330.1	9852520	9854326	0.00
NC_092330.1	9852520	9854351	0.00
NC_092330.1	9852520	9854376	0.00
NC_092330.1	9852520	9854401	0.00
NC_092330.1	9852520	9854426	0.00
NC_092330.1	9852520	9854451	0.00
NC_092330.1	9852520	9854476	0.00
NC_092330.1	9852520	9854501	0.00
NC_092330.1	27000225	26998201	0.00
NC_092330.1	27000225	26998226	0.00
NC_092330.1	27000225	26998251	0.00
NC_092330.1	27000225	26998276	0.00
NC_092330.1	27000225	26998301	0.00
NC_092330.1	27000225	26998326	0.00
NC_092330.1	27000225	26998351	0.00
NC_092330.1	27000225	26998376	0.00
NC_092330.1	27000225	26998401	0.00
NC_092330.1	27000225	26998426	0.00
NC_092330.1	27000225	26998451	0.00
NC_092330.1	27000225	26998476	0.00
NC_092330.1	27000225	26998501	0.00
NC_092330.1	27000225	26998526	0.00
NC_092330.1	27000225	26998551	0.00
NC_092330.1	27000225	26998576	0.00
NC_092330.1	27000225	26998601	0.00
NC_092330.1	27000225	26998626	0.00
NC_092330.1	27000225	26998651	0.00
NC_092330.1	27000225	26998676	0.00
NC_092330.1	27000225	26998701	0.00
NC_092330.1	27000225	26998726	0.00
NC_092330.1	27000225	26998751	0.00
NC_092330.1	27000225	26998776	0.00
NC_092330.1	27000225	26998801	0.00
NC_092330.1	27000225	26998826	0.00
NC_092330.1	27000225	26998851	0.00
NC_092330.1	27000225	26998876	0.00
NC_092330.1	27000225	26998901	0.00
NC_092330.1	27000225	26998926	0.00
NC_092330.1	27000225	26998951	0.00
NC_092330.1	27000225	26998976	0.00
NC_092330.1	27000225	26999001	0.00
NC_092330.1	27000225	26999026	0.00
NC_092330.1	27000225	26999051	0.00
NC_092330.1	27000225	26999076	0.00
NC_092330.1	27000225	26999101	0.00
NC_092330.1	27000225	26999126	0.00
NC_092330.1	27000225	26999151	0.00
NC_092330.1	27000225	26999176	0.00
NC_092330.1	27000225	26999201	0.00
NC_092330.1	27000225	26999226	0.00
NC_092330.1	27000225	26999251	0.00
NC_092330.1	27000225	26999276	0.00
NC_092330.1	27000225	26999301	0.00
NC_092330.1	27000225	26999326	0.00
NC_092330.1	27000225	26999351	0.00
NC_092330.1	27000225	26999376	0.00
NC_092330.1	27000225	26999401	0.00
NC_092330.1	27000225	26999426	0.00
NC_092330.1	27000225	26999451	0.00
NC_092330.1	27000225	26999476	0.00
NC_092330.1	27000225	26999501	0.00
NC_092330.1	27000225	26999526	0.00
NC_092330.1	27000225	26999551	0.00
NC_092330.1	27000225	26999576	0.00
NC_092330.1	27000225	26999601	0.00
NC_092330.1	27000225	26999626	0.00
NC_092330.1	27000225	26999651	0.00
NC_092330.1	27000225	26999676	0.00
NC_092330.1	27000225	26999701	0.00
NC_092330.1	27000225	26999726	0.00
NC_092330.1	27000225	26999751	0.00
NC_092330.1	27000225	26999776	0.00
NC_092330.1	27000225	26999801	0.00
NC_092330.1	27000225	26999826	0.00
NC_092330.1	27000225	26999851	0.00
NC_092330.1	27000225	26999876	0.00
NC_092330.1	27000225	26999901	0.00
NC_092330.1	27000225	26999926	0.00
NC_092330.1	27000225	26999951	0.00
NC_092330.1	27000225	26999976	0.00
NC_092330.1	27000225	27000001	0.00
NC_092330.1	27000225	27000026	0.00
NC_092330.1	27000225	27000051	0.12
NC_092330.1	27000225	27000076	1.00
NC_092330.1	27000225	27000101	1.00
NC_092330.1	27000225	27000126	1.00
NC_092330.1	27000225	27000151	1.44
NC_092330.1	27000225	27000176	2.00
NC_092330.1	27000225	27000201	1.88
NC_092330.1	27000225	27000226	1.00
NC_092330.1	27000225	27000251	1.00
NC_092330.1	27000225	27000276	1.00
NC_092330.1	27000225	27000301	0.56
NC_092330.1	27000225	27000326	0.00
NC_092330.1	27000225	27000351	0.00
NC_092330.1	27000225	27000376	0.00
NC_092330.1	27000225	27000401	0.00
NC_092330.1	27000225	27000426	0.00
NC_092330.1	27000225	27000451	0.00
NC_092330.1	27000225	27000476	0.00
NC_092330.1	27000225	27000501	0.00
NC_092330.1	27000225	27000526	0.00
NC_092330.1	27000225	27000551	0.00
NC_092330.1	27000225	27000576	0.00
NC_092330.1	27000225	27000601	0.00
NC_092330.1	27000225	27000626	0.00
NC_092330.1	27000225	27000651	0.00
NC_092330.1	27000225	27000676	0.00
NC_092330.1	27000225	27000701	0.00
NC_092330.1	27000225	27000726	0.00
NC_092330.1	27000225	27000751	0.00
NC_092330.1	27000225	27000776	0.00
NC_092330.1	27000225	27000801	0.00
NC_092330.1	27000225	27000826	0.00
NC_092330.1	27000225	27000851	0.00
NC_092330.1	27000225	27000876	0.00
NC_092330.1	27000225	27000901	0.00
NC_092330.1	27000225	27000926	0.00
NC_092330.1	27000225	27000951	0.00
NC_092330.1	27000225	27000976	0.00
NC_092330.1	27000225	27001001	0.00
NC_092330.1	27000225	27001026	0.00
NC_092330.1	27000225	27001051	0.00
NC_092330.1	27000225	27001076	0.00
NC_092330.1	27000225	27001101	0.00
NC_092330.1	27000225	27001126	0.00
NC_092330.1	27000225	27001151	0.00
NC_092330.1	27000225	27001176	0.00
NC_092330.1	27000225	27001201	0.00
NC_092330.1	27000225	27001226	0.00
NC_092330.1	27000225	27001251	0.00
NC_092330.1	27000225	27001276	0.00
NC_092330.1	27000225	27001301	0.00
NC_092330.1	27000225	27001326	0.00
NC_092330.1	27000225	27001351	0.00
NC_092330.1	27000225	27001376	0.00
NC_092330.1	27000225	27001401	0.00
NC_092330.1	27000225	27001426	0.00
NC_092330.1	27000225	27001451	0.00
NC_092330.1	27000225	27001476	0.00
NC_092330.1	27000225	27001501	0.00
NC_092330.1	27000225	27001526	0.00
NC_092330.1	27000225	27001551	0.00
NC_092330.1	27000225	27001576	0.00
NC_092330.1	27000225	27001601	0.00
NC_092330.1	27000225	27001626	0.00
NC_092330.1	27000225	27001651	0.00
NC_092330.1	27000225	27001676	0.00
NC_092330.1	27000225	27001701	0.00
NC_092330.1	27000225	27001726	0.00
NC_092330.1	27000225	27001751	0.00
NC_092330.1	27000225	27001776	0.00
NC_092330.1	27000225	27001801	0.00
NC_092330.1	27000225	27001826	0.00
NC_092330.1	27000225	27001851	0.00
NC_092330.1	27000225	27001876	0.00
NC_092330.1	27000225	27001901	0.00
NC_092330.1	27000225	27001926	0.00
NC_092330.1	27000225	27001951	0.00
NC_092330.1	27000225	27001976	0.00
NC_092330.1	27000225	27002001	0.00
NC_092330.1	27000225	27002026	0.00
NC_092330.1	27000225	27002051	0.00
NC_092330.1	27000225	27002076	0.00
NC_092330.1	27000225	27002101	0.00
NC_092330.1	27000225	27002126	0.00
NC_092330.1	27000225	27002151	0.00
NC_092330.1	27000225	27002176	0.00
NC_092330.1	27000225	27002201	0.00
NC_092331.1	528367	526351	0.00
NC_092331.1	528367	526376	0.00
NC_092331.1	528367	526401	0.00
NC_092331.1	528367	526426	0.00
NC_092331.1	528367	526451	0.00
NC_092331.1	528367	526476	0.00
NC_092331.1	528367	526501	0.00
NC_092331.1	528367	526526	0.00
NC_092331.1	528367	526551	0.00
NC_092331.1	528367	526576	0.00
NC_092331.1	528367	526601	0.00
NC_092331.1	528367	526626	0.00
NC_092331.1	528367	526651	0.00
NC_092331.1	528367	526676	0.00
NC_092331.1	528367	526701	0.00
NC_092331.1	528367	526726	0.00
NC_092331.1	528367	526751	0.00
NC_092331.1	528367	526776	0.00
NC_092331.1	528367	526801	0.00
NC_092331.1	528367	526826	0.00
NC_092331.1	528367	526851	0.00
NC_092331.1	528367	526876	0.00
NC_092331.1	528367	526901	0.00
NC_092331.1	528367	526926	0.00
NC_092331.1	528367	526951	0.00
NC_092331.1	528367	526976	0.00
NC_092331.1	528367	527001	0.00
NC_092331.1	528367	527026	0.00
NC_092331.1	528367	527051	0.00
NC_092331.1	528367	527076	0.00
NC_092331.1	528367	527101	0.00
NC_092331.1	528367	527126	0.00
NC_092331.1	528367	527151	0.00
NC_092331.1	528367	527176	0.00
NC_092331.1	528367	527201	0.00
NC_092331.1	528367	527226	0.00
NC_092331.1	528367	527251	0.00
NC_092331.1	528367	527276	0.00
NC_092331.1	528367	527301	0.00
NC_092331.1	528367	527326	0.00
NC_092331.1	528367	527351	0.00
NC_092331.1	528367	527376	0.00
NC_092331.1	528367	527401	0.00
NC_092331.1	528367	527426	0.00
NC_092331.1	528367	527451	0.00
NC_092331.1	528367	527476	0.00
NC_092331.1	528367	527501	0.00
NC_092331.1	528367	527526	0.00
NC_092331.1	528367	527551	0.00
NC_092331.1	528367	527576	0.00
NC_092331.1	528367	527601	0.00
NC_092331.1	528367	527626	0.00
NC_092331.1	528367	527651	0.00
NC_092331.1	528367	527676	0.00
NC_092331.1	528367	527701	0.00
NC_092331.1	528367	527726	0.00
NC_092331.1	528367	527751	0.00
NC_092331.1	528367	527776	0.00
NC_092331.1	528367	527801	0.00
NC_092331.1	528367	527826	0.00
NC_092331.1	528367	527851	0.00
NC_092331.1	528367	527876	0.00
NC_092331.1	528367	527901	0.00
NC_092331.1	528367	527926	0.00
NC_092331.1	528367	527951	0.00
NC_092331.1	528367	527976	0.00
NC_092331.1	528367	528001	0.00
NC_092331.1	528367	528026	0.00
NC_092331.1	528367	528051	0.00
NC_092331.1	528367	528076	0.00
NC_092331.1	528367	528101	0.00
NC_092331.1	528367	528126	0.00
NC_092331.1	528367	528151	0.00
NC_092331.1	528367	528176	0.00
NC_092331.1	528367	528201	0.00
NC_092331.1	528367	528226	0.00
NC_092331.1	528367	528251	0.00
NC_092331.1	528367	528276	0.00
NC_092331.1	528367	528301	0.00
NC_092331.1	528367	528326	0.84
NC_092331.1	528367	528351	1.28
NC_092331.1	528367	528376	2.00
NC_092331.1	528367	528401	2.00
NC_092331.1	528367	528426	2.00
NC_092331.1	528367	528451	2.00
NC_092331.1	528367	528476	2.12
NC_092331.1	528367	528501	1.72
NC_092331.1	528367	528526	1.00
NC_092331.1	528367	528551	1.00
NC_092331.1	528367	528576	1.00
NC_092331.1	528367	528601	1.00
NC_092331.1	528367	528626	0.04
NC_092331.1	528367	528651	0.00
NC_092331.1	528367	528676	0.00
NC_092331.1	528367	528701	0.00
NC_092331.1	528367	528726	0.00
NC_092331.1	528367	528751	0.00
NC_092331.1	528367	528776	0.00
NC_092331.1	528367	528801	0.00
NC_092331.1	528367	528826	0.00
NC_092331.1	528367	528851	0.00
NC_092331.1	528367	528876	0.00
NC_092331.1	528367	528901	0.00
NC_092331.1	528367	528926	0.00
NC_092331.1	528367	528951	0.00
NC_092331.1	528367	528976	0.00
NC_092331.1	528367	529001	0.00
NC_092331.1	528367	529026	0.00
NC_092331.1	528367	529051	0.00
NC_092331.1	528367	529076	0.00
NC_092331.1	528367	529101	0.00
NC_092331.1	528367	529126	0.00
NC_092331.1	528367	529151	0.00
NC_092331.1	528367	529176	0.00
NC_092331.1	528367	529201	0.00
NC_092331.1	528367	529226	0.00
NC_092331.1	528367	529251	0.00
NC_092331.1	528367	529276	0.00
NC_092331.1	528367	529301	0.00
NC_092331.1	528367	529326	0.00
NC_092331.1	528367	529351	0.00
NC_092331.1	528367	529376	0.00
NC_092331.1	528367	529401	0.00
NC_092331.1	528367	529426	0.00
NC_092331.1	528367	529451	0.00
NC_092331.1	528367	529476	0.00
NC_092331.1	528367	529501	0.00
NC_092331.1	528367	529526	0.00
NC_092331.1	528367	529551	0.00
NC_092331.1	528367	529576	0.00
NC_092331.1	528367	529601	0.00
NC_092331.1	528367	529626	0.00
NC_092331.1	528367	529651	0.00
NC_092331.1	528367	529676	0.00
NC_092331.1	528367	529701	0.00
NC_092331.1	528367	529726	0.00
NC_092331.1	528367	529751	0.00
NC_092331.1	528367	529776	0.00
NC_092331.1	528367	529801	0.00
NC_092331.1	528367	529826	0.00
NC_092331.1	528367	529851	0.00
NC_092331.1	528367	529876	0.00
NC_092331.1	528367	529901	0.00
NC_092331.1	528367	529926	0.00
NC_092331.1	528367	529951	0.00
NC_092331.1	528367	529976	0.00
NC_092331.1	528367	530001	0.00
NC_092331.1	528367	530026	0.00
NC_092331.1	528367	530051	0.00
NC_092331.1	528367	530076	0.00
NC_092331.1	528367	530101	0.00
NC_092331.1	528367	530126	0.00
NC_092331.1	528367	530151	0.00
NC_092331.1	528367	530176	0.00
NC_092331.1	528367	530201	0.00
NC_092331.1	528367	530226	0.00
NC_092331.1	528367	530251	0.00
NC_092331.1	528367	530276	0.00
NC_092331.1	528367	530301	0.00
NC_092331.1	528367	530326	0.00
NC_092331.1	528367	530351	0.00
NC_092331.1	528458	526451	0.00
NC_092331.1	528458	526476	0.00
NC_092331.1	528458	526501	0.00
NC_092331.1	528458	526526	0.00
NC_092331.1	528458	526551	0.00
NC_092331.1	528458	526576	0.00
NC_092331.1	528458	526601	0.00
NC_092331.1	528458	526626	0.00
NC_092331.1	528458	526651	0.00
NC_092331.1	528458	526676	0.00
NC_092331.1	528458	526701	0.00
NC_092331.1	528458	526726	0.00
NC_092331.1	528458	526751	0.00
NC_092331.1	528458	526776	0.00
NC_092331.1	528458	526801	0.00
NC_092331.1	528458	526826	0.00
NC_092331.1	528458	526851	0.00
NC_092331.1	528458	526876	0.00
NC_092331.1	528458	526901	0.00
NC_092331.1	528458	526926	0.00
NC_092331.1	528458	526951	0.00
NC_092331.1	528458	526976	0.00
NC_092331.1	528458	527001	0.00
NC_092331.1	528458	527026	0.00
NC_092331.1	528458	527051	0.00
NC_092331.1	528458	527076	0.00
NC_092331.1	528458	527101	0.00
NC_092331.1	528458	527126	0.00
NC_092331.1	528458	527151	0.00
NC_092331.1	528458	527176	0.00
NC_092331.1	528458	527201	0.00
NC_092331.1	528458	527226	0.00
NC_092331.1	528458	527251	0.00
NC_092331.1	528458	527276	0.00
NC_092331.1	528458	527301	0.00
NC_092331.1	528458	527326	0.00
NC_092331.1	528458	527351	0.00
NC_092331.1	528458	527376	0.00
NC_092331.1	528458	527401	0.00
NC_092331.1	528458	527426	0.00
NC_092331.1	528458	527451	0.00
NC_092331.1	528458	527476	0.00
NC_092331.1	528458	527501	0.00
NC_092331.1	528458	527526	0.00
NC_092331.1	528458	527551	0.00
NC_092331.1	528458	527576	0.00
NC_092331.1	528458	527601	0.00
NC_092331.1	528458	527626	0.00
NC_092331.1	528458	527651	0.00
NC_092331.1	528458	527676	0.00
NC_092331.1	528458	527701	0.00
NC_092331.1	528458	527726	0.00
NC_092331.1	528458	527751	0.00
NC_092331.1	528458	527776	0.00
NC_092331.1	528458	527801	0.00
NC_092331.1	528458	527826	0.00
NC_092331.1	528458	527851	0.00
NC_092331.1	528458	527876	0.00
NC_092331.1	528458	527901	0.00
NC_092331.1	528458	527926	0.00
NC_092331.1	528458	527951	0.00
NC_092331.1	528458	527976	0.00
NC_092331.1	528458	528001	0.00
NC_092331.1	528458	528026	0.00
NC_092331.1	528458	528051	0.00
NC_092331.1	528458	528076	0.00
NC_092331.1	528458	528101	0.00
NC_092331.1	528458	528126	0.00
NC_092331.1	528458	528151	0.00
NC_092331.1	528458	528176	0.00
NC_092331.1	528458	528201	0.00
NC_092331.1	528458	528226	0.00
NC_092331.1	528458	528251	0.00
NC_092331.1	528458	528276	0.00
NC_092331.1	528458	528301	0.00
NC_092331.1	528458	528326	0.84
NC_092331.1	528458	528351	1.28
NC_092331.1	528458	528376	2.00
NC_092331.1	528458	528401	2.00
NC_092331.1	528458	528426	2.00
NC_092331.1	528458	528451	2.00
NC_092331.1	528458	528476	2.12
NC_092331.1	528458	528501	1.72
NC_092331.1	528458	528526	1.00
NC_092331.1	528458	528551	1.00
NC_092331.1	528458	528576	1.00
NC_092331.1	528458	528601	1.00
NC_092331.1	528458	528626	0.04
NC_092331.1	528458	528651	0.00
NC_092331.1	528458	528676	0.00
NC_092331.1	528458	528701	0.00
NC_092331.1	528458	528726	0.00
NC_092331.1	528458	528751	0.00
NC_092331.1	528458	528776	0.00
NC_092331.1	528458	528801	0.00
NC_092331.1	528458	528826	0.00
NC_092331.1	528458	528851	0.00
NC_092331.1	528458	528876	0.00
NC_092331.1	528458	528901	0.00
NC_092331.1	528458	528926	0.00
NC_092331.1	528458	528951	0.00
NC_092331.1	528458	528976	0.00
NC_092331.1	528458	529001	0.00
NC_092331.1	528458	529026	0.00
NC_092331.1	528458	529051	0.00
NC_092331.1	528458	529076	0.00
NC_092331.1	528458	529101	0.00
NC_092331.1	528458	529126	0.00
NC_092331.1	528458	529151	0.00
NC_092331.1	528458	529176	0.00
NC_092331.1	528458	529201	0.00
NC_092331.1	528458	529226	0.00
NC_092331.1	528458	529251	0.00
NC_092331.1	528458	529276	0.00
NC_092331.1	528458	529301	0.00
NC_092331.1	528458	529326	0.00
NC_092331.1	528458	529351	0.00
NC_092331.1	528458	529376	0.00
NC_092331.1	528458	529401	0.00
NC_092331.1	528458	529426	0.00
NC_092331.1	528458	529451	0.00
NC_092331.1	528458	529476	0.00
NC_092331.1	528458	529501	0.00
NC_092331.1	528458	529526	0.00
NC_092331.1	528458	529551	0.00
NC_092331.1	528458	529576	0.00
NC_092331.1	528458	529601	0.00
NC_092331.1	528458	529626	0.00
NC_092331.1	528458	529651	0.00
NC_092331.1	528458	529676	0.00
NC_092331.1	528458	529701	0.00
NC_092331.1	528458	529726	0.00
NC_092331.1	528458	529751	0.00
NC_092331.1	528458	529776	0.00
NC_092331.1	528458	529801	0.00
NC_092331.1	528458	529826	0.00
NC_092331.1	528458	529851	0.00
NC_092331.1	528458	529876	0.00
NC_092331.1	528458	529901	0.00
NC_092331.1	528458	529926	0.00
NC_092331.1	528458	529951	0.00
NC_092331.1	528458	529976	0.00
NC_092331.1	528458	530001	0.00
NC_092331.1	528458	530026	0.00
NC_092331.1	528458	530051	0.00
NC_092331.1	528458	530076	0.00
NC_092331.1	528458	530101	0.00
NC_092331.1	528458	530126	0.00
NC_092331.1	528458	530151	0.00
NC_092331.1	528458	530176	0.00
NC_092331.1	528458	530201	0.00
NC_092331.1	528458	530226	0.00
NC_092331.1	528458	530251	0.00
NC_092331.1	528458	530276	0.00
NC_092331.1	528458	530301	0.00
NC_092331.1	528458	530326	0.00
NC_092331.1	528458	530351	0.00
NC_092331.1	528458	530376	0.00
NC_092331.1	528458	530401	0.00
NC_092331.1	528458	530426	0.00
NC_092331.1	528458	530451	0.00
NC_092331.1	528479	526476	0.00
NC_092331.1	528479	526501	0.00
NC_092331.1	528479	526526	0.00
NC_092331.1	528479	526551	0.00
NC_092331.1	528479	526576	0.00
NC_092331.1	528479	526601	0.00
NC_092331.1	528479	526626	0.00
NC_092331.1	528479	526651	0.00
NC_092331.1	528479	526676	0.00
NC_092331.1	528479	526701	0.00
NC_092331.1	528479	526726	0.00
NC_092331.1	528479	526751	0.00
NC_092331.1	528479	526776	0.00
NC_092331.1	528479	526801	0.00
NC_092331.1	528479	526826	0.00
NC_092331.1	528479	526851	0.00
NC_092331.1	528479	526876	0.00
NC_092331.1	528479	526901	0.00
NC_092331.1	528479	526926	0.00
NC_092331.1	528479	526951	0.00
NC_092331.1	528479	526976	0.00
NC_092331.1	528479	527001	0.00
NC_092331.1	528479	527026	0.00
NC_092331.1	528479	527051	0.00
NC_092331.1	528479	527076	0.00
NC_092331.1	528479	527101	0.00
NC_092331.1	528479	527126	0.00
NC_092331.1	528479	527151	0.00
NC_092331.1	528479	527176	0.00
NC_092331.1	528479	527201	0.00
NC_092331.1	528479	527226	0.00
NC_092331.1	528479	527251	0.00
NC_092331.1	528479	527276	0.00
NC_092331.1	528479	527301	0.00
NC_092331.1	528479	527326	0.00
NC_092331.1	528479	527351	0.00
NC_092331.1	528479	527376	0.00
NC_092331.1	528479	527401	0.00
NC_092331.1	528479	527426	0.00
NC_092331.1	528479	527451	0.00
NC_092331.1	528479	527476	0.00
NC_092331.1	528479	527501	0.00
NC_092331.1	528479	527526	0.00
NC_092331.1	528479	527551	0.00
NC_092331.1	528479	527576	0.00
NC_092331.1	528479	527601	0.00
NC_092331.1	528479	527626	0.00
NC_092331.1	528479	527651	0.00
NC_092331.1	528479	527676	0.00
NC_092331.1	528479	527701	0.00
NC_092331.1	528479	527726	0.00
NC_092331.1	528479	527751	0.00
NC_092331.1	528479	527776	0.00
NC_092331.1	528479	527801	0.00
NC_092331.1	528479	527826	0.00
NC_092331.1	528479	527851	0.00
NC_092331.1	528479	527876	0.00
NC_092331.1	528479	527901	0.00
NC_092331.1	528479	527926	0.00
NC_092331.1	528479	527951	0.00
NC_092331.1	528479	527976	0.00
NC_092331.1	528479	528001	0.00
NC_092331.1	528479	528026	0.00
NC_092331.1	528479	528051	0.00
NC_092331.1	528479	528076	0.00
NC_092331.1	528479	528101	0.00
NC_092331.1	528479	528126	0.00
NC_092331.1	528479	528151	0.00
NC_092331.1	528479	528176	0.00
NC_092331.1	528479	528201	0.00
NC_092331.1	528479	528226	0.00
NC_092331.1	528479	528251	0.00
NC_092331.1	528479	528276	0.00
NC_092331.1	528479	528301	0.00
NC_092331.1	528479	528326	0.84
NC_092331.1	528479	528351	1.28
NC_092331.1	528479	528376	2.00
NC_092331.1	528479	528401	2.00
NC_092331.1	528479	528426	2.00
NC_092331.1	528479	528451	2.00
NC_092331.1	528479	528476	2.12
NC_092331.1	528479	528501	1.72
NC_092331.1	528479	528526	1.00
NC_092331.1	528479	528551	1.00
NC_092331.1	528479	528576	1.00
NC_092331.1	528479	528601	1.00
NC_092331.1	528479	528626	0.04
NC_092331.1	528479	528651	0.00
NC_092331.1	528479	528676	0.00
NC_092331.1	528479	528701	0.00
NC_092331.1	528479	528726	0.00
NC_092331.1	528479	528751	0.00
NC_092331.1	528479	528776	0.00
NC_092331.1	528479	528801	0.00
NC_092331.1	528479	528826	0.00
NC_092331.1	528479	528851	0.00
NC_092331.1	528479	528876	0.00
NC_092331.1	528479	528901	0.00
NC_092331.1	528479	528926	0.00
NC_092331.1	528479	528951	0.00
NC_092331.1	528479	528976	0.00
NC_092331.1	528479	529001	0.00
NC_092331.1	528479	529026	0.00
NC_092331.1	528479	529051	0.00
NC_092331.1	528479	529076	0.00
NC_092331.1	528479	529101	0.00
NC_092331.1	528479	529126	0.00
NC_092331.1	528479	529151	0.00
NC_092331.1	528479	529176	0.00
NC_092331.1	528479	529201	0.00
NC_092331.1	528479	529226	0.00
NC_092331.1	528479	529251	0.00
NC_092331.1	528479	529276	0.00
NC_092331.1	528479	529301	0.00
NC_092331.1	528479	529326	0.00
NC_092331.1	528479	529351	0.00
NC_092331.1	528479	529376	0.00
NC_092331.1	528479	529401	0.00
NC_092331.1	528479	529426	0.00
NC_092331.1	528479	529451	0.00
NC_092331.1	528479	529476	0.00
NC_092331.1	528479	529501	0.00
NC_092331.1	528479	529526	0.00
NC_092331.1	528479	529551	0.00
NC_092331.1	528479	529576	0.00
NC_092331.1	528479	529601	0.00
NC_092331.1	528479	529626	0.00
NC_092331.1	528479	529651	0.00
NC_092331.1	528479	529676	0.00
NC_092331.1	528479	529701	0.00
NC_092331.1	528479	529726	0.00
NC_092331.1	528479	529751	0.00
NC_092331.1	528479	529776	0.00
NC_092331.1	528479	529801	0.00
NC_092331.1	528479	529826	0.00
NC_092331.1	528479	529851	0.00
NC_092331.1	528479	529876	0.00
NC_092331.1	528479	529901	0.00
NC_092331.1	528479	529926	0.00
NC_092331.1	528479	529951	0.00
NC_092331.1	528479	529976	0.00
NC_092331.1	528479	530001	0.00
NC_092331.1	528479	530026	0.00
NC_092331.1	528479	530051	0.00
NC_092331.1	528479	530076	0.00
NC_092331.1	528479	530101	0.00
NC_092331.1	528479	530126	0.00
NC_092331.1	528479	530151	0.00
NC_092331.1	528479	530176	0.00
NC_092331.1	528479	530201	0.00
NC_092331.1	528479	530226	0.00
NC_092331.1	528479	530251	0.00
NC_092331.1	528479	530276	0.00
NC_092331.1	528479	530301	0.00
NC_092331.1	528479	530326	0.00
NC_092331.1	528479	530351	0.00
NC_092331.1	528479	530376	0.00
NC_092331.1	528479	530401	0.00
NC_092331.1	528479	530426	0.00
NC_092331.1	528479	530451	0.00
NC_092331.1	528479	530476	0.00
NC_092331.1	2569796	2567776	0.00
NC_092331.1	2569796	2567801	0.00
NC_092331.1	2569796	2567826	0.00
NC_092331.1	2569796	2567851	0.00
NC_092331.1	2569796	2567876	0.00
NC_092331.1	2569796	2567901	0.00
NC_092331.1	2569796	2567926	0.00
NC_092331.1	2569796	2567951	0.00
NC_092331.1	2569796	2567976	0.00
NC_092331.1	2569796	2568001	0.00
NC_092331.1	2569796	2568026	0.00
NC_092331.1	2569796	2568051	0.00
NC_092331.1	2569796	2568076	0.00
NC_092331.1	2569796	2568101	0.00
NC_092331.1	2569796	2568126	0.00
NC_092331.1	2569796	2568151	0.00
NC_092331.1	2569796	2568176	0.00
NC_092331.1	2569796	2568201	0.00
NC_092331.1	2569796	2568226	0.00
NC_092331.1	2569796	2568251	0.00
NC_092331.1	2569796	2568276	0.00
NC_092331.1	2569796	2568301	0.00
NC_092331.1	2569796	2568326	0.00
NC_092331.1	2569796	2568351	0.00
NC_092331.1	2569796	2568376	0.00
NC_092331.1	2569796	2568401	0.00
NC_092331.1	2569796	2568426	0.00
NC_092331.1	2569796	2568451	0.00
NC_092331.1	2569796	2568476	0.00
NC_092331.1	2569796	2568501	0.00
NC_092331.1	2569796	2568526	0.00
NC_092331.1	2569796	2568551	0.00
NC_092331.1	2569796	2568576	0.00
NC_092331.1	2569796	2568601	0.00
NC_092331.1	2569796	2568626	0.00
NC_092331.1	2569796	2568651	0.00
NC_092331.1	2569796	2568676	0.00
NC_092331.1	2569796	2568701	0.00
NC_092331.1	2569796	2568726	0.00
NC_092331.1	2569796	2568751	0.00
NC_092331.1	2569796	2568776	0.00
NC_092331.1	2569796	2568801	0.00
NC_092331.1	2569796	2568826	0.00
NC_092331.1	2569796	2568851	0.00
NC_092331.1	2569796	2568876	0.00
NC_092331.1	2569796	2568901	0.00
NC_092331.1	2569796	2568926	0.00
NC_092331.1	2569796	2568951	0.00
NC_092331.1	2569796	2568976	0.00
NC_092331.1	2569796	2569001	0.00
NC_092331.1	2569796	2569026	0.00
NC_092331.1	2569796	2569051	0.00
NC_092331.1	2569796	2569076	0.00
NC_092331.1	2569796	2569101	0.00
NC_092331.1	2569796	2569126	0.00
NC_092331.1	2569796	2569151	0.00
NC_092331.1	2569796	2569176	0.00
NC_092331.1	2569796	2569201	0.00
NC_092331.1	2569796	2569226	0.00
NC_092331.1	2569796	2569251	0.00
NC_092331.1	2569796	2569276	0.00
NC_092331.1	2569796	2569301	0.00
NC_092331.1	2569796	2569326	0.00
NC_092331.1	2569796	2569351	0.00
NC_092331.1	2569796	2569376	0.00
NC_092331.1	2569796	2569401	0.00
NC_092331.1	2569796	2569426	0.00
NC_092331.1	2569796	2569451	0.00
NC_092331.1	2569796	2569476	0.00
NC_092331.1	2569796	2569501	0.00
NC_092331.1	2569796	2569526	0.00
NC_092331.1	2569796	2569551	0.00
NC_092331.1	2569796	2569576	0.00
NC_092331.1	2569796	2569601	0.00
NC_092331.1	2569796	2569626	0.00
NC_092331.1	2569796	2569651	0.00
NC_092331.1	2569796	2569676	0.00
NC_092331.1	2569796	2569701	0.60
NC_092331.1	2569796	2569726	1.00
NC_092331.1	2569796	2569751	1.00
NC_092331.1	2569796	2569776	1.00
NC_092331.1	2569796	2569801	1.00
NC_092331.1	2569796	2569826	1.00
NC_092331.1	2569796	2569851	0.40
NC_092331.1	2569796	2569876	0.00
NC_092331.1	2569796	2569901	0.00
NC_092331.1	2569796	2569926	0.00
NC_092331.1	2569796	2569951	0.00
NC_092331.1	2569796	2569976	0.00
NC_092331.1	2569796	2570001	0.00
NC_092331.1	2569796	2570026	0.00
NC_092331.1	2569796	2570051	0.00
NC_092331.1	2569796	2570076	0.00
NC_092331.1	2569796	2570101	0.00
NC_092331.1	2569796	2570126	0.00
NC_092331.1	2569796	2570151	0.00
NC_092331.1	2569796	2570176	0.00
NC_092331.1	2569796	2570201	0.00
NC_092331.1	2569796	2570226	0.00
NC_092331.1	2569796	2570251	0.00
NC_092331.1	2569796	2570276	0.00
NC_092331.1	2569796	2570301	0.00
NC_092331.1	2569796	2570326	0.00
NC_092331.1	2569796	2570351	0.00
NC_092331.1	2569796	2570376	0.00
NC_092331.1	2569796	2570401	0.00
NC_092331.1	2569796	2570426	0.00
NC_092331.1	2569796	2570451	0.00
NC_092331.1	2569796	2570476	0.00
NC_092331.1	2569796	2570501	0.00
NC_092331.1	2569796	2570526	0.00
NC_092331.1	2569796	2570551	0.00
NC_092331.1	2569796	2570576	0.00
NC_092331.1	2569796	2570601	0.00
NC_092331.1	2569796	2570626	0.00
NC_092331.1	2569796	2570651	0.00
NC_092331.1	2569796	2570676	0.00
NC_092331.1	2569796	2570701	0.00
NC_092331.1	2569796	2570726	0.00
NC_092331.1	2569796	2570751	0.00
NC_092331.1	2569796	2570776	0.00
NC_092331.1	2569796	2570801	0.00
NC_092331.1	2569796	2570826	0.00
NC_092331.1	2569796	2570851	0.00
NC_092331.1	2569796	2570876	0.00
NC_092331.1	2569796	2570901	0.00
NC_092331.1	2569796	2570926	0.00
NC_092331.1	2569796	2570951	0.00
NC_092331.1	2569796	2570976	0.00
NC_092331.1	2569796	2571001	0.00
NC_092331.1	2569796	2571026	0.00
NC_092331.1	2569796	2571051	0.00
NC_092331.1	2569796	2571076	0.00
NC_092331.1	2569796	2571101	0.00
NC_092331.1	2569796	2571126	0.00
NC_092331.1	2569796	2571151	0.00
NC_092331.1	2569796	2571176	0.00
NC_092331.1	2569796	2571201	0.00
NC_092331.1	2569796	2571226	0.00
NC_092331.1	2569796	2571251	0.00
NC_092331.1	2569796	2571276	0.00
NC_092331.1	2569796	2571301	0.00
NC_092331.1	2569796	2571326	0.00
NC_092331.1	2569796	2571351	0.00
NC_092331.1	2569796	2571376	0.00
NC_092331.1	2569796	2571401	0.00
NC_092331.1	2569796	2571426	0.00
NC_092331.1	2569796	2571451	0.00
NC_092331.1	2569796	2571476	0.00
NC_092331.1	2569796	2571501	0.00
NC_092331.1	2569796	2571526	0.00
NC_092331.1	2569796	2571551	0.00
NC_092331.1	2569796	2571576	0.00
NC_092331.1	2569796	2571601	0.00
NC_092331.1	2569796	2571626	0.00
NC_092331.1	2569796	2571651	0.00
NC_092331.1	2569796	2571676	0.00
NC_092331.1	2569796	2571701	0.00
NC_092331.1	2569796	2571726	0.00
NC_092331.1	2569796	2571751	0.00
NC_092331.1	2569796	2571776	0.00
NC_092331.1	2569806	2567801	0.00
NC_092331.1	2569806	2567826	0.00
NC_092331.1	2569806	2567851	0.00
NC_092331.1	2569806	2567876	0.00
NC_092331.1	2569806	2567901	0.00
NC_092331.1	2569806	2567926	0.00
NC_092331.1	2569806	2567951	0.00
NC_092331.1	2569806	2567976	0.00
NC_092331.1	2569806	2568001	0.00
NC_092331.1	2569806	2568026	0.00
NC_092331.1	2569806	2568051	0.00
NC_092331.1	2569806	2568076	0.00
NC_092331.1	2569806	2568101	0.00
NC_092331.1	2569806	2568126	0.00
NC_092331.1	2569806	2568151	0.00
NC_092331.1	2569806	2568176	0.00
NC_092331.1	2569806	2568201	0.00
NC_092331.1	2569806	2568226	0.00
NC_092331.1	2569806	2568251	0.00
NC_092331.1	2569806	2568276	0.00
NC_092331.1	2569806	2568301	0.00
NC_092331.1	2569806	2568326	0.00
NC_092331.1	2569806	2568351	0.00
NC_092331.1	2569806	2568376	0.00
NC_092331.1	2569806	2568401	0.00
NC_092331.1	2569806	2568426	0.00
NC_092331.1	2569806	2568451	0.00
NC_092331.1	2569806	2568476	0.00
NC_092331.1	2569806	2568501	0.00
NC_092331.1	2569806	2568526	0.00
NC_092331.1	2569806	2568551	0.00
NC_092331.1	2569806	2568576	0.00
NC_092331.1	2569806	2568601	0.00
NC_092331.1	2569806	2568626	0.00
NC_092331.1	2569806	2568651	0.00
NC_092331.1	2569806	2568676	0.00
NC_092331.1	2569806	2568701	0.00
NC_092331.1	2569806	2568726	0.00
NC_092331.1	2569806	2568751	0.00
NC_092331.1	2569806	2568776	0.00
NC_092331.1	2569806	2568801	0.00
NC_092331.1	2569806	2568826	0.00
NC_092331.1	2569806	2568851	0.00
NC_092331.1	2569806	2568876	0.00
NC_092331.1	2569806	2568901	0.00
NC_092331.1	2569806	2568926	0.00
NC_092331.1	2569806	2568951	0.00
NC_092331.1	2569806	2568976	0.00
NC_092331.1	2569806	2569001	0.00
NC_092331.1	2569806	2569026	0.00
NC_092331.1	2569806	2569051	0.00
NC_092331.1	2569806	2569076	0.00
NC_092331.1	2569806	2569101	0.00
NC_092331.1	2569806	2569126	0.00
NC_092331.1	2569806	2569151	0.00
NC_092331.1	2569806	2569176	0.00
NC_092331.1	2569806	2569201	0.00
NC_092331.1	2569806	2569226	0.00
NC_092331.1	2569806	2569251	0.00
NC_092331.1	2569806	2569276	0.00
NC_092331.1	2569806	2569301	0.00
NC_092331.1	2569806	2569326	0.00
NC_092331.1	2569806	2569351	0.00
NC_092331.1	2569806	2569376	0.00
NC_092331.1	2569806	2569401	0.00
NC_092331.1	2569806	2569426	0.00
NC_092331.1	2569806	2569451	0.00
NC_092331.1	2569806	2569476	0.00
NC_092331.1	2569806	2569501	0.00
NC_092331.1	2569806	2569526	0.00
NC_092331.1	2569806	2569551	0.00
NC_092331.1	2569806	2569576	0.00
NC_092331.1	2569806	2569601	0.00
NC_092331.1	2569806	2569626	0.00
NC_092331.1	2569806	2569651	0.00
NC_092331.1	2569806	2569676	0.00
NC_092331.1	2569806	2569701	0.60
NC_092331.1	2569806	2569726	1.00
NC_092331.1	2569806	2569751	1.00
NC_092331.1	2569806	2569776	1.00
NC_092331.1	2569806	2569801	1.00
NC_092331.1	2569806	2569826	1.00
NC_092331.1	2569806	2569851	0.40
NC_092331.1	2569806	2569876	0.00
NC_092331.1	2569806	2569901	0.00
NC_092331.1	2569806	2569926	0.00
NC_092331.1	2569806	2569951	0.00
NC_092331.1	2569806	2569976	0.00
NC_092331.1	2569806	2570001	0.00
NC_092331.1	2569806	2570026	0.00
NC_092331.1	2569806	2570051	0.00
NC_092331.1	2569806	2570076	0.00
NC_092331.1	2569806	2570101	0.00
NC_092331.1	2569806	2570126	0.00
NC_092331.1	2569806	2570151	0.00
NC_092331.1	2569806	2570176	0.00
NC_092331.1	2569806	2570201	0.00
NC_092331.1	2569806	2570226	0.00
NC_092331.1	2569806	2570251	0.00
NC_092331.1	2569806	2570276	0.00
NC_092331.1	2569806	2570301	0.00
NC_092331.1	2569806	2570326	0.00
NC_092331.1	2569806	2570351	0.00
NC_092331.1	2569806	2570376	0.00
NC_092331.1	2569806	2570401	0.00
NC_092331.1	2569806	2570426	0.00
NC_092331.1	2569806	2570451	0.00
NC_092331.1	2569806	2570476	0.00
NC_092331.1	2569806	2570501	0.00
NC_092331.1	2569806	2570526	0.00
NC_092331.1	2569806	2570551	0.00
NC_092331.1	2569806	2570576	0.00
NC_092331.1	2569806	2570601	0.00
NC_092331.1	2569806	2570626	0.00
NC_092331.1	2569806	2570651	0.00
NC_092331.1	2569806	2570676	0.00
NC_092331.1	2569806	2570701	0.00
NC_092331.1	2569806	2570726	0.00
NC_092331.1	2569806	2570751	0.00
NC_092331.1	2569806	2570776	0.00
NC_092331.1	2569806	2570801	0.00
NC_092331.1	2569806	2570826	0.00
NC_092331.1	2569806	2570851	0.00
NC_092331.1	2569806	2570876	0.00
NC_092331.1	2569806	2570901	0.00
NC_092331.1	2569806	2570926	0.00
NC_092331.1	2569806	2570951	0.00
NC_092331.1	2569806	2570976	0.00
NC_092331.1	2569806	2571001	0.00
NC_092331.1	2569806	2571026	0.00
NC_092331.1	2569806	2571051	0.00
NC_092331.1	2569806	2571076	0.00
NC_092331.1	2569806	2571101	0.00
NC_092331.1	2569806	2571126	0.00
NC_092331.1	2569806	2571151	0.00
NC_092331.1	2569806	2571176	0.00
NC_092331.1	2569806	2571201	0.00
NC_092331.1	2569806	2571226	0.00
NC_092331.1	2569806	2571251	0.00
NC_092331.1	2569806	2571276	0.00
NC_092331.1	2569806	2571301	0.00
NC_092331.1	2569806	2571326	0.00
NC_092331.1	2569806	2571351	0.00
NC_092331.1	2569806	2571376	0.00
NC_092331.1	2569806	2571401	0.00
NC_092331.1	2569806	2571426	0.00
NC_092331.1	2569806	2571451	0.00
NC_092331.1	2569806	2571476	0.00
NC_092331.1	2569806	2571501	0.00
NC_092331.1	2569806	2571526	0.00
NC_092331.1	2569806	2571551	0.00
NC_092331.1	2569806	2571576	0.00
NC_092331.1	2569806	2571601	0.00
NC_092331.1	2569806	2571626	0.00
NC_092331.1	2569806	2571651	0.00
NC_092331.1	2569806	2571676	0.00
NC_092331.1	2569806	2571701	0.00
NC_092331.1	2569806	2571726	0.00
NC_092331.1	2569806	2571751	0.00
NC_092331.1	2569806	2571776	0.00
NC_092331.1	2569806	2571801	0.00
NC_092331.1	2569840	2567826	0.00
NC_092331.1	2569840	2567851	0.00
NC_092331.1	2569840	2567876	0.00
NC_092331.1	2569840	2567901	0.00
NC_092331.1	2569840	2567926	0.00
NC_092331.1	2569840	2567951	0.00
NC_092331.1	2569840	2567976	0.00
NC_092331.1	2569840	2568001	0.00
NC_092331.1	2569840	2568026	0.00
NC_092331.1	2569840	2568051	0.00
NC_092331.1	2569840	2568076	0.00
NC_092331.1	2569840	2568101	0.00
NC_092331.1	2569840	2568126	0.00
NC_092331.1	2569840	2568151	0.00
NC_092331.1	2569840	2568176	0.00
NC_092331.1	2569840	2568201	0.00
NC_092331.1	2569840	2568226	0.00
NC_092331.1	2569840	2568251	0.00
NC_092331.1	2569840	2568276	0.00
NC_092331.1	2569840	2568301	0.00
NC_092331.1	2569840	2568326	0.00
NC_092331.1	2569840	2568351	0.00
NC_092331.1	2569840	2568376	0.00
NC_092331.1	2569840	2568401	0.00
NC_092331.1	2569840	2568426	0.00
NC_092331.1	2569840	2568451	0.00
NC_092331.1	2569840	2568476	0.00
NC_092331.1	2569840	2568501	0.00
NC_092331.1	2569840	2568526	0.00
NC_092331.1	2569840	2568551	0.00
NC_092331.1	2569840	2568576	0.00
NC_092331.1	2569840	2568601	0.00
NC_092331.1	2569840	2568626	0.00
NC_092331.1	2569840	2568651	0.00
NC_092331.1	2569840	2568676	0.00
NC_092331.1	2569840	2568701	0.00
NC_092331.1	2569840	2568726	0.00
NC_092331.1	2569840	2568751	0.00
NC_092331.1	2569840	2568776	0.00
NC_092331.1	2569840	2568801	0.00
NC_092331.1	2569840	2568826	0.00
NC_092331.1	2569840	2568851	0.00
NC_092331.1	2569840	2568876	0.00
NC_092331.1	2569840	2568901	0.00
NC_092331.1	2569840	2568926	0.00
NC_092331.1	2569840	2568951	0.00
NC_092331.1	2569840	2568976	0.00
NC_092331.1	2569840	2569001	0.00
NC_092331.1	2569840	2569026	0.00
NC_092331.1	2569840	2569051	0.00
NC_092331.1	2569840	2569076	0.00
NC_092331.1	2569840	2569101	0.00
NC_092331.1	2569840	2569126	0.00
NC_092331.1	2569840	2569151	0.00
NC_092331.1	2569840	2569176	0.00
NC_092331.1	2569840	2569201	0.00
NC_092331.1	2569840	2569226	0.00
NC_092331.1	2569840	2569251	0.00
NC_092331.1	2569840	2569276	0.00
NC_092331.1	2569840	2569301	0.00
NC_092331.1	2569840	2569326	0.00
NC_092331.1	2569840	2569351	0.00
NC_092331.1	2569840	2569376	0.00
NC_092331.1	2569840	2569401	0.00
NC_092331.1	2569840	2569426	0.00
NC_092331.1	2569840	2569451	0.00
NC_092331.1	2569840	2569476	0.00
NC_092331.1	2569840	2569501	0.00
NC_092331.1	2569840	2569526	0.00
NC_092331.1	2569840	2569551	0.00
NC_092331.1	2569840	2569576	0.00
NC_092331.1	2569840	2569601	0.00
NC_092331.1	2569840	2569626	0.00
NC_092331.1	2569840	2569651	0.00
NC_092331.1	2569840	2569676	0.00
NC_092331.1	2569840	2569701	0.60
NC_092331.1	2569840	2569726	1.00
NC_092331.1	2569840	2569751	1.00
NC_092331.1	2569840	2569776	1.00
NC_092331.1	2569840	2569801	1.00
NC_092331.1	2569840	2569826	1.00
NC_092331.1	2569840	2569851	0.40
NC_092331.1	2569840	2569876	0.00
NC_092331.1	2569840	2569901	0.00
NC_092331.1	2569840	2569926	0.00
NC_092331.1	2569840	2569951	0.00
NC_092331.1	2569840	2569976	0.00
NC_092331.1	2569840	2570001	0.00
NC_092331.1	2569840	2570026	0.00
NC_092331.1	2569840	2570051	0.00
NC_092331.1	2569840	2570076	0.00
NC_092331.1	2569840	2570101	0.00
NC_092331.1	2569840	2570126	0.00
NC_092331.1	2569840	2570151	0.00
NC_092331.1	2569840	2570176	0.00
NC_092331.1	2569840	2570201	0.00
NC_092331.1	2569840	2570226	0.00
NC_092331.1	2569840	2570251	0.00
NC_092331.1	2569840	2570276	0.00
NC_092331.1	2569840	2570301	0.00
NC_092331.1	2569840	2570326	0.00
NC_092331.1	2569840	2570351	0.00
NC_092331.1	2569840	2570376	0.00
NC_092331.1	2569840	2570401	0.00
NC_092331.1	2569840	2570426	0.00
NC_092331.1	2569840	2570451	0.00
NC_092331.1	2569840	2570476	0.00
NC_092331.1	2569840	2570501	0.00
NC_092331.1	2569840	2570526	0.00
NC_092331.1	2569840	2570551	0.00
NC_092331.1	2569840	2570576	0.00
NC_092331.1	2569840	2570601	0.00
NC_092331.1	2569840	2570626	0.00
NC_092331.1	2569840	2570651	0.00
NC_092331.1	2569840	2570676	0.00
NC_092331.1	2569840	2570701	0.00
NC_092331.1	2569840	2570726	0.00
NC_092331.1	2569840	2570751	0.00
NC_092331.1	2569840	2570776	0.00
NC_092331.1	2569840	2570801	0.00
NC_092331.1	2569840	2570826	0.00
NC_092331.1	2569840	2570851	0.00
NC_092331.1	2569840	2570876	0.00
NC_092331.1	2569840	2570901	0.00
NC_092331.1	2569840	2570926	0.00
NC_092331.1	2569840	2570951	0.00
NC_092331.1	2569840	2570976	0.00
NC_092331.1	2569840	2571001	0.00
NC_092331.1	2569840	2571026	0.00
NC_092331.1	2569840	2571051	0.00
NC_092331.1	2569840	2571076	0.00
NC_092331.1	2569840	2571101	0.00
NC_092331.1	2569840	2571126	0.00
NC_092331.1	2569840	2571151	0.00
NC_092331.1	2569840	2571176	0.00
NC_092331.1	2569840	2571201	0.00
NC_092331.1	2569840	2571226	0.00
NC_092331.1	2569840	2571251	0.00
NC_092331.1	2569840	2571276	0.00
NC_092331.1	2569840	2571301	0.00
NC_092331.1	2569840	2571326	0.00
NC_092331.1	2569840	2571351	0.00
NC_092331.1	2569840	2571376	0.00
NC_092331.1	2569840	2571401	0.00
NC_092331.1	2569840	2571426	0.00
NC_092331.1	2569840	2571451	0.00
NC_092331.1	2569840	2571476	0.00
NC_092331.1	2569840	2571501	0.00
NC_092331.1	2569840	2571526	0.00
NC_092331.1	2569840	2571551	0.00
NC_092331.1	2569840	2571576	0.00
NC_092331.1	2569840	2571601	0.00
NC_092331.1	2569840	2571626	0.00
NC_092331.1	2569840	2571651	0.00
NC_092331.1	2569840	2571676	0.00
NC_092331.1	2569840	2571701	0.00
NC_092331.1	2569840	2571726	0.00
NC_092331.1	2569840	2571751	0.00
NC_092331.1	2569840	2571776	0.00
NC_092331.1	2569840	2571801	0.00
NC_092331.1	2569840	2571826	0.00
NC_092331.1	15992176	15990176	0.00
NC_092331.1	15992176	15990201	0.00
NC_092331.1	15992176	15990226	0.00
NC_092331.1	15992176	15990251	0.00
NC_092331.1	15992176	15990276	0.00
NC_092331.1	15992176	15990301	0.00
NC_092331.1	15992176	15990326	0.00
NC_092331.1	15992176	15990351	0.00
NC_092331.1	15992176	15990376	0.00
NC_092331.1	15992176	15990401	0.00
NC_092331.1	15992176	15990426	0.00
NC_092331.1	15992176	15990451	0.00
NC_092331.1	15992176	15990476	0.00
NC_092331.1	15992176	15990501	0.00
NC_092331.1	15992176	15990526	0.00
NC_092331.1	15992176	15990551	0.00
NC_092331.1	15992176	15990576	0.00
NC_092331.1	15992176	15990601	0.00
NC_092331.1	15992176	15990626	0.00
NC_092331.1	15992176	15990651	0.00
NC_092331.1	15992176	15990676	0.00
NC_092331.1	15992176	15990701	0.00
NC_092331.1	15992176	15990726	0.00
NC_092331.1	15992176	15990751	0.00
NC_092331.1	15992176	15990776	0.00
NC_092331.1	15992176	15990801	0.00
NC_092331.1	15992176	15990826	0.00
NC_092331.1	15992176	15990851	0.00
NC_092331.1	15992176	15990876	0.00
NC_092331.1	15992176	15990901	0.00
NC_092331.1	15992176	15990926	0.00
NC_092331.1	15992176	15990951	0.00
NC_092331.1	15992176	15990976	0.00
NC_092331.1	15992176	15991001	0.00
NC_092331.1	15992176	15991026	0.00
NC_092331.1	15992176	15991051	0.00
NC_092331.1	15992176	15991076	0.00
NC_092331.1	15992176	15991101	0.00
NC_092331.1	15992176	15991126	0.00
NC_092331.1	15992176	15991151	0.00
NC_092331.1	15992176	15991176	0.00
NC_092331.1	15992176	15991201	0.00
NC_092331.1	15992176	15991226	0.00
NC_092331.1	15992176	15991251	0.00
NC_092331.1	15992176	15991276	0.00
NC_092331.1	15992176	15991301	0.00
NC_092331.1	15992176	15991326	0.00
NC_092331.1	15992176	15991351	0.00
NC_092331.1	15992176	15991376	0.00
NC_092331.1	15992176	15991401	0.00
NC_092331.1	15992176	15991426	0.00
NC_092331.1	15992176	15991451	0.00
NC_092331.1	15992176	15991476	0.00
NC_092331.1	15992176	15991501	0.00
NC_092331.1	15992176	15991526	0.00
NC_092331.1	15992176	15991551	0.00
NC_092331.1	15992176	15991576	0.00
NC_092331.1	15992176	15991601	0.00
NC_092331.1	15992176	15991626	0.00
NC_092331.1	15992176	15991651	0.00
NC_092331.1	15992176	15991676	0.00
NC_092331.1	15992176	15991701	0.00
NC_092331.1	15992176	15991726	0.00
NC_092331.1	15992176	15991751	0.00
NC_092331.1	15992176	15991776	0.00
NC_092331.1	15992176	15991801	0.00
NC_092331.1	15992176	15991826	0.00
NC_092331.1	15992176	15991851	0.00
NC_092331.1	15992176	15991876	0.00
NC_092331.1	15992176	15991901	0.00
NC_092331.1	15992176	15991926	0.00
NC_092331.1	15992176	15991951	0.80
NC_092331.1	15992176	15991976	1.00
NC_092331.1	15992176	15992001	1.00
NC_092331.1	15992176	15992026	1.28
NC_092331.1	15992176	15992051	2.00
NC_092331.1	15992176	15992076	2.00
NC_092331.1	15992176	15992101	1.20
NC_092331.1	15992176	15992126	1.00
NC_092331.1	15992176	15992151	1.00
NC_092331.1	15992176	15992176	0.72
NC_092331.1	15992176	15992201	0.00
NC_092331.1	15992176	15992226	0.00
NC_092331.1	15992176	15992251	0.00
NC_092331.1	15992176	15992276	0.00
NC_092331.1	15992176	15992301	0.00
NC_092331.1	15992176	15992326	0.00
NC_092331.1	15992176	15992351	0.00
NC_092331.1	15992176	15992376	0.00
NC_092331.1	15992176	15992401	0.00
NC_092331.1	15992176	15992426	0.00
NC_092331.1	15992176	15992451	0.00
NC_092331.1	15992176	15992476	0.00
NC_092331.1	15992176	15992501	0.00
NC_092331.1	15992176	15992526	0.00
NC_092331.1	15992176	15992551	0.00
NC_092331.1	15992176	15992576	0.00
NC_092331.1	15992176	15992601	0.00
NC_092331.1	15992176	15992626	0.00
NC_092331.1	15992176	15992651	0.00
NC_092331.1	15992176	15992676	0.00
NC_092331.1	15992176	15992701	0.00
NC_092331.1	15992176	15992726	0.00
NC_092331.1	15992176	15992751	0.00
NC_092331.1	15992176	15992776	0.00
NC_092331.1	15992176	15992801	0.00
NC_092331.1	15992176	15992826	0.00
NC_092331.1	15992176	15992851	0.00
NC_092331.1	15992176	15992876	0.00
NC_092331.1	15992176	15992901	0.00
NC_092331.1	15992176	15992926	0.00
NC_092331.1	15992176	15992951	0.00
NC_092331.1	15992176	15992976	0.00
NC_092331.1	15992176	15993001	0.00
NC_092331.1	15992176	15993026	0.00
NC_092331.1	15992176	15993051	0.00
NC_092331.1	15992176	15993076	0.00
NC_092331.1	15992176	15993101	0.00
NC_092331.1	15992176	15993126	0.00
NC_092331.1	15992176	15993151	0.00
NC_092331.1	15992176	15993176	0.00
NC_092331.1	15992176	15993201	0.00
NC_092331.1	15992176	15993226	0.00
NC_092331.1	15992176	15993251	0.00
NC_092331.1	15992176	15993276	0.00
NC_092331.1	15992176	15993301	0.00
NC_092331.1	15992176	15993326	0.00
NC_092331.1	15992176	15993351	0.00
NC_092331.1	15992176	15993376	0.00
NC_092331.1	15992176	15993401	0.00
NC_092331.1	15992176	15993426	0.00
NC_092331.1	15992176	15993451	0.00
NC_092331.1	15992176	15993476	0.00
NC_092331.1	15992176	15993501	0.00
NC_092331.1	15992176	15993526	0.00
NC_092331.1	15992176	15993551	0.00
NC_092331.1	15992176	15993576	0.00
NC_092331.1	15992176	15993601	0.00
NC_092331.1	15992176	15993626	0.00
NC_092331.1	15992176	15993651	0.00
NC_092331.1	15992176	15993676	0.00
NC_092331.1	15992176	15993701	0.00
NC_092331.1	15992176	15993726	0.00
NC_092331.1	15992176	15993751	0.00
NC_092331.1	15992176	15993776	0.00
NC_092331.1	15992176	15993801	0.00
NC_092331.1	15992176	15993826	0.00
NC_092331.1	15992176	15993851	0.00
NC_092331.1	15992176	15993876	0.00
NC_092331.1	15992176	15993901	0.00
NC_092331.1	15992176	15993926	0.00
NC_092331.1	15992176	15993951	0.00
NC_092331.1	15992176	15993976	0.00
NC_092331.1	15992176	15994001	0.00
NC_092331.1	15992176	15994026	0.00
NC_092331.1	15992176	15994051	0.00
NC_092331.1	15992176	15994076	0.00
NC_092331.1	15992176	15994101	0.00
NC_092331.1	15992176	15994126	0.00
NC_092331.1	15992176	15994151	0.00
NC_092331.1	15992176	15994176	0.00
NC_092331.1	27591805	27589801	0.00
NC_092331.1	27591805	27589826	0.00
NC_092331.1	27591805	27589851	0.00
NC_092331.1	27591805	27589876	0.00
NC_092331.1	27591805	27589901	0.00
NC_092331.1	27591805	27589926	0.00
NC_092331.1	27591805	27589951	0.00
NC_092331.1	27591805	27589976	0.00
NC_092331.1	27591805	27590001	0.00
NC_092331.1	27591805	27590026	0.00
NC_092331.1	27591805	27590051	0.00
NC_092331.1	27591805	27590076	0.00
NC_092331.1	27591805	27590101	0.00
NC_092331.1	27591805	27590126	0.00
NC_092331.1	27591805	27590151	0.00
NC_092331.1	27591805	27590176	0.00
NC_092331.1	27591805	27590201	0.00
NC_092331.1	27591805	27590226	0.00
NC_092331.1	27591805	27590251	0.00
NC_092331.1	27591805	27590276	0.00
NC_092331.1	27591805	27590301	0.00
NC_092331.1	27591805	27590326	0.00
NC_092331.1	27591805	27590351	0.00
NC_092331.1	27591805	27590376	0.00
NC_092331.1	27591805	27590401	0.00
NC_092331.1	27591805	27590426	0.00
NC_092331.1	27591805	27590451	0.00
NC_092331.1	27591805	27590476	0.00
NC_092331.1	27591805	27590501	0.00
NC_092331.1	27591805	27590526	0.00
NC_092331.1	27591805	27590551	0.00
NC_092331.1	27591805	27590576	0.00
NC_092331.1	27591805	27590601	0.00
NC_092331.1	27591805	27590626	0.00
NC_092331.1	27591805	27590651	0.00
NC_092331.1	27591805	27590676	0.00
NC_092331.1	27591805	27590701	0.00
NC_092331.1	27591805	27590726	0.00
NC_092331.1	27591805	27590751	0.00
NC_092331.1	27591805	27590776	0.00
NC_092331.1	27591805	27590801	0.00
NC_092331.1	27591805	27590826	0.00
NC_092331.1	27591805	27590851	0.00
NC_092331.1	27591805	27590876	0.00
NC_092331.1	27591805	27590901	0.00
NC_092331.1	27591805	27590926	0.00
NC_092331.1	27591805	27590951	0.00
NC_092331.1	27591805	27590976	0.00
NC_092331.1	27591805	27591001	0.00
NC_092331.1	27591805	27591026	0.00
NC_092331.1	27591805	27591051	0.00
NC_092331.1	27591805	27591076	0.00
NC_092331.1	27591805	27591101	0.00
NC_092331.1	27591805	27591126	0.00
NC_092331.1	27591805	27591151	0.00
NC_092331.1	27591805	27591176	0.00
NC_092331.1	27591805	27591201	0.00
NC_092331.1	27591805	27591226	0.00
NC_092331.1	27591805	27591251	0.00
NC_092331.1	27591805	27591276	0.00
NC_092331.1	27591805	27591301	0.00
NC_092331.1	27591805	27591326	0.00
NC_092331.1	27591805	27591351	0.00
NC_092331.1	27591805	27591376	0.00
NC_092331.1	27591805	27591401	0.00
NC_092331.1	27591805	27591426	0.00
NC_092331.1	27591805	27591451	0.00
NC_092331.1	27591805	27591476	0.00
NC_092331.1	27591805	27591501	0.00
NC_092331.1	27591805	27591526	0.00
NC_092331.1	27591805	27591551	0.00
NC_092331.1	27591805	27591576	0.00
NC_092331.1	27591805	27591601	0.00
NC_092331.1	27591805	27591626	0.96
NC_092331.1	27591805	27591651	1.00
NC_092331.1	27591805	27591676	1.00
NC_092331.1	27591805	27591701	1.00
NC_092331.1	27591805	27591726	1.00
NC_092331.1	27591805	27591751	1.16
NC_092331.1	27591805	27591776	1.04
NC_092331.1	27591805	27591801	1.00
NC_092331.1	27591805	27591826	1.00
NC_092331.1	27591805	27591851	1.00
NC_092331.1	27591805	27591876	1.00
NC_092331.1	27591805	27591901	0.84
NC_092331.1	27591805	27591926	0.00
NC_092331.1	27591805	27591951	0.00
NC_092331.1	27591805	27591976	0.00
NC_092331.1	27591805	27592001	0.00
NC_092331.1	27591805	27592026	0.00
NC_092331.1	27591805	27592051	0.00
NC_092331.1	27591805	27592076	0.00
NC_092331.1	27591805	27592101	0.00
NC_092331.1	27591805	27592126	0.00
NC_092331.1	27591805	27592151	0.00
NC_092331.1	27591805	27592176	0.00
NC_092331.1	27591805	27592201	0.00
NC_092331.1	27591805	27592226	0.00
NC_092331.1	27591805	27592251	0.00
NC_092331.1	27591805	27592276	0.00
NC_092331.1	27591805	27592301	0.00
NC_092331.1	27591805	27592326	0.00
NC_092331.1	27591805	27592351	0.00
NC_092331.1	27591805	27592376	0.00
NC_092331.1	27591805	27592401	0.00
NC_092331.1	27591805	27592426	0.00
NC_092331.1	27591805	27592451	0.00
NC_092331.1	27591805	27592476	0.00
NC_092331.1	27591805	27592501	0.00
NC_092331.1	27591805	27592526	0.00
NC_092331.1	27591805	27592551	0.00
NC_092331.1	27591805	27592576	0.00
NC_092331.1	27591805	27592601	0.00
NC_092331.1	27591805	27592626	0.00
NC_092331.1	27591805	27592651	0.00
NC_092331.1	27591805	27592676	0.00
NC_092331.1	27591805	27592701	0.00
NC_092331.1	27591805	27592726	0.00
NC_092331.1	27591805	27592751	0.00
NC_092331.1	27591805	27592776	0.00
NC_092331.1	27591805	27592801	0.00
NC_092331.1	27591805	27592826	0.00
NC_092331.1	27591805	27592851	0.00
NC_092331.1	27591805	27592876	0.00
NC_092331.1	27591805	27592901	0.00
NC_092331.1	27591805	27592926	0.00
NC_092331.1	27591805	27592951	0.00
NC_092331.1	27591805	27592976	0.00
NC_092331.1	27591805	27593001	0.00
NC_092331.1	27591805	27593026	0.00
NC_092331.1	27591805	27593051	0.00
NC_092331.1	27591805	27593076	0.00
NC_092331.1	27591805	27593101	0.00
NC_092331.1	27591805	27593126	0.00
NC_092331.1	27591805	27593151	0.00
NC_092331.1	27591805	27593176	0.00
NC_092331.1	27591805	27593201	0.00
NC_092331.1	27591805	27593226	0.00
NC_092331.1	27591805	27593251	0.00
NC_092331.1	27591805	27593276	0.00
NC_092331.1	27591805	27593301	0.00
NC_092331.1	27591805	27593326	0.00
NC_092331.1	27591805	27593351	0.00
NC_092331.1	27591805	27593376	0.00
NC_092331.1	27591805	27593401	0.00
NC_092331.1	27591805	27593426	0.00
NC_092331.1	27591805	27593451	0.00
NC_092331.1	27591805	27593476	0.00
NC_092331.1	27591805	27593501	0.00
NC_092331.1	27591805	27593526	0.00
NC_092331.1	27591805	27593551	0.00
NC_092331.1	27591805	27593576	0.00
NC_092331.1	27591805	27593601	0.00
NC_092331.1	27591805	27593626	0.00
NC_092331.1	27591805	27593651	0.00
NC_092331.1	27591805	27593676	0.00
NC_092331.1	27591805	27593701	0.00
NC_092331.1	27591805	27593726	0.00
NC_092331.1	27591805	27593751	0.00
NC_092331.1	27591805	27593776	0.00
NC_092331.1	27591805	27593801	0.00
NC_092331.1	33992432	33990426	0.00
NC_092331.1	33992432	33990451	0.00
NC_092331.1	33992432	33990476	0.00
NC_092331.1	33992432	33990501	0.00
NC_092331.1	33992432	33990526	0.00
NC_092331.1	33992432	33990551	0.00
NC_092331.1	33992432	33990576	0.00
NC_092331.1	33992432	33990601	0.00
NC_092331.1	33992432	33990626	0.00
NC_092331.1	33992432	33990651	0.00
NC_092331.1	33992432	33990676	0.00
NC_092331.1	33992432	33990701	0.00
NC_092331.1	33992432	33990726	0.00
NC_092331.1	33992432	33990751	0.00
NC_092331.1	33992432	33990776	0.00
NC_092331.1	33992432	33990801	0.00
NC_092331.1	33992432	33990826	0.00
NC_092331.1	33992432	33990851	0.00
NC_092331.1	33992432	33990876	0.00
NC_092331.1	33992432	33990901	0.00
NC_092331.1	33992432	33990926	0.00
NC_092331.1	33992432	33990951	0.00
NC_092331.1	33992432	33990976	0.00
NC_092331.1	33992432	33991001	0.00
NC_092331.1	33992432	33991026	0.00
NC_092331.1	33992432	33991051	0.00
NC_092331.1	33992432	33991076	0.00
NC_092331.1	33992432	33991101	0.00
NC_092331.1	33992432	33991126	0.00
NC_092331.1	33992432	33991151	0.00
NC_092331.1	33992432	33991176	0.00
NC_092331.1	33992432	33991201	0.00
NC_092331.1	33992432	33991226	0.00
NC_092331.1	33992432	33991251	0.00
NC_092331.1	33992432	33991276	0.00
NC_092331.1	33992432	33991301	0.00
NC_092331.1	33992432	33991326	0.00
NC_092331.1	33992432	33991351	0.00
NC_092331.1	33992432	33991376	0.00
NC_092331.1	33992432	33991401	0.00
NC_092331.1	33992432	33991426	0.00
NC_092331.1	33992432	33991451	0.00
NC_092331.1	33992432	33991476	0.00
NC_092331.1	33992432	33991501	0.00
NC_092331.1	33992432	33991526	0.00
NC_092331.1	33992432	33991551	0.00
NC_092331.1	33992432	33991576	0.00
NC_092331.1	33992432	33991601	0.00
NC_092331.1	33992432	33991626	0.00
NC_092331.1	33992432	33991651	0.00
NC_092331.1	33992432	33991676	0.00
NC_092331.1	33992432	33991701	0.00
NC_092331.1	33992432	33991726	0.00
NC_092331.1	33992432	33991751	0.00
NC_092331.1	33992432	33991776	0.00
NC_092331.1	33992432	33991801	0.00
NC_092331.1	33992432	33991826	0.00
NC_092331.1	33992432	33991851	0.60
NC_092331.1	33992432	33991876	1.00
NC_092331.1	33992432	33991901	1.36
NC_092331.1	33992432	33991926	2.00
NC_092331.1	33992432	33991951	2.00
NC_092331.1	33992432	33991976	2.00
NC_092331.1	33992432	33992001	1.40
NC_092331.1	33992432	33992026	1.00
NC_092331.1	33992432	33992051	0.64
NC_092331.1	33992432	33992076	0.00
NC_092331.1	33992432	33992101	0.00
NC_092331.1	33992432	33992126	0.00
NC_092331.1	33992432	33992151	0.00
NC_092331.1	33992432	33992176	0.00
NC_092331.1	33992432	33992201	0.00
NC_092331.1	33992432	33992226	0.00
NC_092331.1	33992432	33992251	0.00
NC_092331.1	33992432	33992276	0.00
NC_092331.1	33992432	33992301	0.04
NC_092331.1	33992432	33992326	1.00
NC_092331.1	33992432	33992351	1.00
NC_092331.1	33992432	33992376	1.00
NC_092331.1	33992432	33992401	1.56
NC_092331.1	33992432	33992426	2.00
NC_092331.1	33992432	33992451	1.96
NC_092331.1	33992432	33992476	1.00
NC_092331.1	33992432	33992501	1.00
NC_092331.1	33992432	33992526	1.00
NC_092331.1	33992432	33992551	0.44
NC_092331.1	33992432	33992576	0.00
NC_092331.1	33992432	33992601	0.00
NC_092331.1	33992432	33992626	0.00
NC_092331.1	33992432	33992651	0.00
NC_092331.1	33992432	33992676	0.00
NC_092331.1	33992432	33992701	0.00
NC_092331.1	33992432	33992726	0.00
NC_092331.1	33992432	33992751	0.00
NC_092331.1	33992432	33992776	0.00
NC_092331.1	33992432	33992801	0.00
NC_092331.1	33992432	33992826	0.00
NC_092331.1	33992432	33992851	0.00
NC_092331.1	33992432	33992876	0.00
NC_092331.1	33992432	33992901	0.00
NC_092331.1	33992432	33992926	0.00
NC_092331.1	33992432	33992951	0.00
NC_092331.1	33992432	33992976	0.00
NC_092331.1	33992432	33993001	0.00
NC_092331.1	33992432	33993026	0.00
NC_092331.1	33992432	33993051	0.00
NC_092331.1	33992432	33993076	0.00
NC_092331.1	33992432	33993101	0.00
NC_092331.1	33992432	33993126	0.00
NC_092331.1	33992432	33993151	0.00
NC_092331.1	33992432	33993176	0.00
NC_092331.1	33992432	33993201	0.00
NC_092331.1	33992432	33993226	0.00
NC_092331.1	33992432	33993251	0.00
NC_092331.1	33992432	33993276	0.00
NC_092331.1	33992432	33993301	0.00
NC_092331.1	33992432	33993326	0.00
NC_092331.1	33992432	33993351	0.00
NC_092331.1	33992432	33993376	0.00
NC_092331.1	33992432	33993401	0.00
NC_092331.1	33992432	33993426	0.00
NC_092331.1	33992432	33993451	0.00
NC_092331.1	33992432	33993476	0.00
NC_092331.1	33992432	33993501	0.00
NC_092331.1	33992432	33993526	0.00
NC_092331.1	33992432	33993551	0.00
NC_092331.1	33992432	33993576	0.00
NC_092331.1	33992432	33993601	0.00
NC_092331.1	33992432	33993626	0.00
NC_092331.1	33992432	33993651	0.00
NC_092331.1	33992432	33993676	0.00
NC_092331.1	33992432	33993701	0.00
NC_092331.1	33992432	33993726	0.00
NC_092331.1	33992432	33993751	0.00
NC_092331.1	33992432	33993776	0.00
NC_092331.1	33992432	33993801	0.00
NC_092331.1	33992432	33993826	0.00
NC_092331.1	33992432	33993851	0.00
NC_092331.1	33992432	33993876	0.00
NC_092331.1	33992432	33993901	0.00
NC_092331.1	33992432	33993926	0.00
NC_092331.1	33992432	33993951	0.00
NC_092331.1	33992432	33993976	0.00
NC_092331.1	33992432	33994001	0.00
NC_092331.1	33992432	33994026	0.00
NC_092331.1	33992432	33994051	0.00
NC_092331.1	33992432	33994076	0.00
NC_092331.1	33992432	33994101	0.00
NC_092331.1	33992432	33994126	0.00
NC_092331.1	33992432	33994151	0.00
NC_092331.1	33992432	33994176	0.00
NC_092331.1	33992432	33994201	0.00
NC_092331.1	33992432	33994226	0.00
NC_092331.1	33992432	33994251	0.00
NC_092331.1	33992432	33994276	0.00
NC_092331.1	33992432	33994301	0.00
NC_092331.1	33992432	33994326	0.00
NC_092331.1	33992432	33994351	0.00
NC_092331.1	33992432	33994376	0.00
NC_092331.1	33992432	33994401	0.00
NC_092331.1	33992432	33994426	0.00
NC_092331.1	39670264	39668251	0.00
NC_092331.1	39670264	39668276	0.00
NC_092331.1	39670264	39668301	0.00
NC_092331.1	39670264	39668326	0.00
NC_092331.1	39670264	39668351	0.00
NC_092331.1	39670264	39668376	0.00
NC_092331.1	39670264	39668401	0.00
NC_092331.1	39670264	39668426	0.00
NC_092331.1	39670264	39668451	0.00
NC_092331.1	39670264	39668476	0.00
NC_092331.1	39670264	39668501	0.00
NC_092331.1	39670264	39668526	0.00
NC_092331.1	39670264	39668551	0.00
NC_092331.1	39670264	39668576	0.00
NC_092331.1	39670264	39668601	0.00
NC_092331.1	39670264	39668626	0.00
NC_092331.1	39670264	39668651	0.00
NC_092331.1	39670264	39668676	0.00
NC_092331.1	39670264	39668701	0.00
NC_092331.1	39670264	39668726	0.00
NC_092331.1	39670264	39668751	0.00
NC_092331.1	39670264	39668776	0.00
NC_092331.1	39670264	39668801	0.00
NC_092331.1	39670264	39668826	0.00
NC_092331.1	39670264	39668851	0.00
NC_092331.1	39670264	39668876	0.00
NC_092331.1	39670264	39668901	0.00
NC_092331.1	39670264	39668926	0.00
NC_092331.1	39670264	39668951	0.00
NC_092331.1	39670264	39668976	0.00
NC_092331.1	39670264	39669001	0.00
NC_092331.1	39670264	39669026	0.00
NC_092331.1	39670264	39669051	0.00
NC_092331.1	39670264	39669076	0.00
NC_092331.1	39670264	39669101	0.00
NC_092331.1	39670264	39669126	0.00
NC_092331.1	39670264	39669151	0.00
NC_092331.1	39670264	39669176	0.00
NC_092331.1	39670264	39669201	0.00
NC_092331.1	39670264	39669226	0.00
NC_092331.1	39670264	39669251	0.00
NC_092331.1	39670264	39669276	0.00
NC_092331.1	39670264	39669301	0.00
NC_092331.1	39670264	39669326	0.00
NC_092331.1	39670264	39669351	0.00
NC_092331.1	39670264	39669376	0.00
NC_092331.1	39670264	39669401	0.00
NC_092331.1	39670264	39669426	0.00
NC_092331.1	39670264	39669451	0.00
NC_092331.1	39670264	39669476	0.00
NC_092331.1	39670264	39669501	0.00
NC_092331.1	39670264	39669526	0.00
NC_092331.1	39670264	39669551	0.00
NC_092331.1	39670264	39669576	0.00
NC_092331.1	39670264	39669601	0.00
NC_092331.1	39670264	39669626	0.00
NC_092331.1	39670264	39669651	0.00
NC_092331.1	39670264	39669676	0.00
NC_092331.1	39670264	39669701	0.00
NC_092331.1	39670264	39669726	0.00
NC_092331.1	39670264	39669751	0.00
NC_092331.1	39670264	39669776	0.00
NC_092331.1	39670264	39669801	0.00
NC_092331.1	39670264	39669826	0.00
NC_092331.1	39670264	39669851	0.00
NC_092331.1	39670264	39669876	0.00
NC_092331.1	39670264	39669901	0.00
NC_092331.1	39670264	39669926	0.00
NC_092331.1	39670264	39669951	0.00
NC_092331.1	39670264	39669976	0.00
NC_092331.1	39670264	39670001	0.00
NC_092331.1	39670264	39670026	0.00
NC_092331.1	39670264	39670051	0.00
NC_092331.1	39670264	39670076	0.00
NC_092331.1	39670264	39670101	0.00
NC_092331.1	39670264	39670126	0.00
NC_092331.1	39670264	39670151	0.00
NC_092331.1	39670264	39670176	0.00
NC_092331.1	39670264	39670201	0.00
NC_092331.1	39670264	39670226	0.20
NC_092331.1	39670264	39670251	1.00
NC_092331.1	39670264	39670276	1.00
NC_092331.1	39670264	39670301	1.00
NC_092331.1	39670264	39670326	1.00
NC_092331.1	39670264	39670351	1.00
NC_092331.1	39670264	39670376	0.80
NC_092331.1	39670264	39670401	0.00
NC_092331.1	39670264	39670426	0.00
NC_092331.1	39670264	39670451	0.00
NC_092331.1	39670264	39670476	0.00
NC_092331.1	39670264	39670501	0.00
NC_092331.1	39670264	39670526	0.00
NC_092331.1	39670264	39670551	0.00
NC_092331.1	39670264	39670576	0.00
NC_092331.1	39670264	39670601	0.00
NC_092331.1	39670264	39670626	0.00
NC_092331.1	39670264	39670651	0.00
NC_092331.1	39670264	39670676	0.00
NC_092331.1	39670264	39670701	0.00
NC_092331.1	39670264	39670726	0.00
NC_092331.1	39670264	39670751	0.00
NC_092331.1	39670264	39670776	0.00
NC_092331.1	39670264	39670801	0.00
NC_092331.1	39670264	39670826	0.00
NC_092331.1	39670264	39670851	0.00
NC_092331.1	39670264	39670876	0.00
NC_092331.1	39670264	39670901	0.00
NC_092331.1	39670264	39670926	0.00
NC_092331.1	39670264	39670951	0.00
NC_092331.1	39670264	39670976	0.00
NC_092331.1	39670264	39671001	0.00
NC_092331.1	39670264	39671026	0.00
NC_092331.1	39670264	39671051	0.00
NC_092331.1	39670264	39671076	0.00
NC_092331.1	39670264	39671101	0.00
NC_092331.1	39670264	39671126	0.00
NC_092331.1	39670264	39671151	0.00
NC_092331.1	39670264	39671176	0.00
NC_092331.1	39670264	39671201	0.00
NC_092331.1	39670264	39671226	0.00
NC_092331.1	39670264	39671251	0.00
NC_092331.1	39670264	39671276	0.00
NC_092331.1	39670264	39671301	0.00
NC_092331.1	39670264	39671326	0.00
NC_092331.1	39670264	39671351	0.00
NC_092331.1	39670264	39671376	0.00
NC_092331.1	39670264	39671401	0.00
NC_092331.1	39670264	39671426	0.00
NC_092331.1	39670264	39671451	0.00
NC_092331.1	39670264	39671476	0.00
NC_092331.1	39670264	39671501	0.00
NC_092331.1	39670264	39671526	0.00
NC_092331.1	39670264	39671551	0.00
NC_092331.1	39670264	39671576	0.00
NC_092331.1	39670264	39671601	0.00
NC_092331.1	39670264	39671626	0.00
NC_092331.1	39670264	39671651	0.00
NC_092331.1	39670264	39671676	0.00
NC_092331.1	39670264	39671701	0.00
NC_092331.1	39670264	39671726	0.00
NC_092331.1	39670264	39671751	0.00
NC_092331.1	39670264	39671776	0.00
NC_092331.1	39670264	39671801	0.00
NC_092331.1	39670264	39671826	0.00
NC_092331.1	39670264	39671851	0.00
NC_092331.1	39670264	39671876	0.00
NC_092331.1	39670264	39671901	0.00
NC_092331.1	39670264	39671926	0.00
NC_092331.1	39670264	39671951	0.00
NC_092331.1	39670264	39671976	0.00
NC_092331.1	39670264	39672001	0.00
NC_092331.1	39670264	39672026	0.00
NC_092331.1	39670264	39672051	0.00
NC_092331.1	39670264	39672076	0.00
NC_092331.1	39670264	39672101	0.00
NC_092331.1	39670264	39672126	0.00
NC_092331.1	39670264	39672151	0.00
NC_092331.1	39670264	39672176	0.00
NC_092331.1	39670264	39672201	0.00
NC_092331.1	39670264	39672226	0.00
NC_092331.1	39670264	39672251	0.00
NC_092331.1	39670358	39668351	0.00
NC_092331.1	39670358	39668376	0.00
NC_092331.1	39670358	39668401	0.00
NC_092331.1	39670358	39668426	0.00
NC_092331.1	39670358	39668451	0.00
NC_092331.1	39670358	39668476	0.00
NC_092331.1	39670358	39668501	0.00
NC_092331.1	39670358	39668526	0.00
NC_092331.1	39670358	39668551	0.00
NC_092331.1	39670358	39668576	0.00
NC_092331.1	39670358	39668601	0.00
NC_092331.1	39670358	39668626	0.00
NC_092331.1	39670358	39668651	0.00
NC_092331.1	39670358	39668676	0.00
NC_092331.1	39670358	39668701	0.00
NC_092331.1	39670358	39668726	0.00
NC_092331.1	39670358	39668751	0.00
NC_092331.1	39670358	39668776	0.00
NC_092331.1	39670358	39668801	0.00
NC_092331.1	39670358	39668826	0.00
NC_092331.1	39670358	39668851	0.00
NC_092331.1	39670358	39668876	0.00
NC_092331.1	39670358	39668901	0.00
NC_092331.1	39670358	39668926	0.00
NC_092331.1	39670358	39668951	0.00
NC_092331.1	39670358	39668976	0.00
NC_092331.1	39670358	39669001	0.00
NC_092331.1	39670358	39669026	0.00
NC_092331.1	39670358	39669051	0.00
NC_092331.1	39670358	39669076	0.00
NC_092331.1	39670358	39669101	0.00
NC_092331.1	39670358	39669126	0.00
NC_092331.1	39670358	39669151	0.00
NC_092331.1	39670358	39669176	0.00
NC_092331.1	39670358	39669201	0.00
NC_092331.1	39670358	39669226	0.00
NC_092331.1	39670358	39669251	0.00
NC_092331.1	39670358	39669276	0.00
NC_092331.1	39670358	39669301	0.00
NC_092331.1	39670358	39669326	0.00
NC_092331.1	39670358	39669351	0.00
NC_092331.1	39670358	39669376	0.00
NC_092331.1	39670358	39669401	0.00
NC_092331.1	39670358	39669426	0.00
NC_092331.1	39670358	39669451	0.00
NC_092331.1	39670358	39669476	0.00
NC_092331.1	39670358	39669501	0.00
NC_092331.1	39670358	39669526	0.00
NC_092331.1	39670358	39669551	0.00
NC_092331.1	39670358	39669576	0.00
NC_092331.1	39670358	39669601	0.00
NC_092331.1	39670358	39669626	0.00
NC_092331.1	39670358	39669651	0.00
NC_092331.1	39670358	39669676	0.00
NC_092331.1	39670358	39669701	0.00
NC_092331.1	39670358	39669726	0.00
NC_092331.1	39670358	39669751	0.00
NC_092331.1	39670358	39669776	0.00
NC_092331.1	39670358	39669801	0.00
NC_092331.1	39670358	39669826	0.00
NC_092331.1	39670358	39669851	0.00
NC_092331.1	39670358	39669876	0.00
NC_092331.1	39670358	39669901	0.00
NC_092331.1	39670358	39669926	0.00
NC_092331.1	39670358	39669951	0.00
NC_092331.1	39670358	39669976	0.00
NC_092331.1	39670358	39670001	0.00
NC_092331.1	39670358	39670026	0.00
NC_092331.1	39670358	39670051	0.00
NC_092331.1	39670358	39670076	0.00
NC_092331.1	39670358	39670101	0.00
NC_092331.1	39670358	39670126	0.00
NC_092331.1	39670358	39670151	0.00
NC_092331.1	39670358	39670176	0.00
NC_092331.1	39670358	39670201	0.00
NC_092331.1	39670358	39670226	0.20
NC_092331.1	39670358	39670251	1.00
NC_092331.1	39670358	39670276	1.00
NC_092331.1	39670358	39670301	1.00
NC_092331.1	39670358	39670326	1.00
NC_092331.1	39670358	39670351	1.00
NC_092331.1	39670358	39670376	0.80
NC_092331.1	39670358	39670401	0.00
NC_092331.1	39670358	39670426	0.00
NC_092331.1	39670358	39670451	0.00
NC_092331.1	39670358	39670476	0.00
NC_092331.1	39670358	39670501	0.00
NC_092331.1	39670358	39670526	0.00
NC_092331.1	39670358	39670551	0.00
NC_092331.1	39670358	39670576	0.00
NC_092331.1	39670358	39670601	0.00
NC_092331.1	39670358	39670626	0.00
NC_092331.1	39670358	39670651	0.00
NC_092331.1	39670358	39670676	0.00
NC_092331.1	39670358	39670701	0.00
NC_092331.1	39670358	39670726	0.00
NC_092331.1	39670358	39670751	0.00
NC_092331.1	39670358	39670776	0.00
NC_092331.1	39670358	39670801	0.00
NC_092331.1	39670358	39670826	0.00
NC_092331.1	39670358	39670851	0.00
NC_092331.1	39670358	39670876	0.00
NC_092331.1	39670358	39670901	0.00
NC_092331.1	39670358	39670926	0.00
NC_092331.1	39670358	39670951	0.00
NC_092331.1	39670358	39670976	0.00
NC_092331.1	39670358	39671001	0.00
NC_092331.1	39670358	39671026	0.00
NC_092331.1	39670358	39671051	0.00
NC_092331.1	39670358	39671076	0.00
NC_092331.1	39670358	39671101	0.00
NC_092331.1	39670358	39671126	0.00
NC_092331.1	39670358	39671151	0.00
NC_092331.1	39670358	39671176	0.00
NC_092331.1	39670358	39671201	0.00
NC_092331.1	39670358	39671226	0.00
NC_092331.1	39670358	39671251	0.00
NC_092331.1	39670358	39671276	0.00
NC_092331.1	39670358	39671301	0.00
NC_092331.1	39670358	39671326	0.00
NC_092331.1	39670358	39671351	0.00
NC_092331.1	39670358	39671376	0.00
NC_092331.1	39670358	39671401	0.00
NC_092331.1	39670358	39671426	0.00
NC_092331.1	39670358	39671451	0.00
NC_092331.1	39670358	39671476	0.00
NC_092331.1	39670358	39671501	0.00
NC_092331.1	39670358	39671526	0.00
NC_092331.1	39670358	39671551	0.00
NC_092331.1	39670358	39671576	0.00
NC_092331.1	39670358	39671601	0.00
NC_092331.1	39670358	39671626	0.00
NC_092331.1	39670358	39671651	0.00
NC_092331.1	39670358	39671676	0.00
NC_092331.1	39670358	39671701	0.00
NC_092331.1	39670358	39671726	0.00
NC_092331.1	39670358	39671751	0.00
NC_092331.1	39670358	39671776	0.00
NC_092331.1	39670358	39671801	0.00
NC_092331.1	39670358	39671826	0.00
NC_092331.1	39670358	39671851	0.00
NC_092331.1	39670358	39671876	0.00
NC_092331.1	39670358	39671901	0.00
NC_092331.1	39670358	39671926	0.00
NC_092331.1	39670358	39671951	0.00
NC_092331.1	39670358	39671976	0.00
NC_092331.1	39670358	39672001	0.00
NC_092331.1	39670358	39672026	0.00
NC_092331.1	39670358	39672051	0.00
NC_092331.1	39670358	39672076	0.00
NC_092331.1	39670358	39672101	0.00
NC_092331.1	39670358	39672126	0.00
NC_092331.1	39670358	39672151	0.00
NC_092331.1	39670358	39672176	0.00
NC_092331.1	39670358	39672201	0.00
NC_092331.1	39670358	39672226	0.00
NC_092331.1	39670358	39672251	0.00
NC_092331.1	39670358	39672276	0.00
NC_092331.1	39670358	39672301	0.00
NC_092331.1	39670358	39672326	0.00
NC_092331.1	39670358	39672351	0.00
NC_092331.1	54071011	54069001	0.00
NC_092331.1	54071011	54069026	0.00
NC_092331.1	54071011	54069051	0.00
NC_092331.1	54071011	54069076	0.00
NC_092331.1	54071011	54069101	0.00
NC_092331.1	54071011	54069126	0.00
NC_092331.1	54071011	54069151	0.00
NC_092331.1	54071011	54069176	0.00
NC_092331.1	54071011	54069201	0.00
NC_092331.1	54071011	54069226	0.00
NC_092331.1	54071011	54069251	0.00
NC_092331.1	54071011	54069276	0.00
NC_092331.1	54071011	54069301	0.00
NC_092331.1	54071011	54069326	0.00
NC_092331.1	54071011	54069351	0.00
NC_092331.1	54071011	54069376	0.00
NC_092331.1	54071011	54069401	0.00
NC_092331.1	54071011	54069426	0.00
NC_092331.1	54071011	54069451	0.00
NC_092331.1	54071011	54069476	0.00
NC_092331.1	54071011	54069501	0.00
NC_092331.1	54071011	54069526	0.00
NC_092331.1	54071011	54069551	0.00
NC_092331.1	54071011	54069576	0.00
NC_092331.1	54071011	54069601	0.00
NC_092331.1	54071011	54069626	0.00
NC_092331.1	54071011	54069651	0.00
NC_092331.1	54071011	54069676	0.00
NC_092331.1	54071011	54069701	0.00
NC_092331.1	54071011	54069726	0.00
NC_092331.1	54071011	54069751	0.00
NC_092331.1	54071011	54069776	0.00
NC_092331.1	54071011	54069801	0.00
NC_092331.1	54071011	54069826	0.00
NC_092331.1	54071011	54069851	0.00
NC_092331.1	54071011	54069876	0.00
NC_092331.1	54071011	54069901	0.00
NC_092331.1	54071011	54069926	0.00
NC_092331.1	54071011	54069951	0.00
NC_092331.1	54071011	54069976	0.00
NC_092331.1	54071011	54070001	0.00
NC_092331.1	54071011	54070026	0.00
NC_092331.1	54071011	54070051	0.00
NC_092331.1	54071011	54070076	0.00
NC_092331.1	54071011	54070101	0.00
NC_092331.1	54071011	54070126	0.00
NC_092331.1	54071011	54070151	0.00
NC_092331.1	54071011	54070176	0.00
NC_092331.1	54071011	54070201	0.00
NC_092331.1	54071011	54070226	0.00
NC_092331.1	54071011	54070251	0.00
NC_092331.1	54071011	54070276	0.00
NC_092331.1	54071011	54070301	0.00
NC_092331.1	54071011	54070326	0.00
NC_092331.1	54071011	54070351	0.00
NC_092331.1	54071011	54070376	0.00
NC_092331.1	54071011	54070401	0.00
NC_092331.1	54071011	54070426	0.00
NC_092331.1	54071011	54070451	0.00
NC_092331.1	54071011	54070476	0.00
NC_092331.1	54071011	54070501	0.00
NC_092331.1	54071011	54070526	0.00
NC_092331.1	54071011	54070551	0.00
NC_092331.1	54071011	54070576	0.00
NC_092331.1	54071011	54070601	0.00
NC_092331.1	54071011	54070626	0.00
NC_092331.1	54071011	54070651	0.00
NC_092331.1	54071011	54070676	0.00
NC_092331.1	54071011	54070701	0.00
NC_092331.1	54071011	54070726	0.00
NC_092331.1	54071011	54070751	0.00
NC_092331.1	54071011	54070776	0.00
NC_092331.1	54071011	54070801	0.00
NC_092331.1	54071011	54070826	0.00
NC_092331.1	54071011	54070851	0.00
NC_092331.1	54071011	54070876	0.00
NC_092331.1	54071011	54070901	0.00
NC_092331.1	54071011	54070926	0.44
NC_092331.1	54071011	54070951	1.00
NC_092331.1	54071011	54070976	1.00
NC_092331.1	54071011	54071001	1.00
NC_092331.1	54071011	54071026	1.00
NC_092331.1	54071011	54071051	1.00
NC_092331.1	54071011	54071076	0.56
NC_092331.1	54071011	54071101	0.00
NC_092331.1	54071011	54071126	0.00
NC_092331.1	54071011	54071151	0.00
NC_092331.1	54071011	54071176	0.00
NC_092331.1	54071011	54071201	0.00
NC_092331.1	54071011	54071226	0.00
NC_092331.1	54071011	54071251	0.00
NC_092331.1	54071011	54071276	0.00
NC_092331.1	54071011	54071301	0.00
NC_092331.1	54071011	54071326	0.00
NC_092331.1	54071011	54071351	0.00
NC_092331.1	54071011	54071376	0.00
NC_092331.1	54071011	54071401	0.00
NC_092331.1	54071011	54071426	0.00
NC_092331.1	54071011	54071451	0.00
NC_092331.1	54071011	54071476	0.00
NC_092331.1	54071011	54071501	0.00
NC_092331.1	54071011	54071526	0.00
NC_092331.1	54071011	54071551	0.00
NC_092331.1	54071011	54071576	0.00
NC_092331.1	54071011	54071601	0.00
NC_092331.1	54071011	54071626	0.00
NC_092331.1	54071011	54071651	0.00
NC_092331.1	54071011	54071676	0.00
NC_092331.1	54071011	54071701	0.00
NC_092331.1	54071011	54071726	0.00
NC_092331.1	54071011	54071751	0.00
NC_092331.1	54071011	54071776	0.00
NC_092331.1	54071011	54071801	0.00
NC_092331.1	54071011	54071826	0.00
NC_092331.1	54071011	54071851	0.00
NC_092331.1	54071011	54071876	0.00
NC_092331.1	54071011	54071901	0.00
NC_092331.1	54071011	54071926	0.00
NC_092331.1	54071011	54071951	0.00
NC_092331.1	54071011	54071976	0.00
NC_092331.1	54071011	54072001	0.00
NC_092331.1	54071011	54072026	0.00
NC_092331.1	54071011	54072051	0.00
NC_092331.1	54071011	54072076	0.00
NC_092331.1	54071011	54072101	0.00
NC_092331.1	54071011	54072126	0.00
NC_092331.1	54071011	54072151	0.00
NC_092331.1	54071011	54072176	0.00
NC_092331.1	54071011	54072201	0.00
NC_092331.1	54071011	54072226	0.00
NC_092331.1	54071011	54072251	0.00
NC_092331.1	54071011	54072276	0.00
NC_092331.1	54071011	54072301	0.00
NC_092331.1	54071011	54072326	0.00
NC_092331.1	54071011	54072351	0.00
NC_092331.1	54071011	54072376	0.00
NC_092331.1	54071011	54072401	0.00
NC_092331.1	54071011	54072426	0.00
NC_092331.1	54071011	54072451	0.00
NC_092331.1	54071011	54072476	0.00
NC_092331.1	54071011	54072501	0.00
NC_092331.1	54071011	54072526	0.00
NC_092331.1	54071011	54072551	0.00
NC_092331.1	54071011	54072576	0.00
NC_092331.1	54071011	54072601	0.00
NC_092331.1	54071011	54072626	0.00
NC_092331.1	54071011	54072651	0.00
NC_092331.1	54071011	54072676	0.00
NC_092331.1	54071011	54072701	0.00
NC_092331.1	54071011	54072726	0.00
NC_092331.1	54071011	54072751	0.00
NC_092331.1	54071011	54072776	0.00
NC_092331.1	54071011	54072801	0.00
NC_092331.1	54071011	54072826	0.00
NC_092331.1	54071011	54072851	0.00
NC_092331.1	54071011	54072876	0.00
NC_092331.1	54071011	54072901	0.00
NC_092331.1	54071011	54072926	0.00
NC_092331.1	54071011	54072951	0.00
NC_092331.1	54071011	54072976	0.00
NC_092331.1	54071011	54073001	0.00
NC_008535.1	11402	9401	0.00
NC_008535.1	11402	9426	0.00
NC_008535.1	11402	9451	0.00
NC_008535.1	11402	9476	0.00
NC_008535.1	11402	9501	0.00
NC_008535.1	11402	9526	0.00
NC_008535.1	11402	9551	0.00
NC_008535.1	11402	9576	0.00
NC_008535.1	11402	9601	0.00
NC_008535.1	11402	9626	0.00
NC_008535.1	11402	9651	0.00
NC_008535.1	11402	9676	0.00
NC_008535.1	11402	9701	0.00
NC_008535.1	11402	9726	0.00
NC_008535.1	11402	9751	0.00
NC_008535.1	11402	9776	0.00
NC_008535.1	11402	9801	0.00
NC_008535.1	11402	9826	0.00
NC_008535.1	11402	9851	0.00
NC_008535.1	11402	9876	0.00
NC_008535.1	11402	9901	0.00
NC_008535.1	11402	9926	0.00
NC_008535.1	11402	9951	0.00
NC_008535.1	11402	9976	0.00
NC_008535.1	11402	10001	0.00
NC_008535.1	11402	10026	0.00
NC_008535.1	11402	10051	0.00
NC_008535.1	11402	10076	0.00
NC_008535.1	11402	10101	0.00
NC_008535.1	11402	10126	0.00
NC_008535.1	11402	10151	0.00
NC_008535.1	11402	10176	0.00
NC_008535.1	11402	10201	0.00
NC_008535.1	11402	10226	0.00
NC_008535.1	11402	10251	0.00
NC_008535.1	11402	10276	0.00
NC_008535.1	11402	10301	0.00
NC_008535.1	11402	10326	0.00
NC_008535.1	11402	10351	0.00
NC_008535.1	11402	10376	0.00
NC_008535.1	11402	10401	0.00
NC_008535.1	11402	10426	0.00
NC_008535.1	11402	10451	0.00
NC_008535.1	11402	10476	0.00
NC_008535.1	11402	10501	0.00
NC_008535.1	11402	10526	0.00
NC_008535.1	11402	10551	0.00
NC_008535.1	11402	10576	0.00
NC_008535.1	11402	10601	0.00
NC_008535.1	11402	10626	0.00
NC_008535.1	11402	10651	0.00
NC_008535.1	11402	10676	0.00
NC_008535.1	11402	10701	0.00
NC_008535.1	11402	10726	0.00
NC_008535.1	11402	10751	0.00
NC_008535.1	11402	10776	0.00
NC_008535.1	11402	10801	0.00
NC_008535.1	11402	10826	0.00
NC_008535.1	11402	10851	0.00
NC_008535.1	11402	10876	0.00
NC_008535.1	11402	10901	0.00
NC_008535.1	11402	10926	0.00
NC_008535.1	11402	10951	0.00
NC_008535.1	11402	10976	0.00
NC_008535.1	11402	11001	0.00
NC_008535.1	11402	11026	0.00
NC_008535.1	11402	11051	0.00
NC_008535.1	11402	11076	0.00
NC_008535.1	11402	11101	0.00
NC_008535.1	11402	11126	0.00
NC_008535.1	11402	11151	0.00
NC_008535.1	11402	11176	0.00
NC_008535.1	11402	11201	0.00
NC_008535.1	11402	11226	0.00
NC_008535.1	11402	11251	0.00
NC_008535.1	11402	11276	0.00
NC_008535.1	11402	11301	0.00
NC_008535.1	11402	11326	0.00
NC_008535.1	11402	11351	0.00
NC_008535.1	11402	11376	0.72
NC_008535.1	11402	11401	1.00
NC_008535.1	11402	11426	1.00
NC_008535.1	11402	11451	1.00
NC_008535.1	11402	11476	1.00
NC_008535.1	11402	11501	1.00
NC_008535.1	11402	11526	0.28
NC_008535.1	11402	11551	0.00
NC_008535.1	11402	11576	0.00
NC_008535.1	11402	11601	0.00
NC_008535.1	11402	11626	0.00
NC_008535.1	11402	11651	0.00
NC_008535.1	11402	11676	0.00
NC_008535.1	11402	11701	0.00
NC_008535.1	11402	11726	0.00
NC_008535.1	11402	11751	0.00
NC_008535.1	11402	11776	0.00
NC_008535.1	11402	11801	0.00
NC_008535.1	11402	11826	0.00
NC_008535.1	11402	11851	0.00
NC_008535.1	11402	11876	0.00
NC_008535.1	11402	11901	0.00
NC_008535.1	11402	11926	0.00
NC_008535.1	11402	11951	0.00
NC_008535.1	11402	11976	0.00
NC_008535.1	11402	12001	0.00
NC_008535.1	11402	12026	0.00
NC_008535.1	11402	12051	0.00
NC_008535.1	11402	12076	0.00
NC_008535.1	11402	12101	0.00
NC_008535.1	11402	12126	0.00
NC_008535.1	11402	12151	0.00
NC_008535.1	11402	12176	0.00
NC_008535.1	11402	12201	0.00
NC_008535.1	11402	12226	0.00
NC_008535.1	11402	12251	0.00
NC_008535.1	11402	12276	0.00
NC_008535.1	11402	12301	0.00
NC_008535.1	11402	12326	0.00
NC_008535.1	11402	12351	0.00
NC_008535.1	11402	12376	0.00
NC_008535.1	11402	12401	0.00
NC_008535.1	11402	12426	0.00
NC_008535.1	11402	12451	0.00
NC_008535.1	11402	12476	0.00
NC_008535.1	11402	12501	0.00
NC_008535.1	11402	12526	0.00
NC_008535.1	11402	12551	0.00
NC_008535.1	11402	12576	0.00
NC_008535.1	11402	12601	0.00
NC_008535.1	11402	12626	0.00
NC_008535.1	11402	12651	0.00
NC_008535.1	11402	12676	0.00
NC_008535.1	11402	12701	0.00
NC_008535.1	11402	12726	0.00
NC_008535.1	11402	12751	0.00
NC_008535.1	11402	12776	0.00
NC_008535.1	11402	12801	0.00
NC_008535.1	11402	12826	0.00
NC_008535.1	11402	12851	0.00
NC_008535.1	11402	12876	0.00
NC_008535.1	11402	12901	0.00
NC_008535.1	11402	12926	0.00
NC_008535.1	11402	12951	0.00
NC_008535.1	11402	12976	0.00
NC_008535.1	11402	13001	0.00
NC_008535.1	11402	13026	0.00
NC_008535.1	11402	13051	0.00
NC_008535.1	11402	13076	0.00
NC_008535.1	11402	13101	0.00
NC_008535.1	11402	13126	0.00
NC_008535.1	11402	13151	0.00
NC_008535.1	11402	13176	0.00
NC_008535.1	11402	13201	0.00
NC_008535.1	11402	13226	0.00
NC_008535.1	11402	13251	0.00
NC_008535.1	11402	13276	0.00
NC_008535.1	11402	13301	0.00
NC_008535.1	11402	13326	0.00
NC_008535.1	11402	13351	0.00
NC_008535.1	11402	13376	0.00
NC_008535.1	11402	13401	0.00
NC_008535.1	11420	9401	0.00
NC_008535.1	11420	9426	0.00
NC_008535.1	11420	9451	0.00
NC_008535.1	11420	9476	0.00
NC_008535.1	11420	9501	0.00
NC_008535.1	11420	9526	0.00
NC_008535.1	11420	9551	0.00
NC_008535.1	11420	9576	0.00
NC_008535.1	11420	9601	0.00
NC_008535.1	11420	9626	0.00
NC_008535.1	11420	9651	0.00
NC_008535.1	11420	9676	0.00
NC_008535.1	11420	9701	0.00
NC_008535.1	11420	9726	0.00
NC_008535.1	11420	9751	0.00
NC_008535.1	11420	9776	0.00
NC_008535.1	11420	9801	0.00
NC_008535.1	11420	9826	0.00
NC_008535.1	11420	9851	0.00
NC_008535.1	11420	9876	0.00
NC_008535.1	11420	9901	0.00
NC_008535.1	11420	9926	0.00
NC_008535.1	11420	9951	0.00
NC_008535.1	11420	9976	0.00
NC_008535.1	11420	10001	0.00
NC_008535.1	11420	10026	0.00
NC_008535.1	11420	10051	0.00
NC_008535.1	11420	10076	0.00
NC_008535.1	11420	10101	0.00
NC_008535.1	11420	10126	0.00
NC_008535.1	11420	10151	0.00
NC_008535.1	11420	10176	0.00
NC_008535.1	11420	10201	0.00
NC_008535.1	11420	10226	0.00
NC_008535.1	11420	10251	0.00
NC_008535.1	11420	10276	0.00
NC_008535.1	11420	10301	0.00
NC_008535.1	11420	10326	0.00
NC_008535.1	11420	10351	0.00
NC_008535.1	11420	10376	0.00
NC_008535.1	11420	10401	0.00
NC_008535.1	11420	10426	0.00
NC_008535.1	11420	10451	0.00
NC_008535.1	11420	10476	0.00
NC_008535.1	11420	10501	0.00
NC_008535.1	11420	10526	0.00
NC_008535.1	11420	10551	0.00
NC_008535.1	11420	10576	0.00
NC_008535.1	11420	10601	0.00
NC_008535.1	11420	10626	0.00
NC_008535.1	11420	10651	0.00
NC_008535.1	11420	10676	0.00
NC_008535.1	11420	10701	0.00
NC_008535.1	11420	10726	0.00
NC_008535.1	11420	10751	0.00
NC_008535.1	11420	10776	0.00
NC_008535.1	11420	10801	0.00
NC_008535.1	11420	10826	0.00
NC_008535.1	11420	10851	0.00
NC_008535.1	11420	10876	0.00
NC_008535.1	11420	10901	0.00
NC_008535.1	11420	10926	0.00
NC_008535.1	11420	10951	0.00
NC_008535.1	11420	10976	0.00
NC_008535.1	11420	11001	0.00
NC_008535.1	11420	11026	0.00
NC_008535.1	11420	11051	0.00
NC_008535.1	11420	11076	0.00
NC_008535.1	11420	11101	0.00
NC_008535.1	11420	11126	0.00
NC_008535.1	11420	11151	0.00
NC_008535.1	11420	11176	0.00
NC_008535.1	11420	11201	0.00
NC_008535.1	11420	11226	0.00
NC_008535.1	11420	11251	0.00
NC_008535.1	11420	11276	0.00
NC_008535.1	11420	11301	0.00
NC_008535.1	11420	11326	0.00
NC_008535.1	11420	11351	0.00
NC_008535.1	11420	11376	0.72
NC_008535.1	11420	11401	1.00
NC_008535.1	11420	11426	1.00
NC_008535.1	11420	11451	1.00
NC_008535.1	11420	11476	1.00
NC_008535.1	11420	11501	1.00
NC_008535.1	11420	11526	0.28
NC_008535.1	11420	11551	0.00
NC_008535.1	11420	11576	0.00
NC_008535.1	11420	11601	0.00
NC_008535.1	11420	11626	0.00
NC_008535.1	11420	11651	0.00
NC_008535.1	11420	11676	0.00
NC_008535.1	11420	11701	0.00
NC_008535.1	11420	11726	0.00
NC_008535.1	11420	11751	0.00
NC_008535.1	11420	11776	0.00
NC_008535.1	11420	11801	0.00
NC_008535.1	11420	11826	0.00
NC_008535.1	11420	11851	0.00
NC_008535.1	11420	11876	0.00
NC_008535.1	11420	11901	0.00
NC_008535.1	11420	11926	0.00
NC_008535.1	11420	11951	0.00
NC_008535.1	11420	11976	0.00
NC_008535.1	11420	12001	0.00
NC_008535.1	11420	12026	0.00
NC_008535.1	11420	12051	0.00
NC_008535.1	11420	12076	0.00
NC_008535.1	11420	12101	0.00
NC_008535.1	11420	12126	0.00
NC_008535.1	11420	12151	0.00
NC_008535.1	11420	12176	0.00
NC_008535.1	11420	12201	0.00
NC_008535.1	11420	12226	0.00
NC_008535.1	11420	12251	0.00
NC_008535.1	11420	12276	0.00
NC_008535.1	11420	12301	0.00
NC_008535.1	11420	12326	0.00
NC_008535.1	11420	12351	0.00
NC_008535.1	11420	12376	0.00
NC_008535.1	11420	12401	0.00
NC_008535.1	11420	12426	0.00
NC_008535.1	11420	12451	0.00
NC_008535.1	11420	12476	0.00
NC_008535.1	11420	12501	0.00
NC_008535.1	11420	12526	0.00
NC_008535.1	11420	12551	0.00
NC_008535.1	11420	12576	0.00
NC_008535.1	11420	12601	0.00
NC_008535.1	11420	12626	0.00
NC_008535.1	11420	12651	0.00
NC_008535.1	11420	12676	0.00
NC_008535.1	11420	12701	0.00
NC_008535.1	11420	12726	0.00
NC_008535.1	11420	12751	0.00
NC_008535.1	11420	12776	0.00
NC_008535.1	11420	12801	0.00
NC_008535.1	11420	12826	0.00
NC_008535.1	11420	12851	0.00
NC_008535.1	11420	12876	0.00
NC_008535.1	11420	12901	0.00
NC_008535.1	11420	12926	0.00
NC_008535.1	11420	12951	0.00
NC_008535.1	11420	12976	0.00
NC_008535.1	11420	13001	0.00
NC_008535.1	11420	13026	0.00
NC_008535.1	11420	13051	0.00
NC_008535.1	11420	13076	0.00
NC_008535.1	11420	13101	0.00
NC_008535.1	11420	13126	0.00
NC_008535.1	11420	13151	0.00
NC_008535.1	11420	13176	0.00
NC_008535.1	11420	13201	0.00
NC_008535.1	11420	13226	0.00
NC_008535.1	11420	13251	0.00
NC_008535.1	11420	13276	0.00
NC_008535.1	11420	13301	0.00
NC_008535.1	11420	13326	0.00
NC_008535.1	11420	13351	0.00
NC_008535.1	11420	13376	0.00
NC_008535.1	11420	13401	0.00
NC_008535.1	11444	9426	0.00
NC_008535.1	11444	9451	0.00
NC_008535.1	11444	9476	0.00
NC_008535.1	11444	9501	0.00
NC_008535.1	11444	9526	0.00
NC_008535.1	11444	9551	0.00
NC_008535.1	11444	9576	0.00
NC_008535.1	11444	9601	0.00
NC_008535.1	11444	9626	0.00
NC_008535.1	11444	9651	0.00
NC_008535.1	11444	9676	0.00
NC_008535.1	11444	9701	0.00
NC_008535.1	11444	9726	0.00
NC_008535.1	11444	9751	0.00
NC_008535.1	11444	9776	0.00
NC_008535.1	11444	9801	0.00
NC_008535.1	11444	9826	0.00
NC_008535.1	11444	9851	0.00
NC_008535.1	11444	9876	0.00
NC_008535.1	11444	9901	0.00
NC_008535.1	11444	9926	0.00
NC_008535.1	11444	9951	0.00
NC_008535.1	11444	9976	0.00
NC_008535.1	11444	10001	0.00
NC_008535.1	11444	10026	0.00
NC_008535.1	11444	10051	0.00
NC_008535.1	11444	10076	0.00
NC_008535.1	11444	10101	0.00
NC_008535.1	11444	10126	0.00
NC_008535.1	11444	10151	0.00
NC_008535.1	11444	10176	0.00
NC_008535.1	11444	10201	0.00
NC_008535.1	11444	10226	0.00
NC_008535.1	11444	10251	0.00
NC_008535.1	11444	10276	0.00
NC_008535.1	11444	10301	0.00
NC_008535.1	11444	10326	0.00
NC_008535.1	11444	10351	0.00
NC_008535.1	11444	10376	0.00
NC_008535.1	11444	10401	0.00
NC_008535.1	11444	10426	0.00
NC_008535.1	11444	10451	0.00
NC_008535.1	11444	10476	0.00
NC_008535.1	11444	10501	0.00
NC_008535.1	11444	10526	0.00
NC_008535.1	11444	10551	0.00
NC_008535.1	11444	10576	0.00
NC_008535.1	11444	10601	0.00
NC_008535.1	11444	10626	0.00
NC_008535.1	11444	10651	0.00
NC_008535.1	11444	10676	0.00
NC_008535.1	11444	10701	0.00
NC_008535.1	11444	10726	0.00
NC_008535.1	11444	10751	0.00
NC_008535.1	11444	10776	0.00
NC_008535.1	11444	10801	0.00
NC_008535.1	11444	10826	0.00
NC_008535.1	11444	10851	0.00
NC_008535.1	11444	10876	0.00
NC_008535.1	11444	10901	0.00
NC_008535.1	11444	10926	0.00
NC_008535.1	11444	10951	0.00
NC_008535.1	11444	10976	0.00
NC_008535.1	11444	11001	0.00
NC_008535.1	11444	11026	0.00
NC_008535.1	11444	11051	0.00
NC_008535.1	11444	11076	0.00
NC_008535.1	11444	11101	0.00
NC_008535.1	11444	11126	0.00
NC_008535.1	11444	11151	0.00
NC_008535.1	11444	11176	0.00
NC_008535.1	11444	11201	0.00
NC_008535.1	11444	11226	0.00
NC_008535.1	11444	11251	0.00
NC_008535.1	11444	11276	0.00
NC_008535.1	11444	11301	0.00
NC_008535.1	11444	11326	0.00
NC_008535.1	11444	11351	0.00
NC_008535.1	11444	11376	0.72
NC_008535.1	11444	11401	1.00
NC_008535.1	11444	11426	1.00
NC_008535.1	11444	11451	1.00
NC_008535.1	11444	11476	1.00
NC_008535.1	11444	11501	1.00
NC_008535.1	11444	11526	0.28
NC_008535.1	11444	11551	0.00
NC_008535.1	11444	11576	0.00
NC_008535.1	11444	11601	0.00
NC_008535.1	11444	11626	0.00
NC_008535.1	11444	11651	0.00
NC_008535.1	11444	11676	0.00
NC_008535.1	11444	11701	0.00
NC_008535.1	11444	11726	0.00
NC_008535.1	11444	11751	0.00
NC_008535.1	11444	11776	0.00
NC_008535.1	11444	11801	0.00
NC_008535.1	11444	11826	0.00
NC_008535.1	11444	11851	0.00
NC_008535.1	11444	11876	0.00
NC_008535.1	11444	11901	0.00
NC_008535.1	11444	11926	0.00
NC_008535.1	11444	11951	0.00
NC_008535.1	11444	11976	0.00
NC_008535.1	11444	12001	0.00
NC_008535.1	11444	12026	0.00
NC_008535.1	11444	12051	0.00
NC_008535.1	11444	12076	0.00
NC_008535.1	11444	12101	0.00
NC_008535.1	11444	12126	0.00
NC_008535.1	11444	12151	0.00
NC_008535.1	11444	12176	0.00
NC_008535.1	11444	12201	0.00
NC_008535.1	11444	12226	0.00
NC_008535.1	11444	12251	0.00
NC_008535.1	11444	12276	0.00
NC_008535.1	11444	12301	0.00
NC_008535.1	11444	12326	0.00
NC_008535.1	11444	12351	0.00
NC_008535.1	11444	12376	0.00
NC_008535.1	11444	12401	0.00
NC_008535.1	11444	12426	0.00
NC_008535.1	11444	12451	0.00
NC_008535.1	11444	12476	0.00
NC_008535.1	11444	12501	0.00
NC_008535.1	11444	12526	0.00
NC_008535.1	11444	12551	0.00
NC_008535.1	11444	12576	0.00
NC_008535.1	11444	12601	0.00
NC_008535.1	11444	12626	0.00
NC_008535.1	11444	12651	0.00
NC_008535.1	11444	12676	0.00
NC_008535.1	11444	12701	0.00
NC_008535.1	11444	12726	0.00
NC_008535.1	11444	12751	0.00
NC_008535.1	11444	12776	0.00
NC_008535.1	11444	12801	0.00
NC_008535.1	11444	12826	0.00
NC_008535.1	11444	12851	0.00
NC_008535.1	11444	12876	0.00
NC_008535.1	11444	12901	0.00
NC_008535.1	11444	12926	0.00
NC_008535.1	11444	12951	0.00
NC_008535.1	11444	12976	0.00
NC_008535.1	11444	13001	0.00
NC_008535.1	11444	13026	0.00
NC_008535.1	11444	13051	0.00
NC_008535.1	11444	13076	0.00
NC_008535.1	11444	13101	0.00
NC_008535.1	11444	13126	0.00
NC_008535.1	11444	13151	0.00
NC_008535.1	11444	13176	0.00
NC_008535.1	11444	13201	0.00
NC_008535.1	11444	13226	0.00
NC_008535.1	11444	13251	0.00
NC_008535.1	11444	13276	0.00
NC_008535.1	11444	13301	0.00
NC_008535.1	11444	13326	0.00
NC_008535.1	11444	13351	0.00
NC_008535.1	11444	13376	0.00
NC_008535.1	11444	13401	0.00
NC_008535.1	11444	13426	0.00
NC_008535.1	11522	9501	0.00
NC_008535.1	11522	9526	0.00
NC_008535.1	11522	9551	0.00
NC_008535.1	11522	9576	0.00
NC_008535.1	11522	9601	0.00
NC_008535.1	11522	9626	0.00
NC_008535.1	11522	9651	0.00
NC_008535.1	11522	9676	0.00
NC_008535.1	11522	9701	0.00
NC_008535.1	11522	9726	0.00
NC_008535.1	11522	9751	0.00
NC_008535.1	11522	9776	0.00
NC_008535.1	11522	9801	0.00
NC_008535.1	11522	9826	0.00
NC_008535.1	11522	9851	0.00
NC_008535.1	11522	9876	0.00
NC_008535.1	11522	9901	0.00
NC_008535.1	11522	9926	0.00
NC_008535.1	11522	9951	0.00
NC_008535.1	11522	9976	0.00
NC_008535.1	11522	10001	0.00
NC_008535.1	11522	10026	0.00
NC_008535.1	11522	10051	0.00
NC_008535.1	11522	10076	0.00
NC_008535.1	11522	10101	0.00
NC_008535.1	11522	10126	0.00
NC_008535.1	11522	10151	0.00
NC_008535.1	11522	10176	0.00
NC_008535.1	11522	10201	0.00
NC_008535.1	11522	10226	0.00
NC_008535.1	11522	10251	0.00
NC_008535.1	11522	10276	0.00
NC_008535.1	11522	10301	0.00
NC_008535.1	11522	10326	0.00
NC_008535.1	11522	10351	0.00
NC_008535.1	11522	10376	0.00
NC_008535.1	11522	10401	0.00
NC_008535.1	11522	10426	0.00
NC_008535.1	11522	10451	0.00
NC_008535.1	11522	10476	0.00
NC_008535.1	11522	10501	0.00
NC_008535.1	11522	10526	0.00
NC_008535.1	11522	10551	0.00
NC_008535.1	11522	10576	0.00
NC_008535.1	11522	10601	0.00
NC_008535.1	11522	10626	0.00
NC_008535.1	11522	10651	0.00
NC_008535.1	11522	10676	0.00
NC_008535.1	11522	10701	0.00
NC_008535.1	11522	10726	0.00
NC_008535.1	11522	10751	0.00
NC_008535.1	11522	10776	0.00
NC_008535.1	11522	10801	0.00
NC_008535.1	11522	10826	0.00
NC_008535.1	11522	10851	0.00
NC_008535.1	11522	10876	0.00
NC_008535.1	11522	10901	0.00
NC_008535.1	11522	10926	0.00
NC_008535.1	11522	10951	0.00
NC_008535.1	11522	10976	0.00
NC_008535.1	11522	11001	0.00
NC_008535.1	11522	11026	0.00
NC_008535.1	11522	11051	0.00
NC_008535.1	11522	11076	0.00
NC_008535.1	11522	11101	0.00
NC_008535.1	11522	11126	0.00
NC_008535.1	11522	11151	0.00
NC_008535.1	11522	11176	0.00
NC_008535.1	11522	11201	0.00
NC_008535.1	11522	11226	0.00
NC_008535.1	11522	11251	0.00
NC_008535.1	11522	11276	0.00
NC_008535.1	11522	11301	0.00
NC_008535.1	11522	11326	0.00
NC_008535.1	11522	11351	0.00
NC_008535.1	11522	11376	0.72
NC_008535.1	11522	11401	1.00
NC_008535.1	11522	11426	1.00
NC_008535.1	11522	11451	1.00
NC_008535.1	11522	11476	1.00
NC_008535.1	11522	11501	1.00
NC_008535.1	11522	11526	0.28
NC_008535.1	11522	11551	0.00
NC_008535.1	11522	11576	0.00
NC_008535.1	11522	11601	0.00
NC_008535.1	11522	11626	0.00
NC_008535.1	11522	11651	0.00
NC_008535.1	11522	11676	0.00
NC_008535.1	11522	11701	0.00
NC_008535.1	11522	11726	0.00
NC_008535.1	11522	11751	0.00
NC_008535.1	11522	11776	0.00
NC_008535.1	11522	11801	0.00
NC_008535.1	11522	11826	0.00
NC_008535.1	11522	11851	0.00
NC_008535.1	11522	11876	0.00
NC_008535.1	11522	11901	0.00
NC_008535.1	11522	11926	0.00
NC_008535.1	11522	11951	0.00
NC_008535.1	11522	11976	0.00
NC_008535.1	11522	12001	0.00
NC_008535.1	11522	12026	0.00
NC_008535.1	11522	12051	0.00
NC_008535.1	11522	12076	0.00
NC_008535.1	11522	12101	0.00
NC_008535.1	11522	12126	0.00
NC_008535.1	11522	12151	0.00
NC_008535.1	11522	12176	0.00
NC_008535.1	11522	12201	0.00
NC_008535.1	11522	12226	0.00
NC_008535.1	11522	12251	0.00
NC_008535.1	11522	12276	0.00
NC_008535.1	11522	12301	0.00
NC_008535.1	11522	12326	0.00
NC_008535.1	11522	12351	0.00
NC_008535.1	11522	12376	0.00
NC_008535.1	11522	12401	0.00
NC_008535.1	11522	12426	0.00
NC_008535.1	11522	12451	0.00
NC_008535.1	11522	12476	0.00
NC_008535.1	11522	12501	0.00
NC_008535.1	11522	12526	0.00
NC_008535.1	11522	12551	0.00
NC_008535.1	11522	12576	0.00
NC_008535.1	11522	12601	0.00
NC_008535.1	11522	12626	0.00
NC_008535.1	11522	12651	0.00
NC_008535.1	11522	12676	0.00
NC_008535.1	11522	12701	0.00
NC_008535.1	11522	12726	0.00
NC_008535.1	11522	12751	0.00
NC_008535.1	11522	12776	0.00
NC_008535.1	11522	12801	0.00
NC_008535.1	11522	12826	0.00
NC_008535.1	11522	12851	0.00
NC_008535.1	11522	12876	0.00
NC_008535.1	11522	12901	0.00
NC_008535.1	11522	12926	0.00
NC_008535.1	11522	12951	0.00
NC_008535.1	11522	12976	0.00
NC_008535.1	11522	13001	0.00
NC_008535.1	11522	13026	0.00
NC_008535.1	11522	13051	0.00
NC_008535.1	11522	13076	0.00
NC_008535.1	11522	13101	0.00
NC_008535.1	11522	13126	0.00
NC_008535.1	11522	13151	0.00
NC_008535.1	11522	13176	0.00
NC_008535.1	11522	13201	0.00
NC_008535.1	11522	13226	0.00
NC_008535.1	11522	13251	0.00
NC_008535.1	11522	13276	0.00
NC_008535.1	11522	13301	0.00
NC_008535.1	11522	13326	0.00
NC_008535.1	11522	13351	0.00
NC_008535.1	11522	13376	0.00
NC_008535.1	11522	13401	0.00
NC_008535.1	11522	13426	0.00
NC_008535.1	11522	13451	0.00
NC_008535.1	11522	13476	0.00
NC_008535.1	11522	13501	0.00
NC_008535.1	11525	9501	0.00
NC_008535.1	11525	9526	0.00
NC_008535.1	11525	9551	0.00
NC_008535.1	11525	9576	0.00
NC_008535.1	11525	9601	0.00
NC_008535.1	11525	9626	0.00
NC_008535.1	11525	9651	0.00
NC_008535.1	11525	9676	0.00
NC_008535.1	11525	9701	0.00
NC_008535.1	11525	9726	0.00
NC_008535.1	11525	9751	0.00
NC_008535.1	11525	9776	0.00
NC_008535.1	11525	9801	0.00
NC_008535.1	11525	9826	0.00
NC_008535.1	11525	9851	0.00
NC_008535.1	11525	9876	0.00
NC_008535.1	11525	9901	0.00
NC_008535.1	11525	9926	0.00
NC_008535.1	11525	9951	0.00
NC_008535.1	11525	9976	0.00
NC_008535.1	11525	10001	0.00
NC_008535.1	11525	10026	0.00
NC_008535.1	11525	10051	0.00
NC_008535.1	11525	10076	0.00
NC_008535.1	11525	10101	0.00
NC_008535.1	11525	10126	0.00
NC_008535.1	11525	10151	0.00
NC_008535.1	11525	10176	0.00
NC_008535.1	11525	10201	0.00
NC_008535.1	11525	10226	0.00
NC_008535.1	11525	10251	0.00
NC_008535.1	11525	10276	0.00
NC_008535.1	11525	10301	0.00
NC_008535.1	11525	10326	0.00
NC_008535.1	11525	10351	0.00
NC_008535.1	11525	10376	0.00
NC_008535.1	11525	10401	0.00
NC_008535.1	11525	10426	0.00
NC_008535.1	11525	10451	0.00
NC_008535.1	11525	10476	0.00
NC_008535.1	11525	10501	0.00
NC_008535.1	11525	10526	0.00
NC_008535.1	11525	10551	0.00
NC_008535.1	11525	10576	0.00
NC_008535.1	11525	10601	0.00
NC_008535.1	11525	10626	0.00
NC_008535.1	11525	10651	0.00
NC_008535.1	11525	10676	0.00
NC_008535.1	11525	10701	0.00
NC_008535.1	11525	10726	0.00
NC_008535.1	11525	10751	0.00
NC_008535.1	11525	10776	0.00
NC_008535.1	11525	10801	0.00
NC_008535.1	11525	10826	0.00
NC_008535.1	11525	10851	0.00
NC_008535.1	11525	10876	0.00
NC_008535.1	11525	10901	0.00
NC_008535.1	11525	10926	0.00
NC_008535.1	11525	10951	0.00
NC_008535.1	11525	10976	0.00
NC_008535.1	11525	11001	0.00
NC_008535.1	11525	11026	0.00
NC_008535.1	11525	11051	0.00
NC_008535.1	11525	11076	0.00
NC_008535.1	11525	11101	0.00
NC_008535.1	11525	11126	0.00
NC_008535.1	11525	11151	0.00
NC_008535.1	11525	11176	0.00
NC_008535.1	11525	11201	0.00
NC_008535.1	11525	11226	0.00
NC_008535.1	11525	11251	0.00
NC_008535.1	11525	11276	0.00
NC_008535.1	11525	11301	0.00
NC_008535.1	11525	11326	0.00
NC_008535.1	11525	11351	0.00
NC_008535.1	11525	11376	0.72
NC_008535.1	11525	11401	1.00
NC_008535.1	11525	11426	1.00
NC_008535.1	11525	11451	1.00
NC_008535.1	11525	11476	1.00
NC_008535.1	11525	11501	1.00
NC_008535.1	11525	11526	0.28
NC_008535.1	11525	11551	0.00
NC_008535.1	11525	11576	0.00
NC_008535.1	11525	11601	0.00
NC_008535.1	11525	11626	0.00
NC_008535.1	11525	11651	0.00
NC_008535.1	11525	11676	0.00
NC_008535.1	11525	11701	0.00
NC_008535.1	11525	11726	0.00
NC_008535.1	11525	11751	0.00
NC_008535.1	11525	11776	0.00
NC_008535.1	11525	11801	0.00
NC_008535.1	11525	11826	0.00
NC_008535.1	11525	11851	0.00
NC_008535.1	11525	11876	0.00
NC_008535.1	11525	11901	0.00
NC_008535.1	11525	11926	0.00
NC_008535.1	11525	11951	0.00
NC_008535.1	11525	11976	0.00
NC_008535.1	11525	12001	0.00
NC_008535.1	11525	12026	0.00
NC_008535.1	11525	12051	0.00
NC_008535.1	11525	12076	0.00
NC_008535.1	11525	12101	0.00
NC_008535.1	11525	12126	0.00
NC_008535.1	11525	12151	0.00
NC_008535.1	11525	12176	0.00
NC_008535.1	11525	12201	0.00
NC_008535.1	11525	12226	0.00
NC_008535.1	11525	12251	0.00
NC_008535.1	11525	12276	0.00
NC_008535.1	11525	12301	0.00
NC_008535.1	11525	12326	0.00
NC_008535.1	11525	12351	0.00
NC_008535.1	11525	12376	0.00
NC_008535.1	11525	12401	0.00
NC_008535.1	11525	12426	0.00
NC_008535.1	11525	12451	0.00
NC_008535.1	11525	12476	0.00
NC_008535.1	11525	12501	0.00
NC_008535.1	11525	12526	0.00
NC_008535.1	11525	12551	0.00
NC_008535.1	11525	12576	0.00
NC_008535.1	11525	12601	0.00
NC_008535.1	11525	12626	0.00
NC_008535.1	11525	12651	0.00
NC_008535.1	11525	12676	0.00
NC_008535.1	11525	12701	0.00
NC_008535.1	11525	12726	0.00
NC_008535.1	11525	12751	0.00
NC_008535.1	11525	12776	0.00
NC_008535.1	11525	12801	0.00
NC_008535.1	11525	12826	0.00
NC_008535.1	11525	12851	0.00
NC_008535.1	11525	12876	0.00
NC_008535.1	11525	12901	0.00
NC_008535.1	11525	12926	0.00
NC_008535.1	11525	12951	0.00
NC_008535.1	11525	12976	0.00
NC_008535.1	11525	13001	0.00
NC_008535.1	11525	13026	0.00
NC_008535.1	11525	13051	0.00
NC_008535.1	11525	13076	0.00
NC_008535.1	11525	13101	0.00
NC_008535.1	11525	13126	0.00
NC_008535.1	11525	13151	0.00
NC_008535.1	11525	13176	0.00
NC_008535.1	11525	13201	0.00
NC_008535.1	11525	13226	0.00
NC_008535.1	11525	13251	0.00
NC_008535.1	11525	13276	0.00
NC_008535.1	11525	13301	0.00
NC_008535.1	11525	13326	0.00
NC_008535.1	11525	13351	0.00
NC_008535.1	11525	13376	0.00
NC_008535.1	11525	13401	0.00
NC_008535.1	11525	13426	0.00
NC_008535.1	11525	13451	0.00
NC_008535.1	11525	13476	0.00
NC_008535.1	11525	13501	0.00
NC_008535.1	11528	9526	0.00
NC_008535.1	11528	9551	0.00
NC_008535.1	11528	9576	0.00
NC_008535.1	11528	9601	0.00
NC_008535.1	11528	9626	0.00
NC_008535.1	11528	9651	0.00
NC_008535.1	11528	9676	0.00
NC_008535.1	11528	9701	0.00
NC_008535.1	11528	9726	0.00
NC_008535.1	11528	9751	0.00
NC_008535.1	11528	9776	0.00
NC_008535.1	11528	9801	0.00
NC_008535.1	11528	9826	0.00
NC_008535.1	11528	9851	0.00
NC_008535.1	11528	9876	0.00
NC_008535.1	11528	9901	0.00
NC_008535.1	11528	9926	0.00
NC_008535.1	11528	9951	0.00
NC_008535.1	11528	9976	0.00
NC_008535.1	11528	10001	0.00
NC_008535.1	11528	10026	0.00
NC_008535.1	11528	10051	0.00
NC_008535.1	11528	10076	0.00
NC_008535.1	11528	10101	0.00
NC_008535.1	11528	10126	0.00
NC_008535.1	11528	10151	0.00
NC_008535.1	11528	10176	0.00
NC_008535.1	11528	10201	0.00
NC_008535.1	11528	10226	0.00
NC_008535.1	11528	10251	0.00
NC_008535.1	11528	10276	0.00
NC_008535.1	11528	10301	0.00
NC_008535.1	11528	10326	0.00
NC_008535.1	11528	10351	0.00
NC_008535.1	11528	10376	0.00
NC_008535.1	11528	10401	0.00
NC_008535.1	11528	10426	0.00
NC_008535.1	11528	10451	0.00
NC_008535.1	11528	10476	0.00
NC_008535.1	11528	10501	0.00
NC_008535.1	11528	10526	0.00
NC_008535.1	11528	10551	0.00
NC_008535.1	11528	10576	0.00
NC_008535.1	11528	10601	0.00
NC_008535.1	11528	10626	0.00
NC_008535.1	11528	10651	0.00
NC_008535.1	11528	10676	0.00
NC_008535.1	11528	10701	0.00
NC_008535.1	11528	10726	0.00
NC_008535.1	11528	10751	0.00
NC_008535.1	11528	10776	0.00
NC_008535.1	11528	10801	0.00
NC_008535.1	11528	10826	0.00
NC_008535.1	11528	10851	0.00
NC_008535.1	11528	10876	0.00
NC_008535.1	11528	10901	0.00
NC_008535.1	11528	10926	0.00
NC_008535.1	11528	10951	0.00
NC_008535.1	11528	10976	0.00
NC_008535.1	11528	11001	0.00
NC_008535.1	11528	11026	0.00
NC_008535.1	11528	11051	0.00
NC_008535.1	11528	11076	0.00
NC_008535.1	11528	11101	0.00
NC_008535.1	11528	11126	0.00
NC_008535.1	11528	11151	0.00
NC_008535.1	11528	11176	0.00
NC_008535.1	11528	11201	0.00
NC_008535.1	11528	11226	0.00
NC_008535.1	11528	11251	0.00
NC_008535.1	11528	11276	0.00
NC_008535.1	11528	11301	0.00
NC_008535.1	11528	11326	0.00
NC_008535.1	11528	11351	0.00
NC_008535.1	11528	11376	0.72
NC_008535.1	11528	11401	1.00
NC_008535.1	11528	11426	1.00
NC_008535.1	11528	11451	1.00
NC_008535.1	11528	11476	1.00
NC_008535.1	11528	11501	1.00
NC_008535.1	11528	11526	0.28
NC_008535.1	11528	11551	0.00
NC_008535.1	11528	11576	0.00
NC_008535.1	11528	11601	0.00
NC_008535.1	11528	11626	0.00
NC_008535.1	11528	11651	0.00
NC_008535.1	11528	11676	0.00
NC_008535.1	11528	11701	0.00
NC_008535.1	11528	11726	0.00
NC_008535.1	11528	11751	0.00
NC_008535.1	11528	11776	0.00
NC_008535.1	11528	11801	0.00
NC_008535.1	11528	11826	0.00
NC_008535.1	11528	11851	0.00
NC_008535.1	11528	11876	0.00
NC_008535.1	11528	11901	0.00
NC_008535.1	11528	11926	0.00
NC_008535.1	11528	11951	0.00
NC_008535.1	11528	11976	0.00
NC_008535.1	11528	12001	0.00
NC_008535.1	11528	12026	0.00
NC_008535.1	11528	12051	0.00
NC_008535.1	11528	12076	0.00
NC_008535.1	11528	12101	0.00
NC_008535.1	11528	12126	0.00
NC_008535.1	11528	12151	0.00
NC_008535.1	11528	12176	0.00
NC_008535.1	11528	12201	0.00
NC_008535.1	11528	12226	0.00
NC_008535.1	11528	12251	0.00
NC_008535.1	11528	12276	0.00
NC_008535.1	11528	12301	0.00
NC_008535.1	11528	12326	0.00
NC_008535.1	11528	12351	0.00
NC_008535.1	11528	12376	0.00
NC_008535.1	11528	12401	0.00
NC_008535.1	11528	12426	0.00
NC_008535.1	11528	12451	0.00
NC_008535.1	11528	12476	0.00
NC_008535.1	11528	12501	0.00
NC_008535.1	11528	12526	0.00
NC_008535.1	11528	12551	0.00
NC_008535.1	11528	12576	0.00
NC_008535.1	11528	12601	0.00
NC_008535.1	11528	12626	0.00
NC_008535.1	11528	12651	0.00
NC_008535.1	11528	12676	0.00
NC_008535.1	11528	12701	0.00
NC_008535.1	11528	12726	0.00
NC_008535.1	11528	12751	0.00
NC_008535.1	11528	12776	0.00
NC_008535.1	11528	12801	0.00
NC_008535.1	11528	12826	0.00
NC_008535.1	11528	12851	0.00
NC_008535.1	11528	12876	0.00
NC_008535.1	11528	12901	0.00
NC_008535.1	11528	12926	0.00
NC_008535.1	11528	12951	0.00
NC_008535.1	11528	12976	0.00
NC_008535.1	11528	13001	0.00
NC_008535.1	11528	13026	0.00
NC_008535.1	11528	13051	0.00
NC_008535.1	11528	13076	0.00
NC_008535.1	11528	13101	0.00
NC_008535.1	11528	13126	0.00
NC_008535.1	11528	13151	0.00
NC_008535.1	11528	13176	0.00
NC_008535.1	11528	13201	0.00
NC_008535.1	11528	13226	0.00
NC_008535.1	11528	13251	0.00
NC_008535.1	11528	13276	0.00
NC_008535.1	11528	13301	0.00
NC_008535.1	11528	13326	0.00
NC_008535.1	11528	13351	0.00
NC_008535.1	11528	13376	0.00
NC_008535.1	11528	13401	0.00
NC_008535.1	11528	13426	0.00
NC_008535.1	11528	13451	0.00
NC_008535.1	11528	13476	0.00
NC_008535.1	11528	13501	0.00
NC_008535.1	11528	13526	0.00
NC_008535.1	34054	32051	0.00
NC_008535.1	34054	32076	0.00
NC_008535.1	34054	32101	0.00
NC_008535.1	34054	32126	0.00
NC_008535.1	34054	32151	0.00
NC_008535.1	34054	32176	0.00
NC_008535.1	34054	32201	0.00
NC_008535.1	34054	32226	0.00
NC_008535.1	34054	32251	0.00
NC_008535.1	34054	32276	0.00
NC_008535.1	34054	32301	0.00
NC_008535.1	34054	32326	0.00
NC_008535.1	34054	32351	0.00
NC_008535.1	34054	32376	0.00
NC_008535.1	34054	32401	0.00
NC_008535.1	34054	32426	0.00
NC_008535.1	34054	32451	0.00
NC_008535.1	34054	32476	0.00
NC_008535.1	34054	32501	0.00
NC_008535.1	34054	32526	0.00
NC_008535.1	34054	32551	0.00
NC_008535.1	34054	32576	0.00
NC_008535.1	34054	32601	0.00
NC_008535.1	34054	32626	0.00
NC_008535.1	34054	32651	0.00
NC_008535.1	34054	32676	0.00
NC_008535.1	34054	32701	0.00
NC_008535.1	34054	32726	0.00
NC_008535.1	34054	32751	0.00
NC_008535.1	34054	32776	0.00
NC_008535.1	34054	32801	0.00
NC_008535.1	34054	32826	0.00
NC_008535.1	34054	32851	0.00
NC_008535.1	34054	32876	0.00
NC_008535.1	34054	32901	0.00
NC_008535.1	34054	32926	0.00
NC_008535.1	34054	32951	0.00
NC_008535.1	34054	32976	0.00
NC_008535.1	34054	33001	0.00
NC_008535.1	34054	33026	0.00
NC_008535.1	34054	33051	0.00
NC_008535.1	34054	33076	0.00
NC_008535.1	34054	33101	0.00
NC_008535.1	34054	33126	0.00
NC_008535.1	34054	33151	0.00
NC_008535.1	34054	33176	0.00
NC_008535.1	34054	33201	0.00
NC_008535.1	34054	33226	0.00
NC_008535.1	34054	33251	0.00
NC_008535.1	34054	33276	0.00
NC_008535.1	34054	33301	0.00
NC_008535.1	34054	33326	0.00
NC_008535.1	34054	33351	0.00
NC_008535.1	34054	33376	0.00
NC_008535.1	34054	33401	0.00
NC_008535.1	34054	33426	0.00
NC_008535.1	34054	33451	0.00
NC_008535.1	34054	33476	0.00
NC_008535.1	34054	33501	0.00
NC_008535.1	34054	33526	0.00
NC_008535.1	34054	33551	0.00
NC_008535.1	34054	33576	0.00
NC_008535.1	34054	33601	0.00
NC_008535.1	34054	33626	0.00
NC_008535.1	34054	33651	0.00
NC_008535.1	34054	33676	0.00
NC_008535.1	34054	33701	0.00
NC_008535.1	34054	33726	0.00
NC_008535.1	34054	33751	0.00
NC_008535.1	34054	33776	0.00
NC_008535.1	34054	33801	0.00
NC_008535.1	34054	33826	0.00
NC_008535.1	34054	33851	0.00
NC_008535.1	34054	33876	0.00
NC_008535.1	34054	33901	0.00
NC_008535.1	34054	33926	0.00
NC_008535.1	34054	33951	0.00
NC_008535.1	34054	33976	0.00
NC_008535.1	34054	34001	0.32
NC_008535.1	34054	34026	1.00
NC_008535.1	34054	34051	1.00
NC_008535.1	34054	34076	1.00
NC_008535.1	34054	34101	1.00
NC_008535.1	34054	34126	1.64
NC_008535.1	34054	34151	1.68
NC_008535.1	34054	34176	1.00
NC_008535.1	34054	34201	1.00
NC_008535.1	34054	34226	1.00
NC_008535.1	34054	34251	1.00
NC_008535.1	34054	34276	0.36
NC_008535.1	34054	34301	0.00
NC_008535.1	34054	34326	0.00
NC_008535.1	34054	34351	0.00
NC_008535.1	34054	34376	0.00
NC_008535.1	34054	34401	0.00
NC_008535.1	34054	34426	0.00
NC_008535.1	34054	34451	0.00
NC_008535.1	34054	34476	0.00
NC_008535.1	34054	34501	0.00
NC_008535.1	34054	34526	0.00
NC_008535.1	34054	34551	0.00
NC_008535.1	34054	34576	0.00
NC_008535.1	34054	34601	0.00
NC_008535.1	34054	34626	0.00
NC_008535.1	34054	34651	0.00
NC_008535.1	34054	34676	0.00
NC_008535.1	34054	34701	0.00
NC_008535.1	34054	34726	0.00
NC_008535.1	34054	34751	0.00
NC_008535.1	34054	34776	0.00
NC_008535.1	34054	34801	0.00
NC_008535.1	34054	34826	0.00
NC_008535.1	34054	34851	0.00
NC_008535.1	34054	34876	0.00
NC_008535.1	34054	34901	0.00
NC_008535.1	34054	34926	0.00
NC_008535.1	34054	34951	0.00
NC_008535.1	34054	34976	0.00
NC_008535.1	34054	35001	0.00
NC_008535.1	34054	35026	0.00
NC_008535.1	34054	35051	0.00
NC_008535.1	34054	35076	0.00
NC_008535.1	34054	35101	0.00
NC_008535.1	34054	35126	0.00
NC_008535.1	34054	35151	0.00
NC_008535.1	34054	35176	0.00
NC_008535.1	34054	35201	0.00
NC_008535.1	34054	35226	0.00
NC_008535.1	34054	35251	0.00
NC_008535.1	34054	35276	0.00
NC_008535.1	34054	35301	0.00
NC_008535.1	34054	35326	0.00
NC_008535.1	34054	35351	0.00
NC_008535.1	34054	35376	0.00
NC_008535.1	34054	35401	0.00
NC_008535.1	34054	35426	0.00
NC_008535.1	34054	35451	0.00
NC_008535.1	34054	35476	0.00
NC_008535.1	34054	35501	0.00
NC_008535.1	34054	35526	0.00
NC_008535.1	34054	35551	0.00
NC_008535.1	34054	35576	0.00
NC_008535.1	34054	35601	0.00
NC_008535.1	34054	35626	0.00
NC_008535.1	34054	35651	0.00
NC_008535.1	34054	35676	0.00
NC_008535.1	34054	35701	0.00
NC_008535.1	34054	35726	0.00
NC_008535.1	34054	35751	0.00
NC_008535.1	34054	35776	0.00
NC_008535.1	34054	35801	0.00
NC_008535.1	34054	35826	0.00
NC_008535.1	34054	35851	0.00
NC_008535.1	34054	35876	0.00
NC_008535.1	34054	35901	0.00
NC_008535.1	34054	35926	0.00
NC_008535.1	34054	35951	0.00
NC_008535.1	34054	35976	0.00
NC_008535.1	34054	36001	0.00
NC_008535.1	34054	36026	0.00
NC_008535.1	34054	36051	0.00
NC_008535.1	34058	32051	0.00
NC_008535.1	34058	32076	0.00
NC_008535.1	34058	32101	0.00
NC_008535.1	34058	32126	0.00
NC_008535.1	34058	32151	0.00
NC_008535.1	34058	32176	0.00
NC_008535.1	34058	32201	0.00
NC_008535.1	34058	32226	0.00
NC_008535.1	34058	32251	0.00
NC_008535.1	34058	32276	0.00
NC_008535.1	34058	32301	0.00
NC_008535.1	34058	32326	0.00
NC_008535.1	34058	32351	0.00
NC_008535.1	34058	32376	0.00
NC_008535.1	34058	32401	0.00
NC_008535.1	34058	32426	0.00
NC_008535.1	34058	32451	0.00
NC_008535.1	34058	32476	0.00
NC_008535.1	34058	32501	0.00
NC_008535.1	34058	32526	0.00
NC_008535.1	34058	32551	0.00
NC_008535.1	34058	32576	0.00
NC_008535.1	34058	32601	0.00
NC_008535.1	34058	32626	0.00
NC_008535.1	34058	32651	0.00
NC_008535.1	34058	32676	0.00
NC_008535.1	34058	32701	0.00
NC_008535.1	34058	32726	0.00
NC_008535.1	34058	32751	0.00
NC_008535.1	34058	32776	0.00
NC_008535.1	34058	32801	0.00
NC_008535.1	34058	32826	0.00
NC_008535.1	34058	32851	0.00
NC_008535.1	34058	32876	0.00
NC_008535.1	34058	32901	0.00
NC_008535.1	34058	32926	0.00
NC_008535.1	34058	32951	0.00
NC_008535.1	34058	32976	0.00
NC_008535.1	34058	33001	0.00
NC_008535.1	34058	33026	0.00
NC_008535.1	34058	33051	0.00
NC_008535.1	34058	33076	0.00
NC_008535.1	34058	33101	0.00
NC_008535.1	34058	33126	0.00
NC_008535.1	34058	33151	0.00
NC_008535.1	34058	33176	0.00
NC_008535.1	34058	33201	0.00
NC_008535.1	34058	33226	0.00
NC_008535.1	34058	33251	0.00
NC_008535.1	34058	33276	0.00
NC_008535.1	34058	33301	0.00
NC_008535.1	34058	33326	0.00
NC_008535.1	34058	33351	0.00
NC_008535.1	34058	33376	0.00
NC_008535.1	34058	33401	0.00
NC_008535.1	34058	33426	0.00
NC_008535.1	34058	33451	0.00
NC_008535.1	34058	33476	0.00
NC_008535.1	34058	33501	0.00
NC_008535.1	34058	33526	0.00
NC_008535.1	34058	33551	0.00
NC_008535.1	34058	33576	0.00
NC_008535.1	34058	33601	0.00
NC_008535.1	34058	33626	0.00
NC_008535.1	34058	33651	0.00
NC_008535.1	34058	33676	0.00
NC_008535.1	34058	33701	0.00
NC_008535.1	34058	33726	0.00
NC_008535.1	34058	33751	0.00
NC_008535.1	34058	33776	0.00
NC_008535.1	34058	33801	0.00
NC_008535.1	34058	33826	0.00
NC_008535.1	34058	33851	0.00
NC_008535.1	34058	33876	0.00
NC_008535.1	34058	33901	0.00
NC_008535.1	34058	33926	0.00
NC_008535.1	34058	33951	0.00
NC_008535.1	34058	33976	0.00
NC_008535.1	34058	34001	0.32
NC_008535.1	34058	34026	1.00
NC_008535.1	34058	34051	1.00
NC_008535.1	34058	34076	1.00
NC_008535.1	34058	34101	1.00
NC_008535.1	34058	34126	1.64
NC_008535.1	34058	34151	1.68
NC_008535.1	34058	34176	1.00
NC_008535.1	34058	34201	1.00
NC_008535.1	34058	34226	1.00
NC_008535.1	34058	34251	1.00
NC_008535.1	34058	34276	0.36
NC_008535.1	34058	34301	0.00
NC_008535.1	34058	34326	0.00
NC_008535.1	34058	34351	0.00
NC_008535.1	34058	34376	0.00
NC_008535.1	34058	34401	0.00
NC_008535.1	34058	34426	0.00
NC_008535.1	34058	34451	0.00
NC_008535.1	34058	34476	0.00
NC_008535.1	34058	34501	0.00
NC_008535.1	34058	34526	0.00
NC_008535.1	34058	34551	0.00
NC_008535.1	34058	34576	0.00
NC_008535.1	34058	34601	0.00
NC_008535.1	34058	34626	0.00
NC_008535.1	34058	34651	0.00
NC_008535.1	34058	34676	0.00
NC_008535.1	34058	34701	0.00
NC_008535.1	34058	34726	0.00
NC_008535.1	34058	34751	0.00
NC_008535.1	34058	34776	0.00
NC_008535.1	34058	34801	0.00
NC_008535.1	34058	34826	0.00
NC_008535.1	34058	34851	0.00
NC_008535.1	34058	34876	0.00
NC_008535.1	34058	34901	0.00
NC_008535.1	34058	34926	0.00
NC_008535.1	34058	34951	0.00
NC_008535.1	34058	34976	0.00
NC_008535.1	34058	35001	0.00
NC_008535.1	34058	35026	0.00
NC_008535.1	34058	35051	0.00
NC_008535.1	34058	35076	0.00
NC_008535.1	34058	35101	0.00
NC_008535.1	34058	35126	0.00
NC_008535.1	34058	35151	0.00
NC_008535.1	34058	35176	0.00
NC_008535.1	34058	35201	0.00
NC_008535.1	34058	35226	0.00
NC_008535.1	34058	35251	0.00
NC_008535.1	34058	35276	0.00
NC_008535.1	34058	35301	0.00
NC_008535.1	34058	35326	0.00
NC_008535.1	34058	35351	0.00
NC_008535.1	34058	35376	0.00
NC_008535.1	34058	35401	0.00
NC_008535.1	34058	35426	0.00
NC_008535.1	34058	35451	0.00
NC_008535.1	34058	35476	0.00
NC_008535.1	34058	35501	0.00
NC_008535.1	34058	35526	0.00
NC_008535.1	34058	35551	0.00
NC_008535.1	34058	35576	0.00
NC_008535.1	34058	35601	0.00
NC_008535.1	34058	35626	0.00
NC_008535.1	34058	35651	0.00
NC_008535.1	34058	35676	0.00
NC_008535.1	34058	35701	0.00
NC_008535.1	34058	35726	0.00
NC_008535.1	34058	35751	0.00
NC_008535.1	34058	35776	0.00
NC_008535.1	34058	35801	0.00
NC_008535.1	34058	35826	0.00
NC_008535.1	34058	35851	0.00
NC_008535.1	34058	35876	0.00
NC_008535.1	34058	35901	0.00
NC_008535.1	34058	35926	0.00
NC_008535.1	34058	35951	0.00
NC_008535.1	34058	35976	0.00
NC_008535.1	34058	36001	0.00
NC_008535.1	34058	36026	0.00
NC_008535.1	34058	36051	0.00
NC_008535.1	34084	32076	0.00
NC_008535.1	34084	32101	0.00
NC_008535.1	34084	32126	0.00
NC_008535.1	34084	32151	0.00
NC_008535.1	34084	32176	0.00
NC_008535.1	34084	32201	0.00
NC_008535.1	34084	32226	0.00
NC_008535.1	34084	32251	0.00
NC_008535.1	34084	32276	0.00
NC_008535.1	34084	32301	0.00
NC_008535.1	34084	32326	0.00
NC_008535.1	34084	32351	0.00
NC_008535.1	34084	32376	0.00
NC_008535.1	34084	32401	0.00
NC_008535.1	34084	32426	0.00
NC_008535.1	34084	32451	0.00
NC_008535.1	34084	32476	0.00
NC_008535.1	34084	32501	0.00
NC_008535.1	34084	32526	0.00
NC_008535.1	34084	32551	0.00
NC_008535.1	34084	32576	0.00
NC_008535.1	34084	32601	0.00
NC_008535.1	34084	32626	0.00
NC_008535.1	34084	32651	0.00
NC_008535.1	34084	32676	0.00
NC_008535.1	34084	32701	0.00
NC_008535.1	34084	32726	0.00
NC_008535.1	34084	32751	0.00
NC_008535.1	34084	32776	0.00
NC_008535.1	34084	32801	0.00
NC_008535.1	34084	32826	0.00
NC_008535.1	34084	32851	0.00
NC_008535.1	34084	32876	0.00
NC_008535.1	34084	32901	0.00
NC_008535.1	34084	32926	0.00
NC_008535.1	34084	32951	0.00
NC_008535.1	34084	32976	0.00
NC_008535.1	34084	33001	0.00
NC_008535.1	34084	33026	0.00
NC_008535.1	34084	33051	0.00
NC_008535.1	34084	33076	0.00
NC_008535.1	34084	33101	0.00
NC_008535.1	34084	33126	0.00
NC_008535.1	34084	33151	0.00
NC_008535.1	34084	33176	0.00
NC_008535.1	34084	33201	0.00
NC_008535.1	34084	33226	0.00
NC_008535.1	34084	33251	0.00
NC_008535.1	34084	33276	0.00
NC_008535.1	34084	33301	0.00
NC_008535.1	34084	33326	0.00
NC_008535.1	34084	33351	0.00
NC_008535.1	34084	33376	0.00
NC_008535.1	34084	33401	0.00
NC_008535.1	34084	33426	0.00
NC_008535.1	34084	33451	0.00
NC_008535.1	34084	33476	0.00
NC_008535.1	34084	33501	0.00
NC_008535.1	34084	33526	0.00
NC_008535.1	34084	33551	0.00
NC_008535.1	34084	33576	0.00
NC_008535.1	34084	33601	0.00
NC_008535.1	34084	33626	0.00
NC_008535.1	34084	33651	0.00
NC_008535.1	34084	33676	0.00
NC_008535.1	34084	33701	0.00
NC_008535.1	34084	33726	0.00
NC_008535.1	34084	33751	0.00
NC_008535.1	34084	33776	0.00
NC_008535.1	34084	33801	0.00
NC_008535.1	34084	33826	0.00
NC_008535.1	34084	33851	0.00
NC_008535.1	34084	33876	0.00
NC_008535.1	34084	33901	0.00
NC_008535.1	34084	33926	0.00
NC_008535.1	34084	33951	0.00
NC_008535.1	34084	33976	0.00
NC_008535.1	34084	34001	0.32
NC_008535.1	34084	34026	1.00
NC_008535.1	34084	34051	1.00
NC_008535.1	34084	34076	1.00
NC_008535.1	34084	34101	1.00
NC_008535.1	34084	34126	1.64
NC_008535.1	34084	34151	1.68
NC_008535.1	34084	34176	1.00
NC_008535.1	34084	34201	1.00
NC_008535.1	34084	34226	1.00
NC_008535.1	34084	34251	1.00
NC_008535.1	34084	34276	0.36
NC_008535.1	34084	34301	0.00
NC_008535.1	34084	34326	0.00
NC_008535.1	34084	34351	0.00
NC_008535.1	34084	34376	0.00
NC_008535.1	34084	34401	0.00
NC_008535.1	34084	34426	0.00
NC_008535.1	34084	34451	0.00
NC_008535.1	34084	34476	0.00
NC_008535.1	34084	34501	0.00
NC_008535.1	34084	34526	0.00
NC_008535.1	34084	34551	0.00
NC_008535.1	34084	34576	0.00
NC_008535.1	34084	34601	0.00
NC_008535.1	34084	34626	0.00
NC_008535.1	34084	34651	0.00
NC_008535.1	34084	34676	0.00
NC_008535.1	34084	34701	0.00
NC_008535.1	34084	34726	0.00
NC_008535.1	34084	34751	0.00
NC_008535.1	34084	34776	0.00
NC_008535.1	34084	34801	0.00
NC_008535.1	34084	34826	0.00
NC_008535.1	34084	34851	0.00
NC_008535.1	34084	34876	0.00
NC_008535.1	34084	34901	0.00
NC_008535.1	34084	34926	0.00
NC_008535.1	34084	34951	0.00
NC_008535.1	34084	34976	0.00
NC_008535.1	34084	35001	0.00
NC_008535.1	34084	35026	0.00
NC_008535.1	34084	35051	0.00
NC_008535.1	34084	35076	0.00
NC_008535.1	34084	35101	0.00
NC_008535.1	34084	35126	0.00
NC_008535.1	34084	35151	0.00
NC_008535.1	34084	35176	0.00
NC_008535.1	34084	35201	0.00
NC_008535.1	34084	35226	0.00
NC_008535.1	34084	35251	0.00
NC_008535.1	34084	35276	0.00
NC_008535.1	34084	35301	0.00
NC_008535.1	34084	35326	0.00
NC_008535.1	34084	35351	0.00
NC_008535.1	34084	35376	0.00
NC_008535.1	34084	35401	0.00
NC_008535.1	34084	35426	0.00
NC_008535.1	34084	35451	0.00
NC_008535.1	34084	35476	0.00
NC_008535.1	34084	35501	0.00
NC_008535.1	34084	35526	0.00
NC_008535.1	34084	35551	0.00
NC_008535.1	34084	35576	0.00
NC_008535.1	34084	35601	0.00
NC_008535.1	34084	35626	0.00
NC_008535.1	34084	35651	0.00
NC_008535.1	34084	35676	0.00
NC_008535.1	34084	35701	0.00
NC_008535.1	34084	35726	0.00
NC_008535.1	34084	35751	0.00
NC_008535.1	34084	35776	0.00
NC_008535.1	34084	35801	0.00
NC_008535.1	34084	35826	0.00
NC_008535.1	34084	35851	0.00
NC_008535.1	34084	35876	0.00
NC_008535.1	34084	35901	0.00
NC_008535.1	34084	35926	0.00
NC_008535.1	34084	35951	0.00
NC_008535.1	34084	35976	0.00
NC_008535.1	34084	36001	0.00
NC_008535.1	34084	36026	0.00
NC_008535.1	34084	36051	0.00
NC_008535.1	34084	36076	0.00
NC_008535.1	34090	32076	0.00
NC_008535.1	34090	32101	0.00
NC_008535.1	34090	32126	0.00
NC_008535.1	34090	32151	0.00
NC_008535.1	34090	32176	0.00
NC_008535.1	34090	32201	0.00
NC_008535.1	34090	32226	0.00
NC_008535.1	34090	32251	0.00
NC_008535.1	34090	32276	0.00
NC_008535.1	34090	32301	0.00
NC_008535.1	34090	32326	0.00
NC_008535.1	34090	32351	0.00
NC_008535.1	34090	32376	0.00
NC_008535.1	34090	32401	0.00
NC_008535.1	34090	32426	0.00
NC_008535.1	34090	32451	0.00
NC_008535.1	34090	32476	0.00
NC_008535.1	34090	32501	0.00
NC_008535.1	34090	32526	0.00
NC_008535.1	34090	32551	0.00
NC_008535.1	34090	32576	0.00
NC_008535.1	34090	32601	0.00
NC_008535.1	34090	32626	0.00
NC_008535.1	34090	32651	0.00
NC_008535.1	34090	32676	0.00
NC_008535.1	34090	32701	0.00
NC_008535.1	34090	32726	0.00
NC_008535.1	34090	32751	0.00
NC_008535.1	34090	32776	0.00
NC_008535.1	34090	32801	0.00
NC_008535.1	34090	32826	0.00
NC_008535.1	34090	32851	0.00
NC_008535.1	34090	32876	0.00
NC_008535.1	34090	32901	0.00
NC_008535.1	34090	32926	0.00
NC_008535.1	34090	32951	0.00
NC_008535.1	34090	32976	0.00
NC_008535.1	34090	33001	0.00
NC_008535.1	34090	33026	0.00
NC_008535.1	34090	33051	0.00
NC_008535.1	34090	33076	0.00
NC_008535.1	34090	33101	0.00
NC_008535.1	34090	33126	0.00
NC_008535.1	34090	33151	0.00
NC_008535.1	34090	33176	0.00
NC_008535.1	34090	33201	0.00
NC_008535.1	34090	33226	0.00
NC_008535.1	34090	33251	0.00
NC_008535.1	34090	33276	0.00
NC_008535.1	34090	33301	0.00
NC_008535.1	34090	33326	0.00
NC_008535.1	34090	33351	0.00
NC_008535.1	34090	33376	0.00
NC_008535.1	34090	33401	0.00
NC_008535.1	34090	33426	0.00
NC_008535.1	34090	33451	0.00
NC_008535.1	34090	33476	0.00
NC_008535.1	34090	33501	0.00
NC_008535.1	34090	33526	0.00
NC_008535.1	34090	33551	0.00
NC_008535.1	34090	33576	0.00
NC_008535.1	34090	33601	0.00
NC_008535.1	34090	33626	0.00
NC_008535.1	34090	33651	0.00
NC_008535.1	34090	33676	0.00
NC_008535.1	34090	33701	0.00
NC_008535.1	34090	33726	0.00
NC_008535.1	34090	33751	0.00
NC_008535.1	34090	33776	0.00
NC_008535.1	34090	33801	0.00
NC_008535.1	34090	33826	0.00
NC_008535.1	34090	33851	0.00
NC_008535.1	34090	33876	0.00
NC_008535.1	34090	33901	0.00
NC_008535.1	34090	33926	0.00
NC_008535.1	34090	33951	0.00
NC_008535.1	34090	33976	0.00
NC_008535.1	34090	34001	0.32
NC_008535.1	34090	34026	1.00
NC_008535.1	34090	34051	1.00
NC_008535.1	34090	34076	1.00
NC_008535.1	34090	34101	1.00
NC_008535.1	34090	34126	1.64
NC_008535.1	34090	34151	1.68
NC_008535.1	34090	34176	1.00
NC_008535.1	34090	34201	1.00
NC_008535.1	34090	34226	1.00
NC_008535.1	34090	34251	1.00
NC_008535.1	34090	34276	0.36
NC_008535.1	34090	34301	0.00
NC_008535.1	34090	34326	0.00
NC_008535.1	34090	34351	0.00
NC_008535.1	34090	34376	0.00
NC_008535.1	34090	34401	0.00
NC_008535.1	34090	34426	0.00
NC_008535.1	34090	34451	0.00
NC_008535.1	34090	34476	0.00
NC_008535.1	34090	34501	0.00
NC_008535.1	34090	34526	0.00
NC_008535.1	34090	34551	0.00
NC_008535.1	34090	34576	0.00
NC_008535.1	34090	34601	0.00
NC_008535.1	34090	34626	0.00
NC_008535.1	34090	34651	0.00
NC_008535.1	34090	34676	0.00
NC_008535.1	34090	34701	0.00
NC_008535.1	34090	34726	0.00
NC_008535.1	34090	34751	0.00
NC_008535.1	34090	34776	0.00
NC_008535.1	34090	34801	0.00
NC_008535.1	34090	34826	0.00
NC_008535.1	34090	34851	0.00
NC_008535.1	34090	34876	0.00
NC_008535.1	34090	34901	0.00
NC_008535.1	34090	34926	0.00
NC_008535.1	34090	34951	0.00
NC_008535.1	34090	34976	0.00
NC_008535.1	34090	35001	0.00
NC_008535.1	34090	35026	0.00
NC_008535.1	34090	35051	0.00
NC_008535.1	34090	35076	0.00
NC_008535.1	34090	35101	0.00
NC_008535.1	34090	35126	0.00
NC_008535.1	34090	35151	0.00
NC_008535.1	34090	35176	0.00
NC_008535.1	34090	35201	0.00
NC_008535.1	34090	35226	0.00
NC_008535.1	34090	35251	0.00
NC_008535.1	34090	35276	0.00
NC_008535.1	34090	35301	0.00
NC_008535.1	34090	35326	0.00
NC_008535.1	34090	35351	0.00
NC_008535.1	34090	35376	0.00
NC_008535.1	34090	35401	0.00
NC_008535.1	34090	35426	0.00
NC_008535.1	34090	35451	0.00
NC_008535.1	34090	35476	0.00
NC_008535.1	34090	35501	0.00
NC_008535.1	34090	35526	0.00
NC_008535.1	34090	35551	0.00
NC_008535.1	34090	35576	0.00
NC_008535.1	34090	35601	0.00
NC_008535.1	34090	35626	0.00
NC_008535.1	34090	35651	0.00
NC_008535.1	34090	35676	0.00
NC_008535.1	34090	35701	0.00
NC_008535.1	34090	35726	0.00
NC_008535.1	34090	35751	0.00
NC_008535.1	34090	35776	0.00
NC_008535.1	34090	35801	0.00
NC_008535.1	34090	35826	0.00
NC_008535.1	34090	35851	0.00
NC_008535.1	34090	35876	0.00
NC_008535.1	34090	35901	0.00
NC_008535.1	34090	35926	0.00
NC_008535.1	34090	35951	0.00
NC_008535.1	34090	35976	0.00
NC_008535.1	34090	36001	0.00
NC_008535.1	34090	36026	0.00
NC_008535.1	34090	36051	0.00
NC_008535.1	34090	36076	0.00
NC_008535.1	34147	32126	0.00
NC_008535.1	34147	32151	0.00
NC_008535.1	34147	32176	0.00
NC_008535.1	34147	32201	0.00
NC_008535.1	34147	32226	0.00
NC_008535.1	34147	32251	0.00
NC_008535.1	34147	32276	0.00
NC_008535.1	34147	32301	0.00
NC_008535.1	34147	32326	0.00
NC_008535.1	34147	32351	0.00
NC_008535.1	34147	32376	0.00
NC_008535.1	34147	32401	0.00
NC_008535.1	34147	32426	0.00
NC_008535.1	34147	32451	0.00
NC_008535.1	34147	32476	0.00
NC_008535.1	34147	32501	0.00
NC_008535.1	34147	32526	0.00
NC_008535.1	34147	32551	0.00
NC_008535.1	34147	32576	0.00
NC_008535.1	34147	32601	0.00
NC_008535.1	34147	32626	0.00
NC_008535.1	34147	32651	0.00
NC_008535.1	34147	32676	0.00
NC_008535.1	34147	32701	0.00
NC_008535.1	34147	32726	0.00
NC_008535.1	34147	32751	0.00
NC_008535.1	34147	32776	0.00
NC_008535.1	34147	32801	0.00
NC_008535.1	34147	32826	0.00
NC_008535.1	34147	32851	0.00
NC_008535.1	34147	32876	0.00
NC_008535.1	34147	32901	0.00
NC_008535.1	34147	32926	0.00
NC_008535.1	34147	32951	0.00
NC_008535.1	34147	32976	0.00
NC_008535.1	34147	33001	0.00
NC_008535.1	34147	33026	0.00
NC_008535.1	34147	33051	0.00
NC_008535.1	34147	33076	0.00
NC_008535.1	34147	33101	0.00
NC_008535.1	34147	33126	0.00
NC_008535.1	34147	33151	0.00
NC_008535.1	34147	33176	0.00
NC_008535.1	34147	33201	0.00
NC_008535.1	34147	33226	0.00
NC_008535.1	34147	33251	0.00
NC_008535.1	34147	33276	0.00
NC_008535.1	34147	33301	0.00
NC_008535.1	34147	33326	0.00
NC_008535.1	34147	33351	0.00
NC_008535.1	34147	33376	0.00
NC_008535.1	34147	33401	0.00
NC_008535.1	34147	33426	0.00
NC_008535.1	34147	33451	0.00
NC_008535.1	34147	33476	0.00
NC_008535.1	34147	33501	0.00
NC_008535.1	34147	33526	0.00
NC_008535.1	34147	33551	0.00
NC_008535.1	34147	33576	0.00
NC_008535.1	34147	33601	0.00
NC_008535.1	34147	33626	0.00
NC_008535.1	34147	33651	0.00
NC_008535.1	34147	33676	0.00
NC_008535.1	34147	33701	0.00
NC_008535.1	34147	33726	0.00
NC_008535.1	34147	33751	0.00
NC_008535.1	34147	33776	0.00
NC_008535.1	34147	33801	0.00
NC_008535.1	34147	33826	0.00
NC_008535.1	34147	33851	0.00
NC_008535.1	34147	33876	0.00
NC_008535.1	34147	33901	0.00
NC_008535.1	34147	33926	0.00
NC_008535.1	34147	33951	0.00
NC_008535.1	34147	33976	0.00
NC_008535.1	34147	34001	0.32
NC_008535.1	34147	34026	1.00
NC_008535.1	34147	34051	1.00
NC_008535.1	34147	34076	1.00
NC_008535.1	34147	34101	1.00
NC_008535.1	34147	34126	1.64
NC_008535.1	34147	34151	1.68
NC_008535.1	34147	34176	1.00
NC_008535.1	34147	34201	1.00
NC_008535.1	34147	34226	1.00
NC_008535.1	34147	34251	1.00
NC_008535.1	34147	34276	0.36
NC_008535.1	34147	34301	0.00
NC_008535.1	34147	34326	0.00
NC_008535.1	34147	34351	0.00
NC_008535.1	34147	34376	0.00
NC_008535.1	34147	34401	0.00
NC_008535.1	34147	34426	0.00
NC_008535.1	34147	34451	0.00
NC_008535.1	34147	34476	0.00
NC_008535.1	34147	34501	0.00
NC_008535.1	34147	34526	0.00
NC_008535.1	34147	34551	0.00
NC_008535.1	34147	34576	0.00
NC_008535.1	34147	34601	0.00
NC_008535.1	34147	34626	0.00
NC_008535.1	34147	34651	0.00
NC_008535.1	34147	34676	0.00
NC_008535.1	34147	34701	0.00
NC_008535.1	34147	34726	0.00
NC_008535.1	34147	34751	0.00
NC_008535.1	34147	34776	0.00
NC_008535.1	34147	34801	0.00
NC_008535.1	34147	34826	0.00
NC_008535.1	34147	34851	0.00
NC_008535.1	34147	34876	0.00
NC_008535.1	34147	34901	0.00
NC_008535.1	34147	34926	0.00
NC_008535.1	34147	34951	0.00
NC_008535.1	34147	34976	0.00
NC_008535.1	34147	35001	0.00
NC_008535.1	34147	35026	0.00
NC_008535.1	34147	35051	0.00
NC_008535.1	34147	35076	0.00
NC_008535.1	34147	35101	0.00
NC_008535.1	34147	35126	0.00
NC_008535.1	34147	35151	0.00
NC_008535.1	34147	35176	0.00
NC_008535.1	34147	35201	0.00
NC_008535.1	34147	35226	0.00
NC_008535.1	34147	35251	0.00
NC_008535.1	34147	35276	0.00
NC_008535.1	34147	35301	0.00
NC_008535.1	34147	35326	0.00
NC_008535.1	34147	35351	0.00
NC_008535.1	34147	35376	0.00
NC_008535.1	34147	35401	0.00
NC_008535.1	34147	35426	0.00
NC_008535.1	34147	35451	0.00
NC_008535.1	34147	35476	0.00
NC_008535.1	34147	35501	0.00
NC_008535.1	34147	35526	0.00
NC_008535.1	34147	35551	0.00
NC_008535.1	34147	35576	0.00
NC_008535.1	34147	35601	0.00
NC_008535.1	34147	35626	0.00
NC_008535.1	34147	35651	0.00
NC_008535.1	34147	35676	0.00
NC_008535.1	34147	35701	0.00
NC_008535.1	34147	35726	0.00
NC_008535.1	34147	35751	0.00
NC_008535.1	34147	35776	0.00
NC_008535.1	34147	35801	0.00
NC_008535.1	34147	35826	0.00
NC_008535.1	34147	35851	0.00
NC_008535.1	34147	35876	0.00
NC_008535.1	34147	35901	0.00
NC_008535.1	34147	35926	0.00
NC_008535.1	34147	35951	0.00
NC_008535.1	34147	35976	0.00
NC_008535.1	34147	36001	0.00
NC_008535.1	34147	36026	0.00
NC_008535.1	34147	36051	0.00
NC_008535.1	34147	36076	0.00
NC_008535.1	34147	36101	0.00
NC_008535.1	34147	36126	0.00
NC_008535.1	39721	37701	0.00
NC_008535.1	39721	37726	0.00
NC_008535.1	39721	37751	0.00
NC_008535.1	39721	37776	0.00
NC_008535.1	39721	37801	0.00
NC_008535.1	39721	37826	0.00
NC_008535.1	39721	37851	0.00
NC_008535.1	39721	37876	0.00
NC_008535.1	39721	37901	0.00
NC_008535.1	39721	37926	0.00
NC_008535.1	39721	37951	0.00
NC_008535.1	39721	37976	0.00
NC_008535.1	39721	38001	0.00
NC_008535.1	39721	38026	0.00
NC_008535.1	39721	38051	0.00
NC_008535.1	39721	38076	0.00
NC_008535.1	39721	38101	0.00
NC_008535.1	39721	38126	0.00
NC_008535.1	39721	38151	0.00
NC_008535.1	39721	38176	0.00
NC_008535.1	39721	38201	0.00
NC_008535.1	39721	38226	0.00
NC_008535.1	39721	38251	0.00
NC_008535.1	39721	38276	0.00
NC_008535.1	39721	38301	0.00
NC_008535.1	39721	38326	0.00
NC_008535.1	39721	38351	0.00
NC_008535.1	39721	38376	0.00
NC_008535.1	39721	38401	0.00
NC_008535.1	39721	38426	0.00
NC_008535.1	39721	38451	0.00
NC_008535.1	39721	38476	0.00
NC_008535.1	39721	38501	0.00
NC_008535.1	39721	38526	0.00
NC_008535.1	39721	38551	0.00
NC_008535.1	39721	38576	0.00
NC_008535.1	39721	38601	0.00
NC_008535.1	39721	38626	0.00
NC_008535.1	39721	38651	0.00
NC_008535.1	39721	38676	0.00
NC_008535.1	39721	38701	0.00
NC_008535.1	39721	38726	0.00
NC_008535.1	39721	38751	0.00
NC_008535.1	39721	38776	0.00
NC_008535.1	39721	38801	0.00
NC_008535.1	39721	38826	0.00
NC_008535.1	39721	38851	0.00
NC_008535.1	39721	38876	0.00
NC_008535.1	39721	38901	0.00
NC_008535.1	39721	38926	0.00
NC_008535.1	39721	38951	0.00
NC_008535.1	39721	38976	0.00
NC_008535.1	39721	39001	0.00
NC_008535.1	39721	39026	0.00
NC_008535.1	39721	39051	0.00
NC_008535.1	39721	39076	0.00
NC_008535.1	39721	39101	0.00
NC_008535.1	39721	39126	0.00
NC_008535.1	39721	39151	0.00
NC_008535.1	39721	39176	0.00
NC_008535.1	39721	39201	0.00
NC_008535.1	39721	39226	0.00
NC_008535.1	39721	39251	0.00
NC_008535.1	39721	39276	0.00
NC_008535.1	39721	39301	0.00
NC_008535.1	39721	39326	0.00
NC_008535.1	39721	39351	0.00
NC_008535.1	39721	39376	0.00
NC_008535.1	39721	39401	0.00
NC_008535.1	39721	39426	0.00
NC_008535.1	39721	39451	0.00
NC_008535.1	39721	39476	0.00
NC_008535.1	39721	39501	0.00
NC_008535.1	39721	39526	0.00
NC_008535.1	39721	39551	0.00
NC_008535.1	39721	39576	0.00
NC_008535.1	39721	39601	0.00
NC_008535.1	39721	39626	0.00
NC_008535.1	39721	39651	0.00
NC_008535.1	39721	39676	0.00
NC_008535.1	39721	39701	0.76
NC_008535.1	39721	39726	1.00
NC_008535.1	39721	39751	1.00
NC_008535.1	39721	39776	1.00
NC_008535.1	39721	39801	1.04
NC_008535.1	39721	39826	2.00
NC_008535.1	39721	39851	1.24
NC_008535.1	39721	39876	1.00
NC_008535.1	39721	39901	1.00
NC_008535.1	39721	39926	1.60
NC_008535.1	39721	39951	1.96
NC_008535.1	39721	39976	1.00
NC_008535.1	39721	40001	1.00
NC_008535.1	39721	40026	1.00
NC_008535.1	39721	40051	1.44
NC_008535.1	39721	40076	1.68
NC_008535.1	39721	40101	2.28
NC_008535.1	39721	40126	4.00
NC_008535.1	39721	40151	4.00
NC_008535.1	39721	40176	4.00
NC_008535.1	39721	40201	3.56
NC_008535.1	39721	40226	2.72
NC_008535.1	39721	40251	1.72
NC_008535.1	39721	40276	0.00
NC_008535.1	39721	40301	0.00
NC_008535.1	39721	40326	0.00
NC_008535.1	39721	40351	0.00
NC_008535.1	39721	40376	0.00
NC_008535.1	39721	40401	0.00
NC_008535.1	39721	40426	0.00
NC_008535.1	39721	40451	0.00
NC_008535.1	39721	40476	0.00
NC_008535.1	39721	40501	0.00
NC_008535.1	39721	40526	0.00
NC_008535.1	39721	40551	0.00
NC_008535.1	39721	40576	0.00
NC_008535.1	39721	40601	0.00
NC_008535.1	39721	40626	0.00
NC_008535.1	39721	40651	0.00
NC_008535.1	39721	40676	0.12
NC_008535.1	39721	40701	1.00
NC_008535.1	39721	40726	1.00
NC_008535.1	39721	40751	1.00
NC_008535.1	39721	40776	1.00
NC_008535.1	39721	40801	1.00
NC_008535.1	39721	40826	0.88
NC_008535.1	39721	40851	0.00
NC_008535.1	39721	40876	0.00
NC_008535.1	39721	40901	0.00
NC_008535.1	39721	40926	0.00
NC_008535.1	39721	40951	0.00
NC_008535.1	39721	40976	0.00
NC_008535.1	39721	41001	0.00
NC_008535.1	39721	41026	0.00
NC_008535.1	39721	41051	0.00
NC_008535.1	39721	41076	0.00
NC_008535.1	39721	41101	0.00
NC_008535.1	39721	41126	0.00
NC_008535.1	39721	41151	0.00
NC_008535.1	39721	41176	0.00
NC_008535.1	39721	41201	0.00
NC_008535.1	39721	41226	0.00
NC_008535.1	39721	41251	0.00
NC_008535.1	39721	41276	0.00
NC_008535.1	39721	41301	0.00
NC_008535.1	39721	41326	0.00
NC_008535.1	39721	41351	0.00
NC_008535.1	39721	41376	0.00
NC_008535.1	39721	41401	0.00
NC_008535.1	39721	41426	0.92
NC_008535.1	39721	41451	1.00
NC_008535.1	39721	41476	1.60
NC_008535.1	39721	41501	2.00
NC_008535.1	39721	41526	2.12
NC_008535.1	39721	41551	3.00
NC_008535.1	39721	41576	2.08
NC_008535.1	39721	41601	2.00
NC_008535.1	39721	41626	1.40
NC_008535.1	39721	41651	1.00
NC_008535.1	39721	41676	0.88
NC_008535.1	39721	41701	0.00
NC_008535.1	39725	37701	0.00
NC_008535.1	39725	37726	0.00
NC_008535.1	39725	37751	0.00
NC_008535.1	39725	37776	0.00
NC_008535.1	39725	37801	0.00
NC_008535.1	39725	37826	0.00
NC_008535.1	39725	37851	0.00
NC_008535.1	39725	37876	0.00
NC_008535.1	39725	37901	0.00
NC_008535.1	39725	37926	0.00
NC_008535.1	39725	37951	0.00
NC_008535.1	39725	37976	0.00
NC_008535.1	39725	38001	0.00
NC_008535.1	39725	38026	0.00
NC_008535.1	39725	38051	0.00
NC_008535.1	39725	38076	0.00
NC_008535.1	39725	38101	0.00
NC_008535.1	39725	38126	0.00
NC_008535.1	39725	38151	0.00
NC_008535.1	39725	38176	0.00
NC_008535.1	39725	38201	0.00
NC_008535.1	39725	38226	0.00
NC_008535.1	39725	38251	0.00
NC_008535.1	39725	38276	0.00
NC_008535.1	39725	38301	0.00
NC_008535.1	39725	38326	0.00
NC_008535.1	39725	38351	0.00
NC_008535.1	39725	38376	0.00
NC_008535.1	39725	38401	0.00
NC_008535.1	39725	38426	0.00
NC_008535.1	39725	38451	0.00
NC_008535.1	39725	38476	0.00
NC_008535.1	39725	38501	0.00
NC_008535.1	39725	38526	0.00
NC_008535.1	39725	38551	0.00
NC_008535.1	39725	38576	0.00
NC_008535.1	39725	38601	0.00
NC_008535.1	39725	38626	0.00
NC_008535.1	39725	38651	0.00
NC_008535.1	39725	38676	0.00
NC_008535.1	39725	38701	0.00
NC_008535.1	39725	38726	0.00
NC_008535.1	39725	38751	0.00
NC_008535.1	39725	38776	0.00
NC_008535.1	39725	38801	0.00
NC_008535.1	39725	38826	0.00
NC_008535.1	39725	38851	0.00
NC_008535.1	39725	38876	0.00
NC_008535.1	39725	38901	0.00
NC_008535.1	39725	38926	0.00
NC_008535.1	39725	38951	0.00
NC_008535.1	39725	38976	0.00
NC_008535.1	39725	39001	0.00
NC_008535.1	39725	39026	0.00
NC_008535.1	39725	39051	0.00
NC_008535.1	39725	39076	0.00
NC_008535.1	39725	39101	0.00
NC_008535.1	39725	39126	0.00
NC_008535.1	39725	39151	0.00
NC_008535.1	39725	39176	0.00
NC_008535.1	39725	39201	0.00
NC_008535.1	39725	39226	0.00
NC_008535.1	39725	39251	0.00
NC_008535.1	39725	39276	0.00
NC_008535.1	39725	39301	0.00
NC_008535.1	39725	39326	0.00
NC_008535.1	39725	39351	0.00
NC_008535.1	39725	39376	0.00
NC_008535.1	39725	39401	0.00
NC_008535.1	39725	39426	0.00
NC_008535.1	39725	39451	0.00
NC_008535.1	39725	39476	0.00
NC_008535.1	39725	39501	0.00
NC_008535.1	39725	39526	0.00
NC_008535.1	39725	39551	0.00
NC_008535.1	39725	39576	0.00
NC_008535.1	39725	39601	0.00
NC_008535.1	39725	39626	0.00
NC_008535.1	39725	39651	0.00
NC_008535.1	39725	39676	0.00
NC_008535.1	39725	39701	0.76
NC_008535.1	39725	39726	1.00
NC_008535.1	39725	39751	1.00
NC_008535.1	39725	39776	1.00
NC_008535.1	39725	39801	1.04
NC_008535.1	39725	39826	2.00
NC_008535.1	39725	39851	1.24
NC_008535.1	39725	39876	1.00
NC_008535.1	39725	39901	1.00
NC_008535.1	39725	39926	1.60
NC_008535.1	39725	39951	1.96
NC_008535.1	39725	39976	1.00
NC_008535.1	39725	40001	1.00
NC_008535.1	39725	40026	1.00
NC_008535.1	39725	40051	1.44
NC_008535.1	39725	40076	1.68
NC_008535.1	39725	40101	2.28
NC_008535.1	39725	40126	4.00
NC_008535.1	39725	40151	4.00
NC_008535.1	39725	40176	4.00
NC_008535.1	39725	40201	3.56
NC_008535.1	39725	40226	2.72
NC_008535.1	39725	40251	1.72
NC_008535.1	39725	40276	0.00
NC_008535.1	39725	40301	0.00
NC_008535.1	39725	40326	0.00
NC_008535.1	39725	40351	0.00
NC_008535.1	39725	40376	0.00
NC_008535.1	39725	40401	0.00
NC_008535.1	39725	40426	0.00
NC_008535.1	39725	40451	0.00
NC_008535.1	39725	40476	0.00
NC_008535.1	39725	40501	0.00
NC_008535.1	39725	40526	0.00
NC_008535.1	39725	40551	0.00
NC_008535.1	39725	40576	0.00
NC_008535.1	39725	40601	0.00
NC_008535.1	39725	40626	0.00
NC_008535.1	39725	40651	0.00
NC_008535.1	39725	40676	0.12
NC_008535.1	39725	40701	1.00
NC_008535.1	39725	40726	1.00
NC_008535.1	39725	40751	1.00
NC_008535.1	39725	40776	1.00
NC_008535.1	39725	40801	1.00
NC_008535.1	39725	40826	0.88
NC_008535.1	39725	40851	0.00
NC_008535.1	39725	40876	0.00
NC_008535.1	39725	40901	0.00
NC_008535.1	39725	40926	0.00
NC_008535.1	39725	40951	0.00
NC_008535.1	39725	40976	0.00
NC_008535.1	39725	41001	0.00
NC_008535.1	39725	41026	0.00
NC_008535.1	39725	41051	0.00
NC_008535.1	39725	41076	0.00
NC_008535.1	39725	41101	0.00
NC_008535.1	39725	41126	0.00
NC_008535.1	39725	41151	0.00
NC_008535.1	39725	41176	0.00
NC_008535.1	39725	41201	0.00
NC_008535.1	39725	41226	0.00
NC_008535.1	39725	41251	0.00
NC_008535.1	39725	41276	0.00
NC_008535.1	39725	41301	0.00
NC_008535.1	39725	41326	0.00
NC_008535.1	39725	41351	0.00
NC_008535.1	39725	41376	0.00
NC_008535.1	39725	41401	0.00
NC_008535.1	39725	41426	0.92
NC_008535.1	39725	41451	1.00
NC_008535.1	39725	41476	1.60
NC_008535.1	39725	41501	2.00
NC_008535.1	39725	41526	2.12
NC_008535.1	39725	41551	3.00
NC_008535.1	39725	41576	2.08
NC_008535.1	39725	41601	2.00
NC_008535.1	39725	41626	1.40
NC_008535.1	39725	41651	1.00
NC_008535.1	39725	41676	0.88
NC_008535.1	39725	41701	0.00
NC_008535.1	39730	37726	0.00
NC_008535.1	39730	37751	0.00
NC_008535.1	39730	37776	0.00
NC_008535.1	39730	37801	0.00
NC_008535.1	39730	37826	0.00
NC_008535.1	39730	37851	0.00
NC_008535.1	39730	37876	0.00
NC_008535.1	39730	37901	0.00
NC_008535.1	39730	37926	0.00
NC_008535.1	39730	37951	0.00
NC_008535.1	39730	37976	0.00
NC_008535.1	39730	38001	0.00
NC_008535.1	39730	38026	0.00
NC_008535.1	39730	38051	0.00
NC_008535.1	39730	38076	0.00
NC_008535.1	39730	38101	0.00
NC_008535.1	39730	38126	0.00
NC_008535.1	39730	38151	0.00
NC_008535.1	39730	38176	0.00
NC_008535.1	39730	38201	0.00
NC_008535.1	39730	38226	0.00
NC_008535.1	39730	38251	0.00
NC_008535.1	39730	38276	0.00
NC_008535.1	39730	38301	0.00
NC_008535.1	39730	38326	0.00
NC_008535.1	39730	38351	0.00
NC_008535.1	39730	38376	0.00
NC_008535.1	39730	38401	0.00
NC_008535.1	39730	38426	0.00
NC_008535.1	39730	38451	0.00
NC_008535.1	39730	38476	0.00
NC_008535.1	39730	38501	0.00
NC_008535.1	39730	38526	0.00
NC_008535.1	39730	38551	0.00
NC_008535.1	39730	38576	0.00
NC_008535.1	39730	38601	0.00
NC_008535.1	39730	38626	0.00
NC_008535.1	39730	38651	0.00
NC_008535.1	39730	38676	0.00
NC_008535.1	39730	38701	0.00
NC_008535.1	39730	38726	0.00
NC_008535.1	39730	38751	0.00
NC_008535.1	39730	38776	0.00
NC_008535.1	39730	38801	0.00
NC_008535.1	39730	38826	0.00
NC_008535.1	39730	38851	0.00
NC_008535.1	39730	38876	0.00
NC_008535.1	39730	38901	0.00
NC_008535.1	39730	38926	0.00
NC_008535.1	39730	38951	0.00
NC_008535.1	39730	38976	0.00
NC_008535.1	39730	39001	0.00
NC_008535.1	39730	39026	0.00
NC_008535.1	39730	39051	0.00
NC_008535.1	39730	39076	0.00
NC_008535.1	39730	39101	0.00
NC_008535.1	39730	39126	0.00
NC_008535.1	39730	39151	0.00
NC_008535.1	39730	39176	0.00
NC_008535.1	39730	39201	0.00
NC_008535.1	39730	39226	0.00
NC_008535.1	39730	39251	0.00
NC_008535.1	39730	39276	0.00
NC_008535.1	39730	39301	0.00
NC_008535.1	39730	39326	0.00
NC_008535.1	39730	39351	0.00
NC_008535.1	39730	39376	0.00
NC_008535.1	39730	39401	0.00
NC_008535.1	39730	39426	0.00
NC_008535.1	39730	39451	0.00
NC_008535.1	39730	39476	0.00
NC_008535.1	39730	39501	0.00
NC_008535.1	39730	39526	0.00
NC_008535.1	39730	39551	0.00
NC_008535.1	39730	39576	0.00
NC_008535.1	39730	39601	0.00
NC_008535.1	39730	39626	0.00
NC_008535.1	39730	39651	0.00
NC_008535.1	39730	39676	0.00
NC_008535.1	39730	39701	0.76
NC_008535.1	39730	39726	1.00
NC_008535.1	39730	39751	1.00
NC_008535.1	39730	39776	1.00
NC_008535.1	39730	39801	1.04
NC_008535.1	39730	39826	2.00
NC_008535.1	39730	39851	1.24
NC_008535.1	39730	39876	1.00
NC_008535.1	39730	39901	1.00
NC_008535.1	39730	39926	1.60
NC_008535.1	39730	39951	1.96
NC_008535.1	39730	39976	1.00
NC_008535.1	39730	40001	1.00
NC_008535.1	39730	40026	1.00
NC_008535.1	39730	40051	1.44
NC_008535.1	39730	40076	1.68
NC_008535.1	39730	40101	2.28
NC_008535.1	39730	40126	4.00
NC_008535.1	39730	40151	4.00
NC_008535.1	39730	40176	4.00
NC_008535.1	39730	40201	3.56
NC_008535.1	39730	40226	2.72
NC_008535.1	39730	40251	1.72
NC_008535.1	39730	40276	0.00
NC_008535.1	39730	40301	0.00
NC_008535.1	39730	40326	0.00
NC_008535.1	39730	40351	0.00
NC_008535.1	39730	40376	0.00
NC_008535.1	39730	40401	0.00
NC_008535.1	39730	40426	0.00
NC_008535.1	39730	40451	0.00
NC_008535.1	39730	40476	0.00
NC_008535.1	39730	40501	0.00
NC_008535.1	39730	40526	0.00
NC_008535.1	39730	40551	0.00
NC_008535.1	39730	40576	0.00
NC_008535.1	39730	40601	0.00
NC_008535.1	39730	40626	0.00
NC_008535.1	39730	40651	0.00
NC_008535.1	39730	40676	0.12
NC_008535.1	39730	40701	1.00
NC_008535.1	39730	40726	1.00
NC_008535.1	39730	40751	1.00
NC_008535.1	39730	40776	1.00
NC_008535.1	39730	40801	1.00
NC_008535.1	39730	40826	0.88
NC_008535.1	39730	40851	0.00
NC_008535.1	39730	40876	0.00
NC_008535.1	39730	40901	0.00
NC_008535.1	39730	40926	0.00
NC_008535.1	39730	40951	0.00
NC_008535.1	39730	40976	0.00
NC_008535.1	39730	41001	0.00
NC_008535.1	39730	41026	0.00
NC_008535.1	39730	41051	0.00
NC_008535.1	39730	41076	0.00
NC_008535.1	39730	41101	0.00
NC_008535.1	39730	41126	0.00
NC_008535.1	39730	41151	0.00
NC_008535.1	39730	41176	0.00
NC_008535.1	39730	41201	0.00
NC_008535.1	39730	41226	0.00
NC_008535.1	39730	41251	0.00
NC_008535.1	39730	41276	0.00
NC_008535.1	39730	41301	0.00
NC_008535.1	39730	41326	0.00
NC_008535.1	39730	41351	0.00
NC_008535.1	39730	41376	0.00
NC_008535.1	39730	41401	0.00
NC_008535.1	39730	41426	0.92
NC_008535.1	39730	41451	1.00
NC_008535.1	39730	41476	1.60
NC_008535.1	39730	41501	2.00
NC_008535.1	39730	41526	2.12
NC_008535.1	39730	41551	3.00
NC_008535.1	39730	41576	2.08
NC_008535.1	39730	41601	2.00
NC_008535.1	39730	41626	1.40
NC_008535.1	39730	41651	1.00
NC_008535.1	39730	41676	0.88
NC_008535.1	39730	41701	0.00
NC_008535.1	39730	41726	0.00
NC_008535.1	39733	37726	0.00
NC_008535.1	39733	37751	0.00
NC_008535.1	39733	37776	0.00
NC_008535.1	39733	37801	0.00
NC_008535.1	39733	37826	0.00
NC_008535.1	39733	37851	0.00
NC_008535.1	39733	37876	0.00
NC_008535.1	39733	37901	0.00
NC_008535.1	39733	37926	0.00
NC_008535.1	39733	37951	0.00
NC_008535.1	39733	37976	0.00
NC_008535.1	39733	38001	0.00
NC_008535.1	39733	38026	0.00
NC_008535.1	39733	38051	0.00
NC_008535.1	39733	38076	0.00
NC_008535.1	39733	38101	0.00
NC_008535.1	39733	38126	0.00
NC_008535.1	39733	38151	0.00
NC_008535.1	39733	38176	0.00
NC_008535.1	39733	38201	0.00
NC_008535.1	39733	38226	0.00
NC_008535.1	39733	38251	0.00
NC_008535.1	39733	38276	0.00
NC_008535.1	39733	38301	0.00
NC_008535.1	39733	38326	0.00
NC_008535.1	39733	38351	0.00
NC_008535.1	39733	38376	0.00
NC_008535.1	39733	38401	0.00
NC_008535.1	39733	38426	0.00
NC_008535.1	39733	38451	0.00
NC_008535.1	39733	38476	0.00
NC_008535.1	39733	38501	0.00
NC_008535.1	39733	38526	0.00
NC_008535.1	39733	38551	0.00
NC_008535.1	39733	38576	0.00
NC_008535.1	39733	38601	0.00
NC_008535.1	39733	38626	0.00
NC_008535.1	39733	38651	0.00
NC_008535.1	39733	38676	0.00
NC_008535.1	39733	38701	0.00
NC_008535.1	39733	38726	0.00
NC_008535.1	39733	38751	0.00
NC_008535.1	39733	38776	0.00
NC_008535.1	39733	38801	0.00
NC_008535.1	39733	38826	0.00
NC_008535.1	39733	38851	0.00
NC_008535.1	39733	38876	0.00
NC_008535.1	39733	38901	0.00
NC_008535.1	39733	38926	0.00
NC_008535.1	39733	38951	0.00
NC_008535.1	39733	38976	0.00
NC_008535.1	39733	39001	0.00
NC_008535.1	39733	39026	0.00
NC_008535.1	39733	39051	0.00
NC_008535.1	39733	39076	0.00
NC_008535.1	39733	39101	0.00
NC_008535.1	39733	39126	0.00
NC_008535.1	39733	39151	0.00
NC_008535.1	39733	39176	0.00
NC_008535.1	39733	39201	0.00
NC_008535.1	39733	39226	0.00
NC_008535.1	39733	39251	0.00
NC_008535.1	39733	39276	0.00
NC_008535.1	39733	39301	0.00
NC_008535.1	39733	39326	0.00
NC_008535.1	39733	39351	0.00
NC_008535.1	39733	39376	0.00
NC_008535.1	39733	39401	0.00
NC_008535.1	39733	39426	0.00
NC_008535.1	39733	39451	0.00
NC_008535.1	39733	39476	0.00
NC_008535.1	39733	39501	0.00
NC_008535.1	39733	39526	0.00
NC_008535.1	39733	39551	0.00
NC_008535.1	39733	39576	0.00
NC_008535.1	39733	39601	0.00
NC_008535.1	39733	39626	0.00
NC_008535.1	39733	39651	0.00
NC_008535.1	39733	39676	0.00
NC_008535.1	39733	39701	0.76
NC_008535.1	39733	39726	1.00
NC_008535.1	39733	39751	1.00
NC_008535.1	39733	39776	1.00
NC_008535.1	39733	39801	1.04
NC_008535.1	39733	39826	2.00
NC_008535.1	39733	39851	1.24
NC_008535.1	39733	39876	1.00
NC_008535.1	39733	39901	1.00
NC_008535.1	39733	39926	1.60
NC_008535.1	39733	39951	1.96
NC_008535.1	39733	39976	1.00
NC_008535.1	39733	40001	1.00
NC_008535.1	39733	40026	1.00
NC_008535.1	39733	40051	1.44
NC_008535.1	39733	40076	1.68
NC_008535.1	39733	40101	2.28
NC_008535.1	39733	40126	4.00
NC_008535.1	39733	40151	4.00
NC_008535.1	39733	40176	4.00
NC_008535.1	39733	40201	3.56
NC_008535.1	39733	40226	2.72
NC_008535.1	39733	40251	1.72
NC_008535.1	39733	40276	0.00
NC_008535.1	39733	40301	0.00
NC_008535.1	39733	40326	0.00
NC_008535.1	39733	40351	0.00
NC_008535.1	39733	40376	0.00
NC_008535.1	39733	40401	0.00
NC_008535.1	39733	40426	0.00
NC_008535.1	39733	40451	0.00
NC_008535.1	39733	40476	0.00
NC_008535.1	39733	40501	0.00
NC_008535.1	39733	40526	0.00
NC_008535.1	39733	40551	0.00
NC_008535.1	39733	40576	0.00
NC_008535.1	39733	40601	0.00
NC_008535.1	39733	40626	0.00
NC_008535.1	39733	40651	0.00
NC_008535.1	39733	40676	0.12
NC_008535.1	39733	40701	1.00
NC_008535.1	39733	40726	1.00
NC_008535.1	39733	40751	1.00
NC_008535.1	39733	40776	1.00
NC_008535.1	39733	40801	1.00
NC_008535.1	39733	40826	0.88
NC_008535.1	39733	40851	0.00
NC_008535.1	39733	40876	0.00
NC_008535.1	39733	40901	0.00
NC_008535.1	39733	40926	0.00
NC_008535.1	39733	40951	0.00
NC_008535.1	39733	40976	0.00
NC_008535.1	39733	41001	0.00
NC_008535.1	39733	41026	0.00
NC_008535.1	39733	41051	0.00
NC_008535.1	39733	41076	0.00
NC_008535.1	39733	41101	0.00
NC_008535.1	39733	41126	0.00
NC_008535.1	39733	41151	0.00
NC_008535.1	39733	41176	0.00
NC_008535.1	39733	41201	0.00
NC_008535.1	39733	41226	0.00
NC_008535.1	39733	41251	0.00
NC_008535.1	39733	41276	0.00
NC_008535.1	39733	41301	0.00
NC_008535.1	39733	41326	0.00
NC_008535.1	39733	41351	0.00
NC_008535.1	39733	41376	0.00
NC_008535.1	39733	41401	0.00
NC_008535.1	39733	41426	0.92
NC_008535.1	39733	41451	1.00
NC_008535.1	39733	41476	1.60
NC_008535.1	39733	41501	2.00
NC_008535.1	39733	41526	2.12
NC_008535.1	39733	41551	3.00
NC_008535.1	39733	41576	2.08
NC_008535.1	39733	41601	2.00
NC_008535.1	39733	41626	1.40
NC_008535.1	39733	41651	1.00
NC_008535.1	39733	41676	0.88
NC_008535.1	39733	41701	0.00
NC_008535.1	39733	41726	0.00
NC_008535.1	39775	37751	0.00
NC_008535.1	39775	37776	0.00
NC_008535.1	39775	37801	0.00
NC_008535.1	39775	37826	0.00
NC_008535.1	39775	37851	0.00
NC_008535.1	39775	37876	0.00
NC_008535.1	39775	37901	0.00
NC_008535.1	39775	37926	0.00
NC_008535.1	39775	37951	0.00
NC_008535.1	39775	37976	0.00
NC_008535.1	39775	38001	0.00
NC_008535.1	39775	38026	0.00
NC_008535.1	39775	38051	0.00
NC_008535.1	39775	38076	0.00
NC_008535.1	39775	38101	0.00
NC_008535.1	39775	38126	0.00
NC_008535.1	39775	38151	0.00
NC_008535.1	39775	38176	0.00
NC_008535.1	39775	38201	0.00
NC_008535.1	39775	38226	0.00
NC_008535.1	39775	38251	0.00
NC_008535.1	39775	38276	0.00
NC_008535.1	39775	38301	0.00
NC_008535.1	39775	38326	0.00
NC_008535.1	39775	38351	0.00
NC_008535.1	39775	38376	0.00
NC_008535.1	39775	38401	0.00
NC_008535.1	39775	38426	0.00
NC_008535.1	39775	38451	0.00
NC_008535.1	39775	38476	0.00
NC_008535.1	39775	38501	0.00
NC_008535.1	39775	38526	0.00
NC_008535.1	39775	38551	0.00
NC_008535.1	39775	38576	0.00
NC_008535.1	39775	38601	0.00
NC_008535.1	39775	38626	0.00
NC_008535.1	39775	38651	0.00
NC_008535.1	39775	38676	0.00
NC_008535.1	39775	38701	0.00
NC_008535.1	39775	38726	0.00
NC_008535.1	39775	38751	0.00
NC_008535.1	39775	38776	0.00
NC_008535.1	39775	38801	0.00
NC_008535.1	39775	38826	0.00
NC_008535.1	39775	38851	0.00
NC_008535.1	39775	38876	0.00
NC_008535.1	39775	38901	0.00
NC_008535.1	39775	38926	0.00
NC_008535.1	39775	38951	0.00
NC_008535.1	39775	38976	0.00
NC_008535.1	39775	39001	0.00
NC_008535.1	39775	39026	0.00
NC_008535.1	39775	39051	0.00
NC_008535.1	39775	39076	0.00
NC_008535.1	39775	39101	0.00
NC_008535.1	39775	39126	0.00
NC_008535.1	39775	39151	0.00
NC_008535.1	39775	39176	0.00
NC_008535.1	39775	39201	0.00
NC_008535.1	39775	39226	0.00
NC_008535.1	39775	39251	0.00
NC_008535.1	39775	39276	0.00
NC_008535.1	39775	39301	0.00
NC_008535.1	39775	39326	0.00
NC_008535.1	39775	39351	0.00
NC_008535.1	39775	39376	0.00
NC_008535.1	39775	39401	0.00
NC_008535.1	39775	39426	0.00
NC_008535.1	39775	39451	0.00
NC_008535.1	39775	39476	0.00
NC_008535.1	39775	39501	0.00
NC_008535.1	39775	39526	0.00
NC_008535.1	39775	39551	0.00
NC_008535.1	39775	39576	0.00
NC_008535.1	39775	39601	0.00
NC_008535.1	39775	39626	0.00
NC_008535.1	39775	39651	0.00
NC_008535.1	39775	39676	0.00
NC_008535.1	39775	39701	0.76
NC_008535.1	39775	39726	1.00
NC_008535.1	39775	39751	1.00
NC_008535.1	39775	39776	1.00
NC_008535.1	39775	39801	1.04
NC_008535.1	39775	39826	2.00
NC_008535.1	39775	39851	1.24
NC_008535.1	39775	39876	1.00
NC_008535.1	39775	39901	1.00
NC_008535.1	39775	39926	1.60
NC_008535.1	39775	39951	1.96
NC_008535.1	39775	39976	1.00
NC_008535.1	39775	40001	1.00
NC_008535.1	39775	40026	1.00
NC_008535.1	39775	40051	1.44
NC_008535.1	39775	40076	1.68
NC_008535.1	39775	40101	2.28
NC_008535.1	39775	40126	4.00
NC_008535.1	39775	40151	4.00
NC_008535.1	39775	40176	4.00
NC_008535.1	39775	40201	3.56
NC_008535.1	39775	40226	2.72
NC_008535.1	39775	40251	1.72
NC_008535.1	39775	40276	0.00
NC_008535.1	39775	40301	0.00
NC_008535.1	39775	40326	0.00
NC_008535.1	39775	40351	0.00
NC_008535.1	39775	40376	0.00
NC_008535.1	39775	40401	0.00
NC_008535.1	39775	40426	0.00
NC_008535.1	39775	40451	0.00
NC_008535.1	39775	40476	0.00
NC_008535.1	39775	40501	0.00
NC_008535.1	39775	40526	0.00
NC_008535.1	39775	40551	0.00
NC_008535.1	39775	40576	0.00
NC_008535.1	39775	40601	0.00
NC_008535.1	39775	40626	0.00
NC_008535.1	39775	40651	0.00
NC_008535.1	39775	40676	0.12
NC_008535.1	39775	40701	1.00
NC_008535.1	39775	40726	1.00
NC_008535.1	39775	40751	1.00
NC_008535.1	39775	40776	1.00
NC_008535.1	39775	40801	1.00
NC_008535.1	39775	40826	0.88
NC_008535.1	39775	40851	0.00
NC_008535.1	39775	40876	0.00
NC_008535.1	39775	40901	0.00
NC_008535.1	39775	40926	0.00
NC_008535.1	39775	40951	0.00
NC_008535.1	39775	40976	0.00
NC_008535.1	39775	41001	0.00
NC_008535.1	39775	41026	0.00
NC_008535.1	39775	41051	0.00
NC_008535.1	39775	41076	0.00
NC_008535.1	39775	41101	0.00
NC_008535.1	39775	41126	0.00
NC_008535.1	39775	41151	0.00
NC_008535.1	39775	41176	0.00
NC_008535.1	39775	41201	0.00
NC_008535.1	39775	41226	0.00
NC_008535.1	39775	41251	0.00
NC_008535.1	39775	41276	0.00
NC_008535.1	39775	41301	0.00
NC_008535.1	39775	41326	0.00
NC_008535.1	39775	41351	0.00
NC_008535.1	39775	41376	0.00
NC_008535.1	39775	41401	0.00
NC_008535.1	39775	41426	0.92
NC_008535.1	39775	41451	1.00
NC_008535.1	39775	41476	1.60
NC_008535.1	39775	41501	2.00
NC_008535.1	39775	41526	2.12
NC_008535.1	39775	41551	3.00
NC_008535.1	39775	41576	2.08
NC_008535.1	39775	41601	2.00
NC_008535.1	39775	41626	1.40
NC_008535.1	39775	41651	1.00
NC_008535.1	39775	41676	0.88
NC_008535.1	39775	41701	0.00
NC_008535.1	39775	41726	0.00
NC_008535.1	39775	41751	0.00
NC_008535.1	39790	37776	0.00
NC_008535.1	39790	37801	0.00
NC_008535.1	39790	37826	0.00
NC_008535.1	39790	37851	0.00
NC_008535.1	39790	37876	0.00
NC_008535.1	39790	37901	0.00
NC_008535.1	39790	37926	0.00
NC_008535.1	39790	37951	0.00
NC_008535.1	39790	37976	0.00
NC_008535.1	39790	38001	0.00
NC_008535.1	39790	38026	0.00
NC_008535.1	39790	38051	0.00
NC_008535.1	39790	38076	0.00
NC_008535.1	39790	38101	0.00
NC_008535.1	39790	38126	0.00
NC_008535.1	39790	38151	0.00
NC_008535.1	39790	38176	0.00
NC_008535.1	39790	38201	0.00
NC_008535.1	39790	38226	0.00
NC_008535.1	39790	38251	0.00
NC_008535.1	39790	38276	0.00
NC_008535.1	39790	38301	0.00
NC_008535.1	39790	38326	0.00
NC_008535.1	39790	38351	0.00
NC_008535.1	39790	38376	0.00
NC_008535.1	39790	38401	0.00
NC_008535.1	39790	38426	0.00
NC_008535.1	39790	38451	0.00
NC_008535.1	39790	38476	0.00
NC_008535.1	39790	38501	0.00
NC_008535.1	39790	38526	0.00
NC_008535.1	39790	38551	0.00
NC_008535.1	39790	38576	0.00
NC_008535.1	39790	38601	0.00
NC_008535.1	39790	38626	0.00
NC_008535.1	39790	38651	0.00
NC_008535.1	39790	38676	0.00
NC_008535.1	39790	38701	0.00
NC_008535.1	39790	38726	0.00
NC_008535.1	39790	38751	0.00
NC_008535.1	39790	38776	0.00
NC_008535.1	39790	38801	0.00
NC_008535.1	39790	38826	0.00
NC_008535.1	39790	38851	0.00
NC_008535.1	39790	38876	0.00
NC_008535.1	39790	38901	0.00
NC_008535.1	39790	38926	0.00
NC_008535.1	39790	38951	0.00
NC_008535.1	39790	38976	0.00
NC_008535.1	39790	39001	0.00
NC_008535.1	39790	39026	0.00
NC_008535.1	39790	39051	0.00
NC_008535.1	39790	39076	0.00
NC_008535.1	39790	39101	0.00
NC_008535.1	39790	39126	0.00
NC_008535.1	39790	39151	0.00
NC_008535.1	39790	39176	0.00
NC_008535.1	39790	39201	0.00
NC_008535.1	39790	39226	0.00
NC_008535.1	39790	39251	0.00
NC_008535.1	39790	39276	0.00
NC_008535.1	39790	39301	0.00
NC_008535.1	39790	39326	0.00
NC_008535.1	39790	39351	0.00
NC_008535.1	39790	39376	0.00
NC_008535.1	39790	39401	0.00
NC_008535.1	39790	39426	0.00
NC_008535.1	39790	39451	0.00
NC_008535.1	39790	39476	0.00
NC_008535.1	39790	39501	0.00
NC_008535.1	39790	39526	0.00
NC_008535.1	39790	39551	0.00
NC_008535.1	39790	39576	0.00
NC_008535.1	39790	39601	0.00
NC_008535.1	39790	39626	0.00
NC_008535.1	39790	39651	0.00
NC_008535.1	39790	39676	0.00
NC_008535.1	39790	39701	0.76
NC_008535.1	39790	39726	1.00
NC_008535.1	39790	39751	1.00
NC_008535.1	39790	39776	1.00
NC_008535.1	39790	39801	1.04
NC_008535.1	39790	39826	2.00
NC_008535.1	39790	39851	1.24
NC_008535.1	39790	39876	1.00
NC_008535.1	39790	39901	1.00
NC_008535.1	39790	39926	1.60
NC_008535.1	39790	39951	1.96
NC_008535.1	39790	39976	1.00
NC_008535.1	39790	40001	1.00
NC_008535.1	39790	40026	1.00
NC_008535.1	39790	40051	1.44
NC_008535.1	39790	40076	1.68
NC_008535.1	39790	40101	2.28
NC_008535.1	39790	40126	4.00
NC_008535.1	39790	40151	4.00
NC_008535.1	39790	40176	4.00
NC_008535.1	39790	40201	3.56
NC_008535.1	39790	40226	2.72
NC_008535.1	39790	40251	1.72
NC_008535.1	39790	40276	0.00
NC_008535.1	39790	40301	0.00
NC_008535.1	39790	40326	0.00
NC_008535.1	39790	40351	0.00
NC_008535.1	39790	40376	0.00
NC_008535.1	39790	40401	0.00
NC_008535.1	39790	40426	0.00
NC_008535.1	39790	40451	0.00
NC_008535.1	39790	40476	0.00
NC_008535.1	39790	40501	0.00
NC_008535.1	39790	40526	0.00
NC_008535.1	39790	40551	0.00
NC_008535.1	39790	40576	0.00
NC_008535.1	39790	40601	0.00
NC_008535.1	39790	40626	0.00
NC_008535.1	39790	40651	0.00
NC_008535.1	39790	40676	0.12
NC_008535.1	39790	40701	1.00
NC_008535.1	39790	40726	1.00
NC_008535.1	39790	40751	1.00
NC_008535.1	39790	40776	1.00
NC_008535.1	39790	40801	1.00
NC_008535.1	39790	40826	0.88
NC_008535.1	39790	40851	0.00
NC_008535.1	39790	40876	0.00
NC_008535.1	39790	40901	0.00
NC_008535.1	39790	40926	0.00
NC_008535.1	39790	40951	0.00
NC_008535.1	39790	40976	0.00
NC_008535.1	39790	41001	0.00
NC_008535.1	39790	41026	0.00
NC_008535.1	39790	41051	0.00
NC_008535.1	39790	41076	0.00
NC_008535.1	39790	41101	0.00
NC_008535.1	39790	41126	0.00
NC_008535.1	39790	41151	0.00
NC_008535.1	39790	41176	0.00
NC_008535.1	39790	41201	0.00
NC_008535.1	39790	41226	0.00
NC_008535.1	39790	41251	0.00
NC_008535.1	39790	41276	0.00
NC_008535.1	39790	41301	0.00
NC_008535.1	39790	41326	0.00
NC_008535.1	39790	41351	0.00
NC_008535.1	39790	41376	0.00
NC_008535.1	39790	41401	0.00
NC_008535.1	39790	41426	0.92
NC_008535.1	39790	41451	1.00
NC_008535.1	39790	41476	1.60
NC_008535.1	39790	41501	2.00
NC_008535.1	39790	41526	2.12
NC_008535.1	39790	41551	3.00
NC_008535.1	39790	41576	2.08
NC_008535.1	39790	41601	2.00
NC_008535.1	39790	41626	1.40
NC_008535.1	39790	41651	1.00
NC_008535.1	39790	41676	0.88
NC_008535.1	39790	41701	0.00
NC_008535.1	39790	41726	0.00
NC_008535.1	39790	41751	0.00
NC_008535.1	39790	41776	0.00
NC_008535.1	39865	37851	0.00
NC_008535.1	39865	37876	0.00
NC_008535.1	39865	37901	0.00
NC_008535.1	39865	37926	0.00
NC_008535.1	39865	37951	0.00
NC_008535.1	39865	37976	0.00
NC_008535.1	39865	38001	0.00
NC_008535.1	39865	38026	0.00
NC_008535.1	39865	38051	0.00
NC_008535.1	39865	38076	0.00
NC_008535.1	39865	38101	0.00
NC_008535.1	39865	38126	0.00
NC_008535.1	39865	38151	0.00
NC_008535.1	39865	38176	0.00
NC_008535.1	39865	38201	0.00
NC_008535.1	39865	38226	0.00
NC_008535.1	39865	38251	0.00
NC_008535.1	39865	38276	0.00
NC_008535.1	39865	38301	0.00
NC_008535.1	39865	38326	0.00
NC_008535.1	39865	38351	0.00
NC_008535.1	39865	38376	0.00
NC_008535.1	39865	38401	0.00
NC_008535.1	39865	38426	0.00
NC_008535.1	39865	38451	0.00
NC_008535.1	39865	38476	0.00
NC_008535.1	39865	38501	0.00
NC_008535.1	39865	38526	0.00
NC_008535.1	39865	38551	0.00
NC_008535.1	39865	38576	0.00
NC_008535.1	39865	38601	0.00
NC_008535.1	39865	38626	0.00
NC_008535.1	39865	38651	0.00
NC_008535.1	39865	38676	0.00
NC_008535.1	39865	38701	0.00
NC_008535.1	39865	38726	0.00
NC_008535.1	39865	38751	0.00
NC_008535.1	39865	38776	0.00
NC_008535.1	39865	38801	0.00
NC_008535.1	39865	38826	0.00
NC_008535.1	39865	38851	0.00
NC_008535.1	39865	38876	0.00
NC_008535.1	39865	38901	0.00
NC_008535.1	39865	38926	0.00
NC_008535.1	39865	38951	0.00
NC_008535.1	39865	38976	0.00
NC_008535.1	39865	39001	0.00
NC_008535.1	39865	39026	0.00
NC_008535.1	39865	39051	0.00
NC_008535.1	39865	39076	0.00
NC_008535.1	39865	39101	0.00
NC_008535.1	39865	39126	0.00
NC_008535.1	39865	39151	0.00
NC_008535.1	39865	39176	0.00
NC_008535.1	39865	39201	0.00
NC_008535.1	39865	39226	0.00
NC_008535.1	39865	39251	0.00
NC_008535.1	39865	39276	0.00
NC_008535.1	39865	39301	0.00
NC_008535.1	39865	39326	0.00
NC_008535.1	39865	39351	0.00
NC_008535.1	39865	39376	0.00
NC_008535.1	39865	39401	0.00
NC_008535.1	39865	39426	0.00
NC_008535.1	39865	39451	0.00
NC_008535.1	39865	39476	0.00
NC_008535.1	39865	39501	0.00
NC_008535.1	39865	39526	0.00
NC_008535.1	39865	39551	0.00
NC_008535.1	39865	39576	0.00
NC_008535.1	39865	39601	0.00
NC_008535.1	39865	39626	0.00
NC_008535.1	39865	39651	0.00
NC_008535.1	39865	39676	0.00
NC_008535.1	39865	39701	0.76
NC_008535.1	39865	39726	1.00
NC_008535.1	39865	39751	1.00
NC_008535.1	39865	39776	1.00
NC_008535.1	39865	39801	1.04
NC_008535.1	39865	39826	2.00
NC_008535.1	39865	39851	1.24
NC_008535.1	39865	39876	1.00
NC_008535.1	39865	39901	1.00
NC_008535.1	39865	39926	1.60
NC_008535.1	39865	39951	1.96
NC_008535.1	39865	39976	1.00
NC_008535.1	39865	40001	1.00
NC_008535.1	39865	40026	1.00
NC_008535.1	39865	40051	1.44
NC_008535.1	39865	40076	1.68
NC_008535.1	39865	40101	2.28
NC_008535.1	39865	40126	4.00
NC_008535.1	39865	40151	4.00
NC_008535.1	39865	40176	4.00
NC_008535.1	39865	40201	3.56
NC_008535.1	39865	40226	2.72
NC_008535.1	39865	40251	1.72
NC_008535.1	39865	40276	0.00
NC_008535.1	39865	40301	0.00
NC_008535.1	39865	40326	0.00
NC_008535.1	39865	40351	0.00
NC_008535.1	39865	40376	0.00
NC_008535.1	39865	40401	0.00
NC_008535.1	39865	40426	0.00
NC_008535.1	39865	40451	0.00
NC_008535.1	39865	40476	0.00
NC_008535.1	39865	40501	0.00
NC_008535.1	39865	40526	0.00
NC_008535.1	39865	40551	0.00
NC_008535.1	39865	40576	0.00
NC_008535.1	39865	40601	0.00
NC_008535.1	39865	40626	0.00
NC_008535.1	39865	40651	0.00
NC_008535.1	39865	40676	0.12
NC_008535.1	39865	40701	1.00
NC_008535.1	39865	40726	1.00
NC_008535.1	39865	40751	1.00
NC_008535.1	39865	40776	1.00
NC_008535.1	39865	40801	1.00
NC_008535.1	39865	40826	0.88
NC_008535.1	39865	40851	0.00
NC_008535.1	39865	40876	0.00
NC_008535.1	39865	40901	0.00
NC_008535.1	39865	40926	0.00
NC_008535.1	39865	40951	0.00
NC_008535.1	39865	40976	0.00
NC_008535.1	39865	41001	0.00
NC_008535.1	39865	41026	0.00
NC_008535.1	39865	41051	0.00
NC_008535.1	39865	41076	0.00
NC_008535.1	39865	41101	0.00
NC_008535.1	39865	41126	0.00
NC_008535.1	39865	41151	0.00
NC_008535.1	39865	41176	0.00
NC_008535.1	39865	41201	0.00
NC_008535.1	39865	41226	0.00
NC_008535.1	39865	41251	0.00
NC_008535.1	39865	41276	0.00
NC_008535.1	39865	41301	0.00
NC_008535.1	39865	41326	0.00
NC_008535.1	39865	41351	0.00
NC_008535.1	39865	41376	0.00
NC_008535.1	39865	41401	0.00
NC_008535.1	39865	41426	0.92
NC_008535.1	39865	41451	1.00
NC_008535.1	39865	41476	1.60
NC_008535.1	39865	41501	2.00
NC_008535.1	39865	41526	2.12
NC_008535.1	39865	41551	3.00
NC_008535.1	39865	41576	2.08
NC_008535.1	39865	41601	2.00
NC_008535.1	39865	41626	1.40
NC_008535.1	39865	41651	1.00
NC_008535.1	39865	41676	0.88
NC_008535.1	39865	41701	0.00
NC_008535.1	39865	41726	0.00
NC_008535.1	39865	41751	0.00
NC_008535.1	39865	41776	0.00
NC_008535.1	39865	41801	0.00
NC_008535.1	39865	41826	0.00
NC_008535.1	39865	41851	0.00
NC_008535.1	39874	37851	0.00
NC_008535.1	39874	37876	0.00
NC_008535.1	39874	37901	0.00
NC_008535.1	39874	37926	0.00
NC_008535.1	39874	37951	0.00
NC_008535.1	39874	37976	0.00
NC_008535.1	39874	38001	0.00
NC_008535.1	39874	38026	0.00
NC_008535.1	39874	38051	0.00
NC_008535.1	39874	38076	0.00
NC_008535.1	39874	38101	0.00
NC_008535.1	39874	38126	0.00
NC_008535.1	39874	38151	0.00
NC_008535.1	39874	38176	0.00
NC_008535.1	39874	38201	0.00
NC_008535.1	39874	38226	0.00
NC_008535.1	39874	38251	0.00
NC_008535.1	39874	38276	0.00
NC_008535.1	39874	38301	0.00
NC_008535.1	39874	38326	0.00
NC_008535.1	39874	38351	0.00
NC_008535.1	39874	38376	0.00
NC_008535.1	39874	38401	0.00
NC_008535.1	39874	38426	0.00
NC_008535.1	39874	38451	0.00
NC_008535.1	39874	38476	0.00
NC_008535.1	39874	38501	0.00
NC_008535.1	39874	38526	0.00
NC_008535.1	39874	38551	0.00
NC_008535.1	39874	38576	0.00
NC_008535.1	39874	38601	0.00
NC_008535.1	39874	38626	0.00
NC_008535.1	39874	38651	0.00
NC_008535.1	39874	38676	0.00
NC_008535.1	39874	38701	0.00
NC_008535.1	39874	38726	0.00
NC_008535.1	39874	38751	0.00
NC_008535.1	39874	38776	0.00
NC_008535.1	39874	38801	0.00
NC_008535.1	39874	38826	0.00
NC_008535.1	39874	38851	0.00
NC_008535.1	39874	38876	0.00
NC_008535.1	39874	38901	0.00
NC_008535.1	39874	38926	0.00
NC_008535.1	39874	38951	0.00
NC_008535.1	39874	38976	0.00
NC_008535.1	39874	39001	0.00
NC_008535.1	39874	39026	0.00
NC_008535.1	39874	39051	0.00
NC_008535.1	39874	39076	0.00
NC_008535.1	39874	39101	0.00
NC_008535.1	39874	39126	0.00
NC_008535.1	39874	39151	0.00
NC_008535.1	39874	39176	0.00
NC_008535.1	39874	39201	0.00
NC_008535.1	39874	39226	0.00
NC_008535.1	39874	39251	0.00
NC_008535.1	39874	39276	0.00
NC_008535.1	39874	39301	0.00
NC_008535.1	39874	39326	0.00
NC_008535.1	39874	39351	0.00
NC_008535.1	39874	39376	0.00
NC_008535.1	39874	39401	0.00
NC_008535.1	39874	39426	0.00
NC_008535.1	39874	39451	0.00
NC_008535.1	39874	39476	0.00
NC_008535.1	39874	39501	0.00
NC_008535.1	39874	39526	0.00
NC_008535.1	39874	39551	0.00
NC_008535.1	39874	39576	0.00
NC_008535.1	39874	39601	0.00
NC_008535.1	39874	39626	0.00
NC_008535.1	39874	39651	0.00
NC_008535.1	39874	39676	0.00
NC_008535.1	39874	39701	0.76
NC_008535.1	39874	39726	1.00
NC_008535.1	39874	39751	1.00
NC_008535.1	39874	39776	1.00
NC_008535.1	39874	39801	1.04
NC_008535.1	39874	39826	2.00
NC_008535.1	39874	39851	1.24
NC_008535.1	39874	39876	1.00
NC_008535.1	39874	39901	1.00
NC_008535.1	39874	39926	1.60
NC_008535.1	39874	39951	1.96
NC_008535.1	39874	39976	1.00
NC_008535.1	39874	40001	1.00
NC_008535.1	39874	40026	1.00
NC_008535.1	39874	40051	1.44
NC_008535.1	39874	40076	1.68
NC_008535.1	39874	40101	2.28
NC_008535.1	39874	40126	4.00
NC_008535.1	39874	40151	4.00
NC_008535.1	39874	40176	4.00
NC_008535.1	39874	40201	3.56
NC_008535.1	39874	40226	2.72
NC_008535.1	39874	40251	1.72
NC_008535.1	39874	40276	0.00
NC_008535.1	39874	40301	0.00
NC_008535.1	39874	40326	0.00
NC_008535.1	39874	40351	0.00
NC_008535.1	39874	40376	0.00
NC_008535.1	39874	40401	0.00
NC_008535.1	39874	40426	0.00
NC_008535.1	39874	40451	0.00
NC_008535.1	39874	40476	0.00
NC_008535.1	39874	40501	0.00
NC_008535.1	39874	40526	0.00
NC_008535.1	39874	40551	0.00
NC_008535.1	39874	40576	0.00
NC_008535.1	39874	40601	0.00
NC_008535.1	39874	40626	0.00
NC_008535.1	39874	40651	0.00
NC_008535.1	39874	40676	0.12
NC_008535.1	39874	40701	1.00
NC_008535.1	39874	40726	1.00
NC_008535.1	39874	40751	1.00
NC_008535.1	39874	40776	1.00
NC_008535.1	39874	40801	1.00
NC_008535.1	39874	40826	0.88
NC_008535.1	39874	40851	0.00
NC_008535.1	39874	40876	0.00
NC_008535.1	39874	40901	0.00
NC_008535.1	39874	40926	0.00
NC_008535.1	39874	40951	0.00
NC_008535.1	39874	40976	0.00
NC_008535.1	39874	41001	0.00
NC_008535.1	39874	41026	0.00
NC_008535.1	39874	41051	0.00
NC_008535.1	39874	41076	0.00
NC_008535.1	39874	41101	0.00
NC_008535.1	39874	41126	0.00
NC_008535.1	39874	41151	0.00
NC_008535.1	39874	41176	0.00
NC_008535.1	39874	41201	0.00
NC_008535.1	39874	41226	0.00
NC_008535.1	39874	41251	0.00
NC_008535.1	39874	41276	0.00
NC_008535.1	39874	41301	0.00
NC_008535.1	39874	41326	0.00
NC_008535.1	39874	41351	0.00
NC_008535.1	39874	41376	0.00
NC_008535.1	39874	41401	0.00
NC_008535.1	39874	41426	0.92
NC_008535.1	39874	41451	1.00
NC_008535.1	39874	41476	1.60
NC_008535.1	39874	41501	2.00
NC_008535.1	39874	41526	2.12
NC_008535.1	39874	41551	3.00
NC_008535.1	39874	41576	2.08
NC_008535.1	39874	41601	2.00
NC_008535.1	39874	41626	1.40
NC_008535.1	39874	41651	1.00
NC_008535.1	39874	41676	0.88
NC_008535.1	39874	41701	0.00
NC_008535.1	39874	41726	0.00
NC_008535.1	39874	41751	0.00
NC_008535.1	39874	41776	0.00
NC_008535.1	39874	41801	0.00
NC_008535.1	39874	41826	0.00
NC_008535.1	39874	41851	0.29
NC_008535.1	39897	37876	0.00
NC_008535.1	39897	37901	0.00
NC_008535.1	39897	37926	0.00
NC_008535.1	39897	37951	0.00
NC_008535.1	39897	37976	0.00
NC_008535.1	39897	38001	0.00
NC_008535.1	39897	38026	0.00
NC_008535.1	39897	38051	0.00
NC_008535.1	39897	38076	0.00
NC_008535.1	39897	38101	0.00
NC_008535.1	39897	38126	0.00
NC_008535.1	39897	38151	0.00
NC_008535.1	39897	38176	0.00
NC_008535.1	39897	38201	0.00
NC_008535.1	39897	38226	0.00
NC_008535.1	39897	38251	0.00
NC_008535.1	39897	38276	0.00
NC_008535.1	39897	38301	0.00
NC_008535.1	39897	38326	0.00
NC_008535.1	39897	38351	0.00
NC_008535.1	39897	38376	0.00
NC_008535.1	39897	38401	0.00
NC_008535.1	39897	38426	0.00
NC_008535.1	39897	38451	0.00
NC_008535.1	39897	38476	0.00
NC_008535.1	39897	38501	0.00
NC_008535.1	39897	38526	0.00
NC_008535.1	39897	38551	0.00
NC_008535.1	39897	38576	0.00
NC_008535.1	39897	38601	0.00
NC_008535.1	39897	38626	0.00
NC_008535.1	39897	38651	0.00
NC_008535.1	39897	38676	0.00
NC_008535.1	39897	38701	0.00
NC_008535.1	39897	38726	0.00
NC_008535.1	39897	38751	0.00
NC_008535.1	39897	38776	0.00
NC_008535.1	39897	38801	0.00
NC_008535.1	39897	38826	0.00
NC_008535.1	39897	38851	0.00
NC_008535.1	39897	38876	0.00
NC_008535.1	39897	38901	0.00
NC_008535.1	39897	38926	0.00
NC_008535.1	39897	38951	0.00
NC_008535.1	39897	38976	0.00
NC_008535.1	39897	39001	0.00
NC_008535.1	39897	39026	0.00
NC_008535.1	39897	39051	0.00
NC_008535.1	39897	39076	0.00
NC_008535.1	39897	39101	0.00
NC_008535.1	39897	39126	0.00
NC_008535.1	39897	39151	0.00
NC_008535.1	39897	39176	0.00
NC_008535.1	39897	39201	0.00
NC_008535.1	39897	39226	0.00
NC_008535.1	39897	39251	0.00
NC_008535.1	39897	39276	0.00
NC_008535.1	39897	39301	0.00
NC_008535.1	39897	39326	0.00
NC_008535.1	39897	39351	0.00
NC_008535.1	39897	39376	0.00
NC_008535.1	39897	39401	0.00
NC_008535.1	39897	39426	0.00
NC_008535.1	39897	39451	0.00
NC_008535.1	39897	39476	0.00
NC_008535.1	39897	39501	0.00
NC_008535.1	39897	39526	0.00
NC_008535.1	39897	39551	0.00
NC_008535.1	39897	39576	0.00
NC_008535.1	39897	39601	0.00
NC_008535.1	39897	39626	0.00
NC_008535.1	39897	39651	0.00
NC_008535.1	39897	39676	0.00
NC_008535.1	39897	39701	0.76
NC_008535.1	39897	39726	1.00
NC_008535.1	39897	39751	1.00
NC_008535.1	39897	39776	1.00
NC_008535.1	39897	39801	1.04
NC_008535.1	39897	39826	2.00
NC_008535.1	39897	39851	1.24
NC_008535.1	39897	39876	1.00
NC_008535.1	39897	39901	1.00
NC_008535.1	39897	39926	1.60
NC_008535.1	39897	39951	1.96
NC_008535.1	39897	39976	1.00
NC_008535.1	39897	40001	1.00
NC_008535.1	39897	40026	1.00
NC_008535.1	39897	40051	1.44
NC_008535.1	39897	40076	1.68
NC_008535.1	39897	40101	2.28
NC_008535.1	39897	40126	4.00
NC_008535.1	39897	40151	4.00
NC_008535.1	39897	40176	4.00
NC_008535.1	39897	40201	3.56
NC_008535.1	39897	40226	2.72
NC_008535.1	39897	40251	1.72
NC_008535.1	39897	40276	0.00
NC_008535.1	39897	40301	0.00
NC_008535.1	39897	40326	0.00
NC_008535.1	39897	40351	0.00
NC_008535.1	39897	40376	0.00
NC_008535.1	39897	40401	0.00
NC_008535.1	39897	40426	0.00
NC_008535.1	39897	40451	0.00
NC_008535.1	39897	40476	0.00
NC_008535.1	39897	40501	0.00
NC_008535.1	39897	40526	0.00
NC_008535.1	39897	40551	0.00
NC_008535.1	39897	40576	0.00
NC_008535.1	39897	40601	0.00
NC_008535.1	39897	40626	0.00
NC_008535.1	39897	40651	0.00
NC_008535.1	39897	40676	0.12
NC_008535.1	39897	40701	1.00
NC_008535.1	39897	40726	1.00
NC_008535.1	39897	40751	1.00
NC_008535.1	39897	40776	1.00
NC_008535.1	39897	40801	1.00
NC_008535.1	39897	40826	0.88
NC_008535.1	39897	40851	0.00
NC_008535.1	39897	40876	0.00
NC_008535.1	39897	40901	0.00
NC_008535.1	39897	40926	0.00
NC_008535.1	39897	40951	0.00
NC_008535.1	39897	40976	0.00
NC_008535.1	39897	41001	0.00
NC_008535.1	39897	41026	0.00
NC_008535.1	39897	41051	0.00
NC_008535.1	39897	41076	0.00
NC_008535.1	39897	41101	0.00
NC_008535.1	39897	41126	0.00
NC_008535.1	39897	41151	0.00
NC_008535.1	39897	41176	0.00
NC_008535.1	39897	41201	0.00
NC_008535.1	39897	41226	0.00
NC_008535.1	39897	41251	0.00
NC_008535.1	39897	41276	0.00
NC_008535.1	39897	41301	0.00
NC_008535.1	39897	41326	0.00
NC_008535.1	39897	41351	0.00
NC_008535.1	39897	41376	0.00
NC_008535.1	39897	41401	0.00
NC_008535.1	39897	41426	0.92
NC_008535.1	39897	41451	1.00
NC_008535.1	39897	41476	1.60
NC_008535.1	39897	41501	2.00
NC_008535.1	39897	41526	2.12
NC_008535.1	39897	41551	3.00
NC_008535.1	39897	41576	2.08
NC_008535.1	39897	41601	2.00
NC_008535.1	39897	41626	1.40
NC_008535.1	39897	41651	1.00
NC_008535.1	39897	41676	0.88
NC_008535.1	39897	41701	0.00
NC_008535.1	39897	41726	0.00
NC_008535.1	39897	41751	0.00
NC_008535.1	39897	41776	0.00
NC_008535.1	39897	41801	0.00
NC_008535.1	39897	41826	0.00
NC_008535.1	39897	41851	0.32
NC_008535.1	39897	41876	1.00
NC_008535.1	39946	37926	0.00
NC_008535.1	39946	37951	0.00
NC_008535.1	39946	37976	0.00
NC_008535.1	39946	38001	0.00
NC_008535.1	39946	38026	0.00
NC_008535.1	39946	38051	0.00
NC_008535.1	39946	38076	0.00
NC_008535.1	39946	38101	0.00
NC_008535.1	39946	38126	0.00
NC_008535.1	39946	38151	0.00
NC_008535.1	39946	38176	0.00
NC_008535.1	39946	38201	0.00
NC_008535.1	39946	38226	0.00
NC_008535.1	39946	38251	0.00
NC_008535.1	39946	38276	0.00
NC_008535.1	39946	38301	0.00
NC_008535.1	39946	38326	0.00
NC_008535.1	39946	38351	0.00
NC_008535.1	39946	38376	0.00
NC_008535.1	39946	38401	0.00
NC_008535.1	39946	38426	0.00
NC_008535.1	39946	38451	0.00
NC_008535.1	39946	38476	0.00
NC_008535.1	39946	38501	0.00
NC_008535.1	39946	38526	0.00
NC_008535.1	39946	38551	0.00
NC_008535.1	39946	38576	0.00
NC_008535.1	39946	38601	0.00
NC_008535.1	39946	38626	0.00
NC_008535.1	39946	38651	0.00
NC_008535.1	39946	38676	0.00
NC_008535.1	39946	38701	0.00
NC_008535.1	39946	38726	0.00
NC_008535.1	39946	38751	0.00
NC_008535.1	39946	38776	0.00
NC_008535.1	39946	38801	0.00
NC_008535.1	39946	38826	0.00
NC_008535.1	39946	38851	0.00
NC_008535.1	39946	38876	0.00
NC_008535.1	39946	38901	0.00
NC_008535.1	39946	38926	0.00
NC_008535.1	39946	38951	0.00
NC_008535.1	39946	38976	0.00
NC_008535.1	39946	39001	0.00
NC_008535.1	39946	39026	0.00
NC_008535.1	39946	39051	0.00
NC_008535.1	39946	39076	0.00
NC_008535.1	39946	39101	0.00
NC_008535.1	39946	39126	0.00
NC_008535.1	39946	39151	0.00
NC_008535.1	39946	39176	0.00
NC_008535.1	39946	39201	0.00
NC_008535.1	39946	39226	0.00
NC_008535.1	39946	39251	0.00
NC_008535.1	39946	39276	0.00
NC_008535.1	39946	39301	0.00
NC_008535.1	39946	39326	0.00
NC_008535.1	39946	39351	0.00
NC_008535.1	39946	39376	0.00
NC_008535.1	39946	39401	0.00
NC_008535.1	39946	39426	0.00
NC_008535.1	39946	39451	0.00
NC_008535.1	39946	39476	0.00
NC_008535.1	39946	39501	0.00
NC_008535.1	39946	39526	0.00
NC_008535.1	39946	39551	0.00
NC_008535.1	39946	39576	0.00
NC_008535.1	39946	39601	0.00
NC_008535.1	39946	39626	0.00
NC_008535.1	39946	39651	0.00
NC_008535.1	39946	39676	0.00
NC_008535.1	39946	39701	0.76
NC_008535.1	39946	39726	1.00
NC_008535.1	39946	39751	1.00
NC_008535.1	39946	39776	1.00
NC_008535.1	39946	39801	1.04
NC_008535.1	39946	39826	2.00
NC_008535.1	39946	39851	1.24
NC_008535.1	39946	39876	1.00
NC_008535.1	39946	39901	1.00
NC_008535.1	39946	39926	1.60
NC_008535.1	39946	39951	1.96
NC_008535.1	39946	39976	1.00
NC_008535.1	39946	40001	1.00
NC_008535.1	39946	40026	1.00
NC_008535.1	39946	40051	1.44
NC_008535.1	39946	40076	1.68
NC_008535.1	39946	40101	2.28
NC_008535.1	39946	40126	4.00
NC_008535.1	39946	40151	4.00
NC_008535.1	39946	40176	4.00
NC_008535.1	39946	40201	3.56
NC_008535.1	39946	40226	2.72
NC_008535.1	39946	40251	1.72
NC_008535.1	39946	40276	0.00
NC_008535.1	39946	40301	0.00
NC_008535.1	39946	40326	0.00
NC_008535.1	39946	40351	0.00
NC_008535.1	39946	40376	0.00
NC_008535.1	39946	40401	0.00
NC_008535.1	39946	40426	0.00
NC_008535.1	39946	40451	0.00
NC_008535.1	39946	40476	0.00
NC_008535.1	39946	40501	0.00
NC_008535.1	39946	40526	0.00
NC_008535.1	39946	40551	0.00
NC_008535.1	39946	40576	0.00
NC_008535.1	39946	40601	0.00
NC_008535.1	39946	40626	0.00
NC_008535.1	39946	40651	0.00
NC_008535.1	39946	40676	0.12
NC_008535.1	39946	40701	1.00
NC_008535.1	39946	40726	1.00
NC_008535.1	39946	40751	1.00
NC_008535.1	39946	40776	1.00
NC_008535.1	39946	40801	1.00
NC_008535.1	39946	40826	0.88
NC_008535.1	39946	40851	0.00
NC_008535.1	39946	40876	0.00
NC_008535.1	39946	40901	0.00
NC_008535.1	39946	40926	0.00
NC_008535.1	39946	40951	0.00
NC_008535.1	39946	40976	0.00
NC_008535.1	39946	41001	0.00
NC_008535.1	39946	41026	0.00
NC_008535.1	39946	41051	0.00
NC_008535.1	39946	41076	0.00
NC_008535.1	39946	41101	0.00
NC_008535.1	39946	41126	0.00
NC_008535.1	39946	41151	0.00
NC_008535.1	39946	41176	0.00
NC_008535.1	39946	41201	0.00
NC_008535.1	39946	41226	0.00
NC_008535.1	39946	41251	0.00
NC_008535.1	39946	41276	0.00
NC_008535.1	39946	41301	0.00
NC_008535.1	39946	41326	0.00
NC_008535.1	39946	41351	0.00
NC_008535.1	39946	41376	0.00
NC_008535.1	39946	41401	0.00
NC_008535.1	39946	41426	0.92
NC_008535.1	39946	41451	1.00
NC_008535.1	39946	41476	1.60
NC_008535.1	39946	41501	2.00
NC_008535.1	39946	41526	2.12
NC_008535.1	39946	41551	3.00
NC_008535.1	39946	41576	2.08
NC_008535.1	39946	41601	2.00
NC_008535.1	39946	41626	1.40
NC_008535.1	39946	41651	1.00
NC_008535.1	39946	41676	0.88
NC_008535.1	39946	41701	0.00
NC_008535.1	39946	41726	0.00
NC_008535.1	39946	41751	0.00
NC_008535.1	39946	41776	0.00
NC_008535.1	39946	41801	0.00
NC_008535.1	39946	41826	0.00
NC_008535.1	39946	41851	0.32
NC_008535.1	39946	41876	1.00
NC_008535.1	39946	41901	1.00
NC_008535.1	39946	41926	1.00
NC_008535.1	39967	37951	0.00
NC_008535.1	39967	37976	0.00
NC_008535.1	39967	38001	0.00
NC_008535.1	39967	38026	0.00
NC_008535.1	39967	38051	0.00
NC_008535.1	39967	38076	0.00
NC_008535.1	39967	38101	0.00
NC_008535.1	39967	38126	0.00
NC_008535.1	39967	38151	0.00
NC_008535.1	39967	38176	0.00
NC_008535.1	39967	38201	0.00
NC_008535.1	39967	38226	0.00
NC_008535.1	39967	38251	0.00
NC_008535.1	39967	38276	0.00
NC_008535.1	39967	38301	0.00
NC_008535.1	39967	38326	0.00
NC_008535.1	39967	38351	0.00
NC_008535.1	39967	38376	0.00
NC_008535.1	39967	38401	0.00
NC_008535.1	39967	38426	0.00
NC_008535.1	39967	38451	0.00
NC_008535.1	39967	38476	0.00
NC_008535.1	39967	38501	0.00
NC_008535.1	39967	38526	0.00
NC_008535.1	39967	38551	0.00
NC_008535.1	39967	38576	0.00
NC_008535.1	39967	38601	0.00
NC_008535.1	39967	38626	0.00
NC_008535.1	39967	38651	0.00
NC_008535.1	39967	38676	0.00
NC_008535.1	39967	38701	0.00
NC_008535.1	39967	38726	0.00
NC_008535.1	39967	38751	0.00
NC_008535.1	39967	38776	0.00
NC_008535.1	39967	38801	0.00
NC_008535.1	39967	38826	0.00
NC_008535.1	39967	38851	0.00
NC_008535.1	39967	38876	0.00
NC_008535.1	39967	38901	0.00
NC_008535.1	39967	38926	0.00
NC_008535.1	39967	38951	0.00
NC_008535.1	39967	38976	0.00
NC_008535.1	39967	39001	0.00
NC_008535.1	39967	39026	0.00
NC_008535.1	39967	39051	0.00
NC_008535.1	39967	39076	0.00
NC_008535.1	39967	39101	0.00
NC_008535.1	39967	39126	0.00
NC_008535.1	39967	39151	0.00
NC_008535.1	39967	39176	0.00
NC_008535.1	39967	39201	0.00
NC_008535.1	39967	39226	0.00
NC_008535.1	39967	39251	0.00
NC_008535.1	39967	39276	0.00
NC_008535.1	39967	39301	0.00
NC_008535.1	39967	39326	0.00
NC_008535.1	39967	39351	0.00
NC_008535.1	39967	39376	0.00
NC_008535.1	39967	39401	0.00
NC_008535.1	39967	39426	0.00
NC_008535.1	39967	39451	0.00
NC_008535.1	39967	39476	0.00
NC_008535.1	39967	39501	0.00
NC_008535.1	39967	39526	0.00
NC_008535.1	39967	39551	0.00
NC_008535.1	39967	39576	0.00
NC_008535.1	39967	39601	0.00
NC_008535.1	39967	39626	0.00
NC_008535.1	39967	39651	0.00
NC_008535.1	39967	39676	0.00
NC_008535.1	39967	39701	0.76
NC_008535.1	39967	39726	1.00
NC_008535.1	39967	39751	1.00
NC_008535.1	39967	39776	1.00
NC_008535.1	39967	39801	1.04
NC_008535.1	39967	39826	2.00
NC_008535.1	39967	39851	1.24
NC_008535.1	39967	39876	1.00
NC_008535.1	39967	39901	1.00
NC_008535.1	39967	39926	1.60
NC_008535.1	39967	39951	1.96
NC_008535.1	39967	39976	1.00
NC_008535.1	39967	40001	1.00
NC_008535.1	39967	40026	1.00
NC_008535.1	39967	40051	1.44
NC_008535.1	39967	40076	1.68
NC_008535.1	39967	40101	2.28
NC_008535.1	39967	40126	4.00
NC_008535.1	39967	40151	4.00
NC_008535.1	39967	40176	4.00
NC_008535.1	39967	40201	3.56
NC_008535.1	39967	40226	2.72
NC_008535.1	39967	40251	1.72
NC_008535.1	39967	40276	0.00
NC_008535.1	39967	40301	0.00
NC_008535.1	39967	40326	0.00
NC_008535.1	39967	40351	0.00
NC_008535.1	39967	40376	0.00
NC_008535.1	39967	40401	0.00
NC_008535.1	39967	40426	0.00
NC_008535.1	39967	40451	0.00
NC_008535.1	39967	40476	0.00
NC_008535.1	39967	40501	0.00
NC_008535.1	39967	40526	0.00
NC_008535.1	39967	40551	0.00
NC_008535.1	39967	40576	0.00
NC_008535.1	39967	40601	0.00
NC_008535.1	39967	40626	0.00
NC_008535.1	39967	40651	0.00
NC_008535.1	39967	40676	0.12
NC_008535.1	39967	40701	1.00
NC_008535.1	39967	40726	1.00
NC_008535.1	39967	40751	1.00
NC_008535.1	39967	40776	1.00
NC_008535.1	39967	40801	1.00
NC_008535.1	39967	40826	0.88
NC_008535.1	39967	40851	0.00
NC_008535.1	39967	40876	0.00
NC_008535.1	39967	40901	0.00
NC_008535.1	39967	40926	0.00
NC_008535.1	39967	40951	0.00
NC_008535.1	39967	40976	0.00
NC_008535.1	39967	41001	0.00
NC_008535.1	39967	41026	0.00
NC_008535.1	39967	41051	0.00
NC_008535.1	39967	41076	0.00
NC_008535.1	39967	41101	0.00
NC_008535.1	39967	41126	0.00
NC_008535.1	39967	41151	0.00
NC_008535.1	39967	41176	0.00
NC_008535.1	39967	41201	0.00
NC_008535.1	39967	41226	0.00
NC_008535.1	39967	41251	0.00
NC_008535.1	39967	41276	0.00
NC_008535.1	39967	41301	0.00
NC_008535.1	39967	41326	0.00
NC_008535.1	39967	41351	0.00
NC_008535.1	39967	41376	0.00
NC_008535.1	39967	41401	0.00
NC_008535.1	39967	41426	0.92
NC_008535.1	39967	41451	1.00
NC_008535.1	39967	41476	1.60
NC_008535.1	39967	41501	2.00
NC_008535.1	39967	41526	2.12
NC_008535.1	39967	41551	3.00
NC_008535.1	39967	41576	2.08
NC_008535.1	39967	41601	2.00
NC_008535.1	39967	41626	1.40
NC_008535.1	39967	41651	1.00
NC_008535.1	39967	41676	0.88
NC_008535.1	39967	41701	0.00
NC_008535.1	39967	41726	0.00
NC_008535.1	39967	41751	0.00
NC_008535.1	39967	41776	0.00
NC_008535.1	39967	41801	0.00
NC_008535.1	39967	41826	0.00
NC_008535.1	39967	41851	0.32
NC_008535.1	39967	41876	1.00
NC_008535.1	39967	41901	1.00
NC_008535.1	39967	41926	1.00
NC_008535.1	39967	41951	1.00
NC_008535.1	39973	37951	0.00
NC_008535.1	39973	37976	0.00
NC_008535.1	39973	38001	0.00
NC_008535.1	39973	38026	0.00
NC_008535.1	39973	38051	0.00
NC_008535.1	39973	38076	0.00
NC_008535.1	39973	38101	0.00
NC_008535.1	39973	38126	0.00
NC_008535.1	39973	38151	0.00
NC_008535.1	39973	38176	0.00
NC_008535.1	39973	38201	0.00
NC_008535.1	39973	38226	0.00
NC_008535.1	39973	38251	0.00
NC_008535.1	39973	38276	0.00
NC_008535.1	39973	38301	0.00
NC_008535.1	39973	38326	0.00
NC_008535.1	39973	38351	0.00
NC_008535.1	39973	38376	0.00
NC_008535.1	39973	38401	0.00
NC_008535.1	39973	38426	0.00
NC_008535.1	39973	38451	0.00
NC_008535.1	39973	38476	0.00
NC_008535.1	39973	38501	0.00
NC_008535.1	39973	38526	0.00
NC_008535.1	39973	38551	0.00
NC_008535.1	39973	38576	0.00
NC_008535.1	39973	38601	0.00
NC_008535.1	39973	38626	0.00
NC_008535.1	39973	38651	0.00
NC_008535.1	39973	38676	0.00
NC_008535.1	39973	38701	0.00
NC_008535.1	39973	38726	0.00
NC_008535.1	39973	38751	0.00
NC_008535.1	39973	38776	0.00
NC_008535.1	39973	38801	0.00
NC_008535.1	39973	38826	0.00
NC_008535.1	39973	38851	0.00
NC_008535.1	39973	38876	0.00
NC_008535.1	39973	38901	0.00
NC_008535.1	39973	38926	0.00
NC_008535.1	39973	38951	0.00
NC_008535.1	39973	38976	0.00
NC_008535.1	39973	39001	0.00
NC_008535.1	39973	39026	0.00
NC_008535.1	39973	39051	0.00
NC_008535.1	39973	39076	0.00
NC_008535.1	39973	39101	0.00
NC_008535.1	39973	39126	0.00
NC_008535.1	39973	39151	0.00
NC_008535.1	39973	39176	0.00
NC_008535.1	39973	39201	0.00
NC_008535.1	39973	39226	0.00
NC_008535.1	39973	39251	0.00
NC_008535.1	39973	39276	0.00
NC_008535.1	39973	39301	0.00
NC_008535.1	39973	39326	0.00
NC_008535.1	39973	39351	0.00
NC_008535.1	39973	39376	0.00
NC_008535.1	39973	39401	0.00
NC_008535.1	39973	39426	0.00
NC_008535.1	39973	39451	0.00
NC_008535.1	39973	39476	0.00
NC_008535.1	39973	39501	0.00
NC_008535.1	39973	39526	0.00
NC_008535.1	39973	39551	0.00
NC_008535.1	39973	39576	0.00
NC_008535.1	39973	39601	0.00
NC_008535.1	39973	39626	0.00
NC_008535.1	39973	39651	0.00
NC_008535.1	39973	39676	0.00
NC_008535.1	39973	39701	0.76
NC_008535.1	39973	39726	1.00
NC_008535.1	39973	39751	1.00
NC_008535.1	39973	39776	1.00
NC_008535.1	39973	39801	1.04
NC_008535.1	39973	39826	2.00
NC_008535.1	39973	39851	1.24
NC_008535.1	39973	39876	1.00
NC_008535.1	39973	39901	1.00
NC_008535.1	39973	39926	1.60
NC_008535.1	39973	39951	1.96
NC_008535.1	39973	39976	1.00
NC_008535.1	39973	40001	1.00
NC_008535.1	39973	40026	1.00
NC_008535.1	39973	40051	1.44
NC_008535.1	39973	40076	1.68
NC_008535.1	39973	40101	2.28
NC_008535.1	39973	40126	4.00
NC_008535.1	39973	40151	4.00
NC_008535.1	39973	40176	4.00
NC_008535.1	39973	40201	3.56
NC_008535.1	39973	40226	2.72
NC_008535.1	39973	40251	1.72
NC_008535.1	39973	40276	0.00
NC_008535.1	39973	40301	0.00
NC_008535.1	39973	40326	0.00
NC_008535.1	39973	40351	0.00
NC_008535.1	39973	40376	0.00
NC_008535.1	39973	40401	0.00
NC_008535.1	39973	40426	0.00
NC_008535.1	39973	40451	0.00
NC_008535.1	39973	40476	0.00
NC_008535.1	39973	40501	0.00
NC_008535.1	39973	40526	0.00
NC_008535.1	39973	40551	0.00
NC_008535.1	39973	40576	0.00
NC_008535.1	39973	40601	0.00
NC_008535.1	39973	40626	0.00
NC_008535.1	39973	40651	0.00
NC_008535.1	39973	40676	0.12
NC_008535.1	39973	40701	1.00
NC_008535.1	39973	40726	1.00
NC_008535.1	39973	40751	1.00
NC_008535.1	39973	40776	1.00
NC_008535.1	39973	40801	1.00
NC_008535.1	39973	40826	0.88
NC_008535.1	39973	40851	0.00
NC_008535.1	39973	40876	0.00
NC_008535.1	39973	40901	0.00
NC_008535.1	39973	40926	0.00
NC_008535.1	39973	40951	0.00
NC_008535.1	39973	40976	0.00
NC_008535.1	39973	41001	0.00
NC_008535.1	39973	41026	0.00
NC_008535.1	39973	41051	0.00
NC_008535.1	39973	41076	0.00
NC_008535.1	39973	41101	0.00
NC_008535.1	39973	41126	0.00
NC_008535.1	39973	41151	0.00
NC_008535.1	39973	41176	0.00
NC_008535.1	39973	41201	0.00
NC_008535.1	39973	41226	0.00
NC_008535.1	39973	41251	0.00
NC_008535.1	39973	41276	0.00
NC_008535.1	39973	41301	0.00
NC_008535.1	39973	41326	0.00
NC_008535.1	39973	41351	0.00
NC_008535.1	39973	41376	0.00
NC_008535.1	39973	41401	0.00
NC_008535.1	39973	41426	0.92
NC_008535.1	39973	41451	1.00
NC_008535.1	39973	41476	1.60
NC_008535.1	39973	41501	2.00
NC_008535.1	39973	41526	2.12
NC_008535.1	39973	41551	3.00
NC_008535.1	39973	41576	2.08
NC_008535.1	39973	41601	2.00
NC_008535.1	39973	41626	1.40
NC_008535.1	39973	41651	1.00
NC_008535.1	39973	41676	0.88
NC_008535.1	39973	41701	0.00
NC_008535.1	39973	41726	0.00
NC_008535.1	39973	41751	0.00
NC_008535.1	39973	41776	0.00
NC_008535.1	39973	41801	0.00
NC_008535.1	39973	41826	0.00
NC_008535.1	39973	41851	0.32
NC_008535.1	39973	41876	1.00
NC_008535.1	39973	41901	1.00
NC_008535.1	39973	41926	1.00
NC_008535.1	39973	41951	1.00
NC_008535.1	40006	38001	0.00
NC_008535.1	40006	38026	0.00
NC_008535.1	40006	38051	0.00
NC_008535.1	40006	38076	0.00
NC_008535.1	40006	38101	0.00
NC_008535.1	40006	38126	0.00
NC_008535.1	40006	38151	0.00
NC_008535.1	40006	38176	0.00
NC_008535.1	40006	38201	0.00
NC_008535.1	40006	38226	0.00
NC_008535.1	40006	38251	0.00
NC_008535.1	40006	38276	0.00
NC_008535.1	40006	38301	0.00
NC_008535.1	40006	38326	0.00
NC_008535.1	40006	38351	0.00
NC_008535.1	40006	38376	0.00
NC_008535.1	40006	38401	0.00
NC_008535.1	40006	38426	0.00
NC_008535.1	40006	38451	0.00
NC_008535.1	40006	38476	0.00
NC_008535.1	40006	38501	0.00
NC_008535.1	40006	38526	0.00
NC_008535.1	40006	38551	0.00
NC_008535.1	40006	38576	0.00
NC_008535.1	40006	38601	0.00
NC_008535.1	40006	38626	0.00
NC_008535.1	40006	38651	0.00
NC_008535.1	40006	38676	0.00
NC_008535.1	40006	38701	0.00
NC_008535.1	40006	38726	0.00
NC_008535.1	40006	38751	0.00
NC_008535.1	40006	38776	0.00
NC_008535.1	40006	38801	0.00
NC_008535.1	40006	38826	0.00
NC_008535.1	40006	38851	0.00
NC_008535.1	40006	38876	0.00
NC_008535.1	40006	38901	0.00
NC_008535.1	40006	38926	0.00
NC_008535.1	40006	38951	0.00
NC_008535.1	40006	38976	0.00
NC_008535.1	40006	39001	0.00
NC_008535.1	40006	39026	0.00
NC_008535.1	40006	39051	0.00
NC_008535.1	40006	39076	0.00
NC_008535.1	40006	39101	0.00
NC_008535.1	40006	39126	0.00
NC_008535.1	40006	39151	0.00
NC_008535.1	40006	39176	0.00
NC_008535.1	40006	39201	0.00
NC_008535.1	40006	39226	0.00
NC_008535.1	40006	39251	0.00
NC_008535.1	40006	39276	0.00
NC_008535.1	40006	39301	0.00
NC_008535.1	40006	39326	0.00
NC_008535.1	40006	39351	0.00
NC_008535.1	40006	39376	0.00
NC_008535.1	40006	39401	0.00
NC_008535.1	40006	39426	0.00
NC_008535.1	40006	39451	0.00
NC_008535.1	40006	39476	0.00
NC_008535.1	40006	39501	0.00
NC_008535.1	40006	39526	0.00
NC_008535.1	40006	39551	0.00
NC_008535.1	40006	39576	0.00
NC_008535.1	40006	39601	0.00
NC_008535.1	40006	39626	0.00
NC_008535.1	40006	39651	0.00
NC_008535.1	40006	39676	0.00
NC_008535.1	40006	39701	0.76
NC_008535.1	40006	39726	1.00
NC_008535.1	40006	39751	1.00
NC_008535.1	40006	39776	1.00
NC_008535.1	40006	39801	1.04
NC_008535.1	40006	39826	2.00
NC_008535.1	40006	39851	1.24
NC_008535.1	40006	39876	1.00
NC_008535.1	40006	39901	1.00
NC_008535.1	40006	39926	1.60
NC_008535.1	40006	39951	1.96
NC_008535.1	40006	39976	1.00
NC_008535.1	40006	40001	1.00
NC_008535.1	40006	40026	1.00
NC_008535.1	40006	40051	1.44
NC_008535.1	40006	40076	1.68
NC_008535.1	40006	40101	2.28
NC_008535.1	40006	40126	4.00
NC_008535.1	40006	40151	4.00
NC_008535.1	40006	40176	4.00
NC_008535.1	40006	40201	3.56
NC_008535.1	40006	40226	2.72
NC_008535.1	40006	40251	1.72
NC_008535.1	40006	40276	0.00
NC_008535.1	40006	40301	0.00
NC_008535.1	40006	40326	0.00
NC_008535.1	40006	40351	0.00
NC_008535.1	40006	40376	0.00
NC_008535.1	40006	40401	0.00
NC_008535.1	40006	40426	0.00
NC_008535.1	40006	40451	0.00
NC_008535.1	40006	40476	0.00
NC_008535.1	40006	40501	0.00
NC_008535.1	40006	40526	0.00
NC_008535.1	40006	40551	0.00
NC_008535.1	40006	40576	0.00
NC_008535.1	40006	40601	0.00
NC_008535.1	40006	40626	0.00
NC_008535.1	40006	40651	0.00
NC_008535.1	40006	40676	0.12
NC_008535.1	40006	40701	1.00
NC_008535.1	40006	40726	1.00
NC_008535.1	40006	40751	1.00
NC_008535.1	40006	40776	1.00
NC_008535.1	40006	40801	1.00
NC_008535.1	40006	40826	0.88
NC_008535.1	40006	40851	0.00
NC_008535.1	40006	40876	0.00
NC_008535.1	40006	40901	0.00
NC_008535.1	40006	40926	0.00
NC_008535.1	40006	40951	0.00
NC_008535.1	40006	40976	0.00
NC_008535.1	40006	41001	0.00
NC_008535.1	40006	41026	0.00
NC_008535.1	40006	41051	0.00
NC_008535.1	40006	41076	0.00
NC_008535.1	40006	41101	0.00
NC_008535.1	40006	41126	0.00
NC_008535.1	40006	41151	0.00
NC_008535.1	40006	41176	0.00
NC_008535.1	40006	41201	0.00
NC_008535.1	40006	41226	0.00
NC_008535.1	40006	41251	0.00
NC_008535.1	40006	41276	0.00
NC_008535.1	40006	41301	0.00
NC_008535.1	40006	41326	0.00
NC_008535.1	40006	41351	0.00
NC_008535.1	40006	41376	0.00
NC_008535.1	40006	41401	0.00
NC_008535.1	40006	41426	0.92
NC_008535.1	40006	41451	1.00
NC_008535.1	40006	41476	1.60
NC_008535.1	40006	41501	2.00
NC_008535.1	40006	41526	2.12
NC_008535.1	40006	41551	3.00
NC_008535.1	40006	41576	2.08
NC_008535.1	40006	41601	2.00
NC_008535.1	40006	41626	1.40
NC_008535.1	40006	41651	1.00
NC_008535.1	40006	41676	0.88
NC_008535.1	40006	41701	0.00
NC_008535.1	40006	41726	0.00
NC_008535.1	40006	41751	0.00
NC_008535.1	40006	41776	0.00
NC_008535.1	40006	41801	0.00
NC_008535.1	40006	41826	0.00
NC_008535.1	40006	41851	0.32
NC_008535.1	40006	41876	1.00
NC_008535.1	40006	41901	1.00
NC_008535.1	40006	41926	1.00
NC_008535.1	40006	41951	1.00
NC_008535.1	40006	41976	1.00
NC_008535.1	40006	42001	1.00
NC_008535.1	40027	38026	0.00
NC_008535.1	40027	38051	0.00
NC_008535.1	40027	38076	0.00
NC_008535.1	40027	38101	0.00
NC_008535.1	40027	38126	0.00
NC_008535.1	40027	38151	0.00
NC_008535.1	40027	38176	0.00
NC_008535.1	40027	38201	0.00
NC_008535.1	40027	38226	0.00
NC_008535.1	40027	38251	0.00
NC_008535.1	40027	38276	0.00
NC_008535.1	40027	38301	0.00
NC_008535.1	40027	38326	0.00
NC_008535.1	40027	38351	0.00
NC_008535.1	40027	38376	0.00
NC_008535.1	40027	38401	0.00
NC_008535.1	40027	38426	0.00
NC_008535.1	40027	38451	0.00
NC_008535.1	40027	38476	0.00
NC_008535.1	40027	38501	0.00
NC_008535.1	40027	38526	0.00
NC_008535.1	40027	38551	0.00
NC_008535.1	40027	38576	0.00
NC_008535.1	40027	38601	0.00
NC_008535.1	40027	38626	0.00
NC_008535.1	40027	38651	0.00
NC_008535.1	40027	38676	0.00
NC_008535.1	40027	38701	0.00
NC_008535.1	40027	38726	0.00
NC_008535.1	40027	38751	0.00
NC_008535.1	40027	38776	0.00
NC_008535.1	40027	38801	0.00
NC_008535.1	40027	38826	0.00
NC_008535.1	40027	38851	0.00
NC_008535.1	40027	38876	0.00
NC_008535.1	40027	38901	0.00
NC_008535.1	40027	38926	0.00
NC_008535.1	40027	38951	0.00
NC_008535.1	40027	38976	0.00
NC_008535.1	40027	39001	0.00
NC_008535.1	40027	39026	0.00
NC_008535.1	40027	39051	0.00
NC_008535.1	40027	39076	0.00
NC_008535.1	40027	39101	0.00
NC_008535.1	40027	39126	0.00
NC_008535.1	40027	39151	0.00
NC_008535.1	40027	39176	0.00
NC_008535.1	40027	39201	0.00
NC_008535.1	40027	39226	0.00
NC_008535.1	40027	39251	0.00
NC_008535.1	40027	39276	0.00
NC_008535.1	40027	39301	0.00
NC_008535.1	40027	39326	0.00
NC_008535.1	40027	39351	0.00
NC_008535.1	40027	39376	0.00
NC_008535.1	40027	39401	0.00
NC_008535.1	40027	39426	0.00
NC_008535.1	40027	39451	0.00
NC_008535.1	40027	39476	0.00
NC_008535.1	40027	39501	0.00
NC_008535.1	40027	39526	0.00
NC_008535.1	40027	39551	0.00
NC_008535.1	40027	39576	0.00
NC_008535.1	40027	39601	0.00
NC_008535.1	40027	39626	0.00
NC_008535.1	40027	39651	0.00
NC_008535.1	40027	39676	0.00
NC_008535.1	40027	39701	0.76
NC_008535.1	40027	39726	1.00
NC_008535.1	40027	39751	1.00
NC_008535.1	40027	39776	1.00
NC_008535.1	40027	39801	1.04
NC_008535.1	40027	39826	2.00
NC_008535.1	40027	39851	1.24
NC_008535.1	40027	39876	1.00
NC_008535.1	40027	39901	1.00
NC_008535.1	40027	39926	1.60
NC_008535.1	40027	39951	1.96
NC_008535.1	40027	39976	1.00
NC_008535.1	40027	40001	1.00
NC_008535.1	40027	40026	1.00
NC_008535.1	40027	40051	1.44
NC_008535.1	40027	40076	1.68
NC_008535.1	40027	40101	2.28
NC_008535.1	40027	40126	4.00
NC_008535.1	40027	40151	4.00
NC_008535.1	40027	40176	4.00
NC_008535.1	40027	40201	3.56
NC_008535.1	40027	40226	2.72
NC_008535.1	40027	40251	1.72
NC_008535.1	40027	40276	0.00
NC_008535.1	40027	40301	0.00
NC_008535.1	40027	40326	0.00
NC_008535.1	40027	40351	0.00
NC_008535.1	40027	40376	0.00
NC_008535.1	40027	40401	0.00
NC_008535.1	40027	40426	0.00
NC_008535.1	40027	40451	0.00
NC_008535.1	40027	40476	0.00
NC_008535.1	40027	40501	0.00
NC_008535.1	40027	40526	0.00
NC_008535.1	40027	40551	0.00
NC_008535.1	40027	40576	0.00
NC_008535.1	40027	40601	0.00
NC_008535.1	40027	40626	0.00
NC_008535.1	40027	40651	0.00
NC_008535.1	40027	40676	0.12
NC_008535.1	40027	40701	1.00
NC_008535.1	40027	40726	1.00
NC_008535.1	40027	40751	1.00
NC_008535.1	40027	40776	1.00
NC_008535.1	40027	40801	1.00
NC_008535.1	40027	40826	0.88
NC_008535.1	40027	40851	0.00
NC_008535.1	40027	40876	0.00
NC_008535.1	40027	40901	0.00
NC_008535.1	40027	40926	0.00
NC_008535.1	40027	40951	0.00
NC_008535.1	40027	40976	0.00
NC_008535.1	40027	41001	0.00
NC_008535.1	40027	41026	0.00
NC_008535.1	40027	41051	0.00
NC_008535.1	40027	41076	0.00
NC_008535.1	40027	41101	0.00
NC_008535.1	40027	41126	0.00
NC_008535.1	40027	41151	0.00
NC_008535.1	40027	41176	0.00
NC_008535.1	40027	41201	0.00
NC_008535.1	40027	41226	0.00
NC_008535.1	40027	41251	0.00
NC_008535.1	40027	41276	0.00
NC_008535.1	40027	41301	0.00
NC_008535.1	40027	41326	0.00
NC_008535.1	40027	41351	0.00
NC_008535.1	40027	41376	0.00
NC_008535.1	40027	41401	0.00
NC_008535.1	40027	41426	0.92
NC_008535.1	40027	41451	1.00
NC_008535.1	40027	41476	1.60
NC_008535.1	40027	41501	2.00
NC_008535.1	40027	41526	2.12
NC_008535.1	40027	41551	3.00
NC_008535.1	40027	41576	2.08
NC_008535.1	40027	41601	2.00
NC_008535.1	40027	41626	1.40
NC_008535.1	40027	41651	1.00
NC_008535.1	40027	41676	0.88
NC_008535.1	40027	41701	0.00
NC_008535.1	40027	41726	0.00
NC_008535.1	40027	41751	0.00
NC_008535.1	40027	41776	0.00
NC_008535.1	40027	41801	0.00
NC_008535.1	40027	41826	0.00
NC_008535.1	40027	41851	0.32
NC_008535.1	40027	41876	1.00
NC_008535.1	40027	41901	1.00
NC_008535.1	40027	41926	1.00
NC_008535.1	40027	41951	1.00
NC_008535.1	40027	41976	1.00
NC_008535.1	40027	42001	0.68
NC_008535.1	40027	42026	0.00
NC_008535.1	40217	38201	0.00
NC_008535.1	40217	38226	0.00
NC_008535.1	40217	38251	0.00
NC_008535.1	40217	38276	0.00
NC_008535.1	40217	38301	0.00
NC_008535.1	40217	38326	0.00
NC_008535.1	40217	38351	0.00
NC_008535.1	40217	38376	0.00
NC_008535.1	40217	38401	0.00
NC_008535.1	40217	38426	0.00
NC_008535.1	40217	38451	0.00
NC_008535.1	40217	38476	0.00
NC_008535.1	40217	38501	0.00
NC_008535.1	40217	38526	0.00
NC_008535.1	40217	38551	0.00
NC_008535.1	40217	38576	0.00
NC_008535.1	40217	38601	0.00
NC_008535.1	40217	38626	0.00
NC_008535.1	40217	38651	0.00
NC_008535.1	40217	38676	0.00
NC_008535.1	40217	38701	0.00
NC_008535.1	40217	38726	0.00
NC_008535.1	40217	38751	0.00
NC_008535.1	40217	38776	0.00
NC_008535.1	40217	38801	0.00
NC_008535.1	40217	38826	0.00
NC_008535.1	40217	38851	0.00
NC_008535.1	40217	38876	0.00
NC_008535.1	40217	38901	0.00
NC_008535.1	40217	38926	0.00
NC_008535.1	40217	38951	0.00
NC_008535.1	40217	38976	0.00
NC_008535.1	40217	39001	0.00
NC_008535.1	40217	39026	0.00
NC_008535.1	40217	39051	0.00
NC_008535.1	40217	39076	0.00
NC_008535.1	40217	39101	0.00
NC_008535.1	40217	39126	0.00
NC_008535.1	40217	39151	0.00
NC_008535.1	40217	39176	0.00
NC_008535.1	40217	39201	0.00
NC_008535.1	40217	39226	0.00
NC_008535.1	40217	39251	0.00
NC_008535.1	40217	39276	0.00
NC_008535.1	40217	39301	0.00
NC_008535.1	40217	39326	0.00
NC_008535.1	40217	39351	0.00
NC_008535.1	40217	39376	0.00
NC_008535.1	40217	39401	0.00
NC_008535.1	40217	39426	0.00
NC_008535.1	40217	39451	0.00
NC_008535.1	40217	39476	0.00
NC_008535.1	40217	39501	0.00
NC_008535.1	40217	39526	0.00
NC_008535.1	40217	39551	0.00
NC_008535.1	40217	39576	0.00
NC_008535.1	40217	39601	0.00
NC_008535.1	40217	39626	0.00
NC_008535.1	40217	39651	0.00
NC_008535.1	40217	39676	0.00
NC_008535.1	40217	39701	0.76
NC_008535.1	40217	39726	1.00
NC_008535.1	40217	39751	1.00
NC_008535.1	40217	39776	1.00
NC_008535.1	40217	39801	1.04
NC_008535.1	40217	39826	2.00
NC_008535.1	40217	39851	1.24
NC_008535.1	40217	39876	1.00
NC_008535.1	40217	39901	1.00
NC_008535.1	40217	39926	1.60
NC_008535.1	40217	39951	1.96
NC_008535.1	40217	39976	1.00
NC_008535.1	40217	40001	1.00
NC_008535.1	40217	40026	1.00
NC_008535.1	40217	40051	1.44
NC_008535.1	40217	40076	1.68
NC_008535.1	40217	40101	2.28
NC_008535.1	40217	40126	4.00
NC_008535.1	40217	40151	4.00
NC_008535.1	40217	40176	4.00
NC_008535.1	40217	40201	3.56
NC_008535.1	40217	40226	2.72
NC_008535.1	40217	40251	1.72
NC_008535.1	40217	40276	0.00
NC_008535.1	40217	40301	0.00
NC_008535.1	40217	40326	0.00
NC_008535.1	40217	40351	0.00
NC_008535.1	40217	40376	0.00
NC_008535.1	40217	40401	0.00
NC_008535.1	40217	40426	0.00
NC_008535.1	40217	40451	0.00
NC_008535.1	40217	40476	0.00
NC_008535.1	40217	40501	0.00
NC_008535.1	40217	40526	0.00
NC_008535.1	40217	40551	0.00
NC_008535.1	40217	40576	0.00
NC_008535.1	40217	40601	0.00
NC_008535.1	40217	40626	0.00
NC_008535.1	40217	40651	0.00
NC_008535.1	40217	40676	0.12
NC_008535.1	40217	40701	1.00
NC_008535.1	40217	40726	1.00
NC_008535.1	40217	40751	1.00
NC_008535.1	40217	40776	1.00
NC_008535.1	40217	40801	1.00
NC_008535.1	40217	40826	0.88
NC_008535.1	40217	40851	0.00
NC_008535.1	40217	40876	0.00
NC_008535.1	40217	40901	0.00
NC_008535.1	40217	40926	0.00
NC_008535.1	40217	40951	0.00
NC_008535.1	40217	40976	0.00
NC_008535.1	40217	41001	0.00
NC_008535.1	40217	41026	0.00
NC_008535.1	40217	41051	0.00
NC_008535.1	40217	41076	0.00
NC_008535.1	40217	41101	0.00
NC_008535.1	40217	41126	0.00
NC_008535.1	40217	41151	0.00
NC_008535.1	40217	41176	0.00
NC_008535.1	40217	41201	0.00
NC_008535.1	40217	41226	0.00
NC_008535.1	40217	41251	0.00
NC_008535.1	40217	41276	0.00
NC_008535.1	40217	41301	0.00
NC_008535.1	40217	41326	0.00
NC_008535.1	40217	41351	0.00
NC_008535.1	40217	41376	0.00
NC_008535.1	40217	41401	0.00
NC_008535.1	40217	41426	0.92
NC_008535.1	40217	41451	1.00
NC_008535.1	40217	41476	1.60
NC_008535.1	40217	41501	2.00
NC_008535.1	40217	41526	2.12
NC_008535.1	40217	41551	3.00
NC_008535.1	40217	41576	2.08
NC_008535.1	40217	41601	2.00
NC_008535.1	40217	41626	1.40
NC_008535.1	40217	41651	1.00
NC_008535.1	40217	41676	0.88
NC_008535.1	40217	41701	0.00
NC_008535.1	40217	41726	0.00
NC_008535.1	40217	41751	0.00
NC_008535.1	40217	41776	0.00
NC_008535.1	40217	41801	0.00
NC_008535.1	40217	41826	0.00
NC_008535.1	40217	41851	0.32
NC_008535.1	40217	41876	1.00
NC_008535.1	40217	41901	1.00
NC_008535.1	40217	41926	1.00
NC_008535.1	40217	41951	1.00
NC_008535.1	40217	41976	1.00
NC_008535.1	40217	42001	0.68
NC_008535.1	40217	42026	0.00
NC_008535.1	40217	42051	0.00
NC_008535.1	40217	42076	0.00
NC_008535.1	40217	42101	0.00
NC_008535.1	40217	42126	0.00
NC_008535.1	40217	42151	0.00
NC_008535.1	40217	42176	0.00
NC_008535.1	40217	42201	0.00
NC_008535.1	40241	38226	0.00
NC_008535.1	40241	38251	0.00
NC_008535.1	40241	38276	0.00
NC_008535.1	40241	38301	0.00
NC_008535.1	40241	38326	0.00
NC_008535.1	40241	38351	0.00
NC_008535.1	40241	38376	0.00
NC_008535.1	40241	38401	0.00
NC_008535.1	40241	38426	0.00
NC_008535.1	40241	38451	0.00
NC_008535.1	40241	38476	0.00
NC_008535.1	40241	38501	0.00
NC_008535.1	40241	38526	0.00
NC_008535.1	40241	38551	0.00
NC_008535.1	40241	38576	0.00
NC_008535.1	40241	38601	0.00
NC_008535.1	40241	38626	0.00
NC_008535.1	40241	38651	0.00
NC_008535.1	40241	38676	0.00
NC_008535.1	40241	38701	0.00
NC_008535.1	40241	38726	0.00
NC_008535.1	40241	38751	0.00
NC_008535.1	40241	38776	0.00
NC_008535.1	40241	38801	0.00
NC_008535.1	40241	38826	0.00
NC_008535.1	40241	38851	0.00
NC_008535.1	40241	38876	0.00
NC_008535.1	40241	38901	0.00
NC_008535.1	40241	38926	0.00
NC_008535.1	40241	38951	0.00
NC_008535.1	40241	38976	0.00
NC_008535.1	40241	39001	0.00
NC_008535.1	40241	39026	0.00
NC_008535.1	40241	39051	0.00
NC_008535.1	40241	39076	0.00
NC_008535.1	40241	39101	0.00
NC_008535.1	40241	39126	0.00
NC_008535.1	40241	39151	0.00
NC_008535.1	40241	39176	0.00
NC_008535.1	40241	39201	0.00
NC_008535.1	40241	39226	0.00
NC_008535.1	40241	39251	0.00
NC_008535.1	40241	39276	0.00
NC_008535.1	40241	39301	0.00
NC_008535.1	40241	39326	0.00
NC_008535.1	40241	39351	0.00
NC_008535.1	40241	39376	0.00
NC_008535.1	40241	39401	0.00
NC_008535.1	40241	39426	0.00
NC_008535.1	40241	39451	0.00
NC_008535.1	40241	39476	0.00
NC_008535.1	40241	39501	0.00
NC_008535.1	40241	39526	0.00
NC_008535.1	40241	39551	0.00
NC_008535.1	40241	39576	0.00
NC_008535.1	40241	39601	0.00
NC_008535.1	40241	39626	0.00
NC_008535.1	40241	39651	0.00
NC_008535.1	40241	39676	0.00
NC_008535.1	40241	39701	0.76
NC_008535.1	40241	39726	1.00
NC_008535.1	40241	39751	1.00
NC_008535.1	40241	39776	1.00
NC_008535.1	40241	39801	1.04
NC_008535.1	40241	39826	2.00
NC_008535.1	40241	39851	1.24
NC_008535.1	40241	39876	1.00
NC_008535.1	40241	39901	1.00
NC_008535.1	40241	39926	1.60
NC_008535.1	40241	39951	1.96
NC_008535.1	40241	39976	1.00
NC_008535.1	40241	40001	1.00
NC_008535.1	40241	40026	1.00
NC_008535.1	40241	40051	1.44
NC_008535.1	40241	40076	1.68
NC_008535.1	40241	40101	2.28
NC_008535.1	40241	40126	4.00
NC_008535.1	40241	40151	4.00
NC_008535.1	40241	40176	4.00
NC_008535.1	40241	40201	3.56
NC_008535.1	40241	40226	2.72
NC_008535.1	40241	40251	1.72
NC_008535.1	40241	40276	0.00
NC_008535.1	40241	40301	0.00
NC_008535.1	40241	40326	0.00
NC_008535.1	40241	40351	0.00
NC_008535.1	40241	40376	0.00
NC_008535.1	40241	40401	0.00
NC_008535.1	40241	40426	0.00
NC_008535.1	40241	40451	0.00
NC_008535.1	40241	40476	0.00
NC_008535.1	40241	40501	0.00
NC_008535.1	40241	40526	0.00
NC_008535.1	40241	40551	0.00
NC_008535.1	40241	40576	0.00
NC_008535.1	40241	40601	0.00
NC_008535.1	40241	40626	0.00
NC_008535.1	40241	40651	0.00
NC_008535.1	40241	40676	0.12
NC_008535.1	40241	40701	1.00
NC_008535.1	40241	40726	1.00
NC_008535.1	40241	40751	1.00
NC_008535.1	40241	40776	1.00
NC_008535.1	40241	40801	1.00
NC_008535.1	40241	40826	0.88
NC_008535.1	40241	40851	0.00
NC_008535.1	40241	40876	0.00
NC_008535.1	40241	40901	0.00
NC_008535.1	40241	40926	0.00
NC_008535.1	40241	40951	0.00
NC_008535.1	40241	40976	0.00
NC_008535.1	40241	41001	0.00
NC_008535.1	40241	41026	0.00
NC_008535.1	40241	41051	0.00
NC_008535.1	40241	41076	0.00
NC_008535.1	40241	41101	0.00
NC_008535.1	40241	41126	0.00
NC_008535.1	40241	41151	0.00
NC_008535.1	40241	41176	0.00
NC_008535.1	40241	41201	0.00
NC_008535.1	40241	41226	0.00
NC_008535.1	40241	41251	0.00
NC_008535.1	40241	41276	0.00
NC_008535.1	40241	41301	0.00
NC_008535.1	40241	41326	0.00
NC_008535.1	40241	41351	0.00
NC_008535.1	40241	41376	0.00
NC_008535.1	40241	41401	0.00
NC_008535.1	40241	41426	0.92
NC_008535.1	40241	41451	1.00
NC_008535.1	40241	41476	1.60
NC_008535.1	40241	41501	2.00
NC_008535.1	40241	41526	2.12
NC_008535.1	40241	41551	3.00
NC_008535.1	40241	41576	2.08
NC_008535.1	40241	41601	2.00
NC_008535.1	40241	41626	1.40
NC_008535.1	40241	41651	1.00
NC_008535.1	40241	41676	0.88
NC_008535.1	40241	41701	0.00
NC_008535.1	40241	41726	0.00
NC_008535.1	40241	41751	0.00
NC_008535.1	40241	41776	0.00
NC_008535.1	40241	41801	0.00
NC_008535.1	40241	41826	0.00
NC_008535.1	40241	41851	0.32
NC_008535.1	40241	41876	1.00
NC_008535.1	40241	41901	1.00
NC_008535.1	40241	41926	1.00
NC_008535.1	40241	41951	1.00
NC_008535.1	40241	41976	1.00
NC_008535.1	40241	42001	0.68
NC_008535.1	40241	42026	0.00
NC_008535.1	40241	42051	0.00
NC_008535.1	40241	42076	0.00
NC_008535.1	40241	42101	0.00
NC_008535.1	40241	42126	0.00
NC_008535.1	40241	42151	0.00
NC_008535.1	40241	42176	0.00
NC_008535.1	40241	42201	0.00
NC_008535.1	40241	42226	0.00
NC_008535.1	40259	38251	0.00
NC_008535.1	40259	38276	0.00
NC_008535.1	40259	38301	0.00
NC_008535.1	40259	38326	0.00
NC_008535.1	40259	38351	0.00
NC_008535.1	40259	38376	0.00
NC_008535.1	40259	38401	0.00
NC_008535.1	40259	38426	0.00
NC_008535.1	40259	38451	0.00
NC_008535.1	40259	38476	0.00
NC_008535.1	40259	38501	0.00
NC_008535.1	40259	38526	0.00
NC_008535.1	40259	38551	0.00
NC_008535.1	40259	38576	0.00
NC_008535.1	40259	38601	0.00
NC_008535.1	40259	38626	0.00
NC_008535.1	40259	38651	0.00
NC_008535.1	40259	38676	0.00
NC_008535.1	40259	38701	0.00
NC_008535.1	40259	38726	0.00
NC_008535.1	40259	38751	0.00
NC_008535.1	40259	38776	0.00
NC_008535.1	40259	38801	0.00
NC_008535.1	40259	38826	0.00
NC_008535.1	40259	38851	0.00
NC_008535.1	40259	38876	0.00
NC_008535.1	40259	38901	0.00
NC_008535.1	40259	38926	0.00
NC_008535.1	40259	38951	0.00
NC_008535.1	40259	38976	0.00
NC_008535.1	40259	39001	0.00
NC_008535.1	40259	39026	0.00
NC_008535.1	40259	39051	0.00
NC_008535.1	40259	39076	0.00
NC_008535.1	40259	39101	0.00
NC_008535.1	40259	39126	0.00
NC_008535.1	40259	39151	0.00
NC_008535.1	40259	39176	0.00
NC_008535.1	40259	39201	0.00
NC_008535.1	40259	39226	0.00
NC_008535.1	40259	39251	0.00
NC_008535.1	40259	39276	0.00
NC_008535.1	40259	39301	0.00
NC_008535.1	40259	39326	0.00
NC_008535.1	40259	39351	0.00
NC_008535.1	40259	39376	0.00
NC_008535.1	40259	39401	0.00
NC_008535.1	40259	39426	0.00
NC_008535.1	40259	39451	0.00
NC_008535.1	40259	39476	0.00
NC_008535.1	40259	39501	0.00
NC_008535.1	40259	39526	0.00
NC_008535.1	40259	39551	0.00
NC_008535.1	40259	39576	0.00
NC_008535.1	40259	39601	0.00
NC_008535.1	40259	39626	0.00
NC_008535.1	40259	39651	0.00
NC_008535.1	40259	39676	0.00
NC_008535.1	40259	39701	0.76
NC_008535.1	40259	39726	1.00
NC_008535.1	40259	39751	1.00
NC_008535.1	40259	39776	1.00
NC_008535.1	40259	39801	1.04
NC_008535.1	40259	39826	2.00
NC_008535.1	40259	39851	1.24
NC_008535.1	40259	39876	1.00
NC_008535.1	40259	39901	1.00
NC_008535.1	40259	39926	1.60
NC_008535.1	40259	39951	1.96
NC_008535.1	40259	39976	1.00
NC_008535.1	40259	40001	1.00
NC_008535.1	40259	40026	1.00
NC_008535.1	40259	40051	1.44
NC_008535.1	40259	40076	1.68
NC_008535.1	40259	40101	2.28
NC_008535.1	40259	40126	4.00
NC_008535.1	40259	40151	4.00
NC_008535.1	40259	40176	4.00
NC_008535.1	40259	40201	3.56
NC_008535.1	40259	40226	2.72
NC_008535.1	40259	40251	1.72
NC_008535.1	40259	40276	0.00
NC_008535.1	40259	40301	0.00
NC_008535.1	40259	40326	0.00
NC_008535.1	40259	40351	0.00
NC_008535.1	40259	40376	0.00
NC_008535.1	40259	40401	0.00
NC_008535.1	40259	40426	0.00
NC_008535.1	40259	40451	0.00
NC_008535.1	40259	40476	0.00
NC_008535.1	40259	40501	0.00
NC_008535.1	40259	40526	0.00
NC_008535.1	40259	40551	0.00
NC_008535.1	40259	40576	0.00
NC_008535.1	40259	40601	0.00
NC_008535.1	40259	40626	0.00
NC_008535.1	40259	40651	0.00
NC_008535.1	40259	40676	0.12
NC_008535.1	40259	40701	1.00
NC_008535.1	40259	40726	1.00
NC_008535.1	40259	40751	1.00
NC_008535.1	40259	40776	1.00
NC_008535.1	40259	40801	1.00
NC_008535.1	40259	40826	0.88
NC_008535.1	40259	40851	0.00
NC_008535.1	40259	40876	0.00
NC_008535.1	40259	40901	0.00
NC_008535.1	40259	40926	0.00
NC_008535.1	40259	40951	0.00
NC_008535.1	40259	40976	0.00
NC_008535.1	40259	41001	0.00
NC_008535.1	40259	41026	0.00
NC_008535.1	40259	41051	0.00
NC_008535.1	40259	41076	0.00
NC_008535.1	40259	41101	0.00
NC_008535.1	40259	41126	0.00
NC_008535.1	40259	41151	0.00
NC_008535.1	40259	41176	0.00
NC_008535.1	40259	41201	0.00
NC_008535.1	40259	41226	0.00
NC_008535.1	40259	41251	0.00
NC_008535.1	40259	41276	0.00
NC_008535.1	40259	41301	0.00
NC_008535.1	40259	41326	0.00
NC_008535.1	40259	41351	0.00
NC_008535.1	40259	41376	0.00
NC_008535.1	40259	41401	0.00
NC_008535.1	40259	41426	0.92
NC_008535.1	40259	41451	1.00
NC_008535.1	40259	41476	1.60
NC_008535.1	40259	41501	2.00
NC_008535.1	40259	41526	2.12
NC_008535.1	40259	41551	3.00
NC_008535.1	40259	41576	2.08
NC_008535.1	40259	41601	2.00
NC_008535.1	40259	41626	1.40
NC_008535.1	40259	41651	1.00
NC_008535.1	40259	41676	0.88
NC_008535.1	40259	41701	0.00
NC_008535.1	40259	41726	0.00
NC_008535.1	40259	41751	0.00
NC_008535.1	40259	41776	0.00
NC_008535.1	40259	41801	0.00
NC_008535.1	40259	41826	0.00
NC_008535.1	40259	41851	0.32
NC_008535.1	40259	41876	1.00
NC_008535.1	40259	41901	1.00
NC_008535.1	40259	41926	1.00
NC_008535.1	40259	41951	1.00
NC_008535.1	40259	41976	1.00
NC_008535.1	40259	42001	0.68
NC_008535.1	40259	42026	0.00
NC_008535.1	40259	42051	0.00
NC_008535.1	40259	42076	0.00
NC_008535.1	40259	42101	0.00
NC_008535.1	40259	42126	0.00
NC_008535.1	40259	42151	0.00
NC_008535.1	40259	42176	0.00
NC_008535.1	40259	42201	0.00
NC_008535.1	40259	42226	0.00
NC_008535.1	40259	42251	0.00
NC_008535.1	40724	38701	0.00
NC_008535.1	40724	38726	0.00
NC_008535.1	40724	38751	0.00
NC_008535.1	40724	38776	0.00
NC_008535.1	40724	38801	0.00
NC_008535.1	40724	38826	0.00
NC_008535.1	40724	38851	0.00
NC_008535.1	40724	38876	0.00
NC_008535.1	40724	38901	0.00
NC_008535.1	40724	38926	0.00
NC_008535.1	40724	38951	0.00
NC_008535.1	40724	38976	0.00
NC_008535.1	40724	39001	0.00
NC_008535.1	40724	39026	0.00
NC_008535.1	40724	39051	0.00
NC_008535.1	40724	39076	0.00
NC_008535.1	40724	39101	0.00
NC_008535.1	40724	39126	0.00
NC_008535.1	40724	39151	0.00
NC_008535.1	40724	39176	0.00
NC_008535.1	40724	39201	0.00
NC_008535.1	40724	39226	0.00
NC_008535.1	40724	39251	0.00
NC_008535.1	40724	39276	0.00
NC_008535.1	40724	39301	0.00
NC_008535.1	40724	39326	0.00
NC_008535.1	40724	39351	0.00
NC_008535.1	40724	39376	0.00
NC_008535.1	40724	39401	0.00
NC_008535.1	40724	39426	0.00
NC_008535.1	40724	39451	0.00
NC_008535.1	40724	39476	0.00
NC_008535.1	40724	39501	0.00
NC_008535.1	40724	39526	0.00
NC_008535.1	40724	39551	0.00
NC_008535.1	40724	39576	0.00
NC_008535.1	40724	39601	0.00
NC_008535.1	40724	39626	0.00
NC_008535.1	40724	39651	0.00
NC_008535.1	40724	39676	0.00
NC_008535.1	40724	39701	0.76
NC_008535.1	40724	39726	1.00
NC_008535.1	40724	39751	1.00
NC_008535.1	40724	39776	1.00
NC_008535.1	40724	39801	1.04
NC_008535.1	40724	39826	2.00
NC_008535.1	40724	39851	1.24
NC_008535.1	40724	39876	1.00
NC_008535.1	40724	39901	1.00
NC_008535.1	40724	39926	1.60
NC_008535.1	40724	39951	1.96
NC_008535.1	40724	39976	1.00
NC_008535.1	40724	40001	1.00
NC_008535.1	40724	40026	1.00
NC_008535.1	40724	40051	1.44
NC_008535.1	40724	40076	1.68
NC_008535.1	40724	40101	2.28
NC_008535.1	40724	40126	4.00
NC_008535.1	40724	40151	4.00
NC_008535.1	40724	40176	4.00
NC_008535.1	40724	40201	3.56
NC_008535.1	40724	40226	2.72
NC_008535.1	40724	40251	1.72
NC_008535.1	40724	40276	0.00
NC_008535.1	40724	40301	0.00
NC_008535.1	40724	40326	0.00
NC_008535.1	40724	40351	0.00
NC_008535.1	40724	40376	0.00
NC_008535.1	40724	40401	0.00
NC_008535.1	40724	40426	0.00
NC_008535.1	40724	40451	0.00
NC_008535.1	40724	40476	0.00
NC_008535.1	40724	40501	0.00
NC_008535.1	40724	40526	0.00
NC_008535.1	40724	40551	0.00
NC_008535.1	40724	40576	0.00
NC_008535.1	40724	40601	0.00
NC_008535.1	40724	40626	0.00
NC_008535.1	40724	40651	0.00
NC_008535.1	40724	40676	0.12
NC_008535.1	40724	40701	1.00
NC_008535.1	40724	40726	1.00
NC_008535.1	40724	40751	1.00
NC_008535.1	40724	40776	1.00
NC_008535.1	40724	40801	1.00
NC_008535.1	40724	40826	0.88
NC_008535.1	40724	40851	0.00
NC_008535.1	40724	40876	0.00
NC_008535.1	40724	40901	0.00
NC_008535.1	40724	40926	0.00
NC_008535.1	40724	40951	0.00
NC_008535.1	40724	40976	0.00
NC_008535.1	40724	41001	0.00
NC_008535.1	40724	41026	0.00
NC_008535.1	40724	41051	0.00
NC_008535.1	40724	41076	0.00
NC_008535.1	40724	41101	0.00
NC_008535.1	40724	41126	0.00
NC_008535.1	40724	41151	0.00
NC_008535.1	40724	41176	0.00
NC_008535.1	40724	41201	0.00
NC_008535.1	40724	41226	0.00
NC_008535.1	40724	41251	0.00
NC_008535.1	40724	41276	0.00
NC_008535.1	40724	41301	0.00
NC_008535.1	40724	41326	0.00
NC_008535.1	40724	41351	0.00
NC_008535.1	40724	41376	0.00
NC_008535.1	40724	41401	0.00
NC_008535.1	40724	41426	0.92
NC_008535.1	40724	41451	1.00
NC_008535.1	40724	41476	1.60
NC_008535.1	40724	41501	2.00
NC_008535.1	40724	41526	2.12
NC_008535.1	40724	41551	3.00
NC_008535.1	40724	41576	2.08
NC_008535.1	40724	41601	2.00
NC_008535.1	40724	41626	1.40
NC_008535.1	40724	41651	1.00
NC_008535.1	40724	41676	0.88
NC_008535.1	40724	41701	0.00
NC_008535.1	40724	41726	0.00
NC_008535.1	40724	41751	0.00
NC_008535.1	40724	41776	0.00
NC_008535.1	40724	41801	0.00
NC_008535.1	40724	41826	0.00
NC_008535.1	40724	41851	0.32
NC_008535.1	40724	41876	1.00
NC_008535.1	40724	41901	1.00
NC_008535.1	40724	41926	1.00
NC_008535.1	40724	41951	1.00
NC_008535.1	40724	41976	1.00
NC_008535.1	40724	42001	0.68
NC_008535.1	40724	42026	0.00
NC_008535.1	40724	42051	0.00
NC_008535.1	40724	42076	0.00
NC_008535.1	40724	42101	0.00
NC_008535.1	40724	42126	0.00
NC_008535.1	40724	42151	0.00
NC_008535.1	40724	42176	0.00
NC_008535.1	40724	42201	0.00
NC_008535.1	40724	42226	0.00
NC_008535.1	40724	42251	0.04
NC_008535.1	40724	42276	1.00
NC_008535.1	40724	42301	1.00
NC_008535.1	40724	42326	1.00
NC_008535.1	40724	42351	1.00
NC_008535.1	40724	42376	1.00
NC_008535.1	40724	42401	1.44
NC_008535.1	40724	42426	1.00
NC_008535.1	40724	42451	1.00
NC_008535.1	40724	42476	1.00
NC_008535.1	40724	42501	1.00
NC_008535.1	40724	42526	1.00
NC_008535.1	40724	42551	0.52
NC_008535.1	40724	42576	0.00
NC_008535.1	40724	42601	0.00
NC_008535.1	40724	42626	0.00
NC_008535.1	40724	42651	0.00
NC_008535.1	40724	42676	0.00
NC_008535.1	40724	42701	0.00
NC_008535.1	40727	38726	0.00
NC_008535.1	40727	38751	0.00
NC_008535.1	40727	38776	0.00
NC_008535.1	40727	38801	0.00
NC_008535.1	40727	38826	0.00
NC_008535.1	40727	38851	0.00
NC_008535.1	40727	38876	0.00
NC_008535.1	40727	38901	0.00
NC_008535.1	40727	38926	0.00
NC_008535.1	40727	38951	0.00
NC_008535.1	40727	38976	0.00
NC_008535.1	40727	39001	0.00
NC_008535.1	40727	39026	0.00
NC_008535.1	40727	39051	0.00
NC_008535.1	40727	39076	0.00
NC_008535.1	40727	39101	0.00
NC_008535.1	40727	39126	0.00
NC_008535.1	40727	39151	0.00
NC_008535.1	40727	39176	0.00
NC_008535.1	40727	39201	0.00
NC_008535.1	40727	39226	0.00
NC_008535.1	40727	39251	0.00
NC_008535.1	40727	39276	0.00
NC_008535.1	40727	39301	0.00
NC_008535.1	40727	39326	0.00
NC_008535.1	40727	39351	0.00
NC_008535.1	40727	39376	0.00
NC_008535.1	40727	39401	0.00
NC_008535.1	40727	39426	0.00
NC_008535.1	40727	39451	0.00
NC_008535.1	40727	39476	0.00
NC_008535.1	40727	39501	0.00
NC_008535.1	40727	39526	0.00
NC_008535.1	40727	39551	0.00
NC_008535.1	40727	39576	0.00
NC_008535.1	40727	39601	0.00
NC_008535.1	40727	39626	0.00
NC_008535.1	40727	39651	0.00
NC_008535.1	40727	39676	0.00
NC_008535.1	40727	39701	0.76
NC_008535.1	40727	39726	1.00
NC_008535.1	40727	39751	1.00
NC_008535.1	40727	39776	1.00
NC_008535.1	40727	39801	1.04
NC_008535.1	40727	39826	2.00
NC_008535.1	40727	39851	1.24
NC_008535.1	40727	39876	1.00
NC_008535.1	40727	39901	1.00
NC_008535.1	40727	39926	1.60
NC_008535.1	40727	39951	1.96
NC_008535.1	40727	39976	1.00
NC_008535.1	40727	40001	1.00
NC_008535.1	40727	40026	1.00
NC_008535.1	40727	40051	1.44
NC_008535.1	40727	40076	1.68
NC_008535.1	40727	40101	2.28
NC_008535.1	40727	40126	4.00
NC_008535.1	40727	40151	4.00
NC_008535.1	40727	40176	4.00
NC_008535.1	40727	40201	3.56
NC_008535.1	40727	40226	2.72
NC_008535.1	40727	40251	1.72
NC_008535.1	40727	40276	0.00
NC_008535.1	40727	40301	0.00
NC_008535.1	40727	40326	0.00
NC_008535.1	40727	40351	0.00
NC_008535.1	40727	40376	0.00
NC_008535.1	40727	40401	0.00
NC_008535.1	40727	40426	0.00
NC_008535.1	40727	40451	0.00
NC_008535.1	40727	40476	0.00
NC_008535.1	40727	40501	0.00
NC_008535.1	40727	40526	0.00
NC_008535.1	40727	40551	0.00
NC_008535.1	40727	40576	0.00
NC_008535.1	40727	40601	0.00
NC_008535.1	40727	40626	0.00
NC_008535.1	40727	40651	0.00
NC_008535.1	40727	40676	0.12
NC_008535.1	40727	40701	1.00
NC_008535.1	40727	40726	1.00
NC_008535.1	40727	40751	1.00
NC_008535.1	40727	40776	1.00
NC_008535.1	40727	40801	1.00
NC_008535.1	40727	40826	0.88
NC_008535.1	40727	40851	0.00
NC_008535.1	40727	40876	0.00
NC_008535.1	40727	40901	0.00
NC_008535.1	40727	40926	0.00
NC_008535.1	40727	40951	0.00
NC_008535.1	40727	40976	0.00
NC_008535.1	40727	41001	0.00
NC_008535.1	40727	41026	0.00
NC_008535.1	40727	41051	0.00
NC_008535.1	40727	41076	0.00
NC_008535.1	40727	41101	0.00
NC_008535.1	40727	41126	0.00
NC_008535.1	40727	41151	0.00
NC_008535.1	40727	41176	0.00
NC_008535.1	40727	41201	0.00
NC_008535.1	40727	41226	0.00
NC_008535.1	40727	41251	0.00
NC_008535.1	40727	41276	0.00
NC_008535.1	40727	41301	0.00
NC_008535.1	40727	41326	0.00
NC_008535.1	40727	41351	0.00
NC_008535.1	40727	41376	0.00
NC_008535.1	40727	41401	0.00
NC_008535.1	40727	41426	0.92
NC_008535.1	40727	41451	1.00
NC_008535.1	40727	41476	1.60
NC_008535.1	40727	41501	2.00
NC_008535.1	40727	41526	2.12
NC_008535.1	40727	41551	3.00
NC_008535.1	40727	41576	2.08
NC_008535.1	40727	41601	2.00
NC_008535.1	40727	41626	1.40
NC_008535.1	40727	41651	1.00
NC_008535.1	40727	41676	0.88
NC_008535.1	40727	41701	0.00
NC_008535.1	40727	41726	0.00
NC_008535.1	40727	41751	0.00
NC_008535.1	40727	41776	0.00
NC_008535.1	40727	41801	0.00
NC_008535.1	40727	41826	0.00
NC_008535.1	40727	41851	0.32
NC_008535.1	40727	41876	1.00
NC_008535.1	40727	41901	1.00
NC_008535.1	40727	41926	1.00
NC_008535.1	40727	41951	1.00
NC_008535.1	40727	41976	1.00
NC_008535.1	40727	42001	0.68
NC_008535.1	40727	42026	0.00
NC_008535.1	40727	42051	0.00
NC_008535.1	40727	42076	0.00
NC_008535.1	40727	42101	0.00
NC_008535.1	40727	42126	0.00
NC_008535.1	40727	42151	0.00
NC_008535.1	40727	42176	0.00
NC_008535.1	40727	42201	0.00
NC_008535.1	40727	42226	0.00
NC_008535.1	40727	42251	0.04
NC_008535.1	40727	42276	1.00
NC_008535.1	40727	42301	1.00
NC_008535.1	40727	42326	1.00
NC_008535.1	40727	42351	1.00
NC_008535.1	40727	42376	1.00
NC_008535.1	40727	42401	1.44
NC_008535.1	40727	42426	1.00
NC_008535.1	40727	42451	1.00
NC_008535.1	40727	42476	1.00
NC_008535.1	40727	42501	1.00
NC_008535.1	40727	42526	1.00
NC_008535.1	40727	42551	0.52
NC_008535.1	40727	42576	0.00
NC_008535.1	40727	42601	0.00
NC_008535.1	40727	42626	0.00
NC_008535.1	40727	42651	0.00
NC_008535.1	40727	42676	0.00
NC_008535.1	40727	42701	0.00
NC_008535.1	40727	42726	0.00
NC_008535.1	40736	38726	0.00
NC_008535.1	40736	38751	0.00
NC_008535.1	40736	38776	0.00
NC_008535.1	40736	38801	0.00
NC_008535.1	40736	38826	0.00
NC_008535.1	40736	38851	0.00
NC_008535.1	40736	38876	0.00
NC_008535.1	40736	38901	0.00
NC_008535.1	40736	38926	0.00
NC_008535.1	40736	38951	0.00
NC_008535.1	40736	38976	0.00
NC_008535.1	40736	39001	0.00
NC_008535.1	40736	39026	0.00
NC_008535.1	40736	39051	0.00
NC_008535.1	40736	39076	0.00
NC_008535.1	40736	39101	0.00
NC_008535.1	40736	39126	0.00
NC_008535.1	40736	39151	0.00
NC_008535.1	40736	39176	0.00
NC_008535.1	40736	39201	0.00
NC_008535.1	40736	39226	0.00
NC_008535.1	40736	39251	0.00
NC_008535.1	40736	39276	0.00
NC_008535.1	40736	39301	0.00
NC_008535.1	40736	39326	0.00
NC_008535.1	40736	39351	0.00
NC_008535.1	40736	39376	0.00
NC_008535.1	40736	39401	0.00
NC_008535.1	40736	39426	0.00
NC_008535.1	40736	39451	0.00
NC_008535.1	40736	39476	0.00
NC_008535.1	40736	39501	0.00
NC_008535.1	40736	39526	0.00
NC_008535.1	40736	39551	0.00
NC_008535.1	40736	39576	0.00
NC_008535.1	40736	39601	0.00
NC_008535.1	40736	39626	0.00
NC_008535.1	40736	39651	0.00
NC_008535.1	40736	39676	0.00
NC_008535.1	40736	39701	0.76
NC_008535.1	40736	39726	1.00
NC_008535.1	40736	39751	1.00
NC_008535.1	40736	39776	1.00
NC_008535.1	40736	39801	1.04
NC_008535.1	40736	39826	2.00
NC_008535.1	40736	39851	1.24
NC_008535.1	40736	39876	1.00
NC_008535.1	40736	39901	1.00
NC_008535.1	40736	39926	1.60
NC_008535.1	40736	39951	1.96
NC_008535.1	40736	39976	1.00
NC_008535.1	40736	40001	1.00
NC_008535.1	40736	40026	1.00
NC_008535.1	40736	40051	1.44
NC_008535.1	40736	40076	1.68
NC_008535.1	40736	40101	2.28
NC_008535.1	40736	40126	4.00
NC_008535.1	40736	40151	4.00
NC_008535.1	40736	40176	4.00
NC_008535.1	40736	40201	3.56
NC_008535.1	40736	40226	2.72
NC_008535.1	40736	40251	1.72
NC_008535.1	40736	40276	0.00
NC_008535.1	40736	40301	0.00
NC_008535.1	40736	40326	0.00
NC_008535.1	40736	40351	0.00
NC_008535.1	40736	40376	0.00
NC_008535.1	40736	40401	0.00
NC_008535.1	40736	40426	0.00
NC_008535.1	40736	40451	0.00
NC_008535.1	40736	40476	0.00
NC_008535.1	40736	40501	0.00
NC_008535.1	40736	40526	0.00
NC_008535.1	40736	40551	0.00
NC_008535.1	40736	40576	0.00
NC_008535.1	40736	40601	0.00
NC_008535.1	40736	40626	0.00
NC_008535.1	40736	40651	0.00
NC_008535.1	40736	40676	0.12
NC_008535.1	40736	40701	1.00
NC_008535.1	40736	40726	1.00
NC_008535.1	40736	40751	1.00
NC_008535.1	40736	40776	1.00
NC_008535.1	40736	40801	1.00
NC_008535.1	40736	40826	0.88
NC_008535.1	40736	40851	0.00
NC_008535.1	40736	40876	0.00
NC_008535.1	40736	40901	0.00
NC_008535.1	40736	40926	0.00
NC_008535.1	40736	40951	0.00
NC_008535.1	40736	40976	0.00
NC_008535.1	40736	41001	0.00
NC_008535.1	40736	41026	0.00
NC_008535.1	40736	41051	0.00
NC_008535.1	40736	41076	0.00
NC_008535.1	40736	41101	0.00
NC_008535.1	40736	41126	0.00
NC_008535.1	40736	41151	0.00
NC_008535.1	40736	41176	0.00
NC_008535.1	40736	41201	0.00
NC_008535.1	40736	41226	0.00
NC_008535.1	40736	41251	0.00
NC_008535.1	40736	41276	0.00
NC_008535.1	40736	41301	0.00
NC_008535.1	40736	41326	0.00
NC_008535.1	40736	41351	0.00
NC_008535.1	40736	41376	0.00
NC_008535.1	40736	41401	0.00
NC_008535.1	40736	41426	0.92
NC_008535.1	40736	41451	1.00
NC_008535.1	40736	41476	1.60
NC_008535.1	40736	41501	2.00
NC_008535.1	40736	41526	2.12
NC_008535.1	40736	41551	3.00
NC_008535.1	40736	41576	2.08
NC_008535.1	40736	41601	2.00
NC_008535.1	40736	41626	1.40
NC_008535.1	40736	41651	1.00
NC_008535.1	40736	41676	0.88
NC_008535.1	40736	41701	0.00
NC_008535.1	40736	41726	0.00
NC_008535.1	40736	41751	0.00
NC_008535.1	40736	41776	0.00
NC_008535.1	40736	41801	0.00
NC_008535.1	40736	41826	0.00
NC_008535.1	40736	41851	0.32
NC_008535.1	40736	41876	1.00
NC_008535.1	40736	41901	1.00
NC_008535.1	40736	41926	1.00
NC_008535.1	40736	41951	1.00
NC_008535.1	40736	41976	1.00
NC_008535.1	40736	42001	0.68
NC_008535.1	40736	42026	0.00
NC_008535.1	40736	42051	0.00
NC_008535.1	40736	42076	0.00
NC_008535.1	40736	42101	0.00
NC_008535.1	40736	42126	0.00
NC_008535.1	40736	42151	0.00
NC_008535.1	40736	42176	0.00
NC_008535.1	40736	42201	0.00
NC_008535.1	40736	42226	0.00
NC_008535.1	40736	42251	0.04
NC_008535.1	40736	42276	1.00
NC_008535.1	40736	42301	1.00
NC_008535.1	40736	42326	1.00
NC_008535.1	40736	42351	1.00
NC_008535.1	40736	42376	1.00
NC_008535.1	40736	42401	1.44
NC_008535.1	40736	42426	1.00
NC_008535.1	40736	42451	1.00
NC_008535.1	40736	42476	1.00
NC_008535.1	40736	42501	1.00
NC_008535.1	40736	42526	1.00
NC_008535.1	40736	42551	0.52
NC_008535.1	40736	42576	0.00
NC_008535.1	40736	42601	0.00
NC_008535.1	40736	42626	0.00
NC_008535.1	40736	42651	0.00
NC_008535.1	40736	42676	0.00
NC_008535.1	40736	42701	0.00
NC_008535.1	40736	42726	0.00
NC_008535.1	41537	39526	0.00
NC_008535.1	41537	39551	0.00
NC_008535.1	41537	39576	0.00
NC_008535.1	41537	39601	0.00
NC_008535.1	41537	39626	0.00
NC_008535.1	41537	39651	0.00
NC_008535.1	41537	39676	0.00
NC_008535.1	41537	39701	0.76
NC_008535.1	41537	39726	1.00
NC_008535.1	41537	39751	1.00
NC_008535.1	41537	39776	1.00
NC_008535.1	41537	39801	1.04
NC_008535.1	41537	39826	2.00
NC_008535.1	41537	39851	1.24
NC_008535.1	41537	39876	1.00
NC_008535.1	41537	39901	1.00
NC_008535.1	41537	39926	1.60
NC_008535.1	41537	39951	1.96
NC_008535.1	41537	39976	1.00
NC_008535.1	41537	40001	1.00
NC_008535.1	41537	40026	1.00
NC_008535.1	41537	40051	1.44
NC_008535.1	41537	40076	1.68
NC_008535.1	41537	40101	2.28
NC_008535.1	41537	40126	4.00
NC_008535.1	41537	40151	4.00
NC_008535.1	41537	40176	4.00
NC_008535.1	41537	40201	3.56
NC_008535.1	41537	40226	2.72
NC_008535.1	41537	40251	1.72
NC_008535.1	41537	40276	0.00
NC_008535.1	41537	40301	0.00
NC_008535.1	41537	40326	0.00
NC_008535.1	41537	40351	0.00
NC_008535.1	41537	40376	0.00
NC_008535.1	41537	40401	0.00
NC_008535.1	41537	40426	0.00
NC_008535.1	41537	40451	0.00
NC_008535.1	41537	40476	0.00
NC_008535.1	41537	40501	0.00
NC_008535.1	41537	40526	0.00
NC_008535.1	41537	40551	0.00
NC_008535.1	41537	40576	0.00
NC_008535.1	41537	40601	0.00
NC_008535.1	41537	40626	0.00
NC_008535.1	41537	40651	0.00
NC_008535.1	41537	40676	0.12
NC_008535.1	41537	40701	1.00
NC_008535.1	41537	40726	1.00
NC_008535.1	41537	40751	1.00
NC_008535.1	41537	40776	1.00
NC_008535.1	41537	40801	1.00
NC_008535.1	41537	40826	0.88
NC_008535.1	41537	40851	0.00
NC_008535.1	41537	40876	0.00
NC_008535.1	41537	40901	0.00
NC_008535.1	41537	40926	0.00
NC_008535.1	41537	40951	0.00
NC_008535.1	41537	40976	0.00
NC_008535.1	41537	41001	0.00
NC_008535.1	41537	41026	0.00
NC_008535.1	41537	41051	0.00
NC_008535.1	41537	41076	0.00
NC_008535.1	41537	41101	0.00
NC_008535.1	41537	41126	0.00
NC_008535.1	41537	41151	0.00
NC_008535.1	41537	41176	0.00
NC_008535.1	41537	41201	0.00
NC_008535.1	41537	41226	0.00
NC_008535.1	41537	41251	0.00
NC_008535.1	41537	41276	0.00
NC_008535.1	41537	41301	0.00
NC_008535.1	41537	41326	0.00
NC_008535.1	41537	41351	0.00
NC_008535.1	41537	41376	0.00
NC_008535.1	41537	41401	0.00
NC_008535.1	41537	41426	0.92
NC_008535.1	41537	41451	1.00
NC_008535.1	41537	41476	1.60
NC_008535.1	41537	41501	2.00
NC_008535.1	41537	41526	2.12
NC_008535.1	41537	41551	3.00
NC_008535.1	41537	41576	2.08
NC_008535.1	41537	41601	2.00
NC_008535.1	41537	41626	1.40
NC_008535.1	41537	41651	1.00
NC_008535.1	41537	41676	0.88
NC_008535.1	41537	41701	0.00
NC_008535.1	41537	41726	0.00
NC_008535.1	41537	41751	0.00
NC_008535.1	41537	41776	0.00
NC_008535.1	41537	41801	0.00
NC_008535.1	41537	41826	0.00
NC_008535.1	41537	41851	0.32
NC_008535.1	41537	41876	1.00
NC_008535.1	41537	41901	1.00
NC_008535.1	41537	41926	1.00
NC_008535.1	41537	41951	1.00
NC_008535.1	41537	41976	1.00
NC_008535.1	41537	42001	0.68
NC_008535.1	41537	42026	0.00
NC_008535.1	41537	42051	0.00
NC_008535.1	41537	42076	0.00
NC_008535.1	41537	42101	0.00
NC_008535.1	41537	42126	0.00
NC_008535.1	41537	42151	0.00
NC_008535.1	41537	42176	0.00
NC_008535.1	41537	42201	0.00
NC_008535.1	41537	42226	0.00
NC_008535.1	41537	42251	0.04
NC_008535.1	41537	42276	1.00
NC_008535.1	41537	42301	1.00
NC_008535.1	41537	42326	1.00
NC_008535.1	41537	42351	1.00
NC_008535.1	41537	42376	1.00
NC_008535.1	41537	42401	1.44
NC_008535.1	41537	42426	1.00
NC_008535.1	41537	42451	1.00
NC_008535.1	41537	42476	1.00
NC_008535.1	41537	42501	1.00
NC_008535.1	41537	42526	1.00
NC_008535.1	41537	42551	0.52
NC_008535.1	41537	42576	0.00
NC_008535.1	41537	42601	0.00
NC_008535.1	41537	42626	0.00
NC_008535.1	41537	42651	0.00
NC_008535.1	41537	42676	0.00
NC_008535.1	41537	42701	0.00
NC_008535.1	41537	42726	0.00
NC_008535.1	41537	42751	0.00
NC_008535.1	41537	42776	0.00
NC_008535.1	41537	42801	0.00
NC_008535.1	41537	42826	0.00
NC_008535.1	41537	42851	0.00
NC_008535.1	41537	42876	0.00
NC_008535.1	41537	42901	0.00
NC_008535.1	41537	42926	0.00
NC_008535.1	41537	42951	0.00
NC_008535.1	41537	42976	0.00
NC_008535.1	41537	43001	0.00
NC_008535.1	41537	43026	0.00
NC_008535.1	41537	43051	0.00
NC_008535.1	41537	43076	0.00
NC_008535.1	41537	43101	0.00
NC_008535.1	41537	43126	0.00
NC_008535.1	41537	43151	0.00
NC_008535.1	41537	43176	0.00
NC_008535.1	41537	43201	0.00
NC_008535.1	41537	43226	0.00
NC_008535.1	41537	43251	0.00
NC_008535.1	41537	43276	0.00
NC_008535.1	41537	43301	0.00
NC_008535.1	41537	43326	0.00
NC_008535.1	41537	43351	0.00
NC_008535.1	41537	43376	0.00
NC_008535.1	41537	43401	0.00
NC_008535.1	41537	43426	0.00
NC_008535.1	41537	43451	0.00
NC_008535.1	41537	43476	0.00
NC_008535.1	41537	43501	0.00
NC_008535.1	41537	43526	0.00
NC_008535.1	41543	39526	0.00
NC_008535.1	41543	39551	0.00
NC_008535.1	41543	39576	0.00
NC_008535.1	41543	39601	0.00
NC_008535.1	41543	39626	0.00
NC_008535.1	41543	39651	0.00
NC_008535.1	41543	39676	0.00
NC_008535.1	41543	39701	0.76
NC_008535.1	41543	39726	1.00
NC_008535.1	41543	39751	1.00
NC_008535.1	41543	39776	1.00
NC_008535.1	41543	39801	1.04
NC_008535.1	41543	39826	2.00
NC_008535.1	41543	39851	1.24
NC_008535.1	41543	39876	1.00
NC_008535.1	41543	39901	1.00
NC_008535.1	41543	39926	1.60
NC_008535.1	41543	39951	1.96
NC_008535.1	41543	39976	1.00
NC_008535.1	41543	40001	1.00
NC_008535.1	41543	40026	1.00
NC_008535.1	41543	40051	1.44
NC_008535.1	41543	40076	1.68
NC_008535.1	41543	40101	2.28
NC_008535.1	41543	40126	4.00
NC_008535.1	41543	40151	4.00
NC_008535.1	41543	40176	4.00
NC_008535.1	41543	40201	3.56
NC_008535.1	41543	40226	2.72
NC_008535.1	41543	40251	1.72
NC_008535.1	41543	40276	0.00
NC_008535.1	41543	40301	0.00
NC_008535.1	41543	40326	0.00
NC_008535.1	41543	40351	0.00
NC_008535.1	41543	40376	0.00
NC_008535.1	41543	40401	0.00
NC_008535.1	41543	40426	0.00
NC_008535.1	41543	40451	0.00
NC_008535.1	41543	40476	0.00
NC_008535.1	41543	40501	0.00
NC_008535.1	41543	40526	0.00
NC_008535.1	41543	40551	0.00
NC_008535.1	41543	40576	0.00
NC_008535.1	41543	40601	0.00
NC_008535.1	41543	40626	0.00
NC_008535.1	41543	40651	0.00
NC_008535.1	41543	40676	0.12
NC_008535.1	41543	40701	1.00
NC_008535.1	41543	40726	1.00
NC_008535.1	41543	40751	1.00
NC_008535.1	41543	40776	1.00
NC_008535.1	41543	40801	1.00
NC_008535.1	41543	40826	0.88
NC_008535.1	41543	40851	0.00
NC_008535.1	41543	40876	0.00
NC_008535.1	41543	40901	0.00
NC_008535.1	41543	40926	0.00
NC_008535.1	41543	40951	0.00
NC_008535.1	41543	40976	0.00
NC_008535.1	41543	41001	0.00
NC_008535.1	41543	41026	0.00
NC_008535.1	41543	41051	0.00
NC_008535.1	41543	41076	0.00
NC_008535.1	41543	41101	0.00
NC_008535.1	41543	41126	0.00
NC_008535.1	41543	41151	0.00
NC_008535.1	41543	41176	0.00
NC_008535.1	41543	41201	0.00
NC_008535.1	41543	41226	0.00
NC_008535.1	41543	41251	0.00
NC_008535.1	41543	41276	0.00
NC_008535.1	41543	41301	0.00
NC_008535.1	41543	41326	0.00
NC_008535.1	41543	41351	0.00
NC_008535.1	41543	41376	0.00
NC_008535.1	41543	41401	0.00
NC_008535.1	41543	41426	0.92
NC_008535.1	41543	41451	1.00
NC_008535.1	41543	41476	1.60
NC_008535.1	41543	41501	2.00
NC_008535.1	41543	41526	2.12
NC_008535.1	41543	41551	3.00
NC_008535.1	41543	41576	2.08
NC_008535.1	41543	41601	2.00
NC_008535.1	41543	41626	1.40
NC_008535.1	41543	41651	1.00
NC_008535.1	41543	41676	0.88
NC_008535.1	41543	41701	0.00
NC_008535.1	41543	41726	0.00
NC_008535.1	41543	41751	0.00
NC_008535.1	41543	41776	0.00
NC_008535.1	41543	41801	0.00
NC_008535.1	41543	41826	0.00
NC_008535.1	41543	41851	0.32
NC_008535.1	41543	41876	1.00
NC_008535.1	41543	41901	1.00
NC_008535.1	41543	41926	1.00
NC_008535.1	41543	41951	1.00
NC_008535.1	41543	41976	1.00
NC_008535.1	41543	42001	0.68
NC_008535.1	41543	42026	0.00
NC_008535.1	41543	42051	0.00
NC_008535.1	41543	42076	0.00
NC_008535.1	41543	42101	0.00
NC_008535.1	41543	42126	0.00
NC_008535.1	41543	42151	0.00
NC_008535.1	41543	42176	0.00
NC_008535.1	41543	42201	0.00
NC_008535.1	41543	42226	0.00
NC_008535.1	41543	42251	0.04
NC_008535.1	41543	42276	1.00
NC_008535.1	41543	42301	1.00
NC_008535.1	41543	42326	1.00
NC_008535.1	41543	42351	1.00
NC_008535.1	41543	42376	1.00
NC_008535.1	41543	42401	1.44
NC_008535.1	41543	42426	1.00
NC_008535.1	41543	42451	1.00
NC_008535.1	41543	42476	1.00
NC_008535.1	41543	42501	1.00
NC_008535.1	41543	42526	1.00
NC_008535.1	41543	42551	0.52
NC_008535.1	41543	42576	0.00
NC_008535.1	41543	42601	0.00
NC_008535.1	41543	42626	0.00
NC_008535.1	41543	42651	0.00
NC_008535.1	41543	42676	0.00
NC_008535.1	41543	42701	0.00
NC_008535.1	41543	42726	0.00
NC_008535.1	41543	42751	0.00
NC_008535.1	41543	42776	0.00
NC_008535.1	41543	42801	0.00
NC_008535.1	41543	42826	0.00
NC_008535.1	41543	42851	0.00
NC_008535.1	41543	42876	0.00
NC_008535.1	41543	42901	0.00
NC_008535.1	41543	42926	0.00
NC_008535.1	41543	42951	0.00
NC_008535.1	41543	42976	0.00
NC_008535.1	41543	43001	0.00
NC_008535.1	41543	43026	0.00
NC_008535.1	41543	43051	0.00
NC_008535.1	41543	43076	0.00
NC_008535.1	41543	43101	0.00
NC_008535.1	41543	43126	0.00
NC_008535.1	41543	43151	0.00
NC_008535.1	41543	43176	0.00
NC_008535.1	41543	43201	0.00
NC_008535.1	41543	43226	0.00
NC_008535.1	41543	43251	0.00
NC_008535.1	41543	43276	0.00
NC_008535.1	41543	43301	0.00
NC_008535.1	41543	43326	0.00
NC_008535.1	41543	43351	0.00
NC_008535.1	41543	43376	0.00
NC_008535.1	41543	43401	0.00
NC_008535.1	41543	43426	0.00
NC_008535.1	41543	43451	0.00
NC_008535.1	41543	43476	0.00
NC_008535.1	41543	43501	0.00
NC_008535.1	41543	43526	0.00
NC_008535.1	41897	39876	1.00
NC_008535.1	41897	39901	1.00
NC_008535.1	41897	39926	1.60
NC_008535.1	41897	39951	1.96
NC_008535.1	41897	39976	1.00
NC_008535.1	41897	40001	1.00
NC_008535.1	41897	40026	1.00
NC_008535.1	41897	40051	1.44
NC_008535.1	41897	40076	1.68
NC_008535.1	41897	40101	2.28
NC_008535.1	41897	40126	4.00
NC_008535.1	41897	40151	4.00
NC_008535.1	41897	40176	4.00
NC_008535.1	41897	40201	3.56
NC_008535.1	41897	40226	2.72
NC_008535.1	41897	40251	1.72
NC_008535.1	41897	40276	0.00
NC_008535.1	41897	40301	0.00
NC_008535.1	41897	40326	0.00
NC_008535.1	41897	40351	0.00
NC_008535.1	41897	40376	0.00
NC_008535.1	41897	40401	0.00
NC_008535.1	41897	40426	0.00
NC_008535.1	41897	40451	0.00
NC_008535.1	41897	40476	0.00
NC_008535.1	41897	40501	0.00
NC_008535.1	41897	40526	0.00
NC_008535.1	41897	40551	0.00
NC_008535.1	41897	40576	0.00
NC_008535.1	41897	40601	0.00
NC_008535.1	41897	40626	0.00
NC_008535.1	41897	40651	0.00
NC_008535.1	41897	40676	0.12
NC_008535.1	41897	40701	1.00
NC_008535.1	41897	40726	1.00
NC_008535.1	41897	40751	1.00
NC_008535.1	41897	40776	1.00
NC_008535.1	41897	40801	1.00
NC_008535.1	41897	40826	0.88
NC_008535.1	41897	40851	0.00
NC_008535.1	41897	40876	0.00
NC_008535.1	41897	40901	0.00
NC_008535.1	41897	40926	0.00
NC_008535.1	41897	40951	0.00
NC_008535.1	41897	40976	0.00
NC_008535.1	41897	41001	0.00
NC_008535.1	41897	41026	0.00
NC_008535.1	41897	41051	0.00
NC_008535.1	41897	41076	0.00
NC_008535.1	41897	41101	0.00
NC_008535.1	41897	41126	0.00
NC_008535.1	41897	41151	0.00
NC_008535.1	41897	41176	0.00
NC_008535.1	41897	41201	0.00
NC_008535.1	41897	41226	0.00
NC_008535.1	41897	41251	0.00
NC_008535.1	41897	41276	0.00
NC_008535.1	41897	41301	0.00
NC_008535.1	41897	41326	0.00
NC_008535.1	41897	41351	0.00
NC_008535.1	41897	41376	0.00
NC_008535.1	41897	41401	0.00
NC_008535.1	41897	41426	0.92
NC_008535.1	41897	41451	1.00
NC_008535.1	41897	41476	1.60
NC_008535.1	41897	41501	2.00
NC_008535.1	41897	41526	2.12
NC_008535.1	41897	41551	3.00
NC_008535.1	41897	41576	2.08
NC_008535.1	41897	41601	2.00
NC_008535.1	41897	41626	1.40
NC_008535.1	41897	41651	1.00
NC_008535.1	41897	41676	0.88
NC_008535.1	41897	41701	0.00
NC_008535.1	41897	41726	0.00
NC_008535.1	41897	41751	0.00
NC_008535.1	41897	41776	0.00
NC_008535.1	41897	41801	0.00
NC_008535.1	41897	41826	0.00
NC_008535.1	41897	41851	0.32
NC_008535.1	41897	41876	1.00
NC_008535.1	41897	41901	1.00
NC_008535.1	41897	41926	1.00
NC_008535.1	41897	41951	1.00
NC_008535.1	41897	41976	1.00
NC_008535.1	41897	42001	0.68
NC_008535.1	41897	42026	0.00
NC_008535.1	41897	42051	0.00
NC_008535.1	41897	42076	0.00
NC_008535.1	41897	42101	0.00
NC_008535.1	41897	42126	0.00
NC_008535.1	41897	42151	0.00
NC_008535.1	41897	42176	0.00
NC_008535.1	41897	42201	0.00
NC_008535.1	41897	42226	0.00
NC_008535.1	41897	42251	0.04
NC_008535.1	41897	42276	1.00
NC_008535.1	41897	42301	1.00
NC_008535.1	41897	42326	1.00
NC_008535.1	41897	42351	1.00
NC_008535.1	41897	42376	1.00
NC_008535.1	41897	42401	1.44
NC_008535.1	41897	42426	1.00
NC_008535.1	41897	42451	1.00
NC_008535.1	41897	42476	1.00
NC_008535.1	41897	42501	1.00
NC_008535.1	41897	42526	1.00
NC_008535.1	41897	42551	0.52
NC_008535.1	41897	42576	0.00
NC_008535.1	41897	42601	0.00
NC_008535.1	41897	42626	0.00
NC_008535.1	41897	42651	0.00
NC_008535.1	41897	42676	0.00
NC_008535.1	41897	42701	0.00
NC_008535.1	41897	42726	0.00
NC_008535.1	41897	42751	0.00
NC_008535.1	41897	42776	0.00
NC_008535.1	41897	42801	0.00
NC_008535.1	41897	42826	0.00
NC_008535.1	41897	42851	0.00
NC_008535.1	41897	42876	0.00
NC_008535.1	41897	42901	0.00
NC_008535.1	41897	42926	0.00
NC_008535.1	41897	42951	0.00
NC_008535.1	41897	42976	0.00
NC_008535.1	41897	43001	0.00
NC_008535.1	41897	43026	0.00
NC_008535.1	41897	43051	0.00
NC_008535.1	41897	43076	0.00
NC_008535.1	41897	43101	0.00
NC_008535.1	41897	43126	0.00
NC_008535.1	41897	43151	0.00
NC_008535.1	41897	43176	0.00
NC_008535.1	41897	43201	0.00
NC_008535.1	41897	43226	0.00
NC_008535.1	41897	43251	0.00
NC_008535.1	41897	43276	0.00
NC_008535.1	41897	43301	0.00
NC_008535.1	41897	43326	0.00
NC_008535.1	41897	43351	0.00
NC_008535.1	41897	43376	0.00
NC_008535.1	41897	43401	0.00
NC_008535.1	41897	43426	0.00
NC_008535.1	41897	43451	0.00
NC_008535.1	41897	43476	0.00
NC_008535.1	41897	43501	0.00
NC_008535.1	41897	43526	0.00
NC_008535.1	41897	43551	0.00
NC_008535.1	41897	43576	0.00
NC_008535.1	41897	43601	0.00
NC_008535.1	41897	43626	0.00
NC_008535.1	41897	43651	0.00
NC_008535.1	41897	43676	0.00
NC_008535.1	41897	43701	0.00
NC_008535.1	41897	43726	0.00
NC_008535.1	41897	43751	0.00
NC_008535.1	41897	43776	0.00
NC_008535.1	41897	43801	0.00
NC_008535.1	41897	43826	0.00
NC_008535.1	41897	43851	0.00
NC_008535.1	41897	43876	0.00
NC_008535.1	41906	39901	1.00
NC_008535.1	41906	39926	1.60
NC_008535.1	41906	39951	1.96
NC_008535.1	41906	39976	1.00
NC_008535.1	41906	40001	1.00
NC_008535.1	41906	40026	1.00
NC_008535.1	41906	40051	1.44
NC_008535.1	41906	40076	1.68
NC_008535.1	41906	40101	2.28
NC_008535.1	41906	40126	4.00
NC_008535.1	41906	40151	4.00
NC_008535.1	41906	40176	4.00
NC_008535.1	41906	40201	3.56
NC_008535.1	41906	40226	2.72
NC_008535.1	41906	40251	1.72
NC_008535.1	41906	40276	0.00
NC_008535.1	41906	40301	0.00
NC_008535.1	41906	40326	0.00
NC_008535.1	41906	40351	0.00
NC_008535.1	41906	40376	0.00
NC_008535.1	41906	40401	0.00
NC_008535.1	41906	40426	0.00
NC_008535.1	41906	40451	0.00
NC_008535.1	41906	40476	0.00
NC_008535.1	41906	40501	0.00
NC_008535.1	41906	40526	0.00
NC_008535.1	41906	40551	0.00
NC_008535.1	41906	40576	0.00
NC_008535.1	41906	40601	0.00
NC_008535.1	41906	40626	0.00
NC_008535.1	41906	40651	0.00
NC_008535.1	41906	40676	0.12
NC_008535.1	41906	40701	1.00
NC_008535.1	41906	40726	1.00
NC_008535.1	41906	40751	1.00
NC_008535.1	41906	40776	1.00
NC_008535.1	41906	40801	1.00
NC_008535.1	41906	40826	0.88
NC_008535.1	41906	40851	0.00
NC_008535.1	41906	40876	0.00
NC_008535.1	41906	40901	0.00
NC_008535.1	41906	40926	0.00
NC_008535.1	41906	40951	0.00
NC_008535.1	41906	40976	0.00
NC_008535.1	41906	41001	0.00
NC_008535.1	41906	41026	0.00
NC_008535.1	41906	41051	0.00
NC_008535.1	41906	41076	0.00
NC_008535.1	41906	41101	0.00
NC_008535.1	41906	41126	0.00
NC_008535.1	41906	41151	0.00
NC_008535.1	41906	41176	0.00
NC_008535.1	41906	41201	0.00
NC_008535.1	41906	41226	0.00
NC_008535.1	41906	41251	0.00
NC_008535.1	41906	41276	0.00
NC_008535.1	41906	41301	0.00
NC_008535.1	41906	41326	0.00
NC_008535.1	41906	41351	0.00
NC_008535.1	41906	41376	0.00
NC_008535.1	41906	41401	0.00
NC_008535.1	41906	41426	0.92
NC_008535.1	41906	41451	1.00
NC_008535.1	41906	41476	1.60
NC_008535.1	41906	41501	2.00
NC_008535.1	41906	41526	2.12
NC_008535.1	41906	41551	3.00
NC_008535.1	41906	41576	2.08
NC_008535.1	41906	41601	2.00
NC_008535.1	41906	41626	1.40
NC_008535.1	41906	41651	1.00
NC_008535.1	41906	41676	0.88
NC_008535.1	41906	41701	0.00
NC_008535.1	41906	41726	0.00
NC_008535.1	41906	41751	0.00
NC_008535.1	41906	41776	0.00
NC_008535.1	41906	41801	0.00
NC_008535.1	41906	41826	0.00
NC_008535.1	41906	41851	0.32
NC_008535.1	41906	41876	1.00
NC_008535.1	41906	41901	1.00
NC_008535.1	41906	41926	1.00
NC_008535.1	41906	41951	1.00
NC_008535.1	41906	41976	1.00
NC_008535.1	41906	42001	0.68
NC_008535.1	41906	42026	0.00
NC_008535.1	41906	42051	0.00
NC_008535.1	41906	42076	0.00
NC_008535.1	41906	42101	0.00
NC_008535.1	41906	42126	0.00
NC_008535.1	41906	42151	0.00
NC_008535.1	41906	42176	0.00
NC_008535.1	41906	42201	0.00
NC_008535.1	41906	42226	0.00
NC_008535.1	41906	42251	0.04
NC_008535.1	41906	42276	1.00
NC_008535.1	41906	42301	1.00
NC_008535.1	41906	42326	1.00
NC_008535.1	41906	42351	1.00
NC_008535.1	41906	42376	1.00
NC_008535.1	41906	42401	1.44
NC_008535.1	41906	42426	1.00
NC_008535.1	41906	42451	1.00
NC_008535.1	41906	42476	1.00
NC_008535.1	41906	42501	1.00
NC_008535.1	41906	42526	1.00
NC_008535.1	41906	42551	0.52
NC_008535.1	41906	42576	0.00
NC_008535.1	41906	42601	0.00
NC_008535.1	41906	42626	0.00
NC_008535.1	41906	42651	0.00
NC_008535.1	41906	42676	0.00
NC_008535.1	41906	42701	0.00
NC_008535.1	41906	42726	0.00
NC_008535.1	41906	42751	0.00
NC_008535.1	41906	42776	0.00
NC_008535.1	41906	42801	0.00
NC_008535.1	41906	42826	0.00
NC_008535.1	41906	42851	0.00
NC_008535.1	41906	42876	0.00
NC_008535.1	41906	42901	0.00
NC_008535.1	41906	42926	0.00
NC_008535.1	41906	42951	0.00
NC_008535.1	41906	42976	0.00
NC_008535.1	41906	43001	0.00
NC_008535.1	41906	43026	0.00
NC_008535.1	41906	43051	0.00
NC_008535.1	41906	43076	0.00
NC_008535.1	41906	43101	0.00
NC_008535.1	41906	43126	0.00
NC_008535.1	41906	43151	0.00
NC_008535.1	41906	43176	0.00
NC_008535.1	41906	43201	0.00
NC_008535.1	41906	43226	0.00
NC_008535.1	41906	43251	0.00
NC_008535.1	41906	43276	0.00
NC_008535.1	41906	43301	0.00
NC_008535.1	41906	43326	0.00
NC_008535.1	41906	43351	0.00
NC_008535.1	41906	43376	0.00
NC_008535.1	41906	43401	0.00
NC_008535.1	41906	43426	0.00
NC_008535.1	41906	43451	0.00
NC_008535.1	41906	43476	0.00
NC_008535.1	41906	43501	0.00
NC_008535.1	41906	43526	0.00
NC_008535.1	41906	43551	0.00
NC_008535.1	41906	43576	0.00
NC_008535.1	41906	43601	0.00
NC_008535.1	41906	43626	0.00
NC_008535.1	41906	43651	0.00
NC_008535.1	41906	43676	0.00
NC_008535.1	41906	43701	0.00
NC_008535.1	41906	43726	0.00
NC_008535.1	41906	43751	0.00
NC_008535.1	41906	43776	0.00
NC_008535.1	41906	43801	0.00
NC_008535.1	41906	43826	0.00
NC_008535.1	41906	43851	0.00
NC_008535.1	41906	43876	0.00
NC_008535.1	41906	43901	0.00
NC_008535.1	41908	39901	1.00
NC_008535.1	41908	39926	1.60
NC_008535.1	41908	39951	1.96
NC_008535.1	41908	39976	1.00
NC_008535.1	41908	40001	1.00
NC_008535.1	41908	40026	1.00
NC_008535.1	41908	40051	1.44
NC_008535.1	41908	40076	1.68
NC_008535.1	41908	40101	2.28
NC_008535.1	41908	40126	4.00
NC_008535.1	41908	40151	4.00
NC_008535.1	41908	40176	4.00
NC_008535.1	41908	40201	3.56
NC_008535.1	41908	40226	2.72
NC_008535.1	41908	40251	1.72
NC_008535.1	41908	40276	0.00
NC_008535.1	41908	40301	0.00
NC_008535.1	41908	40326	0.00
NC_008535.1	41908	40351	0.00
NC_008535.1	41908	40376	0.00
NC_008535.1	41908	40401	0.00
NC_008535.1	41908	40426	0.00
NC_008535.1	41908	40451	0.00
NC_008535.1	41908	40476	0.00
NC_008535.1	41908	40501	0.00
NC_008535.1	41908	40526	0.00
NC_008535.1	41908	40551	0.00
NC_008535.1	41908	40576	0.00
NC_008535.1	41908	40601	0.00
NC_008535.1	41908	40626	0.00
NC_008535.1	41908	40651	0.00
NC_008535.1	41908	40676	0.12
NC_008535.1	41908	40701	1.00
NC_008535.1	41908	40726	1.00
NC_008535.1	41908	40751	1.00
NC_008535.1	41908	40776	1.00
NC_008535.1	41908	40801	1.00
NC_008535.1	41908	40826	0.88
NC_008535.1	41908	40851	0.00
NC_008535.1	41908	40876	0.00
NC_008535.1	41908	40901	0.00
NC_008535.1	41908	40926	0.00
NC_008535.1	41908	40951	0.00
NC_008535.1	41908	40976	0.00
NC_008535.1	41908	41001	0.00
NC_008535.1	41908	41026	0.00
NC_008535.1	41908	41051	0.00
NC_008535.1	41908	41076	0.00
NC_008535.1	41908	41101	0.00
NC_008535.1	41908	41126	0.00
NC_008535.1	41908	41151	0.00
NC_008535.1	41908	41176	0.00
NC_008535.1	41908	41201	0.00
NC_008535.1	41908	41226	0.00
NC_008535.1	41908	41251	0.00
NC_008535.1	41908	41276	0.00
NC_008535.1	41908	41301	0.00
NC_008535.1	41908	41326	0.00
NC_008535.1	41908	41351	0.00
NC_008535.1	41908	41376	0.00
NC_008535.1	41908	41401	0.00
NC_008535.1	41908	41426	0.92
NC_008535.1	41908	41451	1.00
NC_008535.1	41908	41476	1.60
NC_008535.1	41908	41501	2.00
NC_008535.1	41908	41526	2.12
NC_008535.1	41908	41551	3.00
NC_008535.1	41908	41576	2.08
NC_008535.1	41908	41601	2.00
NC_008535.1	41908	41626	1.40
NC_008535.1	41908	41651	1.00
NC_008535.1	41908	41676	0.88
NC_008535.1	41908	41701	0.00
NC_008535.1	41908	41726	0.00
NC_008535.1	41908	41751	0.00
NC_008535.1	41908	41776	0.00
NC_008535.1	41908	41801	0.00
NC_008535.1	41908	41826	0.00
NC_008535.1	41908	41851	0.32
NC_008535.1	41908	41876	1.00
NC_008535.1	41908	41901	1.00
NC_008535.1	41908	41926	1.00
NC_008535.1	41908	41951	1.00
NC_008535.1	41908	41976	1.00
NC_008535.1	41908	42001	0.68
NC_008535.1	41908	42026	0.00
NC_008535.1	41908	42051	0.00
NC_008535.1	41908	42076	0.00
NC_008535.1	41908	42101	0.00
NC_008535.1	41908	42126	0.00
NC_008535.1	41908	42151	0.00
NC_008535.1	41908	42176	0.00
NC_008535.1	41908	42201	0.00
NC_008535.1	41908	42226	0.00
NC_008535.1	41908	42251	0.04
NC_008535.1	41908	42276	1.00
NC_008535.1	41908	42301	1.00
NC_008535.1	41908	42326	1.00
NC_008535.1	41908	42351	1.00
NC_008535.1	41908	42376	1.00
NC_008535.1	41908	42401	1.44
NC_008535.1	41908	42426	1.00
NC_008535.1	41908	42451	1.00
NC_008535.1	41908	42476	1.00
NC_008535.1	41908	42501	1.00
NC_008535.1	41908	42526	1.00
NC_008535.1	41908	42551	0.52
NC_008535.1	41908	42576	0.00
NC_008535.1	41908	42601	0.00
NC_008535.1	41908	42626	0.00
NC_008535.1	41908	42651	0.00
NC_008535.1	41908	42676	0.00
NC_008535.1	41908	42701	0.00
NC_008535.1	41908	42726	0.00
NC_008535.1	41908	42751	0.00
NC_008535.1	41908	42776	0.00
NC_008535.1	41908	42801	0.00
NC_008535.1	41908	42826	0.00
NC_008535.1	41908	42851	0.00
NC_008535.1	41908	42876	0.00
NC_008535.1	41908	42901	0.00
NC_008535.1	41908	42926	0.00
NC_008535.1	41908	42951	0.00
NC_008535.1	41908	42976	0.00
NC_008535.1	41908	43001	0.00
NC_008535.1	41908	43026	0.00
NC_008535.1	41908	43051	0.00
NC_008535.1	41908	43076	0.00
NC_008535.1	41908	43101	0.00
NC_008535.1	41908	43126	0.00
NC_008535.1	41908	43151	0.00
NC_008535.1	41908	43176	0.00
NC_008535.1	41908	43201	0.00
NC_008535.1	41908	43226	0.00
NC_008535.1	41908	43251	0.00
NC_008535.1	41908	43276	0.00
NC_008535.1	41908	43301	0.00
NC_008535.1	41908	43326	0.00
NC_008535.1	41908	43351	0.00
NC_008535.1	41908	43376	0.00
NC_008535.1	41908	43401	0.00
NC_008535.1	41908	43426	0.00
NC_008535.1	41908	43451	0.00
NC_008535.1	41908	43476	0.00
NC_008535.1	41908	43501	0.00
NC_008535.1	41908	43526	0.00
NC_008535.1	41908	43551	0.00
NC_008535.1	41908	43576	0.00
NC_008535.1	41908	43601	0.00
NC_008535.1	41908	43626	0.00
NC_008535.1	41908	43651	0.00
NC_008535.1	41908	43676	0.00
NC_008535.1	41908	43701	0.00
NC_008535.1	41908	43726	0.00
NC_008535.1	41908	43751	0.00
NC_008535.1	41908	43776	0.00
NC_008535.1	41908	43801	0.00
NC_008535.1	41908	43826	0.00
NC_008535.1	41908	43851	0.00
NC_008535.1	41908	43876	0.00
NC_008535.1	41908	43901	0.00
NC_008535.1	41984	39976	1.00
NC_008535.1	41984	40001	1.00
NC_008535.1	41984	40026	1.00
NC_008535.1	41984	40051	1.44
NC_008535.1	41984	40076	1.68
NC_008535.1	41984	40101	2.28
NC_008535.1	41984	40126	4.00
NC_008535.1	41984	40151	4.00
NC_008535.1	41984	40176	4.00
NC_008535.1	41984	40201	3.56
NC_008535.1	41984	40226	2.72
NC_008535.1	41984	40251	1.72
NC_008535.1	41984	40276	0.00
NC_008535.1	41984	40301	0.00
NC_008535.1	41984	40326	0.00
NC_008535.1	41984	40351	0.00
NC_008535.1	41984	40376	0.00
NC_008535.1	41984	40401	0.00
NC_008535.1	41984	40426	0.00
NC_008535.1	41984	40451	0.00
NC_008535.1	41984	40476	0.00
NC_008535.1	41984	40501	0.00
NC_008535.1	41984	40526	0.00
NC_008535.1	41984	40551	0.00
NC_008535.1	41984	40576	0.00
NC_008535.1	41984	40601	0.00
NC_008535.1	41984	40626	0.00
NC_008535.1	41984	40651	0.00
NC_008535.1	41984	40676	0.12
NC_008535.1	41984	40701	1.00
NC_008535.1	41984	40726	1.00
NC_008535.1	41984	40751	1.00
NC_008535.1	41984	40776	1.00
NC_008535.1	41984	40801	1.00
NC_008535.1	41984	40826	0.88
NC_008535.1	41984	40851	0.00
NC_008535.1	41984	40876	0.00
NC_008535.1	41984	40901	0.00
NC_008535.1	41984	40926	0.00
NC_008535.1	41984	40951	0.00
NC_008535.1	41984	40976	0.00
NC_008535.1	41984	41001	0.00
NC_008535.1	41984	41026	0.00
NC_008535.1	41984	41051	0.00
NC_008535.1	41984	41076	0.00
NC_008535.1	41984	41101	0.00
NC_008535.1	41984	41126	0.00
NC_008535.1	41984	41151	0.00
NC_008535.1	41984	41176	0.00
NC_008535.1	41984	41201	0.00
NC_008535.1	41984	41226	0.00
NC_008535.1	41984	41251	0.00
NC_008535.1	41984	41276	0.00
NC_008535.1	41984	41301	0.00
NC_008535.1	41984	41326	0.00
NC_008535.1	41984	41351	0.00
NC_008535.1	41984	41376	0.00
NC_008535.1	41984	41401	0.00
NC_008535.1	41984	41426	0.92
NC_008535.1	41984	41451	1.00
NC_008535.1	41984	41476	1.60
NC_008535.1	41984	41501	2.00
NC_008535.1	41984	41526	2.12
NC_008535.1	41984	41551	3.00
NC_008535.1	41984	41576	2.08
NC_008535.1	41984	41601	2.00
NC_008535.1	41984	41626	1.40
NC_008535.1	41984	41651	1.00
NC_008535.1	41984	41676	0.88
NC_008535.1	41984	41701	0.00
NC_008535.1	41984	41726	0.00
NC_008535.1	41984	41751	0.00
NC_008535.1	41984	41776	0.00
NC_008535.1	41984	41801	0.00
NC_008535.1	41984	41826	0.00
NC_008535.1	41984	41851	0.32
NC_008535.1	41984	41876	1.00
NC_008535.1	41984	41901	1.00
NC_008535.1	41984	41926	1.00
NC_008535.1	41984	41951	1.00
NC_008535.1	41984	41976	1.00
NC_008535.1	41984	42001	0.68
NC_008535.1	41984	42026	0.00
NC_008535.1	41984	42051	0.00
NC_008535.1	41984	42076	0.00
NC_008535.1	41984	42101	0.00
NC_008535.1	41984	42126	0.00
NC_008535.1	41984	42151	0.00
NC_008535.1	41984	42176	0.00
NC_008535.1	41984	42201	0.00
NC_008535.1	41984	42226	0.00
NC_008535.1	41984	42251	0.04
NC_008535.1	41984	42276	1.00
NC_008535.1	41984	42301	1.00
NC_008535.1	41984	42326	1.00
NC_008535.1	41984	42351	1.00
NC_008535.1	41984	42376	1.00
NC_008535.1	41984	42401	1.44
NC_008535.1	41984	42426	1.00
NC_008535.1	41984	42451	1.00
NC_008535.1	41984	42476	1.00
NC_008535.1	41984	42501	1.00
NC_008535.1	41984	42526	1.00
NC_008535.1	41984	42551	0.52
NC_008535.1	41984	42576	0.00
NC_008535.1	41984	42601	0.00
NC_008535.1	41984	42626	0.00
NC_008535.1	41984	42651	0.00
NC_008535.1	41984	42676	0.00
NC_008535.1	41984	42701	0.00
NC_008535.1	41984	42726	0.00
NC_008535.1	41984	42751	0.00
NC_008535.1	41984	42776	0.00
NC_008535.1	41984	42801	0.00
NC_008535.1	41984	42826	0.00
NC_008535.1	41984	42851	0.00
NC_008535.1	41984	42876	0.00
NC_008535.1	41984	42901	0.00
NC_008535.1	41984	42926	0.00
NC_008535.1	41984	42951	0.00
NC_008535.1	41984	42976	0.00
NC_008535.1	41984	43001	0.00
NC_008535.1	41984	43026	0.00
NC_008535.1	41984	43051	0.00
NC_008535.1	41984	43076	0.00
NC_008535.1	41984	43101	0.00
NC_008535.1	41984	43126	0.00
NC_008535.1	41984	43151	0.00
NC_008535.1	41984	43176	0.00
NC_008535.1	41984	43201	0.00
NC_008535.1	41984	43226	0.00
NC_008535.1	41984	43251	0.00
NC_008535.1	41984	43276	0.00
NC_008535.1	41984	43301	0.00
NC_008535.1	41984	43326	0.00
NC_008535.1	41984	43351	0.00
NC_008535.1	41984	43376	0.00
NC_008535.1	41984	43401	0.00
NC_008535.1	41984	43426	0.00
NC_008535.1	41984	43451	0.00
NC_008535.1	41984	43476	0.00
NC_008535.1	41984	43501	0.00
NC_008535.1	41984	43526	0.00
NC_008535.1	41984	43551	0.00
NC_008535.1	41984	43576	0.00
NC_008535.1	41984	43601	0.00
NC_008535.1	41984	43626	0.00
NC_008535.1	41984	43651	0.00
NC_008535.1	41984	43676	0.00
NC_008535.1	41984	43701	0.00
NC_008535.1	41984	43726	0.00
NC_008535.1	41984	43751	0.00
NC_008535.1	41984	43776	0.00
NC_008535.1	41984	43801	0.00
NC_008535.1	41984	43826	0.00
NC_008535.1	41984	43851	0.00
NC_008535.1	41984	43876	0.00
NC_008535.1	41984	43901	0.00
NC_008535.1	41984	43926	0.00
NC_008535.1	41984	43951	0.00
NC_008535.1	41984	43976	0.00
NC_008535.1	41987	39976	1.00
NC_008535.1	41987	40001	1.00
NC_008535.1	41987	40026	1.00
NC_008535.1	41987	40051	1.44
NC_008535.1	41987	40076	1.68
NC_008535.1	41987	40101	2.28
NC_008535.1	41987	40126	4.00
NC_008535.1	41987	40151	4.00
NC_008535.1	41987	40176	4.00
NC_008535.1	41987	40201	3.56
NC_008535.1	41987	40226	2.72
NC_008535.1	41987	40251	1.72
NC_008535.1	41987	40276	0.00
NC_008535.1	41987	40301	0.00
NC_008535.1	41987	40326	0.00
NC_008535.1	41987	40351	0.00
NC_008535.1	41987	40376	0.00
NC_008535.1	41987	40401	0.00
NC_008535.1	41987	40426	0.00
NC_008535.1	41987	40451	0.00
NC_008535.1	41987	40476	0.00
NC_008535.1	41987	40501	0.00
NC_008535.1	41987	40526	0.00
NC_008535.1	41987	40551	0.00
NC_008535.1	41987	40576	0.00
NC_008535.1	41987	40601	0.00
NC_008535.1	41987	40626	0.00
NC_008535.1	41987	40651	0.00
NC_008535.1	41987	40676	0.12
NC_008535.1	41987	40701	1.00
NC_008535.1	41987	40726	1.00
NC_008535.1	41987	40751	1.00
NC_008535.1	41987	40776	1.00
NC_008535.1	41987	40801	1.00
NC_008535.1	41987	40826	0.88
NC_008535.1	41987	40851	0.00
NC_008535.1	41987	40876	0.00
NC_008535.1	41987	40901	0.00
NC_008535.1	41987	40926	0.00
NC_008535.1	41987	40951	0.00
NC_008535.1	41987	40976	0.00
NC_008535.1	41987	41001	0.00
NC_008535.1	41987	41026	0.00
NC_008535.1	41987	41051	0.00
NC_008535.1	41987	41076	0.00
NC_008535.1	41987	41101	0.00
NC_008535.1	41987	41126	0.00
NC_008535.1	41987	41151	0.00
NC_008535.1	41987	41176	0.00
NC_008535.1	41987	41201	0.00
NC_008535.1	41987	41226	0.00
NC_008535.1	41987	41251	0.00
NC_008535.1	41987	41276	0.00
NC_008535.1	41987	41301	0.00
NC_008535.1	41987	41326	0.00
NC_008535.1	41987	41351	0.00
NC_008535.1	41987	41376	0.00
NC_008535.1	41987	41401	0.00
NC_008535.1	41987	41426	0.92
NC_008535.1	41987	41451	1.00
NC_008535.1	41987	41476	1.60
NC_008535.1	41987	41501	2.00
NC_008535.1	41987	41526	2.12
NC_008535.1	41987	41551	3.00
NC_008535.1	41987	41576	2.08
NC_008535.1	41987	41601	2.00
NC_008535.1	41987	41626	1.40
NC_008535.1	41987	41651	1.00
NC_008535.1	41987	41676	0.88
NC_008535.1	41987	41701	0.00
NC_008535.1	41987	41726	0.00
NC_008535.1	41987	41751	0.00
NC_008535.1	41987	41776	0.00
NC_008535.1	41987	41801	0.00
NC_008535.1	41987	41826	0.00
NC_008535.1	41987	41851	0.32
NC_008535.1	41987	41876	1.00
NC_008535.1	41987	41901	1.00
NC_008535.1	41987	41926	1.00
NC_008535.1	41987	41951	1.00
NC_008535.1	41987	41976	1.00
NC_008535.1	41987	42001	0.68
NC_008535.1	41987	42026	0.00
NC_008535.1	41987	42051	0.00
NC_008535.1	41987	42076	0.00
NC_008535.1	41987	42101	0.00
NC_008535.1	41987	42126	0.00
NC_008535.1	41987	42151	0.00
NC_008535.1	41987	42176	0.00
NC_008535.1	41987	42201	0.00
NC_008535.1	41987	42226	0.00
NC_008535.1	41987	42251	0.04
NC_008535.1	41987	42276	1.00
NC_008535.1	41987	42301	1.00
NC_008535.1	41987	42326	1.00
NC_008535.1	41987	42351	1.00
NC_008535.1	41987	42376	1.00
NC_008535.1	41987	42401	1.44
NC_008535.1	41987	42426	1.00
NC_008535.1	41987	42451	1.00
NC_008535.1	41987	42476	1.00
NC_008535.1	41987	42501	1.00
NC_008535.1	41987	42526	1.00
NC_008535.1	41987	42551	0.52
NC_008535.1	41987	42576	0.00
NC_008535.1	41987	42601	0.00
NC_008535.1	41987	42626	0.00
NC_008535.1	41987	42651	0.00
NC_008535.1	41987	42676	0.00
NC_008535.1	41987	42701	0.00
NC_008535.1	41987	42726	0.00
NC_008535.1	41987	42751	0.00
NC_008535.1	41987	42776	0.00
NC_008535.1	41987	42801	0.00
NC_008535.1	41987	42826	0.00
NC_008535.1	41987	42851	0.00
NC_008535.1	41987	42876	0.00
NC_008535.1	41987	42901	0.00
NC_008535.1	41987	42926	0.00
NC_008535.1	41987	42951	0.00
NC_008535.1	41987	42976	0.00
NC_008535.1	41987	43001	0.00
NC_008535.1	41987	43026	0.00
NC_008535.1	41987	43051	0.00
NC_008535.1	41987	43076	0.00
NC_008535.1	41987	43101	0.00
NC_008535.1	41987	43126	0.00
NC_008535.1	41987	43151	0.00
NC_008535.1	41987	43176	0.00
NC_008535.1	41987	43201	0.00
NC_008535.1	41987	43226	0.00
NC_008535.1	41987	43251	0.00
NC_008535.1	41987	43276	0.00
NC_008535.1	41987	43301	0.00
NC_008535.1	41987	43326	0.00
NC_008535.1	41987	43351	0.00
NC_008535.1	41987	43376	0.00
NC_008535.1	41987	43401	0.00
NC_008535.1	41987	43426	0.00
NC_008535.1	41987	43451	0.00
NC_008535.1	41987	43476	0.00
NC_008535.1	41987	43501	0.00
NC_008535.1	41987	43526	0.00
NC_008535.1	41987	43551	0.00
NC_008535.1	41987	43576	0.00
NC_008535.1	41987	43601	0.00
NC_008535.1	41987	43626	0.00
NC_008535.1	41987	43651	0.00
NC_008535.1	41987	43676	0.00
NC_008535.1	41987	43701	0.00
NC_008535.1	41987	43726	0.00
NC_008535.1	41987	43751	0.00
NC_008535.1	41987	43776	0.00
NC_008535.1	41987	43801	0.00
NC_008535.1	41987	43826	0.00
NC_008535.1	41987	43851	0.00
NC_008535.1	41987	43876	0.00
NC_008535.1	41987	43901	0.00
NC_008535.1	41987	43926	0.00
NC_008535.1	41987	43951	0.00
NC_008535.1	41987	43976	0.00
